code,isin,name,amc,broad,category,amfi_category,plan,option,inception,inception_source,age_years,nav,nav_date,high_52w,high_52w_date,low_52w,low_52w_date,pct_from_high,aum_cr,aum_source,aaum_latest_q_cr,aaum_latest_q,aaum_regular_growth_cr,expense_ratio,fund_manager,risk_level,ret_3m,ret_6m,ret_1y,ret_2y,ret_3y,ret_5y,ret_10y,ret_si,si_source,ret_1y_vs_cat,ret_3y_vs_cat,ret_5y_vs_cat,vol_3y,mdd_3y,mdd_5y,sharpe_3y,sortino_3y,consistency_5y,pct_sharpe,pct_mdd,pct_consistency,peer_count,data_flags,data_date
108273,INF209K01LV0,Aditya Birla Sun Life Banking & PSU Debt Fund,Aditya Birla Sun Life Mutual Fund,Debt,Banking & PSU,Income/Debt Oriented Schemes - Banking and PSU Debt Fund,Regular,Growth,2000-01-01,AMFI scheme master,26.77,387.849,2026-10-06,388.873,2026-08-14,373.127,2025-10-07,-0.00263454,8682.4,Kuvera (latest month),8740.77,Jul-Sep 2026,2042.37,0.0075,Kaustubh Gupta; Harshil Suvarnkar,Moderate Risk,0.00103085,0.0283994,0.0405121,0.0594037,0.0667378,0.0586114,0.0666239,0.0762836,NAV history,-0.00194603,-0.000663532,0.000572148,0.0106562,-0.00609781,-0.0085602,0.163077,0.233303,0.754098,36.8,68.4,85,20,NAV history rebased (face value change),2026-10-07
117446,INF846K01CB0,Axis Banking and PSU Debt Fund,Axis Mutual Fund,Debt,Banking & PSU,Income/Debt Oriented Schemes - Banking and PSU Debt Fund,Regular,Growth,2012-05-30,AMFI scheme master,14.35,2799.38,2026-10-06,2805,2026-08-14,2683.36,2025-10-07,-0.00200282,12003.8,Kuvera (latest month),12130.4,Jul-Sep 2026,3309.97,0.0065,Aditya Pagaria; Hardik Shah,Moderate Risk,0.002193,0.0293118,0.0438575,0.0619806,0.0667528,0.0586003,0.068368,0.0744595,NAV history,0.0013994,-0.0006485,0.000561023,0.00929965,-0.00555241,-0.00555241,0.188482,0.274467,0.47541,47.4,84.2,52.5,20,,2026-10-07
152165,INF0QA701557,Bajaj Finserv Banking and PSU Debt Fund,Bajaj Finserv Mutual Fund,Debt,Banking & PSU,Income/Debt Oriented Schemes - Banking and PSU Debt Fund,Regular,Growth,2023-10-25,AMFI scheme master,2.95,12.0583,2026-10-06,12.0632,2026-09-09,11.6043,2025-10-09,-0.000406194,368.3,Kuvera (latest month),358.07,Jul-Sep 2026,55.51,0.0089,Nimesh Chandan; Siddharth Chaudhary,Low to Moderate Risk,0.00362889,0.0310998,0.03993,0.0589567,,,,0.0662416,NAV history,-0.00252818,,,,,,,,0.25,,,15,20,,2026-10-07
121280,INF194K01SN6,Bandhan Banking and PSU Debt Fund,Bandhan Mutual Fund,Debt,Banking & PSU,Income/Debt Oriented Schemes - Banking and PSU Debt Fund,Regular,Growth,2013-02-26,AMFI scheme master,13.61,26.3185,2026-10-06,26.3185,2026-10-06,25.0289,2025-10-09,0,12013.5,Kuvera (latest month),12057.5,Jul-Sep 2026,3940.69,0.0068,Suyash Choudhary; Gautam Kaul; Brijesh Shah,Moderate Risk,0.00578974,0.0356069,0.0517976,0.064547,0.0686245,0.0597416,0.0688377,0.0738355,NAV history,0.00933944,0.00122321,0.00170239,0.00918811,-0.00562814,-0.00660863,0.394481,0.601654,0.47541,78.9,78.9,52.5,20,,2026-10-07
150503,INF760K01KF7,Canara Robeco Banking and PSU Debt Fund,Canara Robeco Mutual Fund,Debt,Banking & PSU,Income/Debt Oriented Schemes - Banking and PSU Debt Fund,Regular,Growth,2022-07-29,AMFI scheme master,4.19,12.7347,2026-10-06,12.7778,2026-08-14,12.2693,2025-10-07,-0.00337304,167.4,Kuvera (latest month),172.14,Jul-Sep 2026,109.18,0.007,Suman Prasad; Avnish Jain,Low to Moderate Risk,0.000620737,0.0291748,0.0395504,0.0555131,0.0626736,,,0.0601392,NAV history,-0.00290778,-0.00472773,,0.00944787,-0.00666308,,-0.246236,-0.353386,0,5.3,42.1,5,20,,2026-10-07
124172,INF740K01ZP6,DSP Banking and PSU Debt Fund,DSP Mutual Fund,Debt,Banking & PSU,Income/Debt Oriented Schemes - Banking and PSU Debt Fund,Regular,Growth,2013-09-10,AMFI scheme master,13.07,25.3111,2026-10-06,25.4708,2026-08-14,24.463,2025-10-07,-0.00626992,3270.2,Kuvera (latest month),3150.38,Jul-Sep 2026,571.02,0.0061,Sandeep Yadav; Shantanu Godambe,Low Risk,-0.00252609,0.0299951,0.035367,0.0541108,0.0663107,0.0571661,0.0649651,0.0736503,NAV history,-0.00709113,-0.00109066,-0.000873164,0.0138818,-0.0111104,-0.0111104,0.0944156,0.134047,0.393443,26.3,5.3,37.5,20,,2026-10-07
140283,INF843K01FK1,Edelweiss Banking and PSU Debt Fund,Edelweiss Mutual Fund,Debt,Banking & PSU,Income/Debt Oriented Schemes - Banking and PSU Debt Fund,Regular,Growth,2013-08-26,AMFI scheme master,13.11,26.1043,2026-10-06,26.1043,2026-10-06,25.0481,2025-10-09,0,3139.9,Kuvera (latest month),3117.14,Jul-Sep 2026,627.57,0.0073,Dhawal Dalal; Kedar Karnik,Moderate Risk,0.00898272,0.0322352,0.0423749,0.0598297,0.0680137,0.0571042,,0.0708182,NAV history,-8.3208e-05,0.000612333,-0.000935051,0.0125985,-0.00744889,-0.0293773,0.239208,0.342497,0.540984,57.9,21.1,60,20,,2026-10-07
129006,INF090I01KO5,Franklin India Banking & PSU Debt Fund,Franklin Templeton Mutual Fund,Debt,Banking & PSU,Debt Scheme - Banking and PSU Fund,Regular,Growth,2014-04-02,AMFI scheme master,12.51,24.1763,2026-10-06,24.1821,2026-10-05,22.885,2025-10-07,-0.000239847,567,Kuvera (latest month),576.51,Jul-Sep 2026,291.05,0.0049,Anuj Tagra; Chandni Gupta; Sandeep Manam,Moderate Risk,0.011218,0.0362352,0.0568366,0.0689,0.0716436,0.0613918,0.0683735,0.0734871,NAV history,0.0143785,0.00424223,0.00335255,0.00984957,-0.00636858,-0.0106688,0.674502,1.01303,0.721311,94.7,57.9,80,20,,2026-10-07
128628,INF179KA1JC4,HDFC Banking and PSU Debt Fund,HDFC Mutual Fund,Debt,Banking & PSU,Debt Scheme - Banking and PSU Fund,Regular,Growth,2014-03-20,AMFI scheme master,12.55,24.3466,2026-10-06,24.4535,2026-08-14,23.4079,2025-10-07,-0.00437156,5186,Kuvera (latest month),5200.22,Jul-Sep 2026,2074.23,0.0072,Anil Bamboli; Dhruv Muchhal,Moderate Risk,-0.000664948,0.0296113,0.0409334,0.0598041,0.0664891,0.0580392,0.0661346,0.0735706,NAV history,-0.00152473,-0.000912183,0,0.0112287,-0.00754831,-0.00894495,0.132619,0.189585,0.819672,31.6,15.8,90,20,,2026-10-07
151104,INF677K01AE7,HSBC Banking and PSU Debt Fund,HSBC Mutual Fund,Debt,Banking & PSU,Income/Debt Oriented Schemes - Banking and PSU Debt Fund,Regular,Growth,2007-09-19,AMFI scheme master,19.05,25.7452,2026-10-06,25.7981,2026-08-14,24.7088,2025-10-07,-0.00205054,3777.2,Kuvera (latest month),3781.61,Jul-Sep 2026,540.12,0.0061,Mahesh Chhabria; Mohd Asif Rizwi,Moderate Risk,0.00208238,0.0308553,0.0423833,0.0615773,0.0657914,,,0.0643764,NAV history,-7.48414e-05,-0.00160996,,0.00995246,-0.00658463,,0.0795141,0.117922,0.333333,21.1,47.4,30,20,,2026-10-07
112342,INF109K01RT3,ICICI Prudential Banking and PSU Debt Fund,ICICI Prudential Mutual Fund,Debt,Banking & PSU,Income/Debt Oriented Schemes - Banking and PSU Debt Fund,Regular,Growth,2009-12-28,AMFI scheme master,16.77,34.8857,2026-10-06,34.9536,2026-08-14,33.3178,2025-10-07,-0.00194258,8667,Kuvera (latest month),8742.74,Jul-Sep 2026,2578.99,0.0074,Manish Banthia; Rohit Lakhotia,Moderate Risk,0.00207103,0.0318923,0.0477004,0.0643497,0.0686411,0.0623605,0.067151,0.077418,NAV history,0.00524227,0.00123974,0.00432121,0.0104052,-0.00670923,-0.00794727,0.349927,0.504677,0.868852,73.7,36.8,95,20,,2026-10-07
148535,INF00XX01838,ITI Banking & PSU Debt Fund,ITI Mutual Fund,Debt,Banking & PSU,Debt Scheme - Banking and PSU Fund,Regular,Growth,2020-10-05,AMFI scheme master,6,13.7875,2026-10-06,13.7926,2026-09-22,13.2478,2025-10-07,-0.000369763,33.6,Kuvera (latest month),33.68,Jul-Sep 2026,7.68,0.0075,Laukik Bagwe,Low to Moderate Risk,0.0055868,0.0244684,0.0410375,0.0583378,0.0644553,0.0576052,,0.0553879,NAV history,-0.0014207,-0.00294601,-0.000434081,0.00822188,-0.00372735,-0.00372735,-0.0662482,-0.0971138,0.409836,10.5,100,45,20,,2026-10-07
118232,INF205K01JV2,Invesco India Banking and PSU Debt Fund,Invesco Mutual Fund,Debt,Banking & PSU,Income/Debt Oriented Schemes - Banking and PSU Debt Fund,Regular,Growth,2012-12-10,AMFI scheme master,13.82,2400.42,2026-10-06,2406.52,2026-08-17,2303.41,2025-10-07,-0.00253607,82.1,Kuvera (latest month),85.53,Jul-Sep 2026,52.26,0.0063,Krishna Cheemalapati; Vikas Garg,Moderate Risk,0.00259506,0.0321928,0.042533,0.0596319,0.0683264,0.05278,0.0617672,0.0655266,NAV history,7.48414e-05,0.000925109,-0.00525929,0.0120529,-0.00932767,-0.0304964,0.275985,0.404345,0.393443,63.2,10.5,37.5,20,,2026-10-07
123690,INF174K01FO3,Kotak Banking and PSU Debt Fund,Kotak Mahindra Mutual Fund,Debt,Banking & PSU,Debt Scheme - Banking and PSU Fund,Regular,Growth,2000-01-02,AMFI scheme master,26.76,69.5845,2026-10-06,69.7677,2026-08-14,66.5532,2025-10-07,-0.00262586,4936.8,Kuvera (latest month),4927.74,Jul-Sep 2026,1976.92,0.007528,Deepak Agrawal; Dharmesh Thakkar,Low to Moderate Risk,0.0011971,0.0298257,0.0464322,0.0625712,0.0695676,0.0598809,0.0687561,0.076555,NAV history,0.00397409,0.00216627,0.00184169,0.011404,-0.00638551,-0.0110957,0.400526,0.583178,0.95082,84.2,52.6,100,20,,2026-10-07
105823,INF767K01535,LIC MF Banking & PSU Debt Fund,LIC Mutual Fund,Debt,Banking & PSU,Income/Debt Oriented Schemes - Banking and PSU Debt Fund,Regular,Growth,2007-05-28,AMFI scheme master,19.36,37.0084,2026-10-06,37.0109,2026-09-09,35.4301,2025-10-07,-6.75477e-05,1648.8,Kuvera (latest month),1754.71,Jul-Sep 2026,207.56,0.0065,Rahul Singh; Pratik Shroff,Low to Moderate Risk,0.00532702,0.0333847,0.0450335,0.0624308,0.0684012,0.0577622,0.063936,0.0699507,NAV history,0.00257539,0.000999919,-0.000277024,0.0106528,-0.00600445,-0.00600445,0.319282,0.474617,0.327869,68.4,73.7,25,20,,2026-10-07
148416,INF769K01FV5,Mirae Asset Banking and PSU Debt Fund,Mirae Asset Mutual Fund,Debt,Banking & PSU,Income/Debt Oriented Schemes - Banking and PSU Debt Fund,Regular,Growth,2020-07-08,AMFI scheme master,6.25,13.6569,2026-10-06,13.6819,2026-09-09,13.1654,2025-10-07,-0.00182723,39.7,Kuvera (latest month),39.75,Jul-Sep 2026,27.65,0.0082,Kruti Chheta,Low to Moderate Risk,0.00265772,0.0284894,0.037924,0.0574926,0.0643337,0.0546825,,0.0516461,NAV history,-0.00453417,-0.00306766,-0.00335672,0.0112288,-0.00737533,-0.0123133,-0.0593419,-0.0858814,0.0327869,15.8,26.3,10,20,,2026-10-07
134545,INF204KA1T56,Nippon India Banking and PSU Debt Fund,Nippon India Mutual Fund,Debt,Banking & PSU,Income/Debt Oriented Schemes - Banking and PSU Debt Fund,Regular,Growth,2015-05-05,AMFI scheme master,11.43,21.9745,2026-10-06,22.0381,2026-08-14,21.1151,2025-10-07,-0.00288591,5149.7,Kuvera (latest month),5175.12,Jul-Sep 2026,959.94,0.0078,Vivek Sharma; Pranay Sinha; Kinjal Desai; Amber Singhania,Moderate Risk,0.000660291,0.0320446,0.0412826,0.0602339,0.0671704,0.0578446,0.0671497,0.0714461,NAV history,-0.00117551,-0.000230882,-0.00019469,0.0119805,-0.00717327,-0.0116351,0.181164,0.262742,0.57377,42.1,31.6,65,20,,2026-10-07
125498,INF200K01U41,SBI BANKING & PSU DEBT FUND,SBI Mutual Fund,Debt,Banking & PSU,Income/Debt Oriented Schemes - Banking and PSU Debt Fund,Regular,Growth,2009-09-30,AMFI scheme master,17.02,3312.49,2026-10-06,3312.49,2026-10-06,3174.11,2025-10-07,0,3869.8,Kuvera (latest month),3865.19,Jul-Sep 2026,1177.95,0.0077,Ardhendu Bhattacharya,Moderate Risk,0.00522957,0.0328807,0.044402,0.0623595,0.0674013,0.0568967,0.0657583,0.0718232,NAV history,0.00194381,0,-0.00114257,0.0101019,-0.00621001,-0.0119464,0.237711,0.348293,0.262295,52.6,63.2,20,20,,2026-10-07
100784,INF903J01IN3,Sundaram Banking and PSU Debt Fund (Formerly Known as Sundaram Banking and PSU Fund),Sundaram Mutual Fund,Debt,Banking & PSU,Income/Debt Oriented Schemes - Banking and PSU Debt Fund,Regular,Growth,2006-04-03,Before Apr-2006 (AMFI history starts 03-Apr-2006),20.51,45.8053,2026-10-06,45.8494,2026-09-09,43.8669,2025-10-07,-0.000961845,261.5,Kuvera (latest month),262.98,Jul-Sep 2026,167.3,0.0042,Kumaresh Ramakrishnan; Sandeep Agarwal; Ronak Shah,Moderate Risk,0.00516569,0.0309613,0.0446407,0.0630862,0.0692729,0.0589052,0.0630577,0.0733627,Since Apr-2006 (earlier NAV not in AMFI history),0.00218252,0.00187156,0.000865924,0.0101012,-0.00544372,-0.0149125,0.423009,0.623807,0.688525,89.5,89.5,75,20,,2026-10-07
126939,INF789F014Z9,UTI Banking & PSU Debt Fund,UTI Mutual Fund,Debt,Banking & PSU,Income/Debt Oriented Schemes - Banking and PSU Debt Fund,Regular,Growth,2014-01-27,AMFI scheme master,12.69,23.6283,2026-10-06,23.6283,2026-10-06,22.3653,2025-10-07,0,1508.4,Kuvera (latest month),1449.6,Jul-Sep 2026,223.48,0.0047,Anurag Mittal,Low to Moderate Risk,0.0146693,0.0353935,0.056736,0.0694139,0.0727085,0.0750287,0.0628423,0.0701385,NAV history,0.0142778,0.00530718,0.0169895,0.00761481,-0.00410856,-0.0117723,1.0123,1.61114,0.606557,100,94.7,70,20,,2026-10-07
141593,INF846K01ZU1,AXIS Corporate Bond Fund,Axis Mutual Fund,Debt,Corporate Bond,Income/Debt Oriented Schemes - Corporate Bond Fund,Regular,Growth,2017-06-23,AMFI scheme master,9.29,18.177,2026-10-06,18.2178,2026-08-14,17.4186,2025-10-07,-0.00223957,7768.1,Kuvera (latest month),7770.45,Jul-Sep 2026,588.87,0.0097,Devang Shah; Hardik Shah,Moderate Risk,0.00130003,0.0309448,0.0442711,0.0646287,0.0705088,0.0608199,,0.0667044,NAV history,0.00157635,0.00182626,0.0024552,0.0108904,-0.00647476,-0.00966952,0.505841,0.748672,0.918033,76.2,52.4,90.5,21,,2026-10-07
103178,INF209K01785,Aditya Birla Sun Life Corporate Bond Fund,Aditya Birla Sun Life Mutual Fund,Debt,Corporate Bond,Debt Scheme - Corporate Bond Fund,Regular,Growth,1997-03-20,AMFI scheme master,29.55,119.258,2026-10-06,120.032,2026-08-14,114.859,2025-10-07,-0.00645575,22635.9,Kuvera (latest month),23279.2,Jul-Sep 2026,6176.89,0.0052,Kaustubh Gupta,Moderate Risk,-0.00254346,0.0310443,0.0393979,0.0592759,0.0688266,0.0613931,0.0704996,0.081348,Since Apr-2006 (earlier NAV not in AMFI history),-0.00329687,0.000144064,0.0030284,0.0136276,-0.0112598,-0.012578,0.280799,0.39536,0.770492,47.6,4.8,71.4,21,,2026-10-07
135914,INF194KA1L81,BANDHAN Corporate Bond Fund,Bandhan Mutual Fund,Debt,Corporate Bond,Debt Scheme - Corporate Bond Fund,Regular,Growth,2015-12-28,AMFI scheme master,10.78,20.5408,2026-10-06,20.555,2026-08-14,19.5634,2025-10-09,-0.000690829,13625.5,Kuvera (latest month),13652.6,Jul-Sep 2026,2298.23,0.0068,Suyash Choudhary; Gautam Kaul; Brijesh Shah,Moderate Risk,0.00376274,0.0338167,0.0505137,0.065388,0.0686825,0.0582242,0.0657692,0.0693645,NAV history,0.00781901,0,-0.000140515,0.0101454,-0.0059487,-0.0159657,0.362977,0.53531,0.311475,57.1,81,33.3,21,,2026-10-07
150235,INF251K01EP9,BARODA BNP PARIBAS CORPORATE BOND FUND,Baroda BNP Paribas Mutual Fund,Debt,Corporate Bond,Income/Debt Oriented Schemes - Corporate Bond Fund,Regular,Growth,2008-09-29,AMFI scheme master,18.02,29.5078,2026-10-06,29.5263,2026-09-09,28.0833,2025-10-07,-0.00062656,274.7,Kuvera (latest month),277.55,Jul-Sep 2026,45.18,0.005,Prashant Pimple; Vikram Pamnani,Moderate Risk,0.00704747,0.0370935,0.0515404,0.0699306,0.0752145,,,0.0636274,NAV history,0.00884564,0.006532,,0.0112213,-0.00592957,,0.910278,1.37702,0.909091,95.2,85.7,85.7,21,,2026-10-07
126687,INF760K01GY6,Canara Robeco Corporate Bond Fund,Canara Robeco Mutual Fund,Debt,Corporate Bond,Income/Debt Oriented Schemes - Corporate Bond Fund,Regular,Growth,2014-01-17,AMFI scheme master,12.72,22.8485,2026-10-06,22.9029,2026-08-14,22.0436,2025-10-07,-0.00237525,105.6,Kuvera (latest month),105.92,Jul-Sep 2026,90.59,0.01,Suman Prasad; Avnish Jain,Low to Moderate Risk,0.00342548,0.0261517,0.0377003,0.0524726,0.0603897,0.0519545,0.0589916,0.0671929,NAV history,-0.00499444,-0.00829287,-0.00641019,0.00921159,-0.00522889,-0.00967566,-0.500493,-0.695972,0,4.8,95.2,7.1,21,,2026-10-07
144644,INF740KA1JX0,DSP Corporate Bond Fund,DSP Mutual Fund,Debt,Corporate Bond,Debt Scheme - Corporate Bond Fund,Regular,Growth,2018-08-23,AMFI scheme master,8.12,17.1921,2026-10-06,17.1921,2026-10-06,16.2749,2025-10-07,0,2816.2,Kuvera (latest month),2840.41,Jul-Sep 2026,854.29,0.0053,Vivek Ramakrishnan; Shantanu Godambe,Low to Moderate Risk,0.0146184,0.034018,0.0567008,0.0689628,0.0721069,0.0581375,,0.0693299,NAV history,0.0140061,0.00342434,-0.000227236,0.00630297,-0.00252431,-0.0319804,1.12754,1.84278,0.278689,100,100,28.6,21,,2026-10-07
100528,INF090I01DG6,Franklin India Corporate Bond Fund,Franklin Templeton Mutual Fund,Debt,Corporate Bond,Income/Debt Oriented Schemes - Corporate Bond Fund,Regular,Growth,1997-06-24,AMFI scheme master,29.29,106.906,2026-10-06,106.924,2026-10-05,101.555,2025-10-07,-0.000164603,1378.9,Kuvera (latest month),1373.42,Jul-Sep 2026,622.35,0.0077,Rahul Goswami; Anuj Tagra; Chandni Gupta,Low to Moderate Risk,0.00927361,0.034034,0.0531892,0.0737112,0.0741856,0.0620152,0.0692685,0.0757469,Since Apr-2006 (earlier NAV not in AMFI history),0.0104945,0.00550304,0.00365044,0.0119915,-0.00621716,-0.00887745,0.766006,1.46495,0.47541,90.5,66.7,52.4,21,,2026-10-07
113070,INF179K01DC2,HDFC Corporate Bond Fund,HDFC Mutual Fund,Debt,Corporate Bond,Debt Scheme - Corporate Bond Fund,Regular,Growth,2010-06-25,AMFI scheme master,16.28,34.2946,2026-10-06,34.5514,2026-08-14,33.1163,2025-10-07,-0.00743241,30286,Kuvera (latest month),30387.2,Jul-Sep 2026,6699.52,0.0063,Anupam Joshi; Dhruv Muchhal,Low to Moderate Risk,-0.0040946,0.0295927,0.0364037,0.0576855,0.0669812,0.0590522,0.0690663,0.0786783,NAV history,-0.00629098,-0.00170138,0.000687465,0.0126348,-0.0109274,-0.0158739,0.156801,0.21861,0.688525,23.8,9.5,61.9,21,,2026-10-07
150992,INF917K01AH0,HSBC Corporate Bond Fund,HSBC Mutual Fund,Debt,Corporate Bond,Income/Debt Oriented Schemes - Corporate Bond Fund,Regular,Growth,1997-02-10,AMFI scheme master,29.65,77.9618,2026-10-06,78.0704,2026-09-09,74.5999,2025-10-09,-0.00139105,6058,Kuvera (latest month),6018.01,Jul-Sep 2026,1427.72,0.006,Shriram Ramanathan; Mohd Asif Rizwi,Low to Moderate Risk,0.00578351,0.0329363,0.0452157,0.0643904,0.0704911,,,0.0682068,NAV history,0.00252094,0.00180859,,0.0111823,-0.00724728,,0.491056,0.727903,0.694444,66.7,42.9,66.7,21,,2026-10-07
111987,INF109K01CQ1,ICICI Prudential Corporate Bond Fund,ICICI Prudential Mutual Fund,Debt,Corporate Bond,Debt Scheme - Corporate Bond Fund,Regular,Growth,2009-06-10,AMFI scheme master,17.33,31.9177,2026-10-06,32.0244,2026-08-14,30.4221,2025-10-07,-0.00333183,29687.8,Kuvera (latest month),29754.1,Jul-Sep 2026,4799.07,0.006,Manish Banthia; Ritesh Lunawat,Moderate Risk,0.00131448,0.0322805,0.0499762,0.0667915,0.0711421,0.0645746,0.0701303,0.069968,NAV history,0.00728143,0.00245954,0.00620987,0.00983784,-0.00605271,-0.00646482,0.624332,0.909204,0.852459,85.7,71.4,81,21,,2026-10-07
106177,INF205K01RM4,Invesco India Corporate Bond Fund,Invesco Mutual Fund,Debt,Corporate Bond,Income/Debt Oriented Schemes - Corporate Bond Fund,Regular,Growth,2007-07-27,AMFI scheme master,19.2,3358.11,2026-10-06,3378.5,2026-08-14,3236.44,2025-10-07,-0.00603484,4099.1,Kuvera (latest month),4065.81,Jul-Sep 2026,335.85,0.0069,Krishna Cheemalapati; Vikas Garg,Moderate Risk,-0.00155631,0.0297903,0.0383276,0.0597035,0.0675064,0.057086,0.0593762,0.0650418,NAV history,-0.00436708,-0.00117616,-0.00127872,0.011998,-0.00919495,-0.0137977,0.208899,0.299456,0.344262,38.1,14.3,38.1,21,NAV history rebased (face value change),2026-10-07
133782,INF178L01BO1,Kotak Corporate Bond Fund,Kotak Mahindra Mutual Fund,Debt,Corporate Bond,Income/Debt Oriented Schemes - Corporate Bond Fund,Regular,Growth,2007-09-18,AMFI scheme master,19.05,4010.21,2026-10-06,4021.39,2026-08-14,3848.74,2025-10-07,-0.00277979,15095.1,Kuvera (latest month),15006,Jul-Sep 2026,3062.29,0.006934,Deepak Agrawal; Manu Sharma,Moderate Risk,0.0020531,0.0301493,0.042715,0.0629535,0.0704005,0.060689,0.0685519,0.071381,NAV history,2.03237e-05,0.00171797,0.00232428,0.01096,-0.00646683,-0.0104559,0.492746,0.720246,0.983607,71.4,57.1,95.2,21,,2026-10-07
148757,INF769K01HA5,Mirae Asset Corporate Bond Fund,Mirae Asset Mutual Fund,Debt,Corporate Bond,Income/Debt Oriented Schemes - Corporate Bond Fund,Regular,Growth,2021-02-24,AMFI scheme master,5.62,13.5274,2026-10-06,13.548,2026-09-09,12.9829,2025-10-07,-0.00152052,44.3,Kuvera (latest month),44.35,Jul-Sep 2026,12.31,0.0068,Amit Modani,Moderate Risk,0.00403025,0.0311776,0.0426947,0.0614397,0.0670668,0.0560751,,0.0557916,NAV history,0,-0.00161574,-0.00228959,0.0112846,-0.00794077,-0.012727,0.183153,0.265777,0.0892857,33.3,33.3,14.3,21,,2026-10-07
100856,INF204K01EF9,Nippon India Corporate Bond Fund,Nippon India Mutual Fund,Debt,Corporate Bond,Debt Scheme - Corporate Bond Fund,Regular,Growth,2000-08-16,AMFI scheme master,26.14,63.787,2026-10-06,63.9157,2026-08-14,61.1509,2025-10-07,-0.00201359,9051.1,Kuvera (latest month),9244.29,Jul-Sep 2026,1208.57,0.0075,Vivek Sharma; Kinjal Desai; Amber Singhania,Moderate Risk,0.00265648,0.0321638,0.0437482,0.0639996,0.0713907,0.0637036,0.0679885,0.0740019,Since Apr-2006 (earlier NAV not in AMFI history),0.00105346,0.00270811,0.00533891,0.0113444,-0.00645744,-0.00955026,0.563333,0.835698,1,81,61.9,100,21,,2026-10-07
138318,INF223J01DB2,PGIM India Corporate Bond Fund,PGIM India Mutual Fund,Debt,Corporate Bond,Debt Scheme - Corporate Bond Fund,Regular,Growth,2003-01-14,AMFI scheme master,23.73,45.4764,2026-10-06,45.6245,2026-08-14,43.9456,2025-10-07,-0.00324606,85.2,Kuvera (latest month),85.5,Jul-Sep 2026,53.21,0.0096,Puneet Pal; Akhil Dhar,Low to Moderate Risk,-0.00025721,0.0278082,0.0354159,0.0570404,0.0637347,0.0549979,0.0595506,0.0627889,NAV history,-0.00727878,-0.00494783,-0.00336682,0.0114187,-0.00792118,-0.00792118,-0.110809,-0.158301,0.213115,9.5,38.1,21.4,21,,2026-10-07
146207,INF200KA1YM5,SBI Corporate Bond Fund,SBI Mutual Fund,Debt,Corporate Bond,Debt Scheme - Corporate Bond Fund,Regular,Growth,2019-01-16,AMFI scheme master,7.72,16.4454,2026-10-06,16.4789,2026-09-08,15.7952,2025-10-07,-0.0020329,22133.1,Kuvera (latest month),22135.5,Jul-Sep 2026,7405.39,0.0076,Rajeev Radhakrishnan; Ardhendu Bhattacharya,Moderate Risk,0.00260323,0.0307106,0.0419362,0.0621192,0.06795,0.0581886,,0.0665272,NAV history,-0.000758525,-0.00073253,-0.000176115,0.0107657,-0.00805067,-0.00970018,0.27402,0.394836,0.393443,42.9,23.8,42.9,21,,2026-10-07
100789,INF903J01HW6,Sundaram Corporate Bond Fund,Sundaram Mutual Fund,Debt,Corporate Bond,Debt Scheme - Corporate Bond Fund,Regular,Growth,2004-12-20,AMFI scheme master,21.8,42.5886,2026-10-06,42.641,2026-09-09,40.9208,2025-10-07,-0.00122886,617,Kuvera (latest month),624.07,Jul-Sep 2026,296.38,0.0056,Kumaresh Ramakrishnan; Sandeep Agarwal; Ronak Shah,Moderate Risk,0.00384912,0.0307542,0.0412962,0.0611064,0.0684643,0.0583647,0.0653044,0.070046,Since Apr-2006 (earlier NAV not in AMFI history),-0.00139848,-0.000218218,0,0.0106536,-0.00575895,-0.00737135,0.325179,0.469901,0.409836,52.4,90.5,47.6,21,,2026-10-07
151322,INF0GCD01537,TRUSTMF CORPORATE BOND FUND,Trust Mutual Fund,Debt,Corporate Bond,Debt Scheme - Corporate Bond Fund,Regular,Growth,2023-01-09,AMFI scheme master,3.74,1259.72,2026-10-06,1260.64,2026-09-10,1211.82,2025-10-09,-0.000728121,82.7,Kuvera (latest month),94.09,Jul-Sep 2026,20.31,0.0063,Jalpan Shah; Shradhanjali Panda,Low to Moderate Risk,0.00467523,0.0308303,0.0397454,0.0571941,0.0643665,,,0.0641185,NAV history,-0.00294928,-0.00431609,,0.013261,-0.00600998,,-0.0477753,-0.0689917,0,14.3,76.2,7.1,21,,2026-10-07
149351,INF277KA1299,Tata Corporate Bond Fund,Tata Mutual Fund,Debt,Corporate Bond,Debt Scheme - Corporate Bond Fund,Regular,Growth,2021-11-22,AMFI scheme master,4.87,13.0801,2026-10-06,13.1082,2026-08-14,12.5773,2025-10-07,-0.0021437,2805.1,Kuvera (latest month),2979.83,Jul-Sep 2026,592.94,0.0082,Amit Somani; Puja Kasat,Moderate Risk,0.00154672,0.0302212,0.0405311,0.058616,0.0670685,,,0.0570834,NAV history,-0.00216364,-0.00161407,,0.0114972,-0.00797529,,0.17991,0.256956,0.531915,28.6,28.6,57.1,21,,2026-10-07
144345,INF789F1A447,UTI - Corporate Bond Fund,UTI Mutual Fund,Debt,Corporate Bond,Income/Debt Oriented Schemes - Corporate Bond Fund,Regular,Growth,2018-07-23,AMFI scheme master,8.21,17.4487,2026-10-06,17.4685,2026-09-09,16.7122,2025-10-07,-0.00113347,4718.3,Kuvera (latest month),4753.48,Jul-Sep 2026,427.52,0.0061,Anurag Mittal,Moderate Risk,0.00384885,0.0321438,0.0447698,0.0639634,0.0696131,0.0599851,,0.0705362,NAV history,0.00207505,0.000930527,0.00162037,0.010794,-0.00660378,-0.00958703,0.427374,0.629972,0.786885,61.9,47.6,76.2,21,,2026-10-07
143239,INF582M01DY7,Union Corporate Bond Fund,Union Mutual Fund,Debt,Corporate Bond,Debt Scheme - Corporate Bond Fund,Regular,Growth,2018-05-04,AMFI scheme master,8.43,16.0835,2026-10-06,16.1801,2026-08-14,15.5646,2025-10-07,-0.0059703,289.1,Kuvera (latest month),299.71,Jul-Sep 2026,243.47,0.0073,Parijat Agrawal; Anindya Sarkar; Shrenuj Parekh,Moderate Risk,-0.00161395,0.027109,0.0340693,0.0578722,0.0661492,0.0547437,,0.0583149,NAV history,-0.00862544,-0.0025333,-0.00362108,0.0121458,-0.00900844,-0.0152653,0.0946208,0.134076,0.213115,19,19,21.4,21,,2026-10-07
134383,INF209KA1K47,Aditya Birla Sun Life Credit Risk Fund,Aditya Birla Sun Life Mutual Fund,Debt,Credit Risk,Debt Scheme - Credit Risk Fund,Regular,Growth,2015-03-30,AMFI scheme master,11.52,25.4659,2026-10-06,25.4659,2026-10-06,22.9542,2025-10-07,0,1599.9,Kuvera (latest month),1569.18,Jul-Sep 2026,835.68,0.016,Sunaina Cunha; Mohit Sharma,Moderately High Risk,0.00988634,0.0429236,0.110012,0.136721,0.12169,0.0992602,0.0822958,0.084841,NAV history,0.042289,0.0400109,0.0283344,0.033745,-0.00434747,-0.00762386,1.67996,8.22888,0.819672,78.6,50,78.6,14,,2026-10-07
130309,INF846K01PO5,Axis Credit Risk Fund,Axis Mutual Fund,Debt,Credit Risk,Income/Debt Oriented Schemes - Credit Risk Fund,Regular,Growth,2014-06-25,AMFI scheme master,12.28,23.4447,2026-10-06,23.4511,2026-09-07,21.9287,2025-10-07,-0.000272908,394.5,Kuvera (latest month),383.97,Jul-Sep 2026,322.29,0.0161,Devang Shah; Akhil Thakker,High Risk,0.00992492,0.0416209,0.0700798,0.0792633,0.0797498,0.0680361,0.065597,0.0718753,NAV history,0.0023566,-0.00192968,-0.00288974,0.00877706,-0.00463357,-0.0100071,1.68049,2.52552,0.377049,85.7,35.7,42.9,14,,2026-10-07
140609,INF194KA1W39,BANDHAN CREDIT RISK FUND,Bandhan Mutual Fund,Debt,Credit Risk,Debt Scheme - Credit Risk Fund,Regular,Growth,2017-02-14,AMFI scheme master,9.64,17.3693,2026-10-06,17.3885,2026-09-09,16.631,2025-10-09,-0.00110418,224,Kuvera (latest month),225.56,Jul-Sep 2026,197.32,0.0167,Gautam Kaul; Brijesh Shah; Debraj Lahiri,Moderately High Risk,0.00398837,0.0306294,0.0444746,0.0565512,0.0625269,0.0530132,,0.059288,NAV history,-0.0232486,-0.0191526,-0.0179127,0.00916506,-0.00490144,-0.0114306,-0.269844,-0.385811,0,7.1,28.6,7.1,14,,2026-10-07
133867,INF761K01DH6,BANK OF INDIA CREDIT RISK FUND,Bank of India Mutual Fund,Debt,Credit Risk,Debt Scheme - Credit Risk Fund,Regular,Growth,2015-02-06,AMFI scheme master,11.67,14.506,2026-10-06,14.506,2026-10-06,12.4262,2025-10-09,0,68.7,Kuvera (latest month),77.11,Jul-Sep 2026,46.15,0.0136,Alok Singh,Moderate Risk,0.0144269,0.085811,0.167504,0.11515,0.0968347,0.100547,0.0176785,0.0293479,NAV history,0.0997805,0.0151552,0.029621,0.0425295,-0.00214837,-0.00531403,0.748532,8.95223,0.459016,35.7,100,53.6,14,NAV history rebased (face value change),2026-10-07
101837,INF740K01599,DSP Credit Risk Fund,DSP Mutual Fund,Debt,Credit Risk,Debt Scheme - Credit Risk Fund,Regular,Growth,2003-05-12,AMFI scheme master,23.41,55.2866,2026-10-06,55.3034,2026-09-23,49.9569,2026-02-06,-0.000303779,309.7,Kuvera (latest month),303.78,Jul-Sep 2026,161.27,0.0119,Vivek Ramakrishnan; Shalini Vasanta; Kunal Khudania,Moderate Risk,0.007196,0.0957106,0.0992377,0.157648,0.158555,0.124835,0.0781323,0.0791228,Since Apr-2006 (earlier NAV not in AMFI history),0.0315145,0.0768753,0.0539088,0.0740027,-0.018243,-0.018243,1.26421,8.66634,0.754098,57.1,7.1,71.4,14,,2026-10-07
128053,INF179KA1GC0,HDFC Credit Risk Fund,HDFC Mutual Fund,Debt,Credit Risk,Income/Debt Oriented Schemes - Credit Risk Fund,Regular,Growth,2014-03-06,AMFI scheme master,12.59,26.0895,2026-10-06,26.1086,2026-09-23,24.5633,2025-10-08,-0.00073156,7665.7,Kuvera (latest month),7666.32,Jul-Sep 2026,4091.21,0.0151,Praveen Jain; Dhruv Muchhal; Bhavyesh Divecha,High Risk,0.00982362,0.0395714,0.0623929,0.0716397,0.075925,0.0648393,0.0710861,0.0794218,NAV history,-0.00533038,-0.00575447,-0.00608652,0.00972348,-0.00415855,-0.0158594,1.12357,1.65801,0.245902,50,64.3,25,14,,2026-10-07
151043,INF917K01130,HSBC Credit Risk Fund,HSBC Mutual Fund,Debt,Credit Risk,Income/Debt Oriented Schemes - Credit Risk Fund,Regular,Growth,2009-09-29,AMFI scheme master,17.02,34.6319,2026-10-06,34.6319,2026-10-06,32.8144,2025-10-07,0,456.9,Kuvera (latest month),458.38,Jul-Sep 2026,352.38,0.0166,Shriram Ramanathan,Moderately High Risk,0.0100563,0.0337263,0.0557026,0.128778,0.109153,,,0.0988804,NAV history,-0.0120207,0.0274736,,0.0620836,-0.00406597,,0.711187,8.84199,0.361111,28.6,71.4,35.7,14,,2026-10-07
114239,INF109K01GU4,ICICI Prudential Credit Risk Fund,ICICI Prudential Mutual Fund,Debt,Credit Risk,Debt Scheme - Credit Risk Fund,Regular,Growth,2010-11-15,AMFI scheme master,15.89,34.8687,2026-10-06,34.9175,2026-09-22,32.653,2025-10-07,-0.00139758,6332.5,Kuvera (latest month),6311.88,Jul-Sep 2026,3866.43,0.0143,Manish Banthia; Akhil Kakkar,Very High Risk,0.009765,0.0402667,0.0685824,0.080157,0.0838352,0.0726895,0.0756694,0.0820163,NAV history,0.000859211,0.00215569,0.00176367,0.0117003,-0.0039945,-0.00812105,1.60981,2.42695,0.934426,71.4,85.7,92.9,14,,2026-10-07
130721,INF205K01I34,Invesco India Credit Risk Fund,Invesco Mutual Fund,Debt,Credit Risk,Income/Debt Oriented Schemes - Credit Risk Fund,Regular,Growth,2014-08-14,AMFI scheme master,12.15,2081.77,2026-10-06,2087.63,2026-09-08,1958.71,2025-10-09,-0.00280395,167,Kuvera (latest month),166.29,Jul-Sep 2026,133.29,0.0146,Krishna Cheemalapati; Vikas Garg,Moderately High Risk,0.00356086,0.0429415,0.061984,0.0785862,0.0827392,0.071324,0.0534723,0.0624721,NAV history,-0.0057392,0.00105975,0.000398231,0.0174835,-0.00422268,-0.0114664,1.01463,2.54891,0.491803,42.9,57.1,64.3,14,,2026-10-07
117716,INF174K01DY7,Kotak Credit Risk Fund,Kotak Mahindra Mutual Fund,Debt,Credit Risk,Debt Scheme - Credit Risk Fund,Regular,Growth,2010-04-12,AMFI scheme master,16.49,31.9367,2026-10-06,31.999,2026-09-22,30.2448,2025-10-13,-0.00194694,773.1,Kuvera (latest month),772.05,Jul-Sep 2026,592.2,0.017353,Deepak Agrawal; Vihag Mishra,Moderate Risk,0.00829705,0.0368183,0.0556784,0.0730094,0.0756026,0.0570127,0.0625878,0.0730078,NAV history,-0.0120448,-0.00607687,-0.0139131,0.0155323,-0.0146679,-0.0320548,0.682617,0.887656,0.180328,21.4,14.3,14.3,14,,2026-10-07
112938,INF204K01FQ3,Nippon India Credit Risk Fund  - Growth Plan,Nippon India Mutual Fund,Debt,Credit Risk,Debt Scheme - Credit Risk Fund,Regular,Growth,2005-05-10,AMFI scheme master,21.41,38.2012,2026-10-06,38.2012,2026-10-06,35.824,2025-10-07,0,1594.71,AMFI AAUM Jul-Sep 2026,1594.71,Jul-Sep 2026,749.58,0.0139,,,0.0107394,0.0392396,0.066864,0.0800127,0.0806197,0.0709258,0.0572183,0.0692298,NAV history,-0.000859211,-0.00105975,0,0.00805941,-0.00401308,-0.0121224,1.93807,3.19927,0.852459,92.9,78.6,85.7,14,,2026-10-07
112939,INF204K01FT7,Nippon India Credit Risk Fund  - Institutional Growth Plan,Nippon India Mutual Fund,Debt,Credit Risk,Debt Scheme - Credit Risk Fund,Regular,Growth,2005-05-10,AMFI scheme master,21.41,40.2581,2026-10-06,40.2581,2026-10-06,37.3907,2025-10-07,0,1594.71,AMFI AAUM Jul-Sep 2026,1594.71,Jul-Sep 2026,,0.0139,,,0.0119245,0.0426831,0.0772119,0.0858426,0.0842837,0.0736338,0.0598145,0.0722576,NAV history,0.00948862,0.00260421,0.00270799,0.0085896,-0.00378163,-0.0121388,2.245,3.97941,0.967213,100,92.9,100,14,,2026-10-07
102505,INF200K01685,SBI CREDIT RISK FUND,SBI Mutual Fund,Debt,Credit Risk,Debt Scheme - Credit Risk Fund,Regular,Growth,2004-07-05,AMFI scheme master,22.26,49.814,2026-10-06,49.8997,2026-09-09,46.5511,2025-10-07,-0.00171745,2185.5,Kuvera (latest month),2184.44,Jul-Sep 2026,1845,0.0154,Lokesh Mallya; Prashanth Sridhar,High Risk,0.0119593,0.0442004,0.0705827,0.0780351,0.0783125,0.0701953,0.0700859,0.0771875,Since Apr-2006 (earlier NAV not in AMFI history),0.00285949,-0.00336695,-0.000730522,0.0101309,-0.00509955,-0.00729935,1.31405,2.08671,0.459016,64.3,21.4,53.6,14,,2026-10-07
117981,INF789F01QZ1,UTI - Credit Risk Fund.,UTI Mutual Fund,Debt,Credit Risk,Income/Debt Oriented Schemes - Credit Risk Fund,Regular,Growth,2012-10-25,AMFI scheme master,13.95,18.3394,2026-10-06,18.3592,2026-09-07,17.3961,2025-10-07,-0.00107848,249.3,Kuvera (latest month),251.31,Jul-Sep 2026,201.15,0.0143,Anurag Mittal,Moderately High Risk,0.00900098,0.0330543,0.0546916,0.06593,0.07016,0.0628109,0.0249808,0.0445702,NAV history,-0.0130316,-0.0115195,-0.00811493,0.0084489,-0.00463056,-0.00803031,0.610729,0.947505,0.245902,14.3,42.9,25,14,,2026-10-07
122612,INF579M01183,360 ONE Dynamic Term Fund - Regular Plan - Growth Option,360 ONE Mutual Fund,Debt,Dynamic Bond,Income/Debt Oriented Schemes - Dynamic Term Fund,Regular,Growth,2013-06-06,AMFI scheme master,13.34,24.0546,2026-10-06,24.3486,2026-08-14,23.0874,2025-10-07,-0.0120746,559.3,Kuvera (latest month),565.45,Jul-Sep 2026,290.99,0.0059,Milan Mody,Moderately High Risk,-0.00416886,0.0339927,0.0435926,0.0648384,0.0781441,0.0650569,0.06684,0.0682898,NAV history,0.0130535,0.0146221,0.00963759,0.0170496,-0.0136632,-0.0180387,0.770932,1.10146,0.885246,95.7,82.6,91.3,23,,2026-10-07
122711,INF579M01191,360 ONE Dynamic Term Fund Regular Plan Bonus,360 ONE Mutual Fund,Debt,Dynamic Bond,Income/Debt Oriented Schemes - Dynamic Term Fund,Regular,Growth,2013-06-06,AMFI scheme master,13.34,24.0545,2026-10-06,24.3485,2026-08-14,23.0873,2025-10-07,-0.0120747,559.3,Kuvera (latest month),565.45,Jul-Sep 2026,0.12,0.0059,Milan Mody,Moderately High Risk,-0.00416887,0.0339929,0.0435882,0.0648387,0.0781444,0.065056,0.0668396,0.0682895,NAV history,0.0130491,0.0146225,0.00963671,0.0170485,-0.0136633,-0.0180333,0.771002,1.1016,0.901639,100,78.3,95.7,23,,2026-10-07
102767,INF209K01793,Aditya Birla Sun Life Dynamic Term Fund,Aditya Birla Sun Life Mutual Fund,Debt,Dynamic Bond,Income/Debt Oriented Schemes - Dynamic Term Fund,Regular,Growth,2004-09-10,AMFI scheme master,22.07,49.0207,2026-10-06,49.2625,2026-08-14,46.9846,2025-10-07,-0.0049084,1422.3,Kuvera (latest month),1433.86,Jul-Sep 2026,877.67,0.0122,Mohit Sharma; Bhupesh Bameta,Moderately High Risk,-0.00185698,0.0358594,0.0447252,0.0596958,0.0717329,0.0659148,0.0539882,0.0767315,Since Apr-2006 (earlier NAV not in AMFI history),0.0141861,0.00821094,0.0104955,0.0202461,-0.0119642,-0.0124431,0.332554,0.467113,0.967213,87,100,100,23,,2026-10-07
115068,INF846K01917,Axis Dynamic Term Fund,Axis Mutual Fund,Debt,Dynamic Bond,Income/Debt Oriented Schemes - Dynamic Term Fund,Regular,Growth,2011-04-06,AMFI scheme master,15.5,31.5385,2026-10-06,31.7019,2026-08-14,30.0216,2025-10-07,-0.00515427,992.7,Kuvera (latest month),993.42,Jul-Sep 2026,352.66,0.0065,Devang Shah; Hardik Shah,Moderate Risk,-0.000836372,0.040387,0.0519706,0.062879,0.071672,0.0580845,0.0671833,0.0771458,NAV history,0.0214315,0.00815,0.00266518,0.0187985,-0.0128509,-0.0334466,0.354922,0.510175,0.622951,91.3,91.3,60.9,23,,2026-10-07
111524,INF194K01QG4,BANDHAN Dynamic Term Fund,Bandhan Mutual Fund,Debt,Dynamic Bond,Income/Debt Oriented Schemes - Dynamic Term Fund,Regular,Growth,2002-06-25,AMFI scheme master,24.28,35.8422,2026-10-06,36.1399,2026-08-14,33.8642,2025-10-31,-0.00823743,1926.4,Kuvera (latest month),1942.58,Jul-Sep 2026,1264.65,0.0165,Suyash Choudhary; Brijesh Shah,Moderate Risk,-0.00722103,0.0484927,0.0584785,0.0464273,0.071124,0.0529667,0.0636154,0.074574,NAV history,0.0279394,0.00760204,-0.00245259,0.0332823,-0.0428258,-0.0428258,0.184002,0.260395,0.344262,69.6,8.7,39.1,23,,2026-10-07
150173,INF251K01DW7,Baroda BNP Paribas Dynamic Term Fund,Baroda BNP Paribas Mutual Fund,Debt,Dynamic Bond,Income/Debt Oriented Schemes - Dynamic Term Fund,Regular,Growth,2004-08-09,AMFI scheme master,22.16,46.4625,2026-10-06,46.7771,2026-08-14,45.2064,2026-04-02,-0.00672551,115.97,AMFI AAUM Jul-Sep 2026,115.97,Jul-Sep 2026,86.85,0.0172,,,-0.00449091,0.0253997,0.0101861,0.0347023,0.0528597,,,0.0521177,NAV history,-0.020353,-0.0106623,,0.023408,-0.0275064,,-0.518639,-0.702301,0.318182,21.7,26.1,34.8,23,,2026-10-07
111962,INF760K01449,Canara Robeco Dynamic Term Fund,Canara Robeco Mutual Fund,Debt,Dynamic Bond,Income/Debt Oriented Schemes - Dynamic Term Fund,Regular,Growth,2009-05-04,AMFI scheme master,17.43,29.5404,2026-10-06,29.9649,2026-08-14,28.9717,2026-04-02,-0.0141666,81.8,Kuvera (latest month),82.67,Jul-Sep 2026,67.06,0.0171,Bhupesh Kalyani; Avnish Jain,Moderate Risk,-0.00695525,0.0142661,0.0079055,0.0244678,0.0468508,0.0403255,0.0492212,0.0643855,NAV history,-0.0226336,-0.0166712,-0.0150939,0.0252572,-0.0354271,-0.0354271,-0.718578,-0.959924,0.0819672,13,17.4,4.3,23,,2026-10-07
105669,INF740K01GK7,DSP Dynamic Term Fund,DSP Mutual Fund,Debt,Dynamic Bond,Income/Debt Oriented Schemes - Dynamic Term Fund,Regular,Growth,2007-04-23,AMFI scheme master,19.46,3412.36,2026-10-06,3483.5,2026-08-14,3305.15,2026-04-02,-0.0204219,638.5,Kuvera (latest month),647.83,Jul-Sep 2026,277.21,0.0116,Sandeep Yadav; Shantanu Godambe; Kunal Khudania,Moderate Risk,-0.0180054,0.0277057,0.00882612,0.0292691,0.0565071,0.0492966,0.058399,0.0652052,NAV history,-0.021713,-0.00701486,-0.00612271,0.0295933,-0.0368857,-0.0368857,-0.286987,-0.392125,0.47541,34.8,13,47.8,23,,2026-10-07
145590,INF666M01ES8,Groww Dynamic Term Fund,Groww Mutual Fund,Debt,Dynamic Bond,Income/Debt Oriented Schemes - Dynamic Term Fund,Regular,Growth,2018-11-16,AMFI scheme master,7.89,1498.84,2026-10-06,1502.94,2026-09-22,1459.08,2025-12-10,-0.00272347,25.4,Kuvera (latest month),28.65,Jul-Sep 2026,1.14,0.0136,Kaustubh Sule; Wilfred Gonsalves,Moderate Risk,0.0023585,0.0211508,0.017214,0.0349279,0.049642,0.0430265,,0.0529512,NAV history,-0.0133251,-0.01388,-0.0123929,0.0203443,-0.0247822,-0.0247822,-0.754903,-1.0182,0.229508,4.3,34.8,19.6,23,,2026-10-07
101872,INF179K01848,HDFC Dynamic Term Fund,HDFC Mutual Fund,Debt,Dynamic Bond,Income/Debt Oriented Schemes - Dynamic Term Fund,Regular,Growth,1997-04-28,AMFI scheme master,29.44,92.6755,2026-10-06,94.1505,2026-08-14,89.1517,2026-04-02,-0.0156664,494.8,Kuvera (latest month),508.34,Jul-Sep 2026,312.49,0.014,Anil Bamboli; Dhruv Muchhal,Moderately High Risk,-0.00730312,0.0347671,0.0284262,0.0422669,0.0603455,0.0489277,0.0515015,0.0687683,Since Apr-2006 (earlier NAV not in AMFI history),-0.00211285,-0.00317649,-0.00649164,0.0235131,-0.0277463,-0.0277463,-0.197953,-0.267718,0.459016,39.1,21.7,43.5,23,,2026-10-07
151084,INF677K01916,HSBC Dynamic Term Fund,HSBC Mutual Fund,Debt,Dynamic Bond,Income/Debt Oriented Schemes - Dynamic Term Fund,Regular,Growth,2006-08-17,AMFI scheme master,20.14,30.5804,2026-10-06,30.9601,2026-08-14,29.7472,2026-04-02,-0.0122642,121.1,Kuvera (latest month),121.87,Jul-Sep 2026,96.59,0.0083,Shriram Ramanathan; Mahesh Chhabria,Moderate Risk,-0.00897357,0.0256304,0.0233137,0.0446417,0.062136,,,0.0598618,NAV history,-0.00722538,-0.001386,,0.0226202,-0.0209555,,-0.126613,-0.175102,0.555556,47.8,43.5,56.5,23,,2026-10-07
112096,INF109K01GN9,ICICI Prudential Dynamic Term Fund,ICICI Prudential Mutual Fund,Debt,Dynamic Bond,Income/Debt Oriented Schemes - Dynamic Term Fund,Regular,Growth,2008-03-12,AMFI scheme master,18.57,38.9841,2026-10-06,39.3806,2026-08-14,37.5457,2025-10-07,-0.0100684,13162.8,Kuvera (latest month),13225.5,Jul-Sep 2026,5079.46,0.0132,Manish Banthia; Nikhil Kabra,Moderately High Risk,-0.0055178,0.0329322,0.0387256,0.0594156,0.0684292,0.0619375,0.070419,0.0847938,NAV history,0.00818654,0.00490723,0.00651821,0.0161845,-0.0150294,-0.0150294,0.211882,0.297684,0.852459,73.9,73.9,87,23,,2026-10-07
149021,INF00XX01AT0,ITI Dynamic Term Fund,ITI Mutual Fund,Debt,Dynamic Bond,Income/Debt Oriented Schemes - Dynamic Term Fund,Regular,Growth,2021-06-25,AMFI scheme master,5.28,12.7033,2026-10-06,12.8991,2026-07-06,12.5346,2025-12-10,-0.0151794,25.6,Kuvera (latest month),26.08,Jul-Sep 2026,10.31,0.0123,Laukik Bagwe,Moderate Risk,-0.0151794,-0.000377712,0.0130789,0.0313781,0.0499869,0.0463373,,0.046759,NAV history,-0.0174602,-0.0135351,-0.00908203,0.0201462,-0.0203442,-0.0203442,-0.74521,-1.00471,0.230769,8.7,47.8,26.1,23,,2026-10-07
101806,INF192K01700,JM Dynamic Term Fund,JM Financial Mutual Fund,Debt,Dynamic Bond,Income/Debt Oriented Schemes - Dynamic Term Fund,Regular,Growth,2003-06-23,AMFI scheme master,23.29,43.2575,2026-10-06,43.447,2026-08-14,42.1366,2025-10-07,-0.00436164,52.8,Kuvera (latest month),53,Jul-Sep 2026,6.03,0.0093,Killol Pandya; Ruchi Fozdar; Jayant Dhoot,Moderate Risk,-0.00033971,0.0255185,0.0277406,0.0515909,0.0625399,0.0554193,0.0602622,0.0675925,Since Apr-2006 (earlier NAV not in AMFI history),-0.00279847,-0.000982122,0,0.0180181,-0.0127924,-0.0127924,-0.136537,-0.192531,0.508197,43.5,95.7,52.2,23,,2026-10-07
108511,INF174K01FA2,Kotak Dynamic Term Fund,Kotak Mahindra Mutual Fund,Debt,Dynamic Bond,Income/Debt Oriented Schemes - Dynamic Term Fund,Regular,Growth,2008-05-26,AMFI scheme master,18.37,39.5627,2026-10-06,39.9153,2026-08-14,37.753,2025-12-10,-0.00883371,2341.9,Kuvera (latest month),2335.93,Jul-Sep 2026,1039.46,0.013478,Deepak Agrawal; Abhishek Bisen,Moderately High Risk,0.000290762,0.0412059,0.0418173,0.0528209,0.0713402,0.056754,0.0678989,0.0777943,NAV history,0.0112782,0.00781823,0.00133464,0.0242363,-0.0253063,-0.0253063,0.2616,0.363277,0.704918,82.6,30.4,78.3,23,,2026-10-07
144401,INF174V01531,Mahindra Manulife Dynamic Term Fund,Mahindra Manulife Mutual Fund,Debt,Dynamic Bond,Income/Debt Oriented Schemes - Dynamic Term Fund,Regular,Growth,2018-07-27,AMFI scheme master,8.2,14.9329,2026-10-06,15.0954,2026-08-14,14.4623,2026-01-20,-0.0107649,49.1,Kuvera (latest month),51.17,Jul-Sep 2026,41.52,0.0158,Rahul Pal; Kush Sonigara,Moderately High Risk,-0.00681724,0.0292518,0.0310142,0.0490741,0.063522,0.047865,,0.0503905,NAV history,0.000475081,0,-0.00755433,0.0196333,-0.0131166,-0.0275204,-0.0752813,-0.105546,0.229508,52.2,87,19.6,23,,2026-10-07
140771,INF769K01DO5,Mirae Asset Dynamic Term Fund,Mirae Asset Mutual Fund,Debt,Dynamic Bond,Income/Debt Oriented Schemes - Dynamic Term Fund,Regular,Growth,2017-03-03,AMFI scheme master,9.6,16.9197,2026-10-06,17.1793,2026-08-14,16.4259,2025-10-07,-0.0151112,115.3,Kuvera (latest month),116.11,Jul-Sep 2026,29.75,0.01,Basant Bafna,Low to Moderate Risk,-0.00746177,0.00877627,0.0305391,0.0511879,0.0586951,0.0474498,,0.0562246,NAV history,0,-0.00482687,-0.00796956,0.00883166,-0.0159844,-0.0364887,-0.713896,-0.934723,0.213115,17.4,65.2,13,23,,2026-10-07
102849,INF204K01FI0,Nippon India Dynamic Term Fund,Nippon India Mutual Fund,Debt,Dynamic Bond,Income/Debt Oriented Schemes - Dynamic Term Fund,Regular,Growth,2004-10-16,AMFI scheme master,21.97,39.1502,2026-10-06,39.5904,2026-08-17,37.776,2025-10-10,-0.0111189,3875.4,Kuvera (latest month),3853.34,Jul-Sep 2026,1276.31,0.0074,Vivek Sharma; Pranay Sinha; Kinjal Desai; Amber Singhania,Moderate Risk,-0.00339836,0.0231976,0.0366904,0.0556979,0.0690244,0.0567354,0.0593547,0.0656571,Since Apr-2006 (earlier NAV not in AMFI history),0.00615135,0.00550243,0.00131609,0.018112,-0.0154946,-0.0369989,0.222196,0.317492,0.688525,78.3,69.6,73.9,23,,2026-10-07
116485,INF663L01484,PGIM India Dynamic Term Fund,PGIM India Mutual Fund,Debt,Dynamic Bond,Income/Debt Oriented Schemes - Dynamic Term Fund,Regular,Growth,2012-01-03,AMFI scheme master,14.76,2693.39,2026-10-06,2722.06,2026-08-14,2633.35,2026-04-02,-0.0105315,79.5,Kuvera (latest month),80.44,Jul-Sep 2026,68.63,0.0168,Puneet Pal; Akhil Dhar,Low to Moderate Risk,-0.0102467,0.0214525,0.013665,0.037397,0.0572657,0.0475109,0.0605104,0.0695257,NAV history,-0.0168741,-0.00625629,-0.00790842,0.0220877,-0.0217582,-0.0217582,-0.350163,-0.490909,0.262295,30.4,39.1,30.4,23,,2026-10-07
141061,INF082J01218,Quantum Dynamic Term Fund,Quantum Mutual Fund,Debt,Dynamic Bond,Debt Scheme - Dynamic Bond,Regular,Growth,2015-04-29,AMFI scheme master,11.44,22.1478,2026-10-06,22.4554,2026-08-14,21.5536,2026-04-02,-0.0136983,87.9,Kuvera (latest month),87.67,Jul-Sep 2026,3.65,0.0101,Mayur Chauhan; Sneha Pandey,Moderate Risk,-0.0129598,0.0255795,0.0209135,0.044879,0.065144,0.0576349,,0.0641029,NAV history,-0.00962557,0.00162203,0.00221559,0.0231085,-0.017605,-0.017605,0.00623217,0.00886684,0.819672,56.5,56.5,82.6,23,,2026-10-07
102205,INF200K01958,SBI DYNAMIC TERM FUND,SBI Mutual Fund,Debt,Dynamic Bond,Income/Debt Oriented Schemes - Dynamic Term Fund,Regular,Growth,2003-12-15,AMFI scheme master,22.81,37.6074,2026-10-06,37.6074,2026-10-06,36.0239,2025-12-10,0,3552.6,Kuvera (latest month),3600.67,Jul-Sep 2026,2303.67,0.0137,Sudhir Agarwal,Low to Moderate Risk,0.00480394,0.0318154,0.0444498,0.0525336,0.0674393,0.0595813,0.0662516,0.0650756,Since Apr-2006 (earlier NAV not in AMFI history),0.0139107,0.00391736,0.004162,0.0195331,-0.0177833,-0.0177833,0.124882,0.176763,0.639344,65.2,52.2,67.4,23,,2026-10-07
113077,INF789F01JQ5,UTI Dynamic Term Fund,UTI Mutual Fund,Debt,Dynamic Bond,Income/Debt Oriented Schemes - Dynamic Term Fund,Regular,Growth,2010-06-16,AMFI scheme master,16.31,32.433,2026-10-06,32.6016,2026-09-22,31.2427,2025-10-07,-0.00517153,401.1,Kuvera (latest month),407.05,Jul-Sep 2026,259.48,0.0128,Pankaj Pathak,Moderate Risk,0.00189363,0.0270043,0.0393593,0.0519271,0.065722,0.0685904,0.0587736,0.0749238,NAV history,0.00882024,0.00219997,0.0131711,0.0174084,-0.0163834,-0.0163834,0.0414717,0.0589839,0.639344,60.9,60.9,67.4,23,,2026-10-07
116555,INF582M01336,Union Dynamic Term Fund,Union Mutual Fund,Debt,Dynamic Bond,Income/Debt Oriented Schemes - Dynamic Term Fund,Regular,Growth,2012-01-23,AMFI scheme master,14.7,23.3522,2026-10-06,23.8789,2026-08-14,22.4996,2026-04-02,-0.0220571,62.5,Kuvera (latest month),63.92,Jul-Sep 2026,61.05,0.0154,Parijat Agrawal; Devesh Thacker,Moderate Risk,-0.0193137,0.0298746,-0.00121041,0.0264293,0.049468,0.0392119,0.0484203,0.0595167,NAV history,-0.0317495,-0.014054,-0.0162075,0.0325437,-0.0516102,-0.0516102,-0.477265,-0.646688,0.163934,26.1,4.3,8.7,23,,2026-10-07
122644,INF209K01MG9,Aditya Birla Sun Life Floating Interest Rates Fund,Aditya Birla Sun Life Mutual Fund,Debt,Floater,Income/Debt Oriented Schemes - Floating Interest Rates Fund,Regular,Growth,2003-06-01,AMFI scheme master,23.35,375.145,2026-10-06,375.145,2026-10-06,354.574,2025-10-07,0,13211.4,Kuvera (latest month),13186.8,Jul-Sep 2026,1155.48,0.0043,Kaustubh Gupta; Harshil Suvarnkar,Low to Moderate Risk,0.0116893,0.0328182,0.0582916,0.0693754,0.0721605,0.0657669,0.0689972,0.0755513,NAV history,0.00295994,-0.000199132,0.00222239,0.00549894,-0.0021889,-0.00444596,1.30216,2.13863,0.622951,100,100,75,12,,2026-10-07
149048,INF846K012B8,Axis Floating Interest Rates Fund,Axis Mutual Fund,Debt,Floater,Income/Debt Oriented Schemes - Floating Interest Rates Fund,Regular,Growth,2021-07-12,AMFI scheme master,5.24,1400.88,2026-10-06,1404.75,2026-08-14,1320.76,2025-10-07,-0.00275999,148.6,Kuvera (latest month),141.64,Jul-Sep 2026,25.75,0.0053,Aditya Pagaria; Hardik Shah,High Risk,0.0044969,0.0463014,0.0612773,0.070112,0.0809115,0.0679445,,0.0671137,NAV history,0.00594565,0.00855181,0.00439998,0.0207501,-0.012821,-0.012821,0.766813,1.11769,0.666667,41.7,8.3,91.7,12,,2026-10-07
148705,INF194KB1AP5,BANDHAN FLOATING INTEREST RATES FUND,Bandhan Mutual Fund,Debt,Floater,Income/Debt Oriented Schemes - Floating Interest Rates Fund,Regular,Growth,2021-02-10,AMFI scheme master,5.65,13.8624,2026-10-06,13.8671,2026-09-23,13.1258,2025-10-10,-0.000338932,227.7,Kuvera (latest month),224.61,Jul-Sep 2026,108.28,0.0077,Brijesh Shah; Debraj Lahiri,Low to Moderate Risk,0.00679067,0.0371623,0.0564243,0.0694418,0.0723346,0.0624169,,0.0597974,NAV history,0.00109271,-2.50276e-05,-0.00112758,0.00979985,-0.0049283,-0.00702266,0.748442,1.12222,0.280702,33.3,50,25,12,,2026-10-07
148768,INF740KA1PS7,DSP Floating Interest Rates Fund,DSP Mutual Fund,Debt,Floater,Income/Debt Oriented Schemes - Floating Interest Rates Fund,Regular,Growth,2021-03-04,AMFI scheme master,5.59,14.1078,2026-10-06,14.1238,2026-08-14,13.4509,2025-10-07,-0.00113284,321.1,Kuvera (latest month),324.49,Jul-Sep 2026,92.5,0.0056,Karan Mundhra; Shantanu Godambe,Low to Moderate Risk,0.00289328,0.0331146,0.0492347,0.064772,0.0746948,0.0636238,,0.0634442,NAV history,-0.00609691,0.00233517,7.9337e-05,0.0110106,-0.00516415,-0.0052612,0.880498,1.32711,0.5,66.7,41.7,41.7,12,,2026-10-07
101048,INF090I01LM7,Franklin India Floating Interest Rates Fund,Franklin Templeton Mutual Fund,Debt,Floater,Income/Debt Oriented Schemes - Floating Interest Rates Fund,Regular,Growth,2001-04-23,AMFI scheme master,25.46,43.7759,2026-10-06,43.8284,2026-10-05,41.5065,2025-10-07,-0.00119785,281.3,Kuvera (latest month),280.79,Jul-Sep 2026,220.14,0.0095,Pallab Roy; Rohan Maru; Sandeep Manam,Moderate Risk,0.00999243,0.0281729,0.0550011,0.0684052,0.072409,0.0639199,0.0623369,0.0616494,Since Apr-2006 (earlier NAV not in AMFI history),-0.000330495,4.9362e-05,0.000375456,0.00798319,-0.0057291,-0.0057291,0.928076,1.47047,0.557377,75,25,58.3,12,,2026-10-07
106841,INF179K01707,HDFC Floating Interest Rates Fund,HDFC Mutual Fund,Debt,Floater,Income/Debt Oriented Schemes - Floating Interest Rates Fund,Regular,Growth,2007-10-23,AMFI scheme master,18.96,53.7091,2026-10-06,53.7275,2026-09-23,50.9703,2025-10-09,-0.000342469,16133.2,Kuvera (latest month),16272.4,Jul-Sep 2026,2160.64,0.005,Anil Bamboli; Dhruv Muchhal,Moderate Risk,0.00630096,0.0310847,0.0542379,0.0685933,0.0728159,0.0659367,0.0698183,0.076927,NAV history,-0.00109369,0.000456241,0.00239224,0.00703391,-0.00359945,-0.00537151,1.11117,1.66791,0.885246,91.7,83.3,100,12,,2026-10-07
101802,INF109K01AX1,ICICI Prudential Floating Interest Rates Fund,ICICI Prudential Mutual Fund,Debt,Floater,Income/Debt Oriented Schemes - Floating Interest Rates Fund,Regular,Growth,2000-01-01,AMFI scheme master,26.77,456.846,2026-10-06,457.283,2026-09-09,432.114,2025-10-07,-0.000956082,9118.8,Kuvera (latest month),8783.59,Jul-Sep 2026,4368.69,0.0085,Ritesh Lunawat; Darshil Dedhia,Low to Moderate Risk,0.00668426,0.0305479,0.0575352,0.0678623,0.0710663,0.0634651,0.068339,0.0756367,Since Apr-2006 (earlier NAV not in AMFI history),0.00220361,-0.00129335,-7.9337e-05,0.00752801,-0.00470672,-0.00966058,0.80583,1.26392,0.606557,50,75,66.7,12,NAV history rebased (face value change),2026-10-07
147266,INF174KA1DY6,Kotak Floating Interest Rates Fund,Kotak Mahindra Mutual Fund,Debt,Floater,Income/Debt Oriented Schemes - Floating Interest Rates Fund,Regular,Growth,2019-05-09,AMFI scheme master,7.41,1622.21,2026-10-06,1623.84,2026-09-09,1544.16,2025-10-07,-0.00100096,3424.7,Kuvera (latest month),3390.37,Jul-Sep 2026,596.14,0.006229,Deepak Agrawal; Manu Sharma,Moderate Risk,0.005813,0.0302549,0.0510402,0.0686905,0.0723847,0.062779,,0.0675232,NAV history,-0.00429142,2.50276e-05,-0.000765439,0.0076114,-0.0047761,-0.0110757,0.970212,1.49628,0.508197,83.3,58.3,50,12,,2026-10-07
102673,INF204K01CG1,Nippon India Floating Interest Rates Fund,Nippon India Mutual Fund,Debt,Floater,Income/Debt Oriented Schemes - Floating Interest Rates Fund,Regular,Growth,2004-08-23,AMFI scheme master,22.12,48.2966,2026-10-06,48.3317,2026-09-09,46.1129,2025-10-07,-0.000726231,7507.9,Kuvera (latest month),7470.41,Jul-Sep 2026,660.37,0.0065,Vikash Agarwal; Amber Singhania,Low to Moderate Risk,0.00451962,0.0306727,0.0478964,0.066025,0.0711842,0.062595,0.0678281,0.0753713,Since Apr-2006 (earlier NAV not in AMFI history),-0.00743526,-0.0011754,-0.000949525,0.0087273,-0.00538343,-0.00623433,0.708609,1.08524,0.459016,25,33.3,33.3,12,,2026-10-07
148543,INF200KA1R15,SBI Floating Interest Rates Fund,SBI Mutual Fund,Debt,Floater,Income/Debt Oriented Schemes - Floating Interest Rates Fund,Regular,Growth,2020-10-06,AMFI scheme master,6,14.3319,2026-10-06,14.3457,2026-09-09,13.532,2025-10-15,-0.000961961,688.4,Kuvera (latest month),682.32,Jul-Sep 2026,395.68,0.0042,Rajeev Radhakrishnan; Ardhendu Bhattacharya,Low to Moderate Risk,0.0116326,0.0325725,0.0578063,0.0677818,0.0724747,0.0647981,,0.0623265,NAV history,0.00247467,0.000115065,0.00125362,0.00904731,-0.00581249,-0.00581249,0.826181,1.31488,0.65,58.3,16.7,83.3,12,,2026-10-07
149003,INF277KA1091,Tata Floating Interest Rates Fund,Tata Mutual Fund,Debt,Floater,Income/Debt Oriented Schemes - Floating Interest Rates Fund,Regular,Growth,2021-06-21,AMFI scheme master,5.3,13.6905,2026-10-06,13.692,2026-09-09,12.9867,2025-10-07,-0.000109553,113.8,Kuvera (latest month),119.91,Jul-Sep 2026,67.68,0.007,Akhil Mittal,Moderate Risk,0.00884271,0.0308258,0.0551852,0.0668203,0.0696404,0.0628334,,0.0617374,NAV history,-0.000146445,-0.00271921,-0.000711119,0.0080126,-0.00471006,-0.00576265,0.579142,0.894528,0.25,16.7,66.7,16.7,12,,2026-10-07
145287,INF789F1ACO4,UTI Floating Interest Rates Fund,UTI Mutual Fund,Debt,Floater,Income/Debt Oriented Schemes - Floating Interest Rates Fund,Regular,Growth,2018-10-12,AMFI scheme master,7.99,1605.5,2026-10-06,1605.5,2026-10-06,1521.38,2025-10-07,0,1574.5,Kuvera (latest month),1109.3,Jul-Sep 2026,312,0.0086,Pankaj Pathak,Low to Moderate Risk,0.0111281,0.031072,0.0554781,0.0644764,0.0662273,0.0584125,,0.0614029,NAV history,0.000146445,-0.00613239,-0.00513202,0.00569367,-0.00349118,-0.00349118,0.215547,0.333132,0.0163934,8.3,91.7,8.3,12,,2026-10-07
100058,INF209K01AC3,Aditya Birla Sun Life Gilt Fund,Aditya Birla Sun Life Mutual Fund,Debt,Gilt,Income/Debt Oriented Schemes - Gilt Fund,Regular,Growth,1999-10-12,AMFI scheme master,26.99,81.217,2026-10-06,83.0211,2026-08-14,77.7488,2026-04-02,-0.0217306,1288.52,AMFI AAUM Jul-Sep 2026,1288.52,Jul-Sep 2026,380.86,0.0115,,,-0.0205438,0.0367881,0.00158963,0.0231633,0.0509891,0.0438648,0.0605011,0.0716633,Since Apr-2006 (earlier NAV not in AMFI history),-0.0140514,-0.00711854,-0.00460273,0.0364642,-0.0596192,-0.0596192,-0.384237,-0.522434,0.442623,33.3,11.1,44.4,29,,2026-10-07
116471,INF846K01AX8,Axis Gilt Fund,Axis Mutual Fund,Debt,Gilt,Income/Debt Oriented Schemes - Gilt Fund,Regular,Growth,2012-01-10,AMFI scheme master,14.74,26.489,2026-10-06,26.8952,2026-08-14,25.4601,2026-04-02,-0.0151031,340.5,Kuvera (latest month),373.07,Jul-Sep 2026,114.1,0.0086,Devang Shah; Sachin Jain,Moderate Risk,-0.014777,0.0344962,0.0278289,0.0456613,0.0682624,0.0542711,0.0624621,0.0693527,NAV history,0.0121879,0.0101547,0.00580357,0.0295688,-0.0305544,-0.0305544,0.110332,0.156283,0.754098,96.3,88.9,81.5,29,,2026-10-07
101187,INF955L01450,BARODA BNP PARIBAS GILT FUND,Baroda BNP Paribas Mutual Fund,Debt,Gilt,Income/Debt Oriented Schemes - Gilt Fund,Regular,Growth,2002-02-14,AMFI scheme master,24.64,43.7689,2026-10-06,44.3328,2026-08-14,42.1528,2026-04-02,-0.0127197,574.9,Kuvera (latest month),603,Jul-Sep 2026,133.71,0.0044,Prashant Pimple; Vikram Pamnani,Moderate Risk,-0.0109751,0.0340657,0.0199355,0.0446051,0.0635261,0.0514059,0.0555423,0.0707972,Since Apr-2006 (earlier NAV not in AMFI history),0.0042945,0.00541844,0.00293837,0.0250654,-0.0263528,-0.0292334,-0.0588025,-0.0813832,0.590164,81.5,96.3,70.4,29,,2026-10-07
153211,INF0QA701AM6,Bajaj Finserv Gilt Fund,Bajaj Finserv Mutual Fund,Debt,Gilt,Debt Scheme - Gilt Fund,Regular,Growth,2024-12-30,AMFI scheme master,1.77,1060.65,2026-10-06,1071.21,2026-07-06,1020.09,2026-04-02,-0.00985688,28.3,Kuvera (latest month),27.05,Jul-Sep 2026,4.19,0.0136,Nimesh Chandan; Siddharth Chaudhary; Sourish Chatterjee,Low Risk,-0.00985688,0.0331529,0.0242191,,,,,0.0345256,NAV history,0.00857807,,,,,,,,,,,,29,,2026-10-07
111525,INF194K01DZ2,Bandhan Gilt   Fund,Bandhan Mutual Fund,Debt,Gilt,Debt Scheme - Gilt Fund,Regular,Growth,2002-02-21,AMFI scheme master,24.62,37.5296,2026-10-06,37.9476,2026-08-14,35.1878,2025-10-30,-0.0110152,1713.2,Kuvera (latest month),1801.04,Jul-Sep 2026,817.23,0.012,Suyash Choudhary; Brijesh Shah,Moderate Risk,-0.0100996,0.0540009,0.0664121,0.0521993,0.0770629,0.0578466,0.0697063,0.077539,NAV history,0.0507711,0.0189552,0.00937907,0.0348821,-0.0423293,-0.0423293,0.345818,0.498033,0.52459,100,40.7,64.8,29,,2026-10-07
100597,INF760K01AE1,Canara Robeco Gilt Fund,Canara Robeco Mutual Fund,Debt,Gilt,Income/Debt Oriented Schemes - Gilt Fund,Regular,Growth,1999-12-22,AMFI scheme master,26.79,76.6045,2026-10-06,77.2287,2026-08-14,74.4286,2026-04-02,-0.00808249,120.8,Kuvera (latest month),119.98,Jul-Sep 2026,52.14,0.0123,Bhupesh Kalyani; Avnish Jain,Moderate Risk,-0.00398124,0.0239669,0.0125437,0.0303874,0.0543186,0.0459459,0.0552582,0.0738931,Since Apr-2006 (earlier NAV not in AMFI history),-0.0030973,-0.00378901,-0.00252165,0.028676,-0.0375598,-0.0375598,-0.372484,-0.505588,0.147541,37,55.6,14.8,29,,2026-10-07
100084,INF740K01615,DSP Gilt Fund,DSP Mutual Fund,Debt,Gilt,Debt Scheme - Gilt Fund,Regular,Growth,1999-09-20,AMFI scheme master,27.05,98.1875,2026-10-06,100.143,2026-08-14,93.0923,2026-04-02,-0.01953,1219.01,AMFI AAUM Jul-Sep 2026,1219.01,Jul-Sep 2026,200.71,0.0118,,,-0.0161415,0.0456447,0.015641,0.0358303,0.0632671,0.0529711,0.0652659,0.0751157,Since Apr-2006 (earlier NAV not in AMFI history),0,0.00515949,0.00450354,0.0373204,-0.0469061,-0.0469061,-0.0464319,-0.0639328,0.918033,85.2,33.3,88.9,29,,2026-10-07
140297,INF843K01HC4,Edelweiss Gilt Fund,Edelweiss Mutual Fund,Debt,Gilt,Income/Debt Oriented Schemes - Gilt Fund,Regular,Growth,2014-02-05,AMFI scheme master,12.67,24.6516,2026-10-06,25.2393,2026-08-14,24.1468,2026-05-18,-0.0232851,123.1,Kuvera (latest month),126.5,Jul-Sep 2026,64.71,0.0115,Dhawal Dalal; Kedar Karnik,Moderate Risk,-0.0220801,0.0164057,0.000304332,0.0253048,0.0541945,0.0452612,,0.0618832,NAV history,-0.0153367,-0.00391317,-0.00320639,0.0313726,-0.0344563,-0.0344563,-0.344425,-0.473634,0.508197,40.7,59.3,57.4,29,,2026-10-07
100493,INF090I01CU9,Franklin India Gilt Fund,Franklin Templeton Mutual Fund,Debt,Gilt,Income/Debt Oriented Schemes - Gilt Fund,Regular,Growth,1999-06-21,AMFI scheme master,27.3,61.2872,2026-10-06,61.7696,2026-08-19,58.6445,2026-04-02,-0.00780967,147.1,Kuvera (latest month),147.79,Jul-Sep 2026,104.35,0.0122,Rahul Goswami; Anuj Tagra,Low to Moderate Risk,0.000729885,0.0391025,0.0395943,0.0499905,0.0587602,0.0483903,0.0481268,0.0687448,Since Apr-2006 (earlier NAV not in AMFI history),0.0239533,0.000652526,-7.72319e-05,0.0216657,-0.0328862,-0.0328862,-0.288005,-0.403733,0.508197,48.1,81.5,57.4,29,,2026-10-07
153503,INF666M01KN6,Groww Gilt Fund,Groww Mutual Fund,Debt,Gilt,Income/Debt Oriented Schemes - Gilt Fund,Regular,Growth,2025-04-23,AMFI scheme master,1.46,9.8793,2026-10-06,9.9757,2025-10-15,9.6945,2026-05-18,-0.00966348,35.15,AMFI AAUM Jul-Sep 2026,35.15,Jul-Sep 2026,7.79,0.0168,,,-0.00579658,0.014531,-0.00398234,,,,,-0.0115866,NAV history,-0.0196233,,,,,,,,,,,,29,,2026-10-07
101083,INF179K01756,HDFC Gilt Fund - Growth Plan,HDFC Mutual Fund,Debt,Gilt,Debt Scheme - Gilt Fund,Regular,Growth,2001-07-16,AMFI scheme master,25.23,56.7308,2026-10-06,57.9374,2026-08-14,54.72,2026-04-02,-0.0208259,2016.7,Kuvera (latest month),2016.86,Jul-Sep 2026,752.43,0.0086,Anil Bamboli; Dhruv Muchhal,Moderate Risk,-0.0165654,0.030845,0.0164697,0.0398178,0.0591592,0.0490923,0.0535959,0.0662349,Since Apr-2006 (earlier NAV not in AMFI history),0.000828694,0.00105155,0.000624706,0.0269328,-0.0308326,-0.0308326,-0.216865,-0.295903,0.52459,59.3,85.2,64.8,29,,2026-10-07
101084,INF179K01772,HDFC Gilt Fund - IDCW Plan,HDFC Mutual Fund,Debt,Gilt,Debt Scheme - Gilt Fund,Regular,Growth,2001-07-16,AMFI scheme master,25.23,12.0696,2026-10-06,12.3832,2026-06-25,11.8332,2026-04-02,-0.0253246,2016.7,Kuvera (latest month),2016.86,Jul-Sep 2026,4.77,0.0086,Anil Bamboli; Dhruv Muchhal,Moderate Risk,-0.0206109,0.0141754,-0.0073934,0.00384154,0.0131822,0.00340665,0.00484599,0.00878627,Since Apr-2006 (earlier NAV not in AMFI history),-0.0230344,-0.0449254,-0.0450609,0.036316,-0.0592743,-0.0592743,-1.42686,-1.63991,0,3.7,14.8,7.4,29,,2026-10-07
151013,INF917K01BP1,HSBC Gilt Fund,HSBC Mutual Fund,Debt,Gilt,Income/Debt Oriented Schemes - Gilt Fund,Regular,Growth,2000-03-28,AMFI scheme master,26.53,66.3825,2026-10-06,67.5271,2026-08-14,64.2546,2026-04-02,-0.0169502,155.5,Kuvera (latest month),158.3,Jul-Sep 2026,129.88,0.016,Shriram Ramanathan; Mohd Asif Rizwi,Moderate Risk,-0.0147383,0.0274688,0.0042556,0.0243567,0.0488228,,,0.0462237,NAV history,-0.0113854,-0.00928483,,0.0306168,-0.0448055,,-0.528375,-0.713077,0,11.1,37,7.4,29,,2026-10-07
100369,INF109K01JR4,ICICI Prudential Gilt Fund,ICICI Prudential Mutual Fund,Debt,Gilt,Debt Scheme - Gilt Fund,Regular,Growth,2006-04-02,Before Apr-2006 (AMFI history starts 03-Apr-2006),20.51,106.764,2026-10-06,109.253,2026-08-14,102.831,2026-04-02,-0.0227811,7950.4,Kuvera (latest month),8554.86,Jul-Sep 2026,1968.21,0.0111,Manish Banthia; Raunak Surana,Low to Moderate Risk,-0.017928,0.0322105,0.0251959,0.0512231,0.0624414,0.0579442,0.0665892,0.0826916,Since Apr-2006 (earlier NAV not in AMFI history),0.00955491,0.00433375,0.00947659,0.0236064,-0.0269763,-0.0321255,-0.108386,-0.15037,0.852459,66.7,92.6,85.2,29,,2026-10-07
107477,INF205K01SR1,Invesco India Gilt Fund,Invesco Mutual Fund,Debt,Gilt,Income/Debt Oriented Schemes - Gilt Fund,Regular,Growth,2008-01-30,AMFI scheme master,18.69,2872.2,2026-10-06,2948.81,2026-08-14,2754,2026-04-02,-0.0259814,111.3,Kuvera (latest month),122.62,Jul-Sep 2026,38.41,0.0125,Krishna Cheemalapati; Vikas Garg,Moderate Risk,-0.0224062,0.0342802,0.0119842,0.0290563,0.0581077,0.0485075,0.0521662,0.057883,NAV history,-0.00365679,0,3.99651e-05,0.0362778,-0.0471429,-0.0471429,-0.189988,-0.262673,0.47541,63,29.6,48.1,29,NAV history rebased (face value change),2026-10-07
100281,INF174K01FL9,Kotak Gilt Fund -Investment  Provident Fund and Trust-Growth,Kotak Mahindra Mutual Fund,Debt,Gilt,Debt Scheme - Gilt Fund,Regular,Growth,2000-01-02,AMFI scheme master,26.76,98.7407,2026-10-06,100.558,2026-08-14,94.9617,2026-04-02,-0.0180712,2107.8,Kuvera (latest month),2166.21,Jul-Sep 2026,28.63,0.014849,Abhishek Bisen,Low to Moderate Risk,-0.0134661,0.0335682,0.00512023,0.0222373,0.047709,0.0422438,0.0562873,0.0740616,Since Apr-2006 (earlier NAV not in AMFI history),-0.0105208,-0.0103987,-0.00622375,0.0337268,-0.0539562,-0.0539562,-0.512678,-0.689573,0.344262,18.5,22.2,27.8,29,,2026-10-07
100265,INF174K01FI5,Kotak Gilt Fund -Investment Regular-Growth,Kotak Mahindra Mutual Fund,Debt,Gilt,Debt Scheme - Gilt Fund,Regular,Growth,2000-01-02,AMFI scheme master,26.76,96.514,2026-10-06,98.2903,2026-08-14,92.8202,2026-04-02,-0.018072,2107.8,Kuvera (latest month),2166.21,Jul-Sep 2026,665.86,0.014849,Abhishek Bisen,Low to Moderate Risk,-0.013466,0.0335684,0.00512069,0.0222352,0.0477059,0.0422418,0.0562856,0.0733429,Since Apr-2006 (earlier NAV not in AMFI history),-0.0105203,-0.0104018,-0.0062258,0.0337266,-0.0539566,-0.0539566,-0.512775,-0.689706,0.344262,14.8,18.5,27.8,29,,2026-10-07
100317,INF767K01709,LIC MF Gilt Fund,LIC Mutual Fund,Debt,Gilt,Income/Debt Oriented Schemes - Gilt Fund,Regular,Growth,1999-11-15,AMFI scheme master,26.89,60.1454,2026-10-06,60.9932,2026-08-14,57.0291,2026-04-02,-0.0138999,44.5,Kuvera (latest month),45.03,Jul-Sep 2026,21.25,0.011,Rahul Singh; Pratik Shroff,Moderate Risk,-0.01193,0.0461725,0.011119,0.0269667,0.0494647,0.0422045,0.0550313,0.0600333,Since Apr-2006 (earlier NAV not in AMFI history),-0.00452204,-0.00864294,-0.00626304,0.0350996,-0.0615506,-0.0615506,-0.442606,-0.606135,0,25.9,7.4,7.4,29,,2026-10-07
109717,INF204K01BX8,Nippon India Gilt  Fund - Institutional Plan-Growth Plan -Growth Option,Nippon India Mutual Fund,Debt,Gilt,Debt Scheme - Gilt Fund,Regular,Growth,2008-08-22,AMFI scheme master,18.12,39.6043,2026-10-06,40.27,2026-08-14,37.9638,2026-04-02,-0.0165309,1517.2,Kuvera (latest month),1538.69,Jul-Sep 2026,3.53,0.0121,Pranay Sinha; Kinjal Desai; Amber Singhania,Moderate Risk,-0.0139108,0.0379329,0.0228964,0.0360042,0.0583437,0.0484276,0.0635946,0.0786834,NAV history,0.00725544,0.000236027,-3.99651e-05,0.0302,-0.0386034,-0.0386034,-0.220408,-0.304585,0.42623,55.6,48.1,40.7,29,,2026-10-07
109720,INF204K01BU4,Nippon India Gilt  Fund -Growth Plan - Growth Option,Nippon India Mutual Fund,Debt,Gilt,Debt Scheme - Gilt Fund,Regular,Growth,2008-08-22,AMFI scheme master,18.12,38.8267,2026-10-06,39.4915,2026-08-14,37.2693,2026-04-02,-0.016834,1517.2,Kuvera (latest month),1538.69,Jul-Sep 2026,458.89,0.0121,Pranay Sinha; Kinjal Desai; Amber Singhania,Moderate Risk,-0.0144582,0.0365451,0.0188141,0.0339499,0.0569851,0.0470732,0.0622678,0.0775037,NAV history,0.00317311,-0.00112255,-0.0013944,0.0302404,-0.0386047,-0.0386047,-0.265039,-0.365486,0.409836,51.9,44.4,37,29,,2026-10-07
138470,INF223J01AQ6,PGIM India Gilt Fund,PGIM India Mutual Fund,Debt,Gilt,Debt Scheme - Gilt Fund,Regular,Growth,2008-10-07,AMFI scheme master,18,30.4757,2026-10-06,31.0227,2026-08-14,29.5509,2026-04-02,-0.0176322,87.2,Kuvera (latest month),88.08,Jul-Sep 2026,12.9,0.0142,Puneet Pal; Akhil Dhar,Moderate Risk,-0.0133195,0.0257587,0.00172566,0.0281953,0.0523082,0.0441233,0.0551314,0.0621964,NAV history,-0.0139153,-0.00579946,-0.00434428,0.0296135,-0.0383916,-0.0383916,-0.428582,-0.586356,0.393443,29.6,51.9,33.3,29,,2026-10-07
101934,INF200K01AH1,SBI GILT FUND -  GROWTH - PF (Fixed Period - 3 Yrs) Option,SBI Mutual Fund,Debt,Gilt,Debt Scheme - Gilt Fund,Regular,Growth,2000-12-11,AMFI scheme master,25.82,40.9441,2026-10-06,41.2223,2026-08-14,39.5491,2026-04-02,-0.00674877,8215.2,Kuvera (latest month),8245.77,Jul-Sep 2026,0.14,0.0099,Sudhir Agarwal,Moderate Risk,-0.0042414,0.0308857,0.0277159,0.0425551,0.0622165,0.0573251,0.068013,0.0696045,Since Apr-2006 (earlier NAV not in AMFI history),0.0120749,0.00410886,0.00885749,0.0264354,-0.0334852,-0.0334852,-0.105294,-0.14546,1,70.4,63,100,29,,2026-10-07
101932,INF200K01AK5,SBI GILT FUND -  GROWTH - PF (Regular) Option,SBI Mutual Fund,Debt,Gilt,Debt Scheme - Gilt Fund,Regular,Growth,2000-12-11,AMFI scheme master,25.82,43.8324,2026-10-06,44.1302,2026-08-14,42.3387,2026-04-02,-0.00674821,8215.2,Kuvera (latest month),8245.77,Jul-Sep 2026,0.02,0.0099,Sudhir Agarwal,Moderate Risk,-0.00423908,0.0308921,0.0277306,0.0426782,0.0623,0.0573744,0.068038,0.0724607,Since Apr-2006 (earlier NAV not in AMFI history),0.0120896,0.00419235,0.00890688,0.0264473,-0.0334848,-0.0334848,-0.10209,-0.141098,0.967213,77.8,66.7,96.3,29,,2026-10-07
101001,INF200K01982,SBI GILT FUND - REGULAR PLAN - GROWTH,SBI Mutual Fund,Debt,Gilt,Debt Scheme - Gilt Fund,Regular,Growth,2000-12-11,AMFI scheme master,25.82,68.2613,2026-10-06,68.725,2026-08-14,65.9355,2026-04-02,-0.00674718,8215.2,Kuvera (latest month),8245.77,Jul-Sep 2026,2218.76,0.0099,Sudhir Agarwal,Moderate Risk,-0.00423912,0.0308883,0.027719,0.0425563,0.0622175,0.0573239,0.0680058,0.0721555,Since Apr-2006 (earlier NAV not in AMFI history),0.012078,0.00410989,0.00885637,0.026435,-0.0334814,-0.0334814,-0.105256,-0.145409,0.95082,74.1,70.4,92.6,29,,2026-10-07
101042,INF277K01519,Tata Gilt Fund,Tata Mutual Fund,Debt,Gilt,Income/Debt Oriented Schemes - Gilt Fund,Regular,Growth,2006-04-03,Before Apr-2006 (AMFI history starts 03-Apr-2006),20.51,78.9601,2026-10-06,81.3448,2026-08-14,75.5278,2026-04-02,-0.0293159,787.5,Kuvera (latest month),845.44,Jul-Sep 2026,379.86,0.0132,Akhil Mittal; Puja Kasat,Moderate Risk,-0.0207107,0.0361334,0.00273288,0.0327823,0.0536927,0.0470566,0.0529235,0.0637912,Since Apr-2006 (earlier NAV not in AMFI history),-0.0129081,-0.00441498,-0.00141101,0.0340468,-0.0490832,-0.0490832,-0.332111,-0.454957,0.491803,44.4,25.9,51.9,29,,2026-10-07
102512,INF789F01PT6,UTI - GILT FUND - Discontinued PF Plan - Growth Option,UTI Mutual Fund,Debt,Gilt,Income/Debt Oriented Schemes - Gilt Fund,Regular,Growth,2001-01-14,AMFI scheme master,25.73,48.6696,2026-10-06,49.2275,2026-08-14,46.8313,2025-10-10,-0.0113331,419.5,Kuvera (latest month),421.13,Jul-Sep 2026,12.21,0.0085,Pankaj Pathak,Moderate Risk,-0.0050311,0.0243385,0.0398732,0.047026,0.0647814,0.0533756,0.0649485,0.0761862,Since Apr-2006 (earlier NAV not in AMFI history),0.0242322,0.00667379,0.00490801,0.02579,-0.0330171,-0.0330171,-0.00847458,-0.0119274,0.721311,88.9,77.8,77.8,29,,2026-10-07
102510,INF789F01661,UTI - GILT FUND - Regular Plan - Growth Option,UTI Mutual Fund,Debt,Gilt,Income/Debt Oriented Schemes - Gilt Fund,Regular,Growth,2001-01-14,AMFI scheme master,25.73,65.4573,2026-10-06,66.2076,2026-08-14,62.9849,2025-10-10,-0.0113325,419.5,Kuvera (latest month),421.13,Jul-Sep 2026,151.25,0.0085,Pankaj Pathak,Moderate Risk,-0.00502978,0.0243404,0.0398746,0.0470265,0.0647824,0.053376,0.0649487,0.0761962,Since Apr-2006 (earlier NAV not in AMFI history),0.0242336,0.00667471,0.0049084,0.0257907,-0.0330179,-0.0330179,-0.00843832,-0.0118763,0.704918,92.6,74.1,74.1,29,,2026-10-07
150405,INF582M01ID0,Union Gilt Fund,Union Mutual Fund,Debt,Gilt,Debt Scheme - Gilt Fund,Regular,Growth,2022-07-18,AMFI scheme master,4.22,12.1193,2026-10-06,12.446,2026-08-14,11.5995,2026-04-02,-0.0262494,81.2,Kuvera (latest month),82.71,Jul-Sep 2026,59.8,0.0108,Parijat Agrawal; Anindya Sarkar,Moderate Risk,-0.0243759,0.034423,-0.00837043,0.0194179,0.0467706,,,0.0462799,NAV history,-0.0240114,-0.011337,,0.0398182,-0.0685527,,-0.457814,-0.617054,0.205128,22.2,3.7,22.2,29,,2026-10-07
151230,INF966L01BI1,quant Gilt Fund,quant Mutual Fund,Debt,Gilt,Debt Scheme - Gilt Fund,Regular,Growth,2022-12-14,AMFI scheme master,3.81,12.0267,2026-10-06,12.2205,2026-08-13,11.7234,2026-04-02,-0.0158586,75.6,Kuvera (latest month),77.13,Jul-Sep 2026,37.51,0.0159,Sanjeev Sharma; Haroonvardhan Sirohi,Moderate Risk,-0.0111573,0.0225308,0.0132184,0.0320604,0.0480705,,,0.0497587,NAV history,-0.00242258,-0.0100371,,0.0212276,-0.02481,,-0.797523,-1.08544,0.2,7.4,100,18.5,29,,2026-10-07
108753,INF194K01FA0,Bandhan   10 year Constant Maturity Gilt Fund,Bandhan Mutual Fund,Debt,Gilt 10Y Constant Duration,Income/Debt Oriented Schemes - 10-year Constant Maturity Gilt Fund,Regular,Growth,2002-02-21,AMFI scheme master,24.62,47.8511,2026-10-06,48.8299,2026-08-14,45.9834,2026-04-02,-0.0200451,292.67,AMFI AAUM Jul-Sep 2026,292.67,Jul-Sep 2026,88.24,0.0048,,,-0.0155249,0.0312715,0.0325689,0.0574049,0.0746732,0.0551662,0.0760163,0.0721953,NAV history,0.0109116,0.00814524,0.00124986,0.0277598,-0.029536,-0.0488854,0.34846,0.502465,0.871795,100,20,80,5,,2026-10-07
131297,INF740K012I0,DSP 10 year Constant Maturity Gilt Fund,DSP Mutual Fund,Debt,Gilt 10Y Constant Duration,Income/Debt Oriented Schemes - 10-year Constant Maturity Gilt Fund,Regular,Growth,2014-09-16,AMFI scheme master,12.06,22.2083,2026-10-06,22.665,2026-08-14,21.6527,2026-04-02,-0.02015,43.3,Kuvera (latest month),42.15,Jul-Sep 2026,20.62,0.005,Shantanu Godambe,Moderate Risk,-0.0183656,0.0197304,0.0108236,0.0417728,0.0611378,0.0466103,0.0572414,0.0685855,NAV history,-0.0108336,-0.00539014,-0.00730603,0.0280936,-0.0275137,-0.0526257,-0.137476,-0.192328,0.307692,20,60,40,5,,2026-10-07
131051,INF109KA1N46,ICICI Prudential 10 year Constant Maturity Gilt Fund,ICICI Prudential Mutual Fund,Debt,Gilt 10Y Constant Duration,Income/Debt Oriented Schemes - 10-year Constant Maturity Gilt Fund,Regular,Growth,2014-08-25,AMFI scheme master,12.12,25.7329,2026-10-06,26.2555,2026-08-14,24.8667,2026-04-02,-0.0199044,2012.4,Kuvera (latest month),1991.26,Jul-Sep 2026,580.45,0.0045,Manish Banthia; Raunak Surana,Moderate Risk,-0.015875,0.030565,0.0294478,0.0566302,0.0717326,0.0555552,0.0705422,0.0792525,NAV history,0.00779054,0.00520466,0.00163889,0.0269077,-0.0272995,-0.0474327,0.250212,0.357378,1,80,80,100,5,,2026-10-07
101002,INF200K01AN9,SBI 10 YEAR CONSTANT MATURITY GILT FUND,SBI Mutual Fund,Debt,Gilt 10Y Constant Duration,Income/Debt Oriented Schemes - 10-year Constant Maturity Gilt Fund,Regular,Growth,2000-12-11,AMFI scheme master,25.82,65.7322,2026-10-06,67.1042,2026-08-14,63.7801,2026-04-02,-0.0204458,1605.2,Kuvera (latest month),1621.24,Jul-Sep 2026,420.2,0.0063,Sudhir Agarwal,Moderately High Risk,-0.0162472,0.0243543,0.0216572,0.0483883,0.0665279,0.0526664,0.0708139,0.0778437,Since Apr-2006 (earlier NAV not in AMFI history),0,0,-0.00124986,0.0272973,-0.0270601,-0.0460154,0.0559743,0.0793523,0.794872,60,100,60,5,,2026-10-07
150409,INF789F1AVI6,UTI 10 year Constant Maturity Gilt Fund,UTI Mutual Fund,Debt,Gilt 10Y Constant Duration,Income/Debt Oriented Schemes - 10-year Constant Maturity Gilt Fund,Regular,Growth,2022-07-18,AMFI scheme master,4.22,12.9646,2026-10-06,13.2365,2026-08-14,12.585,2026-04-02,-0.0205417,111.9,Kuvera (latest month),112.21,Jul-Sep 2026,46.83,0.0077,Jaydeep Bhowal,Very High Risk,-0.0167458,0.0237447,0.0191975,0.046892,0.0646441,,,0.0624513,NAV history,-0.00245972,-0.00188387,,0.0274065,-0.0276823,,-0.0129866,-0.0184535,0.025641,40,40,20,5,,2026-10-07
125259,INF579M01506,360 ONE Liquid Fund,360 ONE Mutual Fund,Debt,Liquid,Income/Debt Oriented Schemes - Liquid Fund,Regular,Growth,2013-11-01,AMFI scheme master,12.93,2166.08,2026-10-06,2166.08,2026-10-06,2040.71,2025-10-07,0,628.6,Kuvera (latest month),727.99,Jul-Sep 2026,57.07,0.0035,Milan Mody,Low to Moderate Risk,0.0151711,0.0307554,0.0615771,0.0637107,0.0665976,0.0613115,0.0567137,0.0617519,NAV history,-0.00209385,-0.00155839,-0.00115251,0.00217585,-0.000135007,-0.00038299,0.650296,1.06117,0,20.9,9.1,11.1,51,,2026-10-07
154581,INF2XUU01021,ASK Liquid Fund,ASK MUTUAL FUND,Debt,Liquid,Income/Debt Oriented Schemes - Liquid Fund,Regular,Growth,2026-08-12,AMFI scheme master,0.15,1006.64,2026-10-06,1006.64,2026-10-06,1001.83,2026-09-02,0,103.5,AMFI AAUM Jul-Sep 2026,103.5,Jul-Sep 2026,4.26,0.0028,,,,,,,,,,0.0048019,"NAV history (absolute, <1Y)",,,,,,,,,,,,,51,,2026-10-07
154047,INF2JJD01078,Abakkus Liquid Fund,Abakkus Mutual Fund,Debt,Liquid,Income/Debt Oriented Schemes - Liquid Fund,Regular,Growth,2025-12-08,AMFI scheme master,0.83,104.805,2026-10-06,104.805,2026-10-06,100.07,2025-12-15,0,529.66,AMFI AAUM Jul-Sep 2026,529.66,Jul-Sep 2026,274.23,0.003,,,0.0147568,0.030147,,,,,,0.04732,"NAV history (absolute, <1Y)",,,,,,,,,,,,,51,,2026-10-07
100047,INF209K01RU9,Aditya Birla Sun Life Liquid Fund,Aditya Birla Sun Life Mutual Fund,Debt,Liquid,Income/Debt Oriented Schemes - Liquid Fund,Regular,Growth,1997-06-04,AMFI scheme master,29.34,454.667,2026-10-06,454.667,2026-10-06,427.301,2025-10-07,0,71051.5,AMFI AAUM Jul-Sep 2026,71051.5,Jul-Sep 2026,14094.2,0.0035,,,0.0154309,0.0323684,0.0642023,0.0660472,0.0686071,0.0631273,0.0606076,0.071102,Since Apr-2006 (earlier NAV not in AMFI history),0.000531307,0.00045113,0.000663346,0.00163545,-9.96301e-05,-0.000478723,2.20556,2.72949,0.983607,81.4,36.4,85.6,51,NAV history rebased (face value change),2026-10-07
112210,INF846K01412,Axis Liquid Fund,Axis Mutual Fund,Debt,Liquid,Income/Debt Oriented Schemes - Liquid Fund,Regular,Growth,2009-10-08,AMFI scheme master,17,3143.36,2026-10-06,3143.36,2026-10-06,2952.79,2025-10-07,0,56437.8,Kuvera (latest month),59483.4,Jul-Sep 2026,10411.5,0.0023,Devang Shah; Aditya Pagaria; Sachin Jain,Low to Moderate Risk,0.0155718,0.0326333,0.0646968,0.0665253,0.0690345,0.0634724,0.0608367,0.0697348,NAV history,0.00102579,0.000878546,0.00100845,0.00173225,-5.66659e-05,-0.000309464,2.32906,3.17421,1,90.7,75,95.6,51,,2026-10-07
108690,INF194K01VX9,BANDHAN LIQUID Fund,Bandhan Mutual Fund,Debt,Liquid,Debt Scheme - Liquid Fund,Regular,Growth,1900-01-01,AMFI scheme master,126.76,3403.98,2026-10-06,3403.98,2026-10-06,3202.28,2025-10-07,0,20197.7,Kuvera (latest month),19832.2,Jul-Sep 2026,2173.61,0.0023,Harshal Joshi; Brijesh Shah,Low to Moderate Risk,0.0150832,0.031705,0.0631468,0.065019,0.0677681,0.0624374,0.0594922,0.0691158,NAV history,-0.000524241,-0.000387826,-2.65546e-05,0.00165381,-7.54979e-05,-0.000279186,1.6738,2.09626,0.540984,46.5,63.6,57.8,51,NAV history rebased (face value change),2026-10-07
109254,INF761K01306,BANK OF INDIA LIQUID FUND,Bank of India Mutual Fund,Debt,Liquid,Debt Scheme - Liquid Fund,Regular,Growth,2008-07-09,AMFI scheme master,18.25,3251.27,2026-10-06,3251.27,2026-10-06,3054.15,2025-10-07,0,1824.7,Kuvera (latest month),1894.72,Jul-Sep 2026,349.88,0.0015,Mithraem Bharucha,Low to Moderate Risk,0.0157009,0.032668,0.0647107,0.0665734,0.0692914,0.0637145,0.0604615,0.0668138,NAV history,0.00103968,0.00113539,0.00125048,0.00237954,-0.000106957,-0.000245514,1.72659,3.31274,0.983607,48.8,20.5,85.6,51,,2026-10-07
111704,INF955L01484,BARODA BNP PARIBAS LIQUID FUND,Baroda BNP Paribas Mutual Fund,Debt,Liquid,Income/Debt Oriented Schemes - Liquid Fund,Regular,Growth,2002-02-14,AMFI scheme master,24.64,3241.25,2026-10-06,3241.25,2026-10-06,3048.11,2025-10-07,0,13193.8,Kuvera (latest month),12744,Jul-Sep 2026,1036.18,0.0016,Prashant Pimple; Vikram Pamnani,Low to Moderate Risk,0.0154169,0.0320226,0.0635153,0.0652511,0.0679197,0.0627709,0.0603429,0.0688072,NAV history,-0.00015565,-0.000236222,0.000306905,0.00197821,-4.41078e-05,-0.000343215,1.38374,2.16903,0.52459,32.6,84.1,55.6,51,NAV history rebased (face value change),2026-10-07
151837,INF0QA701094,Bajaj Finserv Liquid Fund,Bajaj Finserv Mutual Fund,Debt,Liquid,Debt Scheme - Liquid Fund,Regular,Growth,2023-06-29,AMFI scheme master,3.27,1237.75,2026-10-06,1237.75,2026-10-06,1164.64,2025-10-07,0,8588.5,Kuvera (latest month),7424.36,Jul-Sep 2026,489.03,0.0028,Nimesh Chandan; Siddharth Chaudhary; Chirag Shah,Low to Moderate Risk,0.0151817,0.0319801,0.0629324,0.0648786,0.0676889,,,0.0676597,NAV history,-0.000738566,-0.000467076,,0.00177467,-7.50808e-05,,1.51515,2.07396,0.0357143,37.2,65.9,22.2,51,,2026-10-07
109353,INF760K01CW9,Canara Robeco Liquid Fund,Canara Robeco Mutual Fund,Debt,Liquid,Income/Debt Oriented Schemes - Liquid Fund,Regular,Growth,2002-01-09,AMFI scheme master,24.74,3395.02,2026-10-06,3395.02,2026-10-06,3191.9,2025-10-07,0,6783.2,Kuvera (latest month),7117.69,Jul-Sep 2026,1167.74,0.0017,Bhupesh Kalyani; Avnish Jain,Low to Moderate Risk,0.0153517,0.0321226,0.0637954,0.0659498,0.0686484,0.0631205,0.0594206,0.0690956,NAV history,0.000124422,0.000492446,0.000656527,0.0024216,-0.000105539,-0.000211014,1.43325,2.77478,0.868852,34.9,29.5,71.1,51,NAV history rebased (face value change),2026-10-07
154010,INF226401042,Capitalmind Liquid Fund,Capitalmind Mutual Fund,Debt,Liquid,Debt Scheme - Liquid Fund,Regular,Growth,2025-11-18,AMFI scheme master,0.88,1055.57,2026-10-06,1055.57,2026-10-06,1001.94,2025-12-01,0,109.45,AMFI AAUM Jul-Sep 2026,109.45,Jul-Sep 2026,6.92,0.0031,,,0.0151859,0.0313462,,,,,,0.0535281,"NAV history (absolute, <1Y)",,,,,,,,,,,,,51,,2026-10-07
103347,INF740K01FK9,DSP Liquid Fund,DSP Mutual Fund,Debt,Liquid,Income/Debt Oriented Schemes - Liquid Fund,Regular,Growth,2005-11-23,AMFI scheme master,20.87,4028.94,2026-10-06,4028.94,2026-10-06,3785.71,2025-10-07,0,27920.2,Kuvera (latest month),26731.7,Jul-Sep 2026,5312.13,0.0021,Karan Mundhra; Shalini Vasanta; Kunal Khudania,Low to Moderate Risk,0.0154674,0.0323594,0.0644005,0.0661637,0.0687153,0.0630378,0.0601644,0.0691407,Since Apr-2006 (earlier NAV not in AMFI history),0.000729504,0.000559328,0.000573785,0.00162038,-7.48771e-05,-0.000333736,2.29286,2.8666,1,88.4,68.2,95.6,51,,2026-10-07
140182,INF754K01GZ6,Edelweiss Liquid Fund,Edelweiss Mutual Fund,Debt,Liquid,Debt Scheme - Liquid Fund,Regular,Growth,2007-09-18,AMFI scheme master,19.05,3609.86,2026-10-06,3609.86,2026-10-06,3391.51,2025-10-07,0,13272.2,Kuvera (latest month),13845.5,Jul-Sep 2026,1777.89,0.0017,Rahul Dedhia; Hetul Raval,Low to Moderate Risk,0.0155774,0.0326937,0.0645491,0.0663078,0.0686523,0.0624138,,0.0597602,NAV history,0.000878094,0.000496358,-5.01978e-05,0.00145133,-9.02397e-05,-0.000636066,2.51653,2.73437,0.409836,97.7,40.9,47.8,51,NAV history rebased (face value change),2026-10-07
100538,INF090I01BB1,Franklin India Liquid Fund - Regular Plan - Growth,Franklin Templeton Mutual Fund,Debt,Liquid,Debt Scheme - Liquid Fund,Regular,Growth,1998-04-29,AMFI scheme master,28.44,6338.83,2026-10-06,6338.83,2026-10-06,5994.76,2025-10-07,0,6082.1,Kuvera (latest month),6056.75,Jul-Sep 2026,15.92,0.002,Pallab Roy; Rohan Maru,Low to Moderate Risk,0.0139196,0.0294992,0.0575464,0.0595836,0.0620017,0.0562551,0.0539614,0.0649461,Since Apr-2006 (earlier NAV not in AMFI history),-0.00612462,-0.00615429,-0.00620884,0.00156135,-0.000122768,-0.000426857,-1.92033,-2.01622,0,2.3,11.4,11.1,51,,2026-10-07
100546,INF090I01BG0,Franklin India Liquid Fund - Super Institutional Plan - Growth,Franklin Templeton Mutual Fund,Debt,Liquid,Debt Scheme - Liquid Fund,Regular,Growth,1998-04-29,AMFI scheme master,28.44,4250.05,2026-10-06,4250.05,2026-10-06,3992.67,2025-10-07,0,6082.1,Kuvera (latest month),6056.75,Jul-Sep 2026,1038.32,0.002,Pallab Roy; Rohan Maru,Low to Moderate Risk,0.015626,0.032958,0.0646357,0.0666638,0.0690975,0.0632796,0.0610239,0.071401,Since Apr-2006 (earlier NAV not in AMFI history),0.000964701,0.000941522,0.000815594,0.00163192,-0.000104538,-0.000390808,2.51084,3.27237,0.95082,95.3,31.8,77.8,51,,2026-10-07
139891,INF090I01LQ8,Franklin India Liquid Fund - Unclaimed Redemption Investor Education Plan - Growth,Franklin Templeton Mutual Fund,Debt,Liquid,Debt Scheme - Liquid Fund,Regular,Growth,1998-04-29,AMFI scheme master,28.44,10,2026-10-06,10,2025-10-07,10,2025-10-07,0,6082.1,Kuvera (latest month),6056.75,Jul-Sep 2026,26.37,0.002,Pallab Roy; Rohan Maru,Low to Moderate Risk,0,0,0,0,0,0,,0,NAV history,-0.063671,-0.068156,-0.062464,0,0,0,,-16.3199,0,,98.9,11.1,51,,2026-10-07
139889,INF090I01LO3,Franklin India Liquid Fund - Unclaimed Redemption Plan - Growth,Franklin Templeton Mutual Fund,Debt,Liquid,Debt Scheme - Liquid Fund,Regular,Growth,1998-04-29,AMFI scheme master,28.44,18.0969,2026-10-06,18.0969,2026-10-06,16.9915,2025-10-07,0,6082.1,Kuvera (latest month),6056.75,Jul-Sep 2026,0,0.002,Pallab Roy; Rohan Maru,Low to Moderate Risk,0.0157838,0.0332701,0.0652316,0.0672835,0.0697143,0.0639418,0.0605366,0.0606059,NAV history,0.0015606,0.00155834,0.00147778,0.00185918,-0.000103187,-0.000391161,2.53569,3.83273,1,100,34.1,95.6,51,,2026-10-07
115991,INF666M01014,Groww Liquid Fund,Groww Mutual Fund,Debt,Liquid,Income/Debt Oriented Schemes - Liquid Fund,Regular,Growth,2011-10-24,AMFI scheme master,14.95,2728.08,2026-10-06,2728.08,2026-10-06,2564.4,2025-10-07,0,381.3,Kuvera (latest month),364.82,Jul-Sep 2026,55.64,0.0021,Kaustubh Sule; Wilfred Gonsalves,Low to Moderate Risk,0.0154545,0.0321389,0.0639908,0.0660738,0.068626,0.0619511,0.0594244,0.0694139,NAV history,0.000319796,0.000470033,-0.000512892,0.00179801,-0.000195665,-0.000416443,2.01667,2.79417,0.491803,69.8,4.5,53.3,51,,2026-10-07
100868,INF179KB1HK0,HDFC Liquid Fund,HDFC Mutual Fund,Debt,Liquid,Debt Scheme - Liquid Fund,Regular,Growth,2000-10-17,AMFI scheme master,25.97,5533.66,2026-10-06,5533.66,2026-10-06,5202.34,2025-10-07,0,71323.3,Kuvera (latest month),73649.8,Jul-Sep 2026,17227.7,0.003,Swapnil Jangam; Dhruv Muchhal; Rohan Pillai,Low to Moderate Risk,0.0153665,0.0319256,0.0638418,0.0656924,0.0683061,0.0626548,0.0596302,0.0697056,Since Apr-2006 (earlier NAV not in AMFI history),0.000170803,0.000150096,0.0001908,0.00163965,-0.00011555,-0.000417191,2.01633,2.50299,0.704918,67.4,13.6,68.9,51,NAV history rebased (face value change),2026-10-07
118907,INF336L01BL1,HSBC Liquid Fund - Growth,HSBC Mutual Fund,Debt,Liquid,Income/Debt Oriented Schemes - Liquid Fund,Regular,Growth,2002-11-14,AMFI scheme master,23.9,4057.15,2026-10-06,4057.15,2026-10-06,3814.59,2025-10-07,0,23171.3,AMFI AAUM Jul-Sep 2026,23171.3,Jul-Sep 2026,2.68,0.0022,,,0.015358,0.0321115,0.0637586,0.065787,0.0684325,0.0610925,0.0549083,0.0608807,NAV history,8.75961e-05,0.000276536,-0.00137151,0.00170466,-0.000106709,-0.000284287,2.01361,2.61138,0.606557,65.1,25,64.4,51,,2026-10-07
118902,INF336L01BN7,HSBC Liquid Fund - Regular Growth,HSBC Mutual Fund,Debt,Liquid,Income/Debt Oriented Schemes - Liquid Fund,Regular,Growth,2002-11-14,AMFI scheme master,23.9,2811.99,2026-10-06,2811.99,2026-10-06,2643.87,2025-10-07,0,23171.3,AMFI AAUM Jul-Sep 2026,23171.3,Jul-Sep 2026,2411.01,0.0022,,,0.0153579,0.0321114,0.0637585,0.0657869,0.0684324,0.0629585,0.0602314,0.0674324,NAV history,8.75122e-05,0.000276456,0.000494564,0.00170466,-0.000106707,-0.000240659,2.01356,2.6113,0.967213,62.8,27.3,80,51,,2026-10-07
103340,INF109K01VQ1,ICICI Prudential Liquid Fund -,ICICI Prudential Mutual Fund,Debt,Liquid,Debt Scheme - Liquid Fund,Regular,Growth,1999-01-01,AMFI scheme master,27.76,417.417,2026-10-06,417.417,2026-10-06,392.53,2025-10-07,0,62798.3,Kuvera (latest month),65415.3,Jul-Sep 2026,13046.9,,Nikhil Kabra; Darshil Dedhia,Low to Moderate Risk,0.0153058,0.0320662,0.0635592,0.0655631,0.0683274,0.0626649,0.0602004,0.0709635,Since Apr-2006 (earlier NAV not in AMFI history),-0.000111765,0.000171466,0.00020091,0.00159826,-6.61557e-05,-0.000442475,2.08191,2.59014,0.557377,76.7,72.7,60,51,NAV history rebased (face value change),2026-10-07
147153,INF00XX01192,ITI Liquid Fund,ITI Mutual Fund,Debt,Liquid,Debt Scheme - Liquid Fund,Regular,Growth,2019-04-24,AMFI scheme master,7.46,1464.22,2026-10-06,1464.22,2026-10-06,1381.43,2025-10-07,0,52,Kuvera (latest month),51.67,Jul-Sep 2026,28.1,0.0024,Laukik Bagwe,Low to Moderate Risk,0.0142336,0.0299573,0.060107,0.0632269,0.0652977,0.0599471,,0.0524873,NAV history,-0.00356398,-0.00285828,-0.00251689,0.00177866,-0.000110266,-0.000110266,0.167365,0.224279,0,16.3,18.2,11.1,51,,2026-10-07
104486,INF205K01HM5,Invesco India Liquid Fund - Growth,Invesco Mutual Fund,Debt,Liquid,Income/Debt Oriented Schemes - Liquid Fund,Regular,Growth,2006-11-13,AMFI scheme master,19.9,3878.42,2026-10-06,3878.42,2026-10-06,3644.71,2025-10-07,0,20748.1,Kuvera (latest month),22131.5,Jul-Sep 2026,2556.43,0.0022,Krishna Cheemalapati; Kunal Jain,Low to Moderate Risk,0.0155494,0.0324886,0.0642845,0.0660943,0.0687016,0.0630371,0.0601596,0.0705045,NAV history,0.000613519,0.000545676,0.000573095,0.00167197,-8.02842e-05,-0.000255981,2.21394,2.89019,1,83.7,54.5,95.6,51,NAV history rebased (face value change),2026-10-07
104488,INF205K01HG7,Invesco India Liquid Fund - Regular - Growth,Invesco Mutual Fund,Debt,Liquid,Income/Debt Oriented Schemes - Liquid Fund,Regular,Growth,2006-11-13,AMFI scheme master,19.9,3412.86,2026-10-06,3412.86,2026-10-06,3222.86,2025-10-07,0,20748.1,Kuvera (latest month),22131.5,Jul-Sep 2026,1.79,0.0022,Krishna Cheemalapati; Kunal Jain,Low to Moderate Risk,0.0143986,0.0301629,0.0590989,0.0606803,0.063198,0.0575075,0.0544826,0.0636435,NAV history,-0.00457205,-0.00495793,-0.00495649,0.00161166,-9.48005e-05,-0.000284999,-1.11808,-1.23177,0,4.7,38.6,11.1,51,NAV history rebased (face value change),2026-10-07
100247,INF192K01981,JM Liquid Fund (Regular) - Super Institutional Plan - Growth Option,JM Financial Mutual Fund,Debt,Liquid,Income/Debt Oriented Schemes - Liquid Fund,Regular,Growth,1997-12-23,AMFI scheme master,28.79,44.1997,2026-10-06,44.1997,2026-10-06,41.5865,2025-10-07,0,1742.6,Kuvera (latest month),2065.7,Jul-Sep 2026,0,0.0026,Killol Pandya; Ruchi Fozdar; Jayant Dhoot,Low to Moderate Risk,0.0152915,0.0319534,0.0629936,0.0649751,0.0675892,0.0623005,0.0599179,0.0700514,Since Apr-2006 (earlier NAV not in AMFI history),-0.000677375,-0.000566778,-0.00016347,0.00159577,-4.36421e-05,-0.000210025,1.62253,1.9449,0.344262,44.2,86.4,38.9,51,,2026-10-07
100234,INF192K01882,JM Liquid Fund - Growth Option,JM Financial Mutual Fund,Debt,Liquid,Income/Debt Oriented Schemes - Liquid Fund,Regular,Growth,1997-12-23,AMFI scheme master,28.79,76.8717,2026-10-06,76.8717,2026-10-06,72.3362,2025-10-07,0,1742.6,Kuvera (latest month),2065.7,Jul-Sep 2026,153.74,0.0026,Killol Pandya; Ruchi Fozdar; Jayant Dhoot,Low to Moderate Risk,0.0152797,0.0318834,0.0628575,0.0648582,0.0675045,0.0623159,0.0599256,0.0698203,Since Apr-2006 (earlier NAV not in AMFI history),-0.000813499,-0.000651426,-0.000148129,0.001595,-4.49033e-05,-0.000208728,1.57025,1.87737,0.377049,41.9,81.8,44.4,51,,2026-10-07
154645,INF22M001267,JioBlackRock Liquid Fund,Jio BlackRock Mutual Fund,Debt,Liquid,Income/Debt Oriented Schemes - Liquid Fund,Regular,Growth,2025-06-30,AMFI scheme master,1.27,1007.91,2026-10-06,1007.91,2026-10-06,1000.14,2026-08-21,0,11524,AMFI AAUM Jul-Sep 2026,11524,Jul-Sep 2026,8.72,0.0023,,,,,,,,,,0.00776693,"NAV history (absolute, <1Y)",,,,,,,,,,,,,51,,2026-10-07
100835,INF174K01NI9,Kotak Liquid Fund,Kotak Mahindra Mutual Fund,Debt,Liquid,Income/Debt Oriented Schemes - Liquid Fund,Regular,Growth,2000-10-04,AMFI scheme master,26.01,5699.11,2026-10-06,5699.11,2026-10-06,5359.81,2025-10-07,0,49073,Kuvera (latest month),49988.5,Jul-Sep 2026,6944.55,0.003311,Deepak Agrawal; Sunil Pandey,Moderate Risk,0.0152356,0.0320192,0.063465,0.065555,0.0681288,0.0624905,0.0598126,0.0703684,Since Apr-2006 (earlier NAV not in AMFI history),-0.000206017,-2.72031e-05,2.65546e-05,0.00171135,-8.26285e-05,-0.000348656,1.82824,2.38958,0.262295,53.5,52.3,33.3,51,NAV history rebased (face value change),2026-10-07
101185,INF767K01IS9,LIC MF Liquid Fund,LIC Mutual Fund,Debt,Liquid,Debt Scheme - Liquid Fund,Regular,Growth,2002-03-11,AMFI scheme master,24.57,5098.3,2026-10-06,5098.3,2026-10-06,4792.85,2025-10-07,0,17484,Kuvera (latest month),16176.9,Jul-Sep 2026,1462.28,0.002,Rahul Singh; Aakash Dhulia,Low to Moderate Risk,0.0153442,0.0320638,0.0638932,0.0654512,0.0683454,0.0625345,0.0599859,0.0702371,Since Apr-2006 (earlier NAV not in AMFI history),0.00022223,0.000189439,7.05156e-05,0.0015823,-8.73211e-05,-0.000333346,2.11426,2.53463,0.409836,79.1,45.5,47.8,51,NAV history rebased (face value change),2026-10-07
139537,INF174V01010,Mahindra Manulife Liquid Fund,Mahindra Manulife Mutual Fund,Debt,Liquid,Income/Debt Oriented Schemes - Liquid Fund,Regular,Growth,2016-07-04,AMFI scheme master,10.26,1835.78,2026-10-06,1835.78,2026-10-06,1725.54,2025-10-07,0,1392.2,Kuvera (latest month),1391.53,Jul-Sep 2026,152.37,0.0026,Rahul Pal; Amit Garg,Moderate Risk,0.0156653,0.0322925,0.0640451,0.0658911,0.0685869,0.0631321,0.060691,0.0610033,NAV history,0.000374102,0.000430947,0.000668161,0.00252564,-0.000113463,-0.000274415,1.34969,2.7974,0.983607,30.2,15.9,85.6,51,,2026-10-07
111646,INF769K01788,Mirae Asset Liquid Fund,Mirae Asset Mutual Fund,Debt,Liquid,Income/Debt Oriented Schemes - Liquid Fund,Regular,Growth,2009-01-05,AMFI scheme master,17.75,2955.76,2026-10-06,2955.76,2026-10-06,2780.48,2025-10-07,0,17358.7,Kuvera (latest month),16251.8,Jul-Sep 2026,2319.41,0.002,Pranavi Kulkarni,Low to Moderate Risk,0.015413,0.0317344,0.0632024,0.0654181,0.0681832,0.0627792,0.0601046,0.0630005,NAV history,-0.000468585,2.72031e-05,0.000315204,0.00156898,-0.000203552,-0.000203552,2.02882,2.39601,0.885246,72.1,2.3,73.3,51,,2026-10-07
112636,INF959L01GL9,Navi Liquid Fund,Navi Mutual Fund,Debt,Liquid,Debt Scheme - Liquid Fund,Regular,Growth,2010-02-17,AMFI scheme master,16.64,30.4485,2026-10-06,30.4485,2026-10-06,28.8088,2025-10-07,0,78.02,AMFI AAUM Jul-Sep 2026,78.02,Jul-Sep 2026,10.9,0.0032,,,0.0135446,0.0281445,0.0570707,0.0604767,0.0634058,0.0603482,0.0583386,0.0692101,NAV history,-0.00660025,-0.00475018,-0.00211577,0.00150075,-3.9483e-05,-0.000255163,-1.06228,-1.17427,0.295082,7,88.6,35.6,51,NAV history rebased (face value change),2026-10-07
100837,INF204K01UL3,Nippon India Liquid Fund - Retail Option - Growth Plan,Nippon India Mutual Fund,Debt,Liquid,Debt Scheme - Liquid Fund,Regular,Growth,1998-03-16,AMFI scheme master,28.56,6098.53,2026-10-06,6098.53,2026-10-06,5720.85,2025-10-07,0,43124.9,Kuvera (latest month),44216.1,Jul-Sep 2026,11.66,0.0038,Kinjal Desai; Vikash Agarwal; Amber Singhania,Moderate Risk,0.0152067,0.032273,0.0661558,0.0636538,0.0649506,0.0580872,0.0540584,0.0644011,Since Apr-2006 (earlier NAV not in AMFI history),0.0024848,-0.00320537,-0.00437674,0.00241957,-5.59133e-05,-0.000578831,-0.0204192,-0.0335177,0.114754,14,77.3,26.7,51,NAV history rebased (face value change),2026-10-07
100851,INF204K01UN9,Nippon India Liquid Fund -Growth Plan,Nippon India Mutual Fund,Debt,Liquid,Debt Scheme - Liquid Fund,Regular,Growth,1998-03-16,AMFI scheme master,28.56,6883.83,2026-10-06,6883.83,2026-10-06,6471.29,2025-10-07,0,43124.9,Kuvera (latest month),44216.1,Jul-Sep 2026,8182.15,0.0038,Kinjal Desai; Vikash Agarwal; Amber Singhania,Moderate Risk,0.0153809,0.0322346,0.0639027,0.065766,0.0683289,0.0626849,0.0603782,0.0703633,Since Apr-2006 (earlier NAV not in AMFI history),0.000231699,0.00017289,0.000220901,0.00171727,-5.34078e-05,-0.000544609,1.93846,2.56225,0.688525,60.5,79.5,66.7,51,NAV history rebased (face value change),2026-10-07
138288,INF223J01BP6,PGIM India Liquid Fund,PGIM India Mutual Fund,Debt,Liquid,Debt Scheme - Liquid Fund,Regular,Growth,2003-01-14,AMFI scheme master,23.73,367.273,2026-10-06,367.273,2026-10-06,345.243,2025-10-07,0,1030.9,Kuvera (latest month),1189.85,Jul-Sep 2026,107.08,0.0022,Puneet Pal; Akhil Dhar,Low to Moderate Risk,0.0153065,0.0322329,0.063996,0.0660614,0.0684548,0.062895,0.060495,0.0615475,NAV history,0.000324986,0.000298833,0.000431036,0.00144961,-3.69783e-05,-0.000348011,2.38326,2.5937,0.901639,93,90.9,75.6,51,,2026-10-07
143260,INF879O01035,Parag Parikh Liquid Fund,PPFAS Mutual Fund,Debt,Liquid,Debt Scheme - Liquid Fund,Regular,Growth,2018-05-09,AMFI scheme master,8.41,1563.58,2026-10-06,1563.58,2026-10-06,1470.59,2025-10-07,0,6721.8,Kuvera (latest month),6724.8,Jul-Sep 2026,741.38,0.0021,Tejas Soman; Mansi Kariya; Aishwarya Dhar,Low to Moderate Risk,0.01534,0.0320158,0.0633831,0.0640386,0.0659482,0.0600771,,0.0545753,NAV history,-0.000287898,-0.00220774,-0.00238691,0.00162984,-0.000135851,-0.000420814,0.470409,0.586308,0,18.6,6.8,11.1,51,,2026-10-07
103225,INF966L01317,Quant Liquid Fund,quant Mutual Fund,Debt,Liquid,Debt Scheme - Liquid Fund,Regular,Growth,2005-09-27,AMFI scheme master,21.03,44.3235,2026-10-06,44.3235,2026-10-06,41.9104,2025-10-07,0,1425.8,Kuvera (latest month),1486.93,Jul-Sep 2026,467.63,0.0059,Sanjeev Sharma; Haroonvardhan Sirohi,Low to Moderate Risk,0.0141239,0.0283326,0.0577164,0.0618098,0.0646555,0.0603165,0.0607175,0.0739145,Since Apr-2006 (earlier NAV not in AMFI history),-0.0059546,-0.00350047,-0.00214752,0.00195171,-2.5394e-05,-0.000428785,-0.266584,-0.39161,0.229508,11.6,93.2,31.1,51,,2026-10-07
141066,INF082J01309,Quantum Liquid Fund,Quantum Mutual Fund,Debt,Liquid,Debt Scheme - Liquid Fund,Regular,Growth,2006-04-03,AMFI scheme master,20.51,37.5557,2026-10-06,37.5557,2026-10-06,35.5003,2025-10-07,0,556.2,Kuvera (latest month),545.69,Jul-Sep 2026,29.61,0.0026,Mayur Chauhan; Sneha Pandey,Low Risk,0.0144103,0.0289966,0.058065,0.0607896,0.0640807,0.0593501,,0.0552318,NAV history,-0.00560599,-0.00407524,-0.00311393,0.00197868,0,-0.000418282,-0.55542,-0.844896,0,9.3,98.9,11.1,51,,2026-10-07
105274,INF200K01LU1,SBI Liquid Fund - Institutional - Growth,SBI Mutual Fund,Debt,Liquid,Debt Scheme - Liquid Fund,Regular,Growth,2007-03-22,AMFI scheme master,19.55,4448.93,2026-10-06,4448.93,2026-10-06,4183.2,2025-10-07,0,92191.6,Kuvera (latest month),92628.6,Jul-Sep 2026,0.02,0.0032,Rajeev Radhakrishnan,Low to Moderate Risk,0.0152428,0.0320809,0.0636699,0.0652744,0.067872,0.0624073,0.0597243,0.0692364,NAV history,-1.07272e-06,-0.000283927,-5.6716e-05,0.00148494,-7.69739e-05,-0.000411464,1.93411,2.14324,0.344262,55.8,59.1,38.9,51,NAV history rebased (face value change),2026-10-07
105280,INF200K01MA1,SBI Liquid Fund - REGULAR PLAN -Growth,SBI Mutual Fund,Debt,Liquid,Debt Scheme - Liquid Fund,Regular,Growth,2007-03-22,AMFI scheme master,19.55,4407.26,2026-10-06,4407.26,2026-10-06,4144.01,2025-10-07,0,92191.6,Kuvera (latest month),92628.6,Jul-Sep 2026,13343.6,0.0032,Rajeev Radhakrishnan,Low to Moderate Risk,0.0152442,0.0320876,0.0636721,0.0652765,0.0678729,0.0624065,0.059718,0.0687175,NAV history,1.07272e-06,-0.000283066,-5.74891e-05,0.001485,-7.69732e-05,-0.000411469,1.93462,2.14389,0.360656,58.1,61.4,42.2,51,NAV history rebased (face value change),2026-10-07
153036,INF680P01448,Shriram Liquid Fund,Shriram Mutual Fund,Debt,Liquid,Income/Debt Oriented Schemes - Liquid Fund,Regular,Growth,2024-11-04,AMFI scheme master,1.92,1122.89,2026-10-06,1122.89,2026-10-06,1057.59,2025-10-07,0,496.8,Kuvera (latest month),371.38,Jul-Sep 2026,147.76,0.0029,Amit Modani; Sudip More,Low to Moderate Risk,0.0149169,0.0312988,0.061901,,,,,0.0625758,NAV history,-0.00176998,,,,,,,,0,,,11.1,51,,2026-10-07
149661,INF173K01DA9,Sundaram Liquid Fund (Formerly Known as Principal Cash Management Fund),Sundaram Mutual Fund,Debt,Liquid,Debt Scheme - Liquid Fund,Regular,Growth,2000-10-03,AMFI scheme master,26.01,2486.3,2026-10-06,2486.3,2026-10-06,2338.28,2025-10-07,0,9094.4,Kuvera (latest month),8648.28,Jul-Sep 2026,736.92,0.0036,Kumaresh Ramakrishnan; Sandeep Agarwal; Ronak Shah,Moderate Risk,0.0158648,0.03244,0.0634602,0.0652419,0.0679273,,,0.0640372,NAV history,-0.00021084,-0.000228633,,0.00166713,-0.000106823,,1.75591,2.18684,0.434783,51.2,22.7,51.1,51,,2026-10-07
148833,INF0GCD01198,TRUSTMF Liquid Fund,Trust Mutual Fund,Debt,Liquid,Debt Scheme - Liquid Fund,Regular,Growth,2021-04-08,AMFI scheme master,5.5,1368.97,2026-10-06,1368.97,2026-10-06,1288.37,2025-10-07,0,1202.7,Kuvera (latest month),1153.22,Jul-Sep 2026,102.03,0.0025,Jalpan Shah; Shradhanjali Panda,Low to Moderate Risk,0.0152692,0.0317431,0.0627183,0.0645839,0.0671822,0.0618184,,0.0592791,NAV history,-0.000952681,-0.000973775,-0.000645613,0.00168185,-6.6965e-05,-0.000150903,1.29749,1.64531,0.0363636,27.9,70.5,24.4,51,,2026-10-07
102672,INF277K01YD8,Tata Liquid Fund,Tata Mutual Fund,Debt,Liquid,Debt Scheme - Liquid Fund,Regular,Growth,2006-04-03,Before Apr-2006 (AMFI history starts 03-Apr-2006),20.51,4441.91,2026-10-06,4441.91,2026-10-06,4176.51,2025-10-07,0,32369.9,Kuvera (latest month),31952.4,Jul-Sep 2026,4245.04,0.0033,Harsh Dave; Dhawal Joshi,Low to Moderate Risk,0.0152592,0.0320959,0.0636962,0.0658387,0.068358,0.0626579,0.0602813,0.070848,Since Apr-2006 (earlier NAV not in AMFI history),2.51814e-05,0.000202049,0.000193879,0.00163068,-7.88951e-05,-0.000506465,2.05927,2.62664,0.590164,74.4,56.8,62.2,51,NAV history rebased (face value change),2026-10-07
153888,INF2F0001149,The Wealth Company Liquid Fund,The Wealth Company Mutual Fund,Debt,Liquid,Debt Scheme - Liquid Fund,Regular,Growth,2025-09-24,AMFI scheme master,1.03,1063.32,2026-10-06,1063.32,2026-10-06,1001.04,2025-10-16,0,790.87,AMFI AAUM Jul-Sep 2026,790.87,Jul-Sep 2026,61.68,0.0027,,,0.0152961,0.0318647,,,,,,0.0622182,"NAV history (absolute, <1Y)",,,,,,,,,,,,,51,,2026-10-07
153571,INF1MIY01064,UNIFI LIQUID FUND,Unifi Mutual Fund,Debt,Liquid,Debt Scheme - Liquid Fund,Regular,Growth,2025-06-04,AMFI scheme master,1.34,1078.05,2026-10-06,1078.05,2026-10-06,1019.47,2025-10-07,0,54.77,AMFI AAUM Jul-Sep 2026,54.77,Jul-Sep 2026,6.52,0.0015,,,0.0130736,0.0269733,0.0576407,,,,,0.0581407,NAV history,-0.00603029,,,,,,,,,,,,51,,2026-10-07
102009,INF789F1AF44,UTI Liquid Fund - Discontinued - Regular Plan -Growth,UTI Mutual Fund,Debt,Liquid,Income/Debt Oriented Schemes - Liquid Fund,Regular,Growth,2003-06-23,AMFI scheme master,23.29,420.042,2026-10-06,420.042,2026-10-06,394.843,2025-10-07,0,30164.5,AMFI AAUM Jul-Sep 2026,30164.5,Jul-Sep 2026,1.17,0.0025,,,0.0154416,0.0320262,0.0639795,0.0657792,0.0665888,0.059619,0.0556752,0.0653335,Since Apr-2006 (earlier NAV not in AMFI history),0.000308529,-0.00156713,-0.00284495,0.00152589,-8.53637e-05,-0.000355481,1.04126,1.17411,0.213115,23.3,47.7,28.9,51,NAV history rebased (face value change),2026-10-07
102012,INF789F1AF85,UTI Liquid Fund - Regular Plan - Growth Option,UTI Mutual Fund,Debt,Liquid,Income/Debt Oriented Schemes - Liquid Fund,Regular,Growth,2003-06-23,AMFI scheme master,23.29,462.887,2026-10-06,462.887,2026-10-06,435.118,2025-10-07,0,30164.5,AMFI AAUM Jul-Sep 2026,30164.5,Jul-Sep 2026,3366.57,0.0025,,,0.0154415,0.0320261,0.0639794,0.0659657,0.0685033,0.0630338,0.0604444,0.0702349,Since Apr-2006 (earlier NAV not in AMFI history),0.000308385,0.000347299,0.00056977,0.00156288,-8.53453e-05,-0.000326137,2.24155,2.69044,1,86,50,95.6,51,NAV history rebased (face value change),2026-10-07
115398,INF582M01013,Union Liquid Fund,Union Mutual Fund,Debt,Liquid,Debt Scheme - Liquid Fund,Regular,Growth,2011-06-14,AMFI scheme master,15.32,2714.42,2026-10-06,2714.42,2026-10-06,2551.56,2025-10-07,0,7577.8,Kuvera (latest month),7522.5,Jul-Sep 2026,702.69,0.0017,Parijat Agrawal; Devesh Thacker,Low to Moderate Risk,0.0154086,0.0322506,0.0639906,0.0659489,0.0686033,0.0630759,0.0562849,0.0673336,NAV history,0.000319553,0.000447379,0.000611925,0.00224722,-8.7903e-05,-0.00029555,1.52129,2.66807,0.983607,39.5,43.2,85.6,51,NAV history rebased (face value change),2026-10-07
145968,INF03VN01126,WhiteOak Capital Liquid Fund,WhiteOak Capital Mutual Fund,Debt,Liquid,Income/Debt Oriented Schemes - Liquid Fund,Regular,Growth,2019-01-02,AMFI scheme master,7.76,1515.41,2026-10-06,1515.41,2026-10-06,1425.83,2025-10-07,0,742.5,Kuvera (latest month),711.85,Jul-Sep 2026,358.46,0.0023,Piyush Baranwal,Low to Moderate Risk,0.0154867,0.0317802,0.0629724,0.0648497,0.0674467,0.061118,,0.0552868,NAV history,-0.000698611,-0.000709268,-0.00134598,0.00219614,-1.61493e-05,-0.000505969,1.11409,1.92786,0,25.6,95.5,11.1,51,,2026-10-07
150482,INF209KB14J9,Aditya Birla Sun Life Long Term Fund,Aditya Birla Sun Life Mutual Fund,Debt,Long Duration,Income/Debt Oriented Schemes - Long Term Fund,Regular,Growth,2022-07-22,AMFI scheme master,4.21,12.9822,2026-10-06,13.2736,2026-08-14,12.5269,2026-04-02,-0.0219534,98.8,Kuvera (latest month),101.86,Jul-Sep 2026,66.08,0.0098,Bhupesh Bameta; Harshil Suvarnkar,Moderate Risk,-0.0180473,0.0307342,0.0129049,0.034165,0.0609452,,,0.0642596,NAV history,0.00881318,0.00100089,,0.0303338,-0.0376729,,-0.133674,-0.186318,0.6,71.4,100,61.1,11,,2026-10-07
151178,INF846K015L0,Axis Long Term Fund,Axis Mutual Fund,Debt,Long Duration,Income/Debt Oriented Schemes - Long Term Fund,Regular,Growth,2022-12-07,AMFI scheme master,3.83,1234.17,2026-10-06,1266.36,2026-08-14,1181.48,2026-04-02,-0.0254231,167.6,Kuvera (latest month),171.16,Jul-Sep 2026,57.75,0.0078,Devang Shah; Hardik Shah,Moderate Risk,-0.0236471,0.0365735,0.00295881,0.0202228,0.0567526,,,0.0568873,NAV history,-0.00113294,-0.00319163,,0.0414659,-0.0595197,,-0.198895,-0.270181,0.485714,28.6,42.9,33.3,11,,2026-10-07
152518,INF194KB1HV8,BANDHAN LONG TERM FUND,Bandhan Mutual Fund,Debt,Long Duration,Income/Debt Oriented Schemes - Long Term Fund,Regular,Growth,2024-03-05,AMFI scheme master,2.59,11.2381,2026-10-06,11.4924,2026-08-14,10.7436,2026-04-02,-0.0221277,49.1,Kuvera (latest month),51.31,Jul-Sep 2026,30.48,0.007,Gautam Kaul; Brijesh Shah,Moderate Risk,-0.0205851,0.0381233,0.015121,0.0294553,,,,0.04543,NAV history,0.0110292,,,,,,,,0.75,,,88.9,11,,2026-10-07
153104,INF090I01XV3,Franklin India Long Term Fund,Franklin Templeton Mutual Fund,Debt,Long Duration,Income/Debt Oriented Schemes - Long Term Fund,Regular,Growth,2024-11-20,AMFI scheme master,1.88,10.7355,2026-10-06,10.921,2026-08-14,10.3456,2026-04-02,-0.0169856,47.6,Kuvera (latest month),45.98,Jul-Sep 2026,20.33,0.0081,Anuj Tagra; Chandni Gupta,Moderately High Risk,-0.010708,0.0332134,0.0216502,,,,,0.0398114,NAV history,0.0175584,,,,,,,,,,,,11,,2026-10-07
151314,INF179KC1EW1,HDFC Long Term Fund,HDFC Mutual Fund,Debt,Long Duration,Income/Debt Oriented Schemes - Long Term Fund,Regular,Growth,2023-01-06,AMFI scheme master,3.75,12.2855,2026-10-06,12.6241,2026-08-14,11.725,2026-04-02,-0.0268217,2695.3,Kuvera (latest month),2794.22,Jul-Sep 2026,542.96,0.0062,Anupam Joshi; Dhruv Muchhal,Moderate Risk,-0.0251537,0.0392505,0.00122244,0.0214256,0.0595531,,,0.0570267,NAV history,-0.00286931,-0.000391153,,0.0415617,-0.0625325,,-0.131055,-0.180461,0.588235,85.7,28.6,44.4,11,,2026-10-07
100365,INF109K01365,ICICI Prudential Long Term Fund,ICICI Prudential Mutual Fund,Debt,Long Duration,Income/Debt Oriented Schemes - Long Term Fund,Regular,Growth,2006-04-02,Before Apr-2006 (AMFI history starts 03-Apr-2006),20.51,90.9921,2026-10-06,93.4637,2026-08-14,87.5608,2026-04-02,-0.0264445,832.1,Kuvera (latest month),839.37,Jul-Sep 2026,456.8,0.0094,Manish Banthia; Raunak Surana,Moderate Risk,-0.0223913,0.0326083,0.00409175,0.0361185,0.0606145,0.0478172,0.0593897,0.0756897,Since Apr-2006 (earlier NAV not in AMFI history),0,0.000670264,-0.00162495,0.0317172,-0.0414716,-0.0485242,-0.138268,-0.190262,0.6,42.9,85.7,61.1,11,,2026-10-07
152489,INF174KA1RC2,Kotak Long Term Fund,Kotak Mahindra Mutual Fund,Debt,Long Duration,Income/Debt Oriented Schemes - Long Term Fund,Regular,Growth,2024-02-28,AMFI scheme master,2.61,11.0009,2026-10-06,11.3416,2026-07-06,10.5765,2026-04-02,-0.0300399,57.8,Kuvera (latest month),59.03,Jul-Sep 2026,23.95,0.005965,Abhishek Bisen,Moderate Risk,-0.0300399,0.0320859,-0.00183285,0.0205127,,,,0.037698,NAV history,-0.0059246,,,,,,,,0.4,,,22.2,11,,2026-10-07
153107,INF769K01MZ2,Mirae Asset Long Term Fund,Mirae Asset Mutual Fund,Debt,Long Duration,Income/Debt Oriented Schemes - Long Term Fund,Regular,Growth,2024-11-21,AMFI scheme master,1.88,10.347,2026-10-06,10.6136,2026-08-14,9.9252,2026-04-02,-0.0251187,19.5,Kuvera (latest month),20.86,Jul-Sep 2026,8.47,0.0078,Kruti Chheta,Moderate Risk,-0.0227616,0.0338213,0.0045436,,,,,0.0174727,NAV history,0.000451848,,,,,,,,,,,,11,,2026-10-07
143702,INF204KB1ZB0,Nippon India Nivesh Lakshya Long Term Fund,Nippon India Mutual Fund,Debt,Long Duration,Income/Debt Oriented Schemes - Long Term Fund,Regular,Growth,2018-06-18,AMFI scheme master,8.3,17.9484,2026-10-06,18.5357,2026-08-14,17.2629,2026-04-02,-0.0316848,6111.8,Kuvera (latest month),6197.51,Jul-Sep 2026,2336.82,0.0065,Pranay Sinha; Kinjal Desai; Amber Singhania,Moderate Risk,-0.026538,0.0324191,0.000406887,0.0265016,0.0599443,0.0510671,,0.0740663,NAV history,-0.00368487,0,0.00162495,0.0376242,-0.0537766,-0.0599574,-0.134375,-0.1845,0.742857,57.1,57.1,77.8,11,,2026-10-07
151212,INF200KA13T1,SBI Long Term Fund,SBI Mutual Fund,Debt,Long Duration,Income/Debt Oriented Schemes - Long Term Fund,Regular,Growth,2022-12-12,AMFI scheme master,3.82,12.4824,2026-10-06,12.7384,2026-08-14,12.013,2026-04-02,-0.0200967,1304.7,Kuvera (latest month),1380.47,Jul-Sep 2026,562.09,0.0068,Ardhendu Bhattacharya,Moderate Risk,-0.0177603,0.0310154,0.00674259,0.025053,0.0609208,,,0.0607871,NAV history,0.00265083,0.000976486,,0.0369257,-0.0473963,,-0.110472,-0.153119,0.771429,100,71.4,100,11,,2026-10-07
151527,INF789F1AXS1,UTI Long Term Fund,UTI Mutual Fund,Debt,Long Duration,Income/Debt Oriented Schemes - Long Term Fund,Regular,Growth,2023-03-06,AMFI scheme master,3.59,11.82,2026-10-06,12.1337,2026-08-14,11.4228,2026-04-02,-0.0258536,89.4,Kuvera (latest month),79.01,Jul-Sep 2026,54.42,0.0127,Pankaj Pathak,Moderate Risk,-0.0206882,0.0261753,-0.00561968,0.0127789,0.0482869,,,0.0477556,NAV history,-0.00971143,-0.0116574,,0.0392675,-0.0642878,,-0.425622,-0.580915,0.0625,14.3,14.3,11.1,11,,2026-10-07
103192,INF209K01LQ0,Aditya Birla Sun Life Ultra short to short term Fund,Aditya Birla Sun Life Mutual Fund,Debt,Low Duration,Income/Debt Oriented Schemes - Ultra Short to Short Term Fund,Regular,Growth,1998-07-07,AMFI scheme master,28.25,702.565,2026-10-06,702.565,2026-10-06,668.079,2025-10-07,0,9726.7,Kuvera (latest month),9853.03,Jul-Sep 2026,6476.1,0.012,Kaustubh Gupta; Mohit Sharma,Moderate Risk,0.010026,0.0291391,0.0518256,0.0624306,0.0651184,0.0592741,0.063338,0.0709385,Since Apr-2006 (earlier NAV not in AMFI history),-0.00431276,-0.00281833,-0.00195064,0.00520052,-0.00248098,-0.00377734,0.0227678,0.0356986,0.344262,8,28,40,30,NAV history rebased (face value change),2026-10-07
112214,INF846K01537,Axis Treasury Advantage Fund - Regular Plan - Growth Option,Axis Mutual Fund,Debt,Low Duration,Income/Debt Oriented Schemes - Ultra Short to Short Term Fund,Regular,Growth,2009-10-08,AMFI scheme master,17,3338.19,2026-10-06,3338.19,2026-10-06,3153.3,2025-10-07,0,4557.6,Kuvera (latest month),4728.17,Jul-Sep 2026,1390.55,0.0073,Devang Shah; Aditya Pagaria,Low to Moderate Risk,0.0124841,0.0333322,0.0588497,0.0687185,0.0708938,0.0636345,0.0661904,0.0735269,NAV history,0.00271138,0.00295709,0.00240968,0.00483382,-0.00225114,-0.00420137,1.21929,2.01014,1,88,60,94,30,,2026-10-07
112717,INF846K01479,Axis Treasury Advantage Fund - Retail Plan - Growth Option,Axis Mutual Fund,Debt,Low Duration,Income/Debt Oriented Schemes - Ultra Short to Short Term Fund,Regular,Growth,2009-10-08,AMFI scheme master,17,3129.74,2026-10-06,3129.74,2026-10-06,2956.39,2025-10-07,0,4557.6,Kuvera (latest month),4728.17,Jul-Sep 2026,1.33,0.0073,Devang Shah; Aditya Pagaria,Low to Moderate Risk,0.0124842,0.0333326,0.0588499,0.0687236,0.0708967,0.0636363,0.0655771,0.0711805,NAV history,0.00271163,0.00295993,0.00241153,0.00483406,-0.00225112,-0.00420133,1.21982,2.01115,1,92,64,94,30,,2026-10-07
108632,INF194K01FU8,BANDHAN ULTRA SHORT TO SHORT TERM FUND,Bandhan Mutual Fund,Debt,Low Duration,Income/Debt Oriented Schemes - Ultra Short to Short Term Fund,Regular,Growth,2006-01-12,AMFI scheme master,20.73,41.4965,2026-10-06,41.4965,2026-10-06,39.2762,2025-10-07,0,6404.1,Kuvera (latest month),6460.34,Jul-Sep 2026,1428.59,0.0069,Harshal Joshi; Brijesh Shah,Low to Moderate Risk,0.0119543,0.0329064,0.0568129,0.0660652,0.0684169,0.0612418,0.0643143,0.0723289,NAV history,0.000674629,0.000480179,1.70379e-05,0.00476125,-0.00247078,-0.00538167,0.717652,1.14876,0.704918,60,32,66,30,,2026-10-07
150165,INF251K01DQ9,BARODA BNP PARIBAS ULTRA SHORT TO SHORT TERM FUND,Baroda BNP Paribas Mutual Fund,Debt,Low Duration,Income/Debt Oriented Schemes - Ultra Short to Short Term Fund,Regular,Growth,2005-10-17,AMFI scheme master,20.97,43.0033,2026-10-06,43.0033,2026-10-06,40.7797,2025-10-07,0,381.8,Kuvera (latest month),358.96,Jul-Sep 2026,202.13,0.0105,Vikram Pamnani; Ayan Nandy,Low to Moderate Risk,0.0119185,0.0314125,0.0546797,0.0635082,0.0653846,,,0.0610898,NAV history,-0.00145859,-0.00255212,,0.00458604,-0.00217993,,0.0838678,0.135434,0,16,80,8,30,,2026-10-07
154203,INF0QA701CC3,Bajaj Finserv Ultra Short to Short Term Fund,Bajaj Finserv Mutual Fund,Debt,Low Duration,Income/Debt Oriented Schemes - Ultra Short to Short Term Fund,Regular,Growth,2026-02-09,AMFI scheme master,0.66,1034.58,2026-10-06,1034.58,2026-10-06,1000.98,2026-02-23,0,598.62,AMFI AAUM Jul-Sep 2026,598.62,Jul-Sep 2026,175.6,0.0102,,,0.0109933,0.0307924,,,,,,0.033562,"NAV history (absolute, <1Y)",,,,,,,,,,,,,30,,2026-10-07
102913,INF760K01795,Canara Robeco Ultra Short to Short Term Fund,Canara Robeco Mutual Fund,Debt,Low Duration,Income/Debt Oriented Schemes - Ultra Short to Short Term Fund,Regular,Growth,2005-02-08,AMFI scheme master,21.66,45.4466,2026-10-06,45.4466,2026-10-06,42.932,2025-10-07,0,1110.9,Kuvera (latest month),1121.29,Jul-Sep 2026,355.86,0.005,Bhupesh Kalyani; Avnish Jain,Low to Moderate Risk,0.013397,0.0340994,0.0588553,0.0672279,0.0692441,0.061813,0.062968,0.0732153,Since Apr-2006 (earlier NAV not in AMFI history),0.00271701,0.00130734,0.000588247,0.004816,-0.00240768,-0.00390878,0.881245,1.44694,0.688525,72,36,60,30,,2026-10-07
133926,INF740K018P2,DSP Ultra Short to Short Term Fund,DSP Mutual Fund,Debt,Low Duration,Income/Debt Oriented Schemes - Ultra Short to Short Term Fund,Regular,Growth,2015-02-27,AMFI scheme master,11.61,21.304,2026-10-06,21.304,2026-10-06,20.1895,2025-10-07,0,4750.2,Kuvera (latest month),4559.88,Jul-Sep 2026,1472.87,0.0063,Karan Mundra; Shalini Vasanta,Low to Moderate Risk,0.0113026,0.0320455,0.0553745,0.065331,0.0679367,0.0612856,0.0640494,0.0674092,NAV history,-0.000763851,0,6.08251e-05,0.00491711,-0.00271249,-0.00357508,0.597249,0.945021,0.704918,48,8,66,30,,2026-10-07
153419,INF754K01UT0,Edelweiss Ultra Short to Short Term Fund,Edelweiss Mutual Fund,Debt,Low Duration,Income/Debt Oriented Schemes - Ultra Short to Short Term Fund,Regular,Growth,2025-03-11,AMFI scheme master,1.57,1096.27,2026-10-06,1096.27,2026-10-06,1039.85,2025-10-07,0,497.39,AMFI AAUM Jul-Sep 2026,497.39,Jul-Sep 2026,192.43,0.0097,,,0.0119256,0.0315632,0.0543024,,,,,0.0608301,NAV history,-0.00183586,,,,,,,,,,,,30,,2026-10-07
153371,INF090I01YB3,Franklin India Ultra Short to Short Term Fund,Franklin Templeton Mutual Fund,Debt,Low Duration,Income/Debt Oriented Schemes - Ultra Short to Short Term Fund,Regular,Growth,2025-02-25,AMFI scheme master,1.61,11.0924,2026-10-06,11.0925,2026-10-05,10.4793,2025-10-07,-9.0151e-06,397.51,AMFI AAUM Jul-Sep 2026,397.51,Jul-Sep 2026,322.8,0.0072,,,0.0118956,0.0305187,0.0586169,,,,,0.0675873,NAV history,0.00247862,,,,,,,,,,,,30,,2026-10-07
102452,INF179K01442,HDFC Ultra Short to Short Term Fund,HDFC Mutual Fund,Debt,Low Duration,Income/Debt Oriented Schemes - Ultra Short to Short Term Fund,Regular,Growth,2006-04-03,Before Apr-2006 (AMFI history starts 03-Apr-2006),20.51,62.0174,2026-10-06,62.0174,2026-10-06,58.7891,2025-10-07,0,17793,Kuvera (latest month),17860.5,Jul-Sep 2026,7902.32,0.0105,Anupam Joshi; Praveen Jain; Dhruv Muchhal,Moderate Risk,0.0111917,0.0309035,0.0550855,0.0652593,0.067701,0.0612077,0.0640725,0.0711162,Since Apr-2006 (earlier NAV not in AMFI history),-0.00105278,-0.000235771,-1.70379e-05,0.00507823,-0.00261354,-0.00361562,0.531872,0.844258,0.786885,40,12,76,30,,2026-10-07
151114,INF677K01452,HSBC Ultra Short to Short Term Fund,HSBC Mutual Fund,Debt,Low Duration,Income/Debt Oriented Schemes - Ultra Short to Short Term Fund,Regular,Growth,2010-11-19,AMFI scheme master,15.88,30.8838,2026-10-06,30.8838,2026-10-06,29.1976,2025-10-07,0,875.4,Kuvera (latest month),936.99,Jul-Sep 2026,637.2,0.0096,Shriram Ramanathan; Mohd Asif Rizwi,Low to Moderate Risk,0.0118471,0.032606,0.0579651,0.0732597,0.073596,,,0.073004,NAV history,0.00182679,0.00565929,,0.00881654,-0.00238959,,0.974989,2.89194,1,80,40,94,30,,2026-10-07
101619,INF109K01746,ICICI Prudential Ultra Short to Short Term Fund,ICICI Prudential Mutual Fund,Debt,Low Duration,Income/Debt Oriented Schemes - Ultra Short to Short Term Fund,Regular,Growth,2002-08-01,AMFI scheme master,24.18,588.206,2026-10-06,588.206,2026-10-06,554.416,2025-10-07,0,21047.2,Kuvera (latest month),21021.2,Jul-Sep 2026,6692.27,0.0053,Nikhil Kabra; Darshil Dedhia,Low to Moderate Risk,0.0125973,0.0335682,0.0611224,0.0705372,0.0729868,0.0654814,0.0694709,0.0772784,Since Apr-2006 (earlier NAV not in AMFI history),0.00498406,0.00505009,0.00425663,0.00490839,-0.00218569,-0.00625337,1.62718,2.79933,0.934426,100,76,82,30,NAV history rebased (face value change),2026-10-07
104726,INF205K01HY0,Invesco India Ultra Short to Short Term Fund - Growth,Invesco Mutual Fund,Debt,Low Duration,Income/Debt Oriented Schemes - Ultra Short to Short Term Fund,Regular,Growth,2007-01-15,AMFI scheme master,19.73,4069.98,2026-10-06,4069.98,2026-10-06,3853.43,2025-10-07,0,1833.1,Kuvera (latest month),1709.22,Jul-Sep 2026,282.49,0.0065,Krishna Cheemalapati; Vikas Garg,Low to Moderate Risk,0.0117914,0.0322124,0.0564107,0.0662813,0.068897,0.0613197,0.0641936,0.0737434,NAV history,0.000272407,0.00096028,9.49236e-05,0.00475964,-0.00204997,-0.00413236,0.818764,1.3386,0.655738,68,88,56,30,NAV history rebased (face value change),2026-10-07
104728,INF205K01HT0,Invesco India Ultra Short to Short Term Fund - Regular - Growth,Invesco Mutual Fund,Debt,Low Duration,Income/Debt Oriented Schemes - Ultra Short to Short Term Fund,Regular,Growth,2007-01-15,AMFI scheme master,19.73,3597.48,2026-10-06,3597.48,2026-10-06,3425.44,2025-10-07,0,1833.1,Kuvera (latest month),1709.22,Jul-Sep 2026,0.65,0.0065,Krishna Cheemalapati; Vikas Garg,Low to Moderate Risk,0.0104666,0.0295256,0.0504192,0.0597858,0.062325,0.0548681,0.058034,0.0670468,NAV history,-0.00571907,-0.00561179,-0.00635668,0.00464188,-0.00219215,-0.00431249,-0.576286,-0.873564,0,4,72,8,30,NAV history rebased (face value change),2026-10-07
143607,INF192K01AY5,JM Ultra Short to Short Term Fund,JM Financial Mutual Fund,Debt,Low Duration,Income/Debt Oriented Schemes - Ultra Short to Short Term Fund,Regular,Growth,2006-09-25,AMFI scheme master,20.03,39.8431,2026-10-06,39.8431,2026-10-06,37.7409,2025-10-07,0,214.6,Kuvera (latest month),222.76,Jul-Sep 2026,115.61,0.0083,Killol Pandya; Ruchi Fozdar; Jayant Dhoot,Low to Moderate Risk,0.0123665,0.0326488,0.0558659,0.065852,0.0678531,0.0605269,,0.0578732,NAV history,-0.000272407,-8.36563e-05,-0.000697905,0.00466245,-0.00231246,-0.0036756,0.611927,0.98901,0.42623,52,44,48,30,,2026-10-07
154636,INF22M001234,JioBlackRock Ultra Short to Short Term Fund,Jio BlackRock Mutual Fund,Debt,Low Duration,Income/Debt Oriented Schemes - Ultra Short to Short Term Fund,Regular,Growth,2026-01-08,AMFI scheme master,0.74,1004.35,2026-10-06,1004.35,2026-10-06,1000.78,2026-09-02,0,704.03,AMFI AAUM Jul-Sep 2026,704.03,Jul-Sep 2026,0.01,0.0077,,,,,,,,,,0.00356351,"NAV history (absolute, <1Y)",,,,,,,,,,,,,30,,2026-10-07
133805,INF178L01202,Kotak Ultra Short to Short Term Fund,Kotak Mahindra Mutual Fund,Debt,Low Duration,Income/Debt Oriented Schemes - Ultra Short to Short Term Fund,Regular,Growth,2008-02-29,AMFI scheme master,18.6,3583.95,2026-10-06,3584,2026-10-05,3402.82,2025-10-07,-1.35882e-05,12093.2,Kuvera (latest month),12174,Jul-Sep 2026,4407.49,0.011829,Deepak Agrawal; Dharmesh Thakkar,Low to Moderate Risk,0.0109342,0.0298341,0.0534565,0.0641165,0.0663962,0.0592028,0.0647046,0.0686211,NAV history,-0.00268179,-0.00154053,-0.00202197,0.00501443,-0.00259742,-0.0061823,0.278438,0.442932,0.147541,24,16,28,30,,2026-10-07
101830,INF767K01AO5,LIC MF Ultra Short to Short Term fund,LIC Mutual Fund,Debt,Low Duration,Income/Debt Oriented Schemes - Ultra Short to Short Term Fund,Regular,Growth,2003-05-29,AMFI scheme master,23.36,42.5784,2026-10-06,42.5784,2026-10-06,40.2308,2025-10-07,0,2009.9,Kuvera (latest month),1801.37,Jul-Sep 2026,336.72,0.0043,Rahul Singh; Pratik Shroff,Low to Moderate Risk,0.0139815,0.03519,0.058498,0.0655201,0.0670716,0.0593061,0.0583848,0.0667273,Since Apr-2006 (earlier NAV not in AMFI history),0.0023597,-0.000865189,-0.00191865,0.00449884,-0.0018051,-0.00329967,0.460463,0.737702,0.131148,36,100,22,30,,2026-10-07
140620,INF174V01218,Mahindra Manulife Ultra Short to Short Term Fund,Mahindra Manulife Mutual Fund,Debt,Low Duration,Income/Debt Oriented Schemes - Ultra Short to Short Term Fund,Regular,Growth,2017-02-14,AMFI scheme master,9.64,1754.79,2026-10-06,1754.79,2026-10-06,1663.69,2025-10-07,0,534.5,Kuvera (latest month),528.53,Jul-Sep 2026,448.6,0.0107,Rahul Pal; Amit Garg,Moderate Risk,0.0115635,0.0318976,0.0549707,0.0640581,0.066221,0.0587272,,0.0600177,NAV history,-0.0011676,-0.00171574,-0.00249754,0.00470018,-0.00251752,-0.00366761,0.259778,0.407181,0,20,20,8,30,,2026-10-07
107705,INF769K01937,Mirae Asset Ultra Short to Short Term Fund,Mirae Asset Mutual Fund,Debt,Low Duration,Income/Debt Oriented Schemes - Ultra Short to Short Term Fund,Regular,Growth,2008-02-29,AMFI scheme master,18.6,2427.3,2026-10-06,2427.3,2026-10-06,2299.91,2025-10-07,0,2433.8,Kuvera (latest month),2198.32,Jul-Sep 2026,755.16,0.0087,Basant Bafna,Low to Moderate Risk,0.0119841,0.0327387,0.0555868,0.0652067,0.0677275,0.0599026,0.0585927,0.0488357,NAV history,-0.000551474,-0.000209272,-0.0013222,0.00481459,-0.00272569,-0.00344966,0.5665,0.910562,0.131148,44,4,22,30,,2026-10-07
111748,INF204K01EN3,Nippon India Ultra Short to Short Term  Fund - Retail Plan - Growth Plan - Growth Option,Nippon India Mutual Fund,Debt,Low Duration,Income/Debt Oriented Schemes - Ultra Short to Short Term Fund,Regular,Growth,2007-03-15,AMFI scheme master,19.56,3839.99,2026-10-06,3839.99,2026-10-06,3619.54,2025-10-07,0,7933.3,Kuvera (latest month),7766.6,Jul-Sep 2026,25.06,0.0099,Vivek Sharma; Kinjal Desai; Amber Singhania,Low to Moderate Risk,0.0126848,0.0342903,0.0611074,0.0678807,0.0687601,0.061028,0.0619019,0.0693726,NAV history,0.00496909,0.000823375,-0.000196798,0.00523529,-0.00219586,-0.00420935,0.718224,1.24438,0.360656,64,68,44,30,,2026-10-07
111753,INF204K01EV6,Nippon India Ultra Short to Short Term  Fund- Growth Plan - Growth Option,Nippon India Mutual Fund,Debt,Low Duration,Income/Debt Oriented Schemes - Ultra Short to Short Term Fund,Regular,Growth,2007-03-15,AMFI scheme master,19.56,4028.72,2026-10-06,4028.72,2026-10-06,3813.1,2025-10-07,0,7933.3,Kuvera (latest month),7766.6,Jul-Sep 2026,2628.29,0.0099,Vivek Sharma; Kinjal Desai; Amber Singhania,Low to Moderate Risk,0.0121596,0.032891,0.0567516,0.0665489,0.0684487,0.061267,0.0637451,0.0719409,NAV history,0.000613277,0.000511988,4.22254e-05,0.00486189,-0.00225213,-0.00420035,0.709338,1.14573,0.737705,56,56,72,30,,2026-10-07
106212,INF200K01MO2,SBI Ultra Short to Short Term Fund - Regular Plan - Growth,SBI Mutual Fund,Debt,Low Duration,Income/Debt Oriented Schemes - Ultra Short to Short Term Fund,Regular,Growth,2007-07-19,AMFI scheme master,19.22,3746.61,2026-10-06,3746.61,2026-10-06,3556.02,2025-10-07,0,11621.9,Kuvera (latest month),12365.1,Jul-Sep 2026,3534.88,0.0092,Sudhir Agrawal,Low to Moderate Risk,0.0117414,0.0311952,0.0537183,0.0640811,0.0667971,0.0598067,0.0630773,0.0712587,NAV history,-0.00242006,-0.00113962,-0.00141811,0.0046835,-0.00226232,-0.00378086,0.383712,0.615221,0.196721,28,48,32,30,NAV history rebased (face value change),2026-10-07
106217,INF200K01MG8,SBI Ultra Short to Short Term Fund - Ultra Short Term Fund - Institutional Plan - Growth,SBI Mutual Fund,Debt,Low Duration,Income/Debt Oriented Schemes - Ultra Short to Short Term Fund,Regular,Growth,2007-07-19,AMFI scheme master,19.22,3812.69,2026-10-06,3812.69,2026-10-06,3618.73,2025-10-07,0,11621.9,Kuvera (latest month),12365.1,Jul-Sep 2026,3.79,0.0092,Sudhir Agrawal,Low to Moderate Risk,0.0117416,0.0311958,0.0537198,0.0640857,0.0668017,0.0598117,0.0630959,0.0722339,NAV history,-0.00241854,-0.00113505,-0.00141309,0.00468364,-0.00226231,-0.00378102,0.384676,0.616797,0.262295,32,52,36,30,NAV history rebased (face value change),2026-10-07
149519,INF173K01DG6,Sundaram Ultra Short to Short Term Fund (Formerly Known as Sundaram Low Duration Fund),Sundaram Mutual Fund,Debt,Low Duration,Income/Debt Oriented Schemes - Ultra Short to Short Term Fund,Regular,Growth,2004-08-19,AMFI scheme master,22.13,3700.91,2026-10-06,3700.91,2026-10-06,3520.77,2025-10-07,0,446.3,Kuvera (latest month),417.75,Jul-Sep 2026,228.4,0.0114,Kumaresh Ramakrishnan; Sandeep Agarwal,Moderate Risk,0.0121307,0.0306066,0.0512646,0.0618528,0.06518,,,0.0601779,NAV history,-0.00487372,-0.00275675,,0.00475379,-0.00250755,,0.0378628,0.0615029,0.0869565,12,24,16,30,,2026-10-07
103159,INF277K01MA9,Tata Ultra Short to Short Term Fund,Tata Mutual Fund,Debt,Low Duration,Income/Debt Oriented Schemes - Ultra Short to Short Term Fund,Regular,Growth,2006-04-03,Before Apr-2006 (AMFI history starts 03-Apr-2006),20.51,4238.65,2026-10-06,4238.65,2026-10-06,4001.48,2025-10-07,0,2870.9,Kuvera (latest month),2496.18,Jul-Sep 2026,468.98,0.0057,Akhil Mittal; Dhawal Joshi,Low to Moderate Risk,0.0130555,0.0345709,0.05954,0.0673722,0.0694012,0.0618899,0.0592377,0.0713336,Since Apr-2006 (earlier NAV not in AMFI history),0.00340166,0.00146449,0.000665142,0.0045869,-0.00205014,-0.0048378,0.959521,1.62112,0.934426,76,84,82,30,NAV history rebased (face value change),2026-10-07
102540,INF789F01331,UTI Ultra Short to Short Term Fund - Discontinued Growth Option,UTI Mutual Fund,Debt,Low Duration,Income/Debt Oriented Schemes - Ultra Short to Short Term Fund,Regular,Growth,1999-05-05,AMFI scheme master,27.43,6777.82,2026-10-06,6777.82,2026-10-06,6395.89,2025-10-07,0,2679.9,Kuvera (latest month),2476.66,Jul-Sep 2026,13.33,0.0065,Anurag Mittal,Low to Moderate Risk,0.0132169,0.0338314,0.0598566,0.0690482,0.0698729,0.0619287,0.0548735,0.066694,Since Apr-2006 (earlier NAV not in AMFI history),0.00371827,0.00193613,0.000703978,0.0047612,-0.00203205,-0.00364544,1.02345,1.73006,0.540984,84,96,52,30,NAV history rebased (face value change),2026-10-07
102544,INF789F01OT9,UTI Ultra Short to Short Term Fund - Regular Plan - Growth Option,UTI Mutual Fund,Debt,Low Duration,Income/Debt Oriented Schemes - Ultra Short to Short Term Fund,Regular,Growth,1999-05-05,AMFI scheme master,27.43,3832.2,2026-10-06,3832.2,2026-10-06,3616.25,2025-10-07,0,2679.9,Kuvera (latest month),2476.66,Jul-Sep 2026,1624.92,0.0065,Anurag Mittal,Low to Moderate Risk,0.0132169,0.0338315,0.0598566,0.0692188,0.0715634,0.064862,0.0588172,0.0714887,NAV history,0.00371831,0.00362662,0.00363721,0.00479918,-0.00203206,-0.00359549,1.3676,2.34704,1,96,92,94,30,,2026-10-07
153652,INF582M01LU8,Union Ultra Short to Short Term Fund,Union Mutual Fund,Debt,Low Duration,Income/Debt Oriented Schemes - Ultra Short to Short Term Fund,Regular,Growth,2025-06-26,AMFI scheme master,1.28,10.6229,2026-10-06,10.6229,2026-10-06,10.1245,2025-10-07,0,350.75,AMFI AAUM Jul-Sep 2026,350.75,Jul-Sep 2026,162.99,0.0086,,,0.0100982,0.0291812,0.0495485,,,,,0.0498229,NAV history,-0.00658983,,,,,,,,,,,,30,,2026-10-07
111803,INF209K01603,Aditya Birla Sun Life Medium Term Fund,Aditya Birla Sun Life Mutual Fund,Debt,Medium Duration,Income/Debt Oriented Schemes - Medium Term Fund,Regular,Growth,2009-03-23,AMFI scheme master,17.54,43.7763,2026-10-06,43.8685,2026-08-14,40.7529,2025-10-07,-0.00210174,3318.9,Kuvera (latest month),3308.23,Jul-Sep 2026,1679.75,0.0155,Sunaina Cunha; Mohit Sharma,Moderately High Risk,0.00340149,0.037068,0.0751463,0.102824,0.0985388,0.118423,0.0822727,0.0878621,NAV history,0.0242255,0.0263244,0.0571169,0.0230904,-0.00647057,-0.0101751,1.4525,3.7977,0.934426,100,84.6,92.3,13,,2026-10-07
116894,INF846K01BP2,Axis Medium Term Fund,Axis Mutual Fund,Debt,Medium Duration,Income/Debt Oriented Schemes - Medium Term Fund,Regular,Growth,2012-03-09,AMFI scheme master,14.58,30.1235,2026-10-06,30.1911,2026-08-14,28.5858,2025-10-07,-0.00223907,2112.3,Kuvera (latest month),2092.31,Jul-Sep 2026,997.42,0.0132,Devang Shah; Sachin Jain; Akhil Thakker,Moderately High Risk,0.00340759,0.0352181,0.0547961,0.0710942,0.0773709,0.0658679,0.0699906,0.0787,NAV history,0.00387538,0.0051565,0.00456205,0.011688,-0.00699991,-0.0128408,1.05843,1.56982,0.983607,92.3,69.2,100,13,,2026-10-07
108728,INF194K01JU0,Bandhan Medium Term Fund,Bandhan Mutual Fund,Debt,Medium Duration,Income/Debt Oriented Schemes - Medium Term Fund,Regular,Growth,2001-04-01,AMFI scheme master,25.52,48.5929,2026-10-06,48.6316,2026-08-14,46.3816,2025-10-07,-0.000795779,1249.7,Kuvera (latest month),1269.19,Jul-Sep 2026,971.46,0.0136,Suyash Choudhary; Brijesh Shah,Moderate Risk,0.00301154,0.0373501,0.0482096,0.0611662,0.0692761,0.0530136,0.0612619,0.0746088,NAV history,-0.00271113,-0.00293827,-0.00829219,0.0135622,-0.00839985,-0.032793,0.315295,0.471712,0.0491803,38.5,46.2,23.1,13,,2026-10-07
100078,INF740K01557,DSP Medium Term Fund,DSP Mutual Fund,Debt,Medium Duration,Income/Debt Oriented Schemes - Medium Term Fund,Regular,Growth,1997-04-07,AMFI scheme master,29.5,86.138,2026-10-06,87.0344,2026-08-12,83.3088,2025-10-07,-0.0102994,251.4,Kuvera (latest month),252.37,Jul-Sep 2026,157.67,0.0074,Vivek Ramakrishnan; Karan Mundhra,Moderately High Risk,-0.00373694,0.0272194,0.0346683,0.0583,0.0669244,0.0570773,0.0544481,0.0646995,Since Apr-2006 (earlier NAV not in AMFI history),-0.0162524,-0.00528995,-0.00422851,0.0122907,-0.0106774,-0.0180716,0.156574,0.231021,0.491803,30.8,23.1,38.5,13,,2026-10-07
101989,INF179K01913,HDFC Medium Term Fund,HDFC Mutual Fund,Debt,Medium Duration,Income/Debt Oriented Schemes - Medium Term Fund,Regular,Growth,2002-02-06,AMFI scheme master,24.67,60.3796,2026-10-06,60.4765,2026-08-14,57.3209,2025-10-09,-0.00160228,3599.4,Kuvera (latest month),3601.51,Jul-Sep 2026,1930.87,0.013,Anil Bamboli; Praveen Jain; Dhruv Muchhal; Bhavyesh Divecha,Moderately High Risk,0.00532302,0.0366486,0.0540763,0.0661967,0.0722144,0.0604194,0.0662197,0.0790866,Since Apr-2006 (earlier NAV not in AMFI history),0.0031556,0,-0.00088643,0.0115454,-0.00646123,-0.0197034,0.624866,0.907778,0.590164,61.5,92.3,46.2,13,,2026-10-07
151149,INF917K01TH0,HSBC Medium Term Fund,HSBC Mutual Fund,Debt,Medium Duration,Income/Debt Oriented Schemes - Medium Term Fund,Regular,Growth,2015-01-22,AMFI scheme master,11.71,21.6876,2026-10-06,21.7945,2026-08-14,20.8089,2025-10-07,-0.00490491,683.9,Kuvera (latest month),686.27,Jul-Sep 2026,330.92,0.0112,Shriram Ramanathan,Moderately High Risk,-0.0012618,0.0274783,0.0428285,0.0630718,0.0703153,,,0.0689146,NAV history,-0.00809222,-0.00189904,,0.0122091,-0.00669894,,0.435359,0.627344,0.805556,46.2,76.9,76.9,13,,2026-10-07
102741,INF109K01AH4,ICICI Prudential Medium Term Fund,ICICI Prudential Mutual Fund,Debt,Medium Duration,Income/Debt Oriented Schemes - Medium Term Fund,Regular,Growth,2004-08-16,AMFI scheme master,22.14,48.5781,2026-10-06,48.7399,2026-08-14,45.9125,2025-10-07,-0.00331966,5418.9,Kuvera (latest month),5447.1,Jul-Sep 2026,3261.58,0.0136,Manish Banthia; Akhil Kakkar,Moderately High Risk,0.00401166,0.0377009,0.0589693,0.0752995,0.0777999,0.0666011,0.0704205,0.0760138,Since Apr-2006 (earlier NAV not in AMFI history),0.00804861,0.00558553,0.00529529,0.0121614,-0.00618739,-0.0122311,1.0525,1.55034,0.885246,84.6,100,84.6,13,,2026-10-07
149012,INF205KA1379,Invesco India Medium Term Fund,Invesco Mutual Fund,Debt,Medium Duration,Income/Debt Oriented Schemes - Medium Term Fund,Regular,Growth,2021-06-29,AMFI scheme master,5.27,1298.07,2026-10-06,1307.45,2026-08-14,1255.59,2025-10-09,-0.00717298,164.6,Kuvera (latest month),156.98,Jul-Sep 2026,31.51,0.0114,Krishna Cheemalapati; Vikas Garg,Moderate Risk,-0.00121387,0.0281455,0.034226,0.053801,0.0636902,0.0509469,,0.0512133,NAV history,-0.0166948,-0.00852415,-0.0103589,0.0133873,-0.0111196,-0.0241084,-0.0978389,-0.139519,0.0192308,23.1,7.7,15.4,13,,2026-10-07
128009,INF174K01VL6,Kotak Medium Term Fund,Kotak Mahindra Mutual Fund,Debt,Medium Duration,Debt Scheme - Medium Duration Fund,Regular,Growth,2014-02-28,AMFI scheme master,12.61,24.4833,2026-10-06,24.6205,2026-08-14,23.3184,2025-10-07,-0.00557259,1926,Kuvera (latest month),1915.74,Jul-Sep 2026,1127.54,0.016335,Deepak Agrawal; Vihag Mishra,Moderately High Risk,0.00211201,0.0352828,0.0509207,0.0690871,0.0792736,0.0627884,0.064199,0.0737753,NAV history,0,0.00705929,0.00148256,0.0143191,-0.00978397,-0.0172695,0.996828,1.45936,0.688525,76.9,38.5,65.4,13,,2026-10-07
130037,INF204KA1PZ1,Nippon India Medium Term Fund (Existing Number of Segregated Portfolios - 1),Nippon India Mutual Fund,Debt,Medium Duration,Income/Debt Oriented Schemes - Medium Term Fund,Regular,Growth,2014-06-06,AMFI scheme master,12.34,16.8601,2026-10-06,16.9061,2026-08-14,16.0481,2025-10-09,-0.00272091,148.45,AMFI AAUM Jul-Sep 2026,148.45,Jul-Sep 2026,74.93,0.0108,,,0.00267617,0.0330944,0.0511612,0.0763064,0.078677,0.0624202,0.028478,0.0433406,NAV history,0.000240476,0.0064626,0.00111436,0.017361,-0.0076843,-0.0164658,0.787797,1.76719,0.688525,69.2,53.8,65.4,13,,2026-10-07
102053,INF200K01719,SBI MEDIUM TERM FUND,SBI Mutual Fund,Debt,Medium Duration,Income/Debt Oriented Schemes - Medium Term Fund,Regular,Growth,2003-10-01,AMFI scheme master,23.02,54.8634,2026-10-06,55.0627,2026-09-09,52.0164,2025-10-07,-0.00361951,6488.5,Kuvera (latest month),6483.09,Jul-Sep 2026,3204.82,0.0122,Lokesh Mallya; Mohit Jain,Moderately High Risk,0.00480577,0.0379983,0.0554043,0.0673463,0.0723331,0.0621922,0.0739324,0.0755643,Since Apr-2006 (earlier NAV not in AMFI history),0.00448361,0.000118697,0.00088643,0.0120132,-0.00722211,-0.0174244,0.610414,0.892999,0.606557,53.8,61.5,53.8,13,,2026-10-07
100603,INF903J01FQ2,Sundaram Medium Term Fund (Formerly Known as Sundaram Medium Duration Fund),Sundaram Mutual Fund,Debt,Medium Duration,Income/Debt Oriented Schemes - Medium Term Fund,Regular,Growth,1997-10-16,AMFI scheme master,28.97,71.4196,2026-10-06,71.9511,2026-08-14,69.7796,2025-10-10,-0.00738696,32.5,Kuvera (latest month),33.16,Jul-Sep 2026,26.92,0.019,Kumaresh Ramakrishnan; Sandeep Agarwal,Moderate Risk,-0.00355636,0.0197017,0.0237138,0.0425208,0.0514697,0.0390576,0.0468059,0.0594172,Since Apr-2006 (earlier NAV not in AMFI history),-0.0272069,-0.0207447,-0.0222482,0.0128271,-0.0108898,-0.0257135,-1.05482,-1.42968,0,7.7,15.4,7.7,13,,2026-10-07
134499,INF789FB1JU4,UTI Medium Term Fund,UTI Mutual Fund,Debt,Medium Duration,Income/Debt Oriented Schemes - Medium Term Fund,Regular,Growth,2015-03-25,AMFI scheme master,11.54,19.1291,2026-10-06,19.2797,2026-08-14,18.5038,2025-10-07,-0.00781132,36.3,Kuvera (latest month),36.59,Jul-Sep 2026,21.46,0.0154,Anurag Mittal,Moderate Risk,-0.00176903,0.0246671,0.0344807,0.0524064,0.0612959,0.0520825,0.0516787,0.0579438,NAV history,-0.01644,-0.0109185,-0.00922334,0.0117913,-0.0102926,-0.0181574,-0.314142,-0.440013,0.180328,15.4,30.8,30.8,13,,2026-10-07
100038,INF209K01579,Aditya Birla Sun Life Medium to Long Term Fund,Aditya Birla Sun Life Mutual Fund,Debt,Medium to Long Duration,Income/Debt Oriented Schemes - Medium to Long Term Fund,Regular,Growth,1994-01-01,AMFI scheme master,32.76,128.873,2026-10-06,130.974,2026-08-14,124.926,2026-04-02,-0.0160391,1775.89,AMFI AAUM Jul-Sep 2026,1775.89,Jul-Sep 2026,715.29,0.0113,,,-0.0119655,0.0290173,0.0197625,0.0403866,0.0584169,0.0492689,0.0588604,0.0755989,Since Apr-2006 (earlier NAV not in AMFI history),-0.00799398,-0.00311887,-4.06141e-06,0.0219973,-0.0204563,-0.0260011,-0.299269,-0.411769,0.622951,23.1,30.8,57.1,14,,2026-10-07
108765,INF194K01IL1,Bandhan Medium to Long Term Fund - Regular Plan - Growth,Bandhan Mutual Fund,Debt,Medium to Long Duration,Income/Debt Oriented Schemes - Medium to Long Term Fund,Regular,Growth,2005-01-01,AMFI scheme master,21.76,67.9526,2026-10-06,68.4185,2026-08-14,64.9276,2025-10-30,-0.00680956,428.7,Kuvera (latest month),3555.62,Jul-Sep 2026,348.11,0.02,Suyash Choudhary; Brijesh Shah,Moderate Risk,-0.00481828,0.0393802,0.046078,0.045878,0.0619082,0.0460612,0.05746,0.0719728,NAV history,0.0183215,0.000372394,-0.00321178,0.0216955,-0.0207261,-0.0359467,-0.142511,-0.206108,0.196721,69.2,23.1,21.4,14,,2026-10-07
108768,INF194K01HF5,Bandhan Short Term Fund - Regular Plan - Growth,Bandhan Mutual Fund,Debt,Medium to Long Duration,Income/Debt Oriented Schemes - Medium to Long Term Fund,Regular,Growth,2005-01-01,AMFI scheme master,21.76,61.2507,2026-10-06,61.2525,2026-10-05,58.1684,2025-10-07,-2.93866e-05,428.7,Kuvera (latest month),3555.62,Jul-Sep 2026,3111.13,0.02,Suyash Choudhary; Brijesh Shah,Moderate Risk,0.0060378,0.0360105,0.0533949,0.0673313,0.0730968,0.0602001,0.0657942,0.0743421,NAV history,0.0256384,0.011561,0.0109271,0.0100911,-0.0060138,-0.0186622,0.802371,1.22739,0.754098,100,100,78.6,14,,2026-10-07
101588,INF760K01324,Canara Robeco Medium To Long Term Fund,Canara Robeco Mutual Fund,Debt,Medium to Long Duration,Income/Debt Oriented Schemes - Medium to Long Term Fund,Regular,Growth,2002-08-20,AMFI scheme master,24.13,56.6858,2026-10-06,57.3273,2026-08-14,55.4481,2026-04-02,-0.0111901,111.1,Kuvera (latest month),110.74,Jul-Sep 2026,82.6,0.0184,Suman Prasad; Avnish Jain,Moderate Risk,-0.00648662,0.0193601,0.0163955,0.0350225,0.0524172,0.0416372,0.0530935,0.0758656,NAV history,-0.011361,-0.00911861,-0.00763584,0.0185484,-0.0143086,-0.0228232,-0.678381,-0.919546,0,7.7,92.3,10.7,14,,2026-10-07
152853,INF090I01XD1,Franklin India Medium to Long Term Fund,Franklin Templeton Mutual Fund,Debt,Medium to Long Duration,Income/Debt Oriented Schemes - Medium to Long Term Fund,Regular,Growth,2024-09-03,AMFI scheme master,2.09,11.1318,2026-10-06,11.2702,2026-08-17,10.7604,2026-04-02,-0.0122802,42.3,Kuvera (latest month),42.83,Jul-Sep 2026,18.52,0.0085,Anuj Tagra; Chandni Gupta,Moderate Risk,-0.00599166,0.0312856,0.0339101,0.0556806,,,,0.0541972,NAV history,0.00615362,,,,,,,,1,,,100,14,,2026-10-07
100124,INF179K01962,HDFC Medium to Long Term Fund,HDFC Mutual Fund,Debt,Medium to Long Duration,Income/Debt Oriented Schemes - Medium to Long Term Fund,Regular,Growth,2000-09-11,AMFI scheme master,26.07,60.2393,2026-10-06,61.1035,2026-08-14,58.0498,2026-04-02,-0.0141432,830.2,Kuvera (latest month),829.82,Jul-Sep 2026,420.84,0.0136,Anupam Joshi; Dhruv Muchhal,Moderate Risk,-0.0098295,0.0326283,0.0276622,0.0455719,0.0637051,0.0479523,0.0490733,0.0663657,Since Apr-2006 (earlier NAV not in AMFI history),-9.42496e-05,0.0021693,-0.00132067,0.0229086,-0.0219518,-0.0334524,-0.056526,-0.0789222,0.393443,76.9,15.4,28.6,14,,2026-10-07
101685,INF336L01776,HSBC Medium to Long Term Fund,HSBC Mutual Fund,Debt,Medium to Long Duration,Income/Debt Oriented Schemes - Medium to Long Term Fund,Regular,Growth,2002-11-14,AMFI scheme master,23.9,43.5597,2026-10-06,44.0322,2026-08-14,42.3167,2026-04-02,-0.0107308,48.7,Kuvera (latest month),48.96,Jul-Sep 2026,31.75,0.013,Shriram Ramanathan; Mohd Asif Rizwi,Moderate Risk,-0.00782855,0.0264678,0.0253684,0.043625,0.0582568,0.0431274,0.0491186,0.0657163,Since Apr-2006 (earlier NAV not in AMFI history),-0.0023881,-0.00327899,-0.00614558,0.0204903,-0.0166761,-0.0341511,-0.329093,-0.45099,0,15.4,61.5,10.7,14,,2026-10-07
109740,INF109K01BO8,ICICI Prudential Medium to Long Term Fund,ICICI Prudential Mutual Fund,Debt,Medium to Long Duration,Income/Debt Oriented Schemes - Medium to Long Term Fund,Regular,Growth,2008-08-13,AMFI scheme master,18.15,41.9768,2026-10-06,42.5648,2026-08-14,40.5902,2026-04-02,-0.0138142,2048.1,Kuvera (latest month),2006.04,Jul-Sep 2026,976.79,0.01,Manish Banthia; Ritesh Lunawat,Moderate Risk,-0.00984569,0.0309505,0.0323069,0.0537401,0.0670917,0.0573817,0.0641698,0.0822632,NAV history,0.00455044,0.00555597,0.00810868,0.0196538,-0.0172888,-0.021986,0.106429,0.147469,0.983607,92.3,53.8,92.9,14,,2026-10-07
100223,INF192K01AB3,JM Medium to Long Term Fund,JM Financial Mutual Fund,Debt,Medium to Long Duration,Income/Debt Oriented Schemes - Medium to Long Term Fund,Regular,Growth,2006-04-03,Before Apr-2006 (AMFI history starts 03-Apr-2006),20.51,64.1003,2026-10-06,64.8673,2026-08-13,62.6304,2026-04-02,-0.0118241,30.2,Kuvera (latest month),29.78,Jul-Sep 2026,5.29,0.0103,Killol Pandya; Ruchi Fozdar; Jayant Dhoot,Moderate Risk,-0.00828335,0.0212339,0.0221149,0.0472635,0.0614017,0.0472433,0.0374194,0.04175,Since Apr-2006 (earlier NAV not in AMFI history),-0.0056416,-0.00013404,-0.00202975,0.0205202,-0.0157451,-0.0339826,-0.175353,-0.248575,0.42623,46.2,76.9,35.7,14,,2026-10-07
100299,INF174K01EM0,Kotak Medium to Long Term Fund,Kotak Mahindra Mutual Fund,Debt,Medium to Long Duration,Income/Debt Oriented Schemes - Medium to Long Term Fund,Regular,Growth,1999-11-25,AMFI scheme master,26.87,79.5277,2026-10-06,80.6833,2026-08-14,76.7354,2026-04-02,-0.0143227,1784.2,Kuvera (latest month),1798.83,Jul-Sep 2026,549.54,0.016539,Abhishek Bisen,Moderate Risk,-0.00818245,0.0335467,0.0272654,0.0445461,0.0615358,0.049273,0.0559053,0.074161,Since Apr-2006 (earlier NAV not in AMFI history),-0.000491131,0,0,0.0209638,-0.0195581,-0.0284994,-0.165248,-0.227302,0.508197,61.5,38.5,42.9,14,,2026-10-07
100315,INF767K01923,LIC MF Medium to Long Term Fund,LIC Mutual Fund,Debt,Medium to Long Duration,Income/Debt Oriented Schemes - Medium to Long Term Fund,Regular,Growth,1999-03-26,AMFI scheme master,27.53,75.6405,2026-10-06,76.1246,2026-08-14,72.8165,2026-04-02,-0.00635931,174.8,Kuvera (latest month),175.02,Jul-Sep 2026,95.46,0.0062,Rahul Singh; Pratik Shroff,Moderate Risk,-0.00264895,0.0353628,0.0377207,0.053098,0.0663027,0.0554024,0.0558699,0.0693783,Since Apr-2006 (earlier NAV not in AMFI history),0.00996421,0.00476691,0.00612939,0.0190545,-0.0164438,-0.0219665,0.0683657,0.0991675,0.721311,84.6,69.2,71.4,14,,2026-10-07
100387,INF204K01CL1,Nippon India Medium to Long Term Fund,Nippon India Mutual Fund,Debt,Medium to Long Duration,Income/Debt Oriented Schemes - Medium to Long Term Fund,Regular,Growth,1997-12-20,AMFI scheme master,28.8,92.6185,2026-10-06,93.8711,2026-08-14,89.4584,2026-04-02,-0.0133438,328.9,Kuvera (latest month),340.97,Jul-Sep 2026,193.62,0.0148,Vivek Sharma; Kinjal Desai; Amber Singhania,Moderate Risk,-0.00827274,0.0302747,0.0278507,0.0423581,0.0596671,0.0507445,0.0584055,0.0725227,Since Apr-2006 (earlier NAV not in AMFI history),9.42496e-05,-0.0018687,0.00147147,0.0217808,-0.0228331,-0.0228331,-0.244846,-0.336575,0.590164,30.8,7.7,50,14,,2026-10-07
100639,INF200K01594,SBI MEDIUM TO LONG TERM FUND,SBI Mutual Fund,Debt,Medium to Long Duration,Income/Debt Oriented Schemes - Medium to Long Term Fund,Regular,Growth,2006-04-03,Before Apr-2006 (AMFI history starts 03-Apr-2006),20.51,73.6299,2026-10-06,74.2243,2026-08-14,71.2395,2026-04-02,-0.00800816,2046,Kuvera (latest month),2049.59,Jul-Sep 2026,1357.91,0.0148,Mohit Jain,Moderately High Risk,-0.00457224,0.0302182,0.0320087,0.0494932,0.0618461,0.054258,0.0664365,0.0686427,Since Apr-2006 (earlier NAV not in AMFI history),0.00425222,0.000310346,0.00498499,0.0185037,-0.0150426,-0.0192649,-0.170446,-0.235098,0.901639,53.8,84.6,85.7,14,,2026-10-07
100741,INF789F01406,UTI Medium to Long Term Fund,UTI Mutual Fund,Debt,Medium to Long Duration,Income/Debt Oriented Schemes - Medium to Long Term Fund,Regular,Growth,1998-05-04,AMFI scheme master,28.43,75.9437,2026-10-06,76.5708,2026-08-14,73.6627,2026-04-02,-0.00818981,305,Kuvera (latest month),303.59,Jul-Sep 2026,207.81,0.0164,Amit Sharma,Moderately High Risk,-0.00414374,0.0281474,0.027616,0.0460973,0.0609459,0.065809,0.0467994,0.065576,Since Apr-2006 (earlier NAV not in AMFI history),-0.000140492,-0.000589874,0.016536,0.0192816,-0.0173103,-0.0232475,-0.210258,-0.291152,0.672131,38.5,46.2,64.3,14,,2026-10-07
101976,INF209K01RV7,Aditya Birla Sun Life Money Market Fund,Aditya Birla Sun Life Mutual Fund,Debt,Money Market,Income/Debt Oriented Schemes - Money Market Fund,Regular,Growth,2003-06-01,AMFI scheme master,23.35,401.118,2026-10-06,401.118,2026-10-06,377.117,2025-10-07,0,29876.8,Kuvera (latest month),29533.2,Jul-Sep 2026,5465.32,0.0037,Kaustubh Gupta; Anuj Jain; Mohit Sharma,Moderate Risk,0.0158155,0.036237,0.0637802,0.0706635,0.0726751,0.066539,0.0671257,0.068798,Since Apr-2006 (earlier NAV not in AMFI history),0.000712118,0.00221573,0.00298118,0.00422699,-0.00194639,-0.00270178,1.81573,3.34382,1,88,4,84,29,NAV history rebased (face value change),2026-10-07
147568,INF846K01R46,Axis Money Market Fund,Axis Mutual Fund,Debt,Money Market,Income/Debt Oriented Schemes - Money Market Fund,Regular,Growth,2019-07-26,AMFI scheme master,7.2,1551.56,2026-10-06,1551.56,2026-10-06,1458.42,2025-10-07,0,21405.4,Kuvera (latest month),20440.1,Jul-Sep 2026,2363.57,0.0035,Devang Shah; Aditya Pagaria; Sachin Jain,Moderate Risk,0.0155792,0.0360219,0.0639824,0.070928,0.0727686,0.0662664,,0.0629657,NAV history,0.000914353,0.0023093,0.00270859,0.00418443,-0.00148556,-0.00237109,1.85656,3.47513,1,96,68,84,29,,2026-10-07
151893,INF0QA701441,Bajaj Finserv Money Market Fund,Bajaj Finserv Mutual Fund,Debt,Money Market,Income/Debt Oriented Schemes - Money Market Fund,Regular,Growth,2023-07-17,AMFI scheme master,3.23,1235.89,2026-10-06,1235.89,2026-10-06,1168.21,2025-10-07,0,5325.8,Kuvera (latest month),4757.6,Jul-Sep 2026,247.86,0.0078,Nimesh Chandan; Siddharth Chaudhary,Low to Moderate Risk,0.0138006,0.0329405,0.0580278,0.0655119,0.067209,,,0.0681314,NAV history,-0.00504023,-0.00325032,,0.0040093,-0.00142702,,0.550974,0.948907,0,20,76,12,29,,2026-10-07
108756,INF194K01LJ9,Bandhan Money Market  Fund,Bandhan Mutual Fund,Debt,Money Market,Debt Scheme - Money Market Fund,Regular,Growth,2003-02-18,AMFI scheme master,23.63,43.6648,2026-10-06,43.6648,2026-10-06,41.0641,2025-10-07,0,14415.9,AMFI AAUM Jul-Sep 2026,14415.9,Jul-Sep 2026,1768.07,0.0036,,,0.0152598,0.0354053,0.063444,0.0699415,0.0698098,0.061631,0.0584881,0.0670366,NAV history,0.000375979,-0.000649556,-0.00192679,0.00404033,-0.00171628,-0.00262644,1.19044,2.122,0.262295,40,16,44,29,,2026-10-07
153293,INF761K01GS6,Bank of India Money Market Fund,Bank of India Mutual Fund,Debt,Money Market,Debt Scheme - Money Market Fund,Regular,Growth,2025-01-28,AMFI scheme master,1.69,11.1453,2026-10-06,11.1453,2026-10-06,10.5014,2025-10-07,0,459.47,AMFI AAUM Jul-Sep 2026,459.47,Jul-Sep 2026,206.53,0.0054,,,0.0147312,0.0346739,0.0614268,,,,,0.0670199,NAV history,-0.00164125,,,,,,,,,,,,29,,2026-10-07
147382,INF955L01HY8,Baroda BNP Paribas Money Market Fund,Baroda BNP Paribas Mutual Fund,Debt,Money Market,Income/Debt Oriented Schemes - Money Market Fund,Regular,Growth,2019-06-13,AMFI scheme master,7.32,1492.79,2026-10-06,1492.79,2026-10-06,1404.99,2025-10-07,0,3626,Kuvera (latest month),3530.76,Jul-Sep 2026,550.38,0.004,Prashant Pimple; Vikram Pamnani,Low to Moderate Risk,0.015504,0.0355775,0.0626192,0.0696396,0.0704014,0.0627971,,0.0563995,NAV history,-0.000448914,-5.79095e-05,-0.000760777,0.004031,-0.00128631,-0.0021736,1.33997,2.42268,0.163934,52,80,28,29,,2026-10-07
100087,INF740K01714,DSP Money Market Fund,DSP Mutual Fund,Debt,Money Market,Income/Debt Oriented Schemes - Money Market Fund,Regular,Growth,1999-09-20,AMFI scheme master,27.05,56.9642,2026-10-06,56.9642,2026-10-06,53.5939,2025-10-07,0,10991.6,Kuvera (latest month),9437.14,Jul-Sep 2026,1371.4,0.004,Karan Mundhra; Shalini Vasanta,Moderate Risk,0.0152219,0.0359369,0.0630208,0.0680776,0.0698639,0.0624628,0.0619743,0.063807,Since Apr-2006 (earlier NAV not in AMFI history),-4.73061e-05,-0.000595406,-0.00109507,0.00410529,-0.00168959,-0.00581764,1.1848,2.07959,0.42623,36,24,60,29,,2026-10-07
140229,INF843K01344,Edelweiss Money Market Fund,Edelweiss Mutual Fund,Debt,Money Market,Debt Scheme - Money Market Fund,Regular,Growth,2008-06-09,AMFI scheme master,18.33,30.6306,2026-10-06,30.6306,2026-10-06,28.9229,2025-10-07,0,2322.3,Kuvera (latest month),2302.35,Jul-Sep 2026,401.7,0.0067,Rahul Dedhia; Hetul Raval,Low to Moderate Risk,0.0145573,0.0337768,0.0591274,0.0650918,0.0662463,0.0578703,,0.0586651,NAV history,-0.00394067,-0.00421304,-0.00568758,0.00405612,-0.00151168,-0.00341579,0.307263,0.5177,0,16,64,12,29,,2026-10-07
101357,INF090I01CA1,Franklin India Money Market Fund,Franklin Templeton Mutual Fund,Debt,Money Market,Debt Scheme - Money Market Fund,Regular,Growth,2002-01-21,AMFI scheme master,24.71,54.3753,2026-10-06,54.3753,2026-10-06,51.1196,2025-10-07,0,3937.3,Kuvera (latest month),4068.82,Jul-Sep 2026,634.47,0.003,Rahul Goswami; Rohan Maru; Chandni Gupta,Low to Moderate Risk,0.0159126,0.0359035,0.0637919,0.0708401,0.0723676,0.0650928,0.0659883,0.0738394,Since Apr-2006 (earlier NAV not in AMFI history),0.000723879,0.00190825,0.00153498,0.00419071,-0.00117658,-0.00280351,1.75807,3.28428,1,84,92,84,29,,2026-10-07
153992,INF666M01MZ6,Groww Money Market Fund,Groww Mutual Fund,Debt,Money Market,Income/Debt Oriented Schemes - Money Market Fund,Regular,Growth,2025-11-10,AMFI scheme master,0.91,10.4716,2026-10-06,10.4716,2026-10-06,10.0047,2025-11-20,0,59.4,AMFI AAUM Jul-Sep 2026,59.4,Jul-Sep 2026,39.06,0.0086,,,0.0136291,0.0284221,,,,,,0.0466681,"NAV history (absolute, <1Y)",,,,,,,,,,,,,29,,2026-10-07
101993,INF179KB1HR5,HDFC Money Market Fund,HDFC Mutual Fund,Debt,Money Market,Debt Scheme - Money Market Fund,Regular,Growth,1999-11-18,AMFI scheme master,26.89,6192.26,2026-10-06,6192.26,2026-10-06,5824.12,2025-10-07,0,33191.8,Kuvera (latest month),31273.3,Jul-Sep 2026,5964.15,0.0041,Praveen Jain; Dhruv Muchhal,Moderate Risk,0.0153115,0.0354643,0.0633216,0.0702384,0.0720354,0.0656664,0.0657215,0.0730731,Since Apr-2006 (earlier NAV not in AMFI history),0.0002535,0.00157602,0.00210857,0.00421249,-0.00155681,-0.0023064,1.67012,3.07867,1,68,48,84,29,NAV history rebased (face value change),2026-10-07
151048,INF917K01BC9,HSBC Money Market Fund,HSBC Mutual Fund,Debt,Money Market,Income/Debt Oriented Schemes - Money Market Fund,Regular,Growth,2010-10-27,AMFI scheme master,15.95,28.569,2026-10-06,28.569,2026-10-06,26.8892,2025-10-07,0,6992.9,Kuvera (latest month),7129.62,Jul-Sep 2026,360.13,0.0035,Mahesh Chhabria; Abhishek Iyer,Low to Moderate Risk,0.0153462,0.0354989,0.0625739,0.0693931,0.0707231,,,0.0705149,NAV history,-0.000494149,0.000263729,,0.00414919,-0.00169504,,1.37932,2.49814,0.305556,56,20,48,29,,2026-10-07
103633,INF109K01TX1,ICICI Prudential Money Market Fund - Cash Option,ICICI Prudential Mutual Fund,Debt,Money Market,Debt Scheme - Money Market Fund,Regular,Growth,2006-03-08,AMFI scheme master,20.58,411.213,2026-10-06,411.213,2026-10-06,386.735,2025-10-07,0,5734.34,AMFI AAUM Jul-Sep 2026,5734.34,Jul-Sep 2026,5724.69,,,,0.0155479,0.0356588,0.0633836,0.0706004,0.0724993,0.0660158,0.0658317,0.0711022,Since Apr-2006 (earlier NAV not in AMFI history),0.000315506,0.00203997,0.00245792,0.00430272,-0.00180741,-0.00231969,1.74292,3.22344,1,72,8,84,29,NAV history rebased (face value change),2026-10-07
112123,INF205K01SD1,Invesco India Money Market Fund - Growth,Invesco Mutual Fund,Debt,Money Market,Income/Debt Oriented Schemes - Money Market Fund,Regular,Growth,2009-08-14,AMFI scheme master,17.15,3293.16,2026-10-06,3293.16,2026-10-06,3101.85,2025-10-07,0,6607.1,Kuvera (latest month),6292.99,Jul-Sep 2026,508.8,0.0043,Krishna Cheemalapati; Vikas Garg,Low to Moderate Risk,0.0150065,0.034858,0.0617897,0.0681789,0.0700432,0.0621685,0.0623383,0.0720795,NAV history,-0.00127837,-0.000416095,-0.00138933,0.00418745,-0.00154713,-0.00555631,1.20437,2.16424,0.213115,44,52,40,29,NAV history rebased (face value change),2026-10-07
112120,INF205K01SG4,Invesco India Money Market Fund - Regular - Growth,Invesco Mutual Fund,Debt,Money Market,Income/Debt Oriented Schemes - Money Market Fund,Regular,Growth,2009-08-14,AMFI scheme master,17.15,2884.39,2026-10-06,2884.39,2026-10-06,2737.18,2025-10-07,0,6607.1,Kuvera (latest month),6292.99,Jul-Sep 2026,0.59,0.0043,Krishna Cheemalapati; Vikas Garg,Low to Moderate Risk,0.0132687,0.0313367,0.0538741,0.0600897,0.061959,0.0543994,0.0546641,0.0638156,NAV history,-0.00919393,-0.00850034,-0.00915844,0.00402276,-0.00175165,-0.00576632,-0.75595,-1.20373,0,4,12,12,29,NAV history rebased (face value change),2026-10-07
154639,INF22M001309,JioBlackRock Money Market Fund,Jio BlackRock Mutual Fund,Debt,Money Market,Income/Debt Oriented Schemes - Money Market Fund,Regular,Growth,2025-06-30,AMFI scheme master,1.27,1008.57,2026-10-06,1008.57,2026-10-06,1000.65,2026-08-24,0,3650.51,AMFI AAUM Jul-Sep 2026,3650.51,Jul-Sep 2026,0.02,0.0036,,,,,,,,,,0.00791425,"NAV history (absolute, <1Y)",,,,,,,,,,,,,29,,2026-10-07
101893,INF174K01NA6,Kotak Money Market Fund,Kotak Mahindra Mutual Fund,Debt,Money Market,Income/Debt Oriented Schemes - Money Market Fund,Regular,Growth,2006-04-02,Before Apr-2006 (AMFI history starts 03-Apr-2006),20.51,4866.1,2026-10-06,4866.1,2026-10-06,4575.97,2025-10-07,0,29764.1,Kuvera (latest month),29647.6,Jul-Sep 2026,3327.95,0.003716,Deepak Agrawal; Manu Sharma,Low to Moderate Risk,0.0153359,0.0354586,0.0635153,0.0704056,0.0723121,0.0661479,0.0655063,0.0728266,Since Apr-2006 (earlier NAV not in AMFI history),0.000447255,0.00185278,0.0025901,0.00418748,-0.00157249,-0.00204975,1.74619,3.25329,1,76,36,84,29,NAV history rebased (face value change),2026-10-07
150393,INF767K01RB6,LIC MF Money Market Fund,LIC Mutual Fund,Debt,Money Market,Debt Scheme - Money Market Fund,Regular,Growth,2022-07-28,AMFI scheme master,4.19,1287.68,2026-10-06,1287.68,2026-10-06,1211.05,2025-10-07,0,4215.7,Kuvera (latest month),4367.61,Jul-Sep 2026,117.16,0.0038,Rahul Singh; Pratik Shroff,Low to Moderate Risk,0.0153669,0.0358336,0.0634111,0.0655682,0.0643336,,,0.0623074,NAV history,0.000343065,-0.00612575,,0.00365884,-0.00103386,,-0.182138,-0.310949,0.179487,8,100,32,29,,2026-10-07
149115,INF769K01HK4,Mirae Asset Money Market Fund,Mirae Asset Mutual Fund,Debt,Money Market,Income/Debt Oriented Schemes - Money Market Fund,Regular,Growth,2021-08-04,AMFI scheme master,5.17,1361.48,2026-10-06,1361.48,2026-10-06,1283.3,2025-10-07,0,3586.5,Kuvera (latest month),3539.37,Jul-Sep 2026,251.31,0.0042,Pranavi Kulkarni,Low to Moderate Risk,0.0150822,0.0350243,0.0610032,0.0685682,0.0704593,0.0627478,,0.0617058,NAV history,-0.00206489,0,-0.000810051,0.00420163,-0.00160803,-0.00160803,1.29934,2.31491,0.352941,48,28,56,29,,2026-10-07
103048,INF204K01VA4,Nippon India Money Market Fund,Nippon India Mutual Fund,Debt,Money Market,Debt Scheme - Money Market Fund,Regular,Growth,2005-06-15,AMFI scheme master,21.31,4497.1,2026-10-06,4497.1,2026-10-06,4230.37,2025-10-07,0,23624.4,Kuvera (latest month),23044.2,Jul-Sep 2026,4499.97,0.0039,Kinjal Desai; Vikash Agarwal; Amber Singhania,Moderate Risk,0.0154094,0.0357547,0.0631786,0.070519,0.0725203,0.0666164,0.0663207,0.0736571,Since Apr-2006 (earlier NAV not in AMFI history),0.000110539,0.002061,0.00305854,0.00428917,-0.00156705,-0.00178746,1.75333,3.24007,1,80,40,84,29,NAV history rebased (face value change),2026-10-07
148159,INF663L01U24,PGIM India Money Market Fund,PGIM India Mutual Fund,Debt,Money Market,Debt Scheme - Money Market Fund,Regular,Growth,2020-02-28,AMFI scheme master,6.61,1433.07,2026-10-06,1433.07,2026-10-06,1351.41,2025-10-07,0,125.1,Kuvera (latest month),126.05,Jul-Sep 2026,51.25,0.004,Puneet Pal; Akhil Dhar,Low to Moderate Risk,0.0148858,0.0345878,0.0605342,0.0674988,0.0688616,0.0624024,,0.0561516,NAV history,-0.00253384,-0.0015977,-0.00115546,0.00414441,-0.00108919,-0.00110757,0.93177,1.67029,0.180328,28,96,36,29,,2026-10-07
102503,INF200K01636,SBI Money Market Fund,SBI Mutual Fund,Debt,Money Market,Income/Debt Oriented Schemes - Money Market Fund,Regular,Growth,2004-07-05,AMFI scheme master,22.26,44.7068,2026-10-06,44.7068,2026-10-06,42.1983,2025-10-07,0,32207.9,Kuvera (latest month),32053.7,Jul-Sep 2026,6625.13,0.0063,Rajeev Radhakrishnan; Sankalp Jain,Low to Moderate Risk,0.0145556,0.0337047,0.0595535,0.0667018,0.0683113,0.0617655,0.0616788,0.0713038,Since Apr-2006 (earlier NAV not in AMFI history),-0.00351458,-0.00214803,-0.00179237,0.00405554,-0.00156411,-0.00271693,0.816488,1.40865,0,24,44,12,29,,2026-10-07
154143,INF680P01489,Shriram Money Market Fund,Shriram Mutual Fund,Debt,Money Market,Income/Debt Oriented Schemes - Money Market Fund,Regular,Growth,2026-01-19,AMFI scheme master,0.71,1044.43,2026-10-06,1044.43,2026-10-06,1001.12,2026-01-28,0,96.25,AMFI AAUM Jul-Sep 2026,96.25,Jul-Sep 2026,43.48,0.0035,,,0.0146176,0.0333944,,,,,,0.043253,"NAV history (absolute, <1Y)",,,,,,,,,,,,,29,,2026-10-07
145042,INF903JA1FJ3,Sundaram Money Market Fund,Sundaram Mutual Fund,Debt,Money Market,Debt Scheme - Money Market Fund,Regular,Growth,2018-09-12,AMFI scheme master,8.07,16.2393,2026-10-06,16.2393,2026-10-06,15.2767,2025-10-07,0,1719.2,Kuvera (latest month),1546.65,Jul-Sep 2026,150.66,0.0038,Kumaresh Ramakrishnan; Sandeep Agarwal,Moderate Risk,0.0154005,0.0357159,0.0631154,0.0700956,0.0713921,0.0643767,,0.0622244,NAV history,4.73061e-05,0.000932785,0.000818855,0.00417538,-0.0014632,-0.0014632,1.53091,2.80281,0.688525,64,72,64,29,,2026-10-07
150511,INF0GCD01479,TRUSTMF Money Market Fund,Trust Mutual Fund,Debt,Money Market,Debt Scheme - Money Market Fund,Regular,Growth,2022-08-05,AMFI scheme master,4.17,1316.6,2026-10-06,1316.6,2026-10-06,1240.8,2025-10-07,0,164.4,Kuvera (latest month),167.91,Jul-Sep 2026,71.43,0.0045,Jalpan Shah; Shradhanjali Panda,Low to Moderate Risk,0.0147755,0.0340812,0.0612137,0.0672924,0.0691143,,,0.0685039,NAV history,-0.00185436,-0.00134499,,0.00379629,-0.00117787,,1.08378,1.9529,0.128205,32,88,24,29,,2026-10-07
101847,INF277K01LQ7,Tata Money Market Fund,Tata Mutual Fund,Debt,Money Market,Debt Scheme - Money Market Fund,Regular,Growth,2006-04-03,Before Apr-2006 (AMFI history starts 03-Apr-2006),20.51,5117.28,2026-10-06,5117.28,2026-10-06,4811.99,2025-10-07,0,34511.2,Kuvera (latest month),33968.5,Jul-Sep 2026,4099.71,0.004,Amit Somani; Harsh Dave,Moderate Risk,0.0155281,0.0356632,0.0635545,0.0705974,0.0725101,0.0662026,0.0585327,0.0695914,Since Apr-2006 (earlier NAV not in AMFI history),0.000486381,0.00205079,0.00264476,0.0041355,-0.00157483,-0.00253951,1.81601,3.4245,1,92,32,84,29,,2026-10-07
112077,INF789F01PX8,UTI MMF - Regular Plan - Growth Option,UTI Mutual Fund,Debt,Money Market,Debt Scheme - Money Market Fund,Regular,Growth,1997-04-23,AMFI scheme master,29.46,3344.22,2026-10-06,3344.22,2026-10-06,3143.16,2025-10-07,0,19467.7,Kuvera (latest month),16479.5,Jul-Sep 2026,3599.87,0.0029,Anurag Mittal; Amit Sharma,Moderate Risk,0.0157976,0.0359439,0.0640784,0.0711834,0.0728984,0.0667777,0.0662948,0.0725265,NAV history,0.00101036,0.0024391,0.00321989,0.00420927,-0.00154181,-0.00193517,1.87644,3.48973,1,100,56,84,29,NAV history rebased (face value change),2026-10-07
100723,INF789F01BF5,UTI MMF-Discontinued - Regular Plan -Growth,UTI Mutual Fund,Debt,Money Market,Debt Scheme - Money Market Fund,Regular,Growth,1997-04-23,AMFI scheme master,29.46,7727.62,2026-10-06,7727.62,2026-10-06,7263.04,2025-10-07,0,19467.7,Kuvera (latest month),16479.5,Jul-Sep 2026,13.68,0.0029,Anurag Mittal; Amit Sharma,Moderate Risk,0.0157975,0.0359439,0.064077,0.0709786,0.0709971,0.0635578,0.0619102,0.0690481,Since Apr-2006 (earlier NAV not in AMFI history),0.00100896,0.000537739,0,0.00416186,-0.00154179,-0.00198058,1.44096,2.61943,0.327869,60,60,52,29,NAV history rebased (face value change),2026-10-07
149116,INF582M01HO9,Union Money Market Fund,Union Mutual Fund,Debt,Money Market,Debt Scheme - Money Market Fund,Regular,Growth,2021-08-24,AMFI scheme master,5.12,1327.57,2026-10-06,1327.57,2026-10-06,1251.73,2025-10-07,0,1020.1,Kuvera (latest month),1267.15,Jul-Sep 2026,259.35,0.0064,Parijat Agrawal; Devesh Thacker,Low to Moderate Risk,0.0142503,0.0328522,0.0606609,0.0642918,0.0646828,0.0577196,,0.0569892,NAV history,-0.00240713,-0.00577653,-0.00583828,0.00360458,-0.00125532,-0.00125532,-0.0879967,-0.154486,0,12,84,12,29,,2026-10-07
153700,INF579M01BD1,360 ONE Overnight Fund,360 ONE Mutual Fund,Debt,Overnight,Income/Debt Oriented Schemes - Overnight Fund,Regular,Growth,2025-07-01,AMFI scheme master,1.27,1065.93,2026-10-06,1065.93,2026-10-06,1013.22,2025-10-07,0,317.25,AMFI AAUM Jul-Sep 2026,317.25,Jul-Sep 2026,8.64,0.0021,,,0.012516,0.0252478,0.0521723,,,,,0.0526583,NAV history,0.000560995,,,,,,,,,,,,39,,2026-10-07
145481,INF209KB1ZC3,ADITYA BIRLA SUN LIFE OVERNIGHT FUND,Aditya Birla Sun Life Mutual Fund,Debt,Overnight,Debt Scheme - Overnight Fund,Regular,Growth,2018-10-30,AMFI scheme master,7.94,1481.81,2026-10-06,1481.81,2026-10-06,1409.73,2025-10-07,0,10464,Kuvera (latest month),11052.8,Jul-Sep 2026,2087.3,0.0021,Kaustubh Gupta,Low Risk,0.0123771,0.0250096,0.0512821,0.055559,0.0592789,0.0562292,,0.0507795,NAV history,-0.000329237,-0.000183149,-0.000162529,0.0010195,0,0,-5.61166,-3.96694,0.213115,25,51.6,30.3,39,NAV history rebased (face value change),2026-10-07
146678,INF846K01O23,Axis Overnight Fund,Axis Mutual Fund,Debt,Overnight,Income/Debt Oriented Schemes - Overnight Fund,Regular,Growth,2019-03-07,AMFI scheme master,7.59,1458.02,2026-10-06,1458.02,2026-10-06,1385.61,2025-10-07,0,11325,Kuvera (latest month),11655.2,Jul-Sep 2026,2129.33,0.0013,Sachin Jain; Hardik Satra,Low Risk,0.0126603,0.0255252,0.0524136,0.0566954,0.0603701,0.0571848,,0.0510979,NAV history,0.000802256,0.000908067,0.00079302,0.0011724,0,0,-3.94903,-3.38526,1,75,51.6,90.9,39,,2026-10-07
146187,INF194KB1314,BANDHAN Overnight Fund,Bandhan Mutual Fund,Debt,Overnight,Debt Scheme - Overnight Fund,Regular,Growth,2019-01-16,AMFI scheme master,7.72,1462.4,2026-10-06,1462.4,2026-10-06,1391.04,2025-10-07,0,1160,Kuvera (latest month),1256.3,Jul-Sep 2026,395.84,0.0016,Brijesh Shah,Low Risk,0.0124509,0.0251185,0.0514529,0.0556869,0.0594158,0.0562941,,0.0504634,NAV history,-0.000158419,-4.63222e-05,-9.7693e-05,0.00110608,0,0,-5.04866,-3.93771,0.196721,46.9,51.6,24.2,39,,2026-10-07
147936,INF761K01EZ6,BANK OF INDIA OVERNIGHT FUND,Bank of India Mutual Fund,Debt,Overnight,Debt Scheme - Overnight Fund,Regular,Growth,2020-01-27,AMFI scheme master,6.69,1402.49,2026-10-06,1402.49,2026-10-06,1330.04,2025-10-07,0,108.5,Kuvera (latest month),86.44,Jul-Sep 2026,35.11,0.0014,Mithraem Bharucha,Low Risk,0.0128909,0.0273967,0.0546312,0.0581932,0.0616634,0.0582819,,0.0518526,NAV history,0.00301982,0.00220132,0.00189018,0.00216533,0,0,-1.63158,-2.70918,1,100,51.6,90.9,39,,2026-10-07
151851,INF0QA701250,Bajaj Finserv Overnight Fund,Bajaj Finserv Mutual Fund,Debt,Overnight,Debt Scheme - Overnight Fund,Regular,Growth,2023-06-29,AMFI scheme master,3.27,1211.57,2026-10-06,1211.57,2026-10-06,1150.95,2025-10-07,0,653,Kuvera (latest month),678,Jul-Sep 2026,110.77,0.0016,Nimesh Chandan; Siddharth Chaudhary; Chirag Shah; Sourish Chatterjee,Low to Moderate Risk,0.0128903,0.0257823,0.0528182,0.0566737,0.0602111,,,0.060668,NAV history,0.0012069,0.000749001,,0.00134843,0,,-3.55149,-3.53528,1,81.2,51.6,90.9,39,,2026-10-07
147193,INF955L01HS0,Baroda BNP Paribas Overnight Fund,Baroda BNP Paribas Mutual Fund,Debt,Overnight,Income/Debt Oriented Schemes - Overnight Fund,Regular,Growth,2019-04-23,AMFI scheme master,7.46,1445.38,2026-10-06,1445.38,2026-10-06,1374.01,2025-10-07,0,852.1,Kuvera (latest month),1460.66,Jul-Sep 2026,911.52,0.0012,Vikram Pamnani; Ayan Nandy,Low Risk,0.0126216,0.0255013,0.0520879,0.056125,0.0598222,0.0566715,,0.0506669,NAV history,0.000476583,0.000360078,0.0002797,0.00154448,0,0,-3.47739,-3.91451,0.983607,84.4,51.6,78.8,39,,2026-10-07
147534,INF760K01JO1,Canara Robeco Overnight Fund,Canara Robeco Mutual Fund,Debt,Overnight,Income/Debt Oriented Schemes - Overnight Fund,Regular,Growth,2019-07-19,AMFI scheme master,7.22,1425.44,2026-10-06,1425.44,2026-10-06,1355.34,2025-10-07,0,736.5,Kuvera (latest month),664.99,Jul-Sep 2026,192.38,0.0011,Suman Prasad; Avnish Jain,Low Risk,0.0126403,0.0254373,0.0518718,0.0559407,0.0596072,0.0566063,,0.0504136,NAV history,0.000260422,0.000145154,0.000214583,0.00193502,0,0,-2.88589,-4.12182,0.754098,90.6,51.6,72.7,39,,2026-10-07
154415,INF2KCX01095,Choice Overnight Fund,Choice Mutual Fund,Debt,Overnight,Income/Debt Oriented Schemes - Overnight Fund,Regular,Growth,2026-07-01,AMFI scheme master,0.27,101.277,2026-10-06,101.277,2026-10-06,100.047,2026-07-06,0,175.9,AMFI AAUM Jul-Sep 2026,175.9,Jul-Sep 2026,43.46,0.0022,,,0.0122942,,,,,,,0.0122942,"NAV history (absolute, <1Y)",,,,,,,,,,,,,39,,2026-10-07
146061,INF740KA1MB0,DSP Overnight Fund,DSP Mutual Fund,Debt,Overnight,Debt Scheme - Overnight Fund,Regular,Growth,2019-01-07,AMFI scheme master,7.75,1471.92,2026-10-06,1471.92,2026-10-06,1399.57,2025-10-07,0,2853.6,Kuvera (latest month),3305.58,Jul-Sep 2026,686.22,0.0018,Karan Mundhra; Shantanu Godambe; Shalini Vasanta,Low to Moderate Risk,0.0125071,0.0252297,0.0518404,0.0559956,0.059695,0.0566288,,0.0511896,NAV history,0.000229038,0.000232879,0.00023701,0.00116441,0,0,-4.55601,-3.74448,1,65.6,51.6,90.9,39,,2026-10-07
147569,INF754K01KE3,Edelweiss Overnight Fund,Edelweiss Mutual Fund,Debt,Overnight,Debt Scheme - Overnight Fund,Regular,Growth,2019-07-23,AMFI scheme master,7.21,1424.57,2026-10-06,1424.57,2026-10-06,1354.57,2025-10-07,0,192.1,Kuvera (latest month),340.23,Jul-Sep 2026,150.71,0.0016,Kedar Karnik; Hetul Raval,Low to Moderate Risk,0.0125655,0.0253789,0.0518231,0.0557945,0.0594534,0.0562933,,0.0503309,NAV history,0.000211744,-8.69126e-06,-9.84939e-05,0.000844299,0,0,-6.56949,-3.74627,0.278689,9.4,51.6,42.4,39,,2026-10-07
147213,INF090I01SO8,Franklin India Overnight Fund,Franklin Templeton Mutual Fund,Debt,Overnight,Debt Scheme - Overnight Fund,Regular,Growth,2019-05-07,AMFI scheme master,7.42,1437.38,2026-10-06,1437.38,2026-10-06,1365.55,2025-10-07,0,685.3,Kuvera (latest month),1000.91,Jul-Sep 2026,213.55,0.0011,Pallab Roy; Rohan Maru,Low to Moderate Risk,0.0126894,0.0256624,0.052749,0.0566232,0.0599903,0.0566233,,0.0501536,NAV history,0.00113761,0.000528189,0.000231565,0.00106663,0,0,-4.6968,-3.66608,0.47541,62.5,51.6,54.5,39,,2026-10-07
147454,INF666M01GT1,Groww Overnight Fund,Groww Mutual Fund,Debt,Overnight,Income/Debt Oriented Schemes - Overnight Fund,Regular,Growth,2019-06-20,AMFI scheme master,7.3,1414.02,2026-10-06,1414.02,2026-10-06,1346.38,2025-10-07,0,11.7,Kuvera (latest month),66.7,Jul-Sep 2026,6.11,0.0028,Kaustubh Sule; Ameya Sakpal,Low Risk,0.0120946,0.02453,0.0503829,0.0546673,0.0586176,0.0550215,,0.048853,NAV history,-0.00122844,-0.000844437,-0.00137025,0.00123613,0,0,-5.16317,-4.44219,0,37.5,51.6,10.6,39,,2026-10-07
101996,INF179KB1HS3,HDFC Overnight Fund,HDFC Mutual Fund,Debt,Overnight,Debt Scheme - Overnight Fund,Regular,Growth,2002-02-06,AMFI scheme master,24.67,4053.98,2026-10-06,4053.98,2026-10-06,3857.23,2025-10-07,0,12190.3,Kuvera (latest month),12355.3,Jul-Sep 2026,3151.73,0.0021,Swapnil Jangam; Rohan Pillai,Low Risk,0.0123819,0.0249252,0.0511553,0.0553361,0.0590754,0.055945,0.0524704,0.0607944,Since Apr-2006 (earlier NAV not in AMFI history),-0.000456077,-0.000386709,-0.000446711,0.000994033,0,0,-5.9602,-4.09039,0,15.6,51.6,10.6,39,NAV history rebased (face value change),2026-10-07
147290,INF336L01OL4,HSBC Overnight Fund,HSBC Mutual Fund,Debt,Overnight,Income/Debt Oriented Schemes - Overnight Fund,Regular,Growth,2019-05-21,AMFI scheme master,7.38,1434.19,2026-10-06,1434.19,2026-10-06,1363.65,2025-10-07,0,4535.2,Kuvera (latest month),4744.8,Jul-Sep 2026,705.38,0.0014,Rahul Totla; Abhishek Iyer,Low Risk,0.0124828,0.0251846,0.0518738,0.0559243,0.0595753,0.0563926,,0.0500824,NAV history,0.000262404,0.000113176,8.75153e-07,0.00111888,0,0,-4.84836,-3.86336,0.606557,53.1,51.6,60.6,39,,2026-10-07
152153,INF0R8701095,Helios Overnight Fund,Helios Mutual Fund,Debt,Overnight,Income/Debt Oriented Schemes - Overnight Fund,Regular,Growth,2023-10-19,AMFI scheme master,2.97,1183.41,2026-10-06,1183.41,2026-10-06,1126.75,2025-10-07,0,293.8,Kuvera (latest month),276.29,Jul-Sep 2026,210.18,0.0021,Alok Bahl; Devesh Bhatt,Low Risk,0.0122418,0.024752,0.0504318,0.0548145,,,,0.0585259,NAV history,-0.00117951,,,,,,,,0,,,10.6,39,,2026-10-07
145535,INF109KC17E3,ICICI Prudential Overnight Fund,ICICI Prudential Mutual Fund,Debt,Overnight,Debt Scheme - Overnight Fund,Regular,Growth,2018-11-14,AMFI scheme master,7.9,1480.26,2026-10-06,1480.26,2026-10-06,1407.51,2025-10-07,0,14368.2,Kuvera (latest month),14371,Jul-Sep 2026,2754.97,0.0015,Nikhil Kabra; Darshil Dedhia,Low Risk,0.0125195,0.0252414,0.0518375,0.0560042,0.0597246,0.0564646,,0.050925,NAV history,0.000226188,0.000262528,7.28346e-05,0.00102361,0,0,-5.15372,-3.77631,0.622951,40.6,51.6,63.6,39,NAV history rebased (face value change),2026-10-07
147714,INF00XX01473,ITI Overnight Fund,ITI Mutual Fund,Debt,Overnight,Debt Scheme - Overnight Fund,Regular,Growth,2019-10-09,AMFI scheme master,7,1387.81,2026-10-06,1387.81,2026-10-06,1323.37,2025-10-07,0,14.4,Kuvera (latest month),21.17,Jul-Sep 2026,9.66,0.0023,Laukik Bagwe,Low Risk,0.0116841,0.0237953,0.0488683,0.0532804,0.0570168,0.054313,,0.0482359,NAV history,-0.00274305,-0.00244528,-0.00207875,0.00134843,0,0,-5.92036,-5.43792,0,18.8,51.6,10.6,39,,2026-10-07
147878,INF205KA1114,Invesco India Overnight Fund,Invesco Mutual Fund,Debt,Overnight,Income/Debt Oriented Schemes - Overnight Fund,Regular,Growth,2020-01-07,AMFI scheme master,6.75,1391.75,2026-10-06,1391.75,2026-10-06,1323.12,2025-10-07,0,343.2,Kuvera (latest month),537.84,Jul-Sep 2026,272.54,0.0015,Krishna Cheemalapati,Low Risk,0.0126466,0.0254092,0.0520162,0.056149,0.0599277,0.056727,,0.0502217,NAV history,0.000404871,0.000465599,0.00033526,0.00115684,0,0,-4.38463,-3.60272,1,71.9,51.6,90.9,39,,2026-10-07
147836,INF192K01LX4,JM Overnight Fund,JM Financial Mutual Fund,Debt,Overnight,Income/Debt Oriented Schemes - Overnight Fund,Regular,Growth,2019-12-03,AMFI scheme master,6.84,1393.59,2026-10-06,1393.59,2026-10-06,1327.22,2025-10-07,0,191.09,AMFI AAUM Jul-Sep 2026,191.09,Jul-Sep 2026,26.37,0.0018,,,0.01211,0.0244264,0.0501482,0.0546824,0.0586063,0.0558862,,0.0496676,NAV history,-0.00146316,-0.000855801,-0.000505541,0.00116134,0,0,-5.50548,-4.30413,0.377049,28.1,51.6,45.5,39,NAV history rebased (face value change),2026-10-07
154640,INF22M001317,JioBlackRock Overnight Fund,Jio BlackRock Mutual Fund,Debt,Overnight,Income/Debt Oriented Schemes - Overnight Fund,Regular,Growth,2025-06-30,AMFI scheme master,1.27,1005.89,2026-10-06,1005.89,2026-10-06,1000.13,2026-08-24,0,1208.31,AMFI AAUM Jul-Sep 2026,1208.31,Jul-Sep 2026,2.49,0.0021,,,,,,,,,,0.00576053,"NAV history (absolute, <1Y)",,,,,,,,,,,,,39,,2026-10-07
146142,INF174KA1BC6,Kotak Overnight Fund,Kotak Mahindra Mutual Fund,Debt,Overnight,Debt Scheme - Overnight Fund,Regular,Growth,2019-01-10,AMFI scheme master,7.74,1464.76,2026-10-06,1464.76,2026-10-06,1393,2025-10-07,0,8617.8,Kuvera (latest month),9689.62,Jul-Sep 2026,1433.21,0.001991,Deepak Agrawal; Sunil Pandey,Low Risk,0.0124244,0.0250988,0.0516554,0.0559309,0.0595813,0.0563918,,0.0506323,NAV history,4.40473e-05,0.00011921,0,0.00113758,0,0,-4.76335,-3.86919,0.459016,59.4,51.6,50,39,,2026-10-07
154737,INF2ZPR01022,LAKSHYA OVERNIGHT FUND,Lakshya Mutual Fund,Debt,Overnight,Income/Debt Oriented Schemes - Overnight Fund,Regular,Growth,2026-09-15,AMFI scheme master,0.06,1002.4,2026-10-06,1002.4,2026-10-06,1000.86,2026-09-24,0,2.41,AMFI AAUM Jul-Sep 2026,2.41,Jul-Sep 2026,1.79,0.0031,,,,,,,,,,0.00153917,"NAV history (absolute, <1Y)",,,,,,,,,,,,,39,,2026-10-07
147519,INF767K01QD4,LIC MF Overnight Fund,LIC Mutual Fund,Debt,Overnight,Debt Scheme - Overnight Fund,Regular,Growth,2019-07-15,AMFI scheme master,7.23,1421.1,2026-10-06,1421.1,2026-10-06,1351.16,2025-10-07,0,732.2,Kuvera (latest month),986.69,Jul-Sep 2026,377.21,0.0014,Rahul Singh; Aakash Dhulia,Low Risk,0.0125747,0.0254075,0.0519104,0.0558918,0.0594242,0.0562318,,0.0497989,NAV history,0.000299086,-3.79047e-05,-0.000159965,0.000978772,0,0,-5.69676,-3.86858,0.229508,21.9,51.6,33.3,39,,2026-10-07
147565,INF174V01812,Mahindra Manulife Overnight Fund,Mahindra Manulife Mutual Fund,Debt,Overnight,Debt Scheme - Overnight Fund,Regular,Growth,2019-07-22,AMFI scheme master,7.21,1420.49,2026-10-06,1420.49,2026-10-06,1351.38,2025-10-07,0,76.8,Kuvera (latest month),146.76,Jul-Sep 2026,24.56,0.0019,Rahul Pal; Amit Garg,Low Risk,0.0124025,0.0248628,0.0512866,0.0555973,0.059377,0.0563166,,0.0498935,NAV history,-0.000324781,-8.50579e-05,-7.51273e-05,0.00201822,0,0,-2.8811,-4.32011,0.459016,93.8,51.6,50,39,,2026-10-07
147739,INF769K01FE1,Mirae Asset Overnight Fund,Mirae Asset Mutual Fund,Debt,Overnight,Income/Debt Oriented Schemes - Overnight Fund,Regular,Growth,2019-10-15,AMFI scheme master,6.98,1409.01,2026-10-06,1409.01,2026-10-06,1339.95,2025-10-07,0,1727.2,Kuvera (latest month),1984.13,Jul-Sep 2026,473.71,0.0018,Krishnpal Yadav,Low Risk,0.012475,0.0252053,0.0516888,0.0559411,0.0596955,0.0566423,,0.0503802,NAV history,7.74475e-05,0.000233392,0.000250532,0.0010587,0,0,-5.01042,-3.71225,1,50,51.6,90.9,39,,2026-10-07
154711,INF2ZSC01010,Monarch Overnight Fund,Monarch Mutual Fund,Debt,Overnight,Income/Debt Oriented Schemes - Overnight Fund,Regular,Growth,2026-09-03,AMFI scheme master,0.09,1003.83,2026-10-06,1003.83,2026-10-06,1000.32,2026-09-09,0,26.44,AMFI AAUM Jul-Sep 2026,26.44,Jul-Sep 2026,0.77,0.0028,,,,,,,,,,0.00351127,"NAV history (absolute, <1Y)",,,,,,,,,,,,,39,,2026-10-07
150368,INF0J8L01073,NJ Overnight Fund,NJ Mutual Fund,Debt,Overnight,Income/Debt Oriented Schemes - Overnight Fund,Regular,Growth,2022-07-29,AMFI scheme master,4.19,1274.03,2026-10-06,1274.03,2026-10-06,1212.56,2025-10-07,0,348.2,Kuvera (latest month),375.73,Jul-Sep 2026,124.7,0.0017,Viral Shah; Dhaval Patel; Jaimin Ilavia,Low Risk,0.0123403,0.0250435,0.0508338,0.0550454,0.058706,,,0.0595271,NAV history,-0.000777602,-0.00075604,,0.00172369,0,,-3.65144,-4.53898,0,78.1,51.6,10.6,39,,2026-10-07
145811,INF204KB1Q65,Nippon India Overnight Fund,Nippon India Mutual Fund,Debt,Overnight,Debt Scheme - Overnight Fund,Regular,Growth,2018-12-17,AMFI scheme master,7.81,147.483,2026-10-06,147.483,2026-10-06,140.236,2025-10-07,0,8547.7,Kuvera (latest month),8743.48,Jul-Sep 2026,1872.19,0.0019,Vikash Agarwal,Low Risk,0.0125356,0.0252733,0.0518309,0.0561278,0.0597736,0.0566439,,0.0510463,NAV history,0.000219506,0.000311573,0.000252125,0.00115618,0,0,-4.52036,-3.77527,0.934426,68.8,51.6,75.8,39,,2026-10-07
147600,INF663L01T43,PGIM India Overnight Fund,PGIM India Mutual Fund,Debt,Overnight,Debt Scheme - Overnight Fund,Regular,Growth,2019-08-12,AMFI scheme master,7.15,1418.12,2026-10-06,1418.12,2026-10-06,1349.55,2025-10-07,0,153.1,Kuvera (latest month),129.28,Jul-Sep 2026,31.29,0.002,Puneet Pal; Sandeep Devan,Low Risk,0.0122479,0.0248232,0.0509567,0.055592,0.0594559,0.056456,,0.0503138,NAV history,-0.000654608,-6.21154e-06,6.42984e-05,0.000809986,0,0,-6.84473,-3.71985,0.737705,6.2,51.6,69.7,39,NAV history rebased (face value change),2026-10-07
101206,INF200K01LQ9,SBI OVERNIGHT FUND,SBI Mutual Fund,Debt,Overnight,Debt Scheme - Overnight Fund,Regular,Growth,2005-07-25,AMFI scheme master,21.2,4433.71,2026-10-06,4433.71,2026-10-06,4216.88,2025-10-07,0,23407.1,Kuvera (latest month),27553.9,Jul-Sep 2026,3265.49,0.0013,Ranjana Gupta,Low Risk,0.0125144,0.0252197,0.0515673,0.0557721,0.0593724,0.0562579,0.0526799,0.0653546,Since Apr-2006 (earlier NAV not in AMFI history),-4.40473e-05,-8.96536e-05,-0.000133833,0.000877705,0,0,-6.4117,-3.85499,0.196721,12.5,51.6,24.2,39,NAV history rebased (face value change),2026-10-07
150632,INF0K1H01032,Samco Overnight Fund,Samco Mutual Fund,Debt,Overnight,Income/Debt Oriented Schemes - Overnight Fund,Regular,Growth,2022-10-04,AMFI scheme master,4.01,1250.36,2026-10-06,1250.36,2026-10-06,1193.87,2025-10-07,0,27.6,Kuvera (latest month),26.09,Jul-Sep 2026,21.53,0.0043,Nirali Bhansali; Dhawal Dhanani; Umeshkumar Mehta; Vishal Shinde,Low Risk,0.011289,0.0233179,0.047449,0.0519801,0.0559343,,,0.0574268,NAV history,-0.00416235,-0.00352774,,0.00130779,0,,-6.93205,-5.95762,0,3.1,51.6,10.6,39,,2026-10-07
154399,INF680P01505,Shriram Overnight Fund,Shriram Mutual Fund,Debt,Overnight,Income/Debt Oriented Schemes - Overnight Fund,Regular,Growth,2022-08-17,AMFI scheme master,4.14,1272.51,2026-10-06,1272.51,2026-10-06,1250.3,2026-05-30,0,87.48,AMFI AAUM Jul-Sep 2026,87.48,Jul-Sep 2026,10.92,0.0025,,,0.0124427,,,,,,,0.0177638,"NAV history (absolute, <1Y)",,,,,,,,,,,,,39,,2026-10-07
146959,INF903JA1GZ7,Sundaram Overnight Fund,Sundaram Mutual Fund,Debt,Overnight,Debt Scheme - Overnight Fund,Regular,Growth,2019-03-15,AMFI scheme master,7.56,1457.62,2026-10-06,1457.62,2026-10-06,1386.82,2025-10-07,0,1335.2,Kuvera (latest month),1742.07,Jul-Sep 2026,130.64,0.0017,Kumaresh Ramakrishnan; Sandeep Agarwal,Low to Moderate Risk,0.0124146,0.0251359,0.0511988,0.0555637,0.0592412,0.0561784,,0.0511541,NAV history,-0.00041258,-0.000220833,-0.000213377,0.00106562,0,0,-5.40415,-4.00043,0.196721,31.2,51.6,24.2,39,,2026-10-07
149795,INF0GCD01438,TRUSTMF Overnight Fund,Trust Mutual Fund,Debt,Overnight,Debt Scheme - Overnight Fund,Regular,Growth,2022-01-17,AMFI scheme master,4.72,1303.64,2026-10-06,1303.64,2026-10-06,1241.06,2025-10-07,0,31,Kuvera (latest month),51.59,Jul-Sep 2026,15.9,0.0017,Jalpan Shah; Shradhanjali Panda,Low Risk,0.0122595,0.0248286,0.0505722,0.0554061,0.0592222,,,0.0578473,NAV history,-0.00103916,-0.000239848,,0.00119568,0,,-4.83221,-4.06732,0.695652,56.2,51.6,66.7,39,,2026-10-07
146977,INF277K016T9,Tata Overnight Fund,Tata Mutual Fund,Debt,Overnight,Debt Scheme - Overnight Fund,Regular,Growth,2019-03-25,AMFI scheme master,7.54,1447.29,2026-10-06,1447.29,2026-10-06,1376.53,2025-10-07,0,4571,Kuvera (latest month),5764.53,Jul-Sep 2026,1034.46,0.0021,Jennifer Karkaria; Vijay Kerkar,Low Risk,0.0124351,0.0251312,0.0515529,0.0558054,0.0594672,0.0562779,,0.0502768,NAV history,-5.84849e-05,5.13328e-06,-0.000113826,0.00109373,0,0,-5.05864,-3.98031,0.262295,43.8,51.6,39.4,39,,2026-10-07
100814,INF789F01604,UTI - Overnight Fund,UTI Mutual Fund,Debt,Overnight,Debt Scheme - Overnight Fund,Regular,Growth,1999-08-23,AMFI scheme master,27.12,3741.51,2026-10-06,3741.51,2026-10-06,3557.15,2025-10-07,0,5647.5,Kuvera (latest month),6146.48,Jul-Sep 2026,715.73,0.0013,Jaydeep Bhowal,Low to Moderate Risk,0.012554,0.0253241,0.051977,0.0562142,0.0599453,0.0568059,0.0524767,0.0611861,Since Apr-2006 (earlier NAV not in AMFI history),0.000365626,0.000483223,0.000414128,0.000974361,0,0,-5.18771,-3.5587,1,34.4,51.6,90.9,39,NAV history rebased (face value change),2026-10-07
146997,INF582M01FJ3,Union Overnight Fund,Union Mutual Fund,Debt,Overnight,Debt Scheme - Overnight Fund,Regular,Growth,2019-03-26,AMFI scheme master,7.53,1444.67,2026-10-06,1444.67,2026-10-06,1374.07,2025-10-07,0,411.3,Kuvera (latest month),760.09,Jul-Sep 2026,224.83,0.0024,Devesh Thacker; Tarun Singh,Low Risk,0.0124696,0.0251941,0.0515229,0.055641,0.0594569,0.0562842,,0.0500521,NAV history,-8.84801e-05,-5.13328e-06,-0.000107585,0.00185249,0,0,-3.0957,-3.97546,0.245902,87.5,51.6,36.4,39,,2026-10-07
151195,INF966L01BC4,quant Overnight Fund,quant Mutual Fund,Debt,Overnight,Debt Scheme - Overnight Fund,Regular,Growth,2022-12-05,AMFI scheme master,3.84,12.577,2026-10-06,12.577,2026-10-06,11.9863,2025-10-07,0,58,Kuvera (latest month),60.36,Jul-Sep 2026,26.47,0.0026,Sanjeev Sharma; Haroonvardhan Sirohi,Low Risk,0.0119239,0.0242774,0.0494213,0.0546331,0.06008,,,0.0615572,NAV history,-0.00219001,0.000617963,,0.00180661,0,,-2.84368,-3.71056,0.6,96.9,51.6,57.6,39,,2026-10-07
154655,INF740KA1ZJ5,DSP Financial Services Sectoral Debt Fund,DSP Mutual Fund,Debt,Sectoral/Thematic,Income/Debt Oriented Schemes - Sectoral Fund,Regular,Growth,2026-08-19,AMFI scheme master,0.13,10.054,2026-10-06,10.054,2026-10-06,10.0041,2026-08-28,0,245.28,AMFI AAUM Jul-Sep 2026,245.28,Jul-Sep 2026,21.78,0.0045,,,,,,,,,,0.00498795,"NAV history (absolute, <1Y)",,,,,,,,,,,,,252,,2026-10-07
101844,INF209K01942,Aditya Birla Sun Life Short Term Fund,Aditya Birla Sun Life Mutual Fund,Debt,Short Duration,Debt Scheme - Short Duration Fund,Regular,Growth,2002-04-22,AMFI scheme master,24.46,50.7033,2026-10-06,50.7958,2026-09-09,48.4591,2025-10-07,-0.00182102,5782,Kuvera (latest month),5853.2,Jul-Sep 2026,1954.46,0.0096,Kaustubh Gupta; Mohit Sharma,Low to Moderate Risk,0.00278864,0.0310641,0.0469702,0.0640202,0.069944,0.0614188,0.0668834,0.0772887,Since Apr-2006 (earlier NAV not in AMFI history),0.00243812,0.00236644,0.00326269,0.00984528,-0.00536197,-0.00786115,0.502166,0.7418,1,80,76,96,27,,2026-10-07
112354,INF846K01644,Axis Short Duration Fund - Regular Plan - Growth Option,Axis Mutual Fund,Debt,Short Duration,Income/Debt Oriented Schemes - Short Term Fund,Regular,Growth,2010-01-19,AMFI scheme master,16.71,33.0765,2026-10-06,33.1032,2026-09-09,31.5489,2025-10-07,-0.000806569,7501,Kuvera (latest month),7848.52,Jul-Sep 2026,2060.04,0.0093,Devang Shah; Aditya Pagaria,Low to Moderate Risk,0.00420487,0.0324823,0.0491716,0.0676981,0.0723308,0.0616241,0.0673914,0.0742202,NAV history,0.00463958,0.00475324,0.00346799,0.00947533,-0.00545877,-0.00879992,0.773668,1.17537,1,100,56,96,27,,2026-10-07
112721,INF846K01594,Axis Short Duration Fund - Retail Plan - Growth Option,Axis Mutual Fund,Debt,Short Duration,Income/Debt Oriented Schemes - Short Term Fund,Regular,Growth,2010-01-19,AMFI scheme master,16.71,32.694,2026-10-06,32.7204,2026-09-09,31.184,2025-10-07,-0.000806836,7501,Kuvera (latest month),7848.52,Jul-Sep 2026,1.26,0.0093,Devang Shah; Aditya Pagaria,Low to Moderate Risk,0.00420492,0.0324834,0.0491725,0.0676994,0.0722108,0.0615291,0.067361,0.0739672,NAV history,0.00464048,0.00463325,0.00337302,0.00946396,-0.00545698,-0.00883036,0.761919,1.15624,0.983607,96,60,88,27,,2026-10-07
111585,INF761K01579,BANK OF INDIA SHORT TERM FUND,Bank of India Mutual Fund,Debt,Short Duration,Income/Debt Oriented Schemes - Short Term Fund,Regular,Growth,2008-12-03,AMFI scheme master,17.84,28.4119,2026-10-06,28.4497,2026-09-09,27.2221,2025-10-07,-0.00132866,260.1,Kuvera (latest month),266.13,Jul-Sep 2026,119.26,0.0119,Mithraem Bharucha,Low to Moderate Risk,0.00588408,0.0309669,0.0440792,0.068637,0.0711586,0.102945,0.0511058,0.0591989,NAV history,-0.000452892,0.00358104,0.0447887,0.0144047,-0.00597938,-0.00797027,0.427538,0.974669,0.606557,72,20,56,27,,2026-10-07
113036,INF955L01153,Baroda BNP Paribas Short Term Fund (the scheme has 2 segregated portfolios),Baroda BNP Paribas Mutual Fund,Debt,Short Duration,Income/Debt Oriented Schemes - Short Term Fund,Regular,Growth,2010-06-14,AMFI scheme master,16.31,31.0943,2026-10-06,31.099,2026-09-09,29.7756,2025-10-07,-0.00015113,333.85,AMFI AAUM Jul-Sep 2026,333.85,Jul-Sep 2026,194.63,0.0105,,,0.00722028,0.0322959,0.0447967,0.0627497,0.0677682,0.0583614,0.0647428,0.0721398,NAV history,0.00026467,0.000190708,0.000205258,0.0093014,-0.00550353,-0.015332,0.297614,0.446765,0.622951,56,52,60,27,,2026-10-07
115077,INF760K01BM2,Canara Robeco Short Term Fund,Canara Robeco Mutual Fund,Debt,Short Duration,Income/Debt Oriented Schemes - Short Term Fund,Regular,Growth,2011-04-01,AMFI scheme master,15.52,26.9469,2026-10-06,26.9745,2026-09-09,25.8242,2025-10-07,-0.00102319,284.3,Kuvera (latest month),285.76,Jul-Sep 2026,198.02,0.0099,Suman Prasad; Avnish Jain,Low to Moderate Risk,0.00717626,0.0282368,0.0436889,0.0591556,0.0639623,0.0542545,0.0610063,0.0662083,NAV history,-0.000843136,-0.00361518,-0.00390162,0.00794506,-0.00455461,-0.00962162,-0.130605,-0.189021,0.0163934,12,92,12,27,,2026-10-07
101304,INF740K01656,DSP Short Term Fund,DSP Mutual Fund,Debt,Short Duration,Debt Scheme - Short Duration Fund,Regular,Growth,2002-08-30,AMFI scheme master,24.1,49.3347,2026-10-06,49.456,2026-08-14,47.4034,2025-10-07,-0.00245269,3235.4,Kuvera (latest month),3416.34,Jul-Sep 2026,551.52,0.0096,Karan Mundhra; Shantanu Godambe,Low to Moderate Risk,0.00167709,0.0303521,0.0412624,0.0596767,0.0658505,0.0561771,0.0613981,0.0705745,Since Apr-2006 (earlier NAV not in AMFI history),-0.00326966,-0.00172706,-0.00197906,0.0099717,-0.00706874,-0.00976693,0.0852872,0.124265,0.114754,28,12,22,27,,2026-10-07
154540,INF090I01YT5,Franklin India Short Term Fund,Franklin Templeton Mutual Fund,Debt,Short Duration,Income/Debt Oriented Schemes - Short Term Fund,Regular,Growth,2026-08-05,AMFI scheme master,0.17,10.06,2026-10-06,10.06,2026-10-06,10,2026-08-12,0,149.28,AMFI AAUM Jul-Sep 2026,149.28,Jul-Sep 2026,56.33,0.0096,,,,,,,,,,0.006,"NAV history (absolute, <1Y)",,,,,,,,,,,,,27,,2026-10-07
123708,INF666M01AJ5,Groww Short Term Fund,Groww Mutual Fund,Debt,Short Duration,Income/Debt Oriented Schemes - Short Term Fund,Regular,Growth,2013-08-22,AMFI scheme master,13.13,2215.43,2026-10-06,2215.43,2026-10-06,2120.42,2025-10-07,0,95.1,Kuvera (latest month),94.88,Jul-Sep 2026,15.68,0.0106,Kaustubh Sule; Wilfred Gonsalves,Low to Moderate Risk,0.00783168,0.0318543,0.0448558,0.0613442,0.0654625,0.0511943,0.0537588,0.0626383,NAV history,0.000323719,-0.00211499,-0.0069618,0.00922634,-0.00431104,-0.0133762,0.0501313,0.0765869,0.114754,20,100,22,27,,2026-10-07
113047,INF179K01CU6,HDFC Short Term Fund,HDFC Mutual Fund,Debt,Short Duration,Income/Debt Oriented Schemes - Short Term Fund,Regular,Growth,2010-06-21,AMFI scheme master,16.3,34.1748,2026-10-06,34.2392,2026-09-09,32.6316,2025-10-07,-0.00188089,14486,Kuvera (latest month),14840,Jul-Sep 2026,4872.4,0.0072,Anil Bamboli; Dhruv Muchhal,Low to Moderate Risk,0.00302892,0.0301185,0.047831,0.065027,0.0717061,0.0618694,0.0697929,0.0783883,NAV history,0.00329898,0.00412855,0.00371326,0.00914403,-0.00538988,-0.00971168,0.733383,1.09181,1,92,72,96,27,,2026-10-07
101758,INF109K01654,ICICI Prudential Short Term Fund,ICICI Prudential Mutual Fund,Debt,Short Duration,Debt Scheme - Short Duration Fund,Regular,Growth,2006-04-02,Before Apr-2006 (AMFI history starts 03-Apr-2006),20.51,64.4336,2026-10-06,64.5516,2026-09-09,61.349,2025-10-07,-0.00182799,19402.6,Kuvera (latest month),19211.3,Jul-Sep 2026,7166.3,0.0105,Manish Banthia; Nikhil Kabra,Low to Moderate Risk,0.00357766,0.0316639,0.0509134,0.066921,0.0714218,0.0643009,0.0690785,0.0800071,Since Apr-2006 (earlier NAV not in AMFI history),0.0063813,0.00384425,0.00614482,0.00925763,-0.00539736,-0.00720702,0.693674,1.02881,0.967213,88,68,84,27,,2026-10-07
105189,INF205K01UR7,Invesco India Short Term Fund - Plan B - Growth,Invesco Mutual Fund,Debt,Short Duration,Income/Debt Oriented Schemes - Short Term Fund,Regular,Growth,2007-03-21,AMFI scheme master,19.55,3747.46,2026-10-06,3759.36,2026-08-14,3612.14,2025-10-07,-0.00316485,575.3,Kuvera (latest month),657.97,Jul-Sep 2026,0.03,0.0107,Vikas Garg; Gaurav Jakhotia,Moderate Risk,0.000373352,0.0259632,0.0378132,0.0580719,0.0659694,0.0542507,0.0596406,0.0698694,NAV history,-0.00671888,-0.00160815,-0.00390539,0.0102557,-0.00558114,-0.0122159,0.0945199,0.1416,0.180328,32,44,32,27,NAV history rebased (face value change),2026-10-07
105185,INF205K01UN6,Invesco India Short Term Fund - Regular Plan - Growth,Invesco Mutual Fund,Debt,Short Duration,Income/Debt Oriented Schemes - Short Term Fund,Regular,Growth,2007-03-21,AMFI scheme master,19.55,3773.06,2026-10-06,3784.44,2026-08-14,3631.93,2025-10-07,-0.00300602,575.3,Kuvera (latest month),657.97,Jul-Sep 2026,168.75,0.0107,Vikas Garg; Gaurav Jakhotia,Moderate Risk,0.000650823,0.0265861,0.0392144,0.0595816,0.0671508,0.0549504,0.0599854,0.0702381,NAV history,-0.00531766,-0.000426733,-0.0032057,0.0102605,-0.00552738,-0.012217,0.209618,0.315878,0.311475,44,48,40,27,NAV history rebased (face value change),2026-10-07
150542,INF192K01MM5,JM Short Term Fund,JM Financial Mutual Fund,Debt,Short Duration,Income/Debt Oriented Schemes - Short Term Fund,Regular,Growth,2022-08-10,AMFI scheme master,4.16,12.7414,2026-10-06,12.7569,2026-09-09,12.241,2025-10-07,-0.00121503,81.5,Kuvera (latest month),80.67,Jul-Sep 2026,18.2,0.0109,Killol Pandya; Ruchi Fozdar; Jayant Dhoot,Low to Moderate Risk,0.00588941,0.0290177,0.0410236,0.0590852,0.0637227,,,0.0605445,NAV history,-0.00350847,-0.00385484,,0.00912388,-0.00570556,,-0.139997,-0.20528,0,8,32,6,27,,2026-10-07
154635,INF22M001226,JioBlackRock Short Term Fund,Jio BlackRock Mutual Fund,Debt,Short Duration,Income/Debt Oriented Schemes - Short Term Fund,Regular,Growth,2026-01-08,AMFI scheme master,0.74,1002.35,2026-10-06,1002.88,2026-09-22,999.884,2026-08-28,-0.000527779,105.81,AMFI AAUM Jul-Sep 2026,105.81,Jul-Sep 2026,0.03,0.0099,,,,,,,,,,0.00246959,"NAV history (absolute, <1Y)",,,,,,,,,,,,,27,,2026-10-07
101373,INF174K01ES7,Kotak Short Term Fund,Kotak Mahindra Mutual Fund,Debt,Short Duration,Income/Debt Oriented Schemes - Short Term Fund,Regular,Growth,2002-05-03,AMFI scheme master,24.43,55.2835,2026-10-06,55.334,2026-09-09,53.0523,2025-10-07,-0.00091264,14436.4,Kuvera (latest month),14387.9,Jul-Sep 2026,2188.61,0.011238,Deepak Agrawal; Abhishek Bisen,Moderate Risk,0.00411757,0.0286738,0.0426108,0.0602243,0.0667674,0.0562375,0.0633801,0.0747864,Since Apr-2006 (earlier NAV not in AMFI history),-0.00192125,-0.000810143,-0.00191866,0.00945834,-0.00542726,-0.0133684,0.186859,0.276052,0.327869,40,64,44,27,,2026-10-07
145952,INF767K01PT2,LIC MF Short Term Fund,LIC Mutual Fund,Debt,Short Duration,Income/Debt Oriented Schemes - Short Term Fund,Regular,Growth,2019-01-11,AMFI scheme master,7.74,15.4596,2026-10-06,15.4708,2026-09-09,14.825,2025-10-07,-0.000723944,124,Kuvera (latest month),127.06,Jul-Sep 2026,87.38,0.0114,Rahul Singh; Pratik Shroff,Low to Moderate Risk,0.00416355,0.0334303,0.0432212,0.0597223,0.0655947,0.0528313,,0.0586101,NAV history,-0.00131081,-0.00198282,-0.00532479,0.0101201,-0.00826156,-0.0123784,0.0587645,0.0884537,0,24,4,6,27,,2026-10-07
148727,INF174V01AJ1,Mahindra Manulife Short Term Fund,Mahindra Manulife Mutual Fund,Debt,Short Duration,Income/Debt Oriented Schemes - Short Term Fund,Regular,Growth,2021-02-09,AMFI scheme master,5.66,13.5517,2026-10-06,13.5791,2026-08-14,12.9659,2025-10-07,-0.00201781,81.2,Kuvera (latest month),81.77,Jul-Sep 2026,47.06,0.0124,Rahul Pal; Kush Sonigara,Low to Moderate Risk,0.00192967,0.0297175,0.0455107,0.061328,0.0675775,0.0562451,,0.0556398,NAV history,0.000978593,0,-0.001911,0.00919541,-0.00480153,-0.0118568,0.280305,0.410302,0.22807,52,88,36,27,,2026-10-07
142642,INF769K01DU2,Mirae Asset Short Term Fund,Mirae Asset Mutual Fund,Debt,Short Duration,Income/Debt Oriented Schemes - Short Term Fund,Regular,Growth,2018-02-23,AMFI scheme master,8.62,16.6191,2026-10-06,16.6746,2026-09-09,16.0215,2025-10-07,-0.00332842,518.1,Kuvera (latest month),525.83,Jul-Sep 2026,204.94,0.0105,Basant Bafna,Low to Moderate Risk,0.0013738,0.0268275,0.0376691,0.0584533,0.0647371,0.0553013,,0.0608575,NAV history,-0.00686301,-0.00284041,-0.00285479,0.00984329,-0.00714781,-0.00954873,-0.0267069,-0.0380687,0.163934,16,8,28,27,,2026-10-07
101665,INF204K01FL4,Nippon India Short Term Fund,Nippon India Mutual Fund,Debt,Short Duration,Income/Debt Oriented Schemes - Short Term Fund,Regular,Growth,2002-12-09,AMFI scheme master,23.83,56.2955,2026-10-06,56.3715,2026-09-09,53.848,2025-10-07,-0.0013482,6556.8,Kuvera (latest month),6879.74,Jul-Sep 2026,2168.12,0.0094,Vivek Sharma; Kinjal Desai; Sushil Budhia; Amber Singhania,Low to Moderate Risk,0.00371565,0.030785,0.0459745,0.0652055,0.0708341,0.060017,0.0649658,0.0776358,Since Apr-2006 (earlier NAV not in AMFI history),0.00144247,0.00325655,0.00186087,0.00972806,-0.00596135,-0.012377,0.599716,0.901246,0.901639,84,24,80,27,,2026-10-07
106231,INF200K01HZ8,SBI SHORT TERM FUND - REGULAR PLAN -GROWTH,SBI Mutual Fund,Debt,Short Duration,Income/Debt Oriented Schemes - Short Term Fund,Regular,Growth,2007-07-19,AMFI scheme master,19.22,34.1451,2026-10-06,34.2002,2026-09-09,32.75,2025-10-07,-0.0016111,13434.7,Kuvera (latest month),13654.5,Jul-Sep 2026,3283.73,0.0088,Mansi Sajeja,Low to Moderate Risk,0.00268989,0.0288852,0.0430826,0.0630234,0.0680439,0.0586567,0.0643016,0.066118,NAV history,-0.00144947,0.000466345,0.000500524,0.0094173,-0.00517501,-0.00826713,0.323221,0.476057,0.754098,60,80,64,27,,2026-10-07
106227,INF200K01IG6,SBI SHORT TERM FUND-SHORT TERM FUND - RETAIL - GROWTH,SBI Mutual Fund,Debt,Short Duration,Income/Debt Oriented Schemes - Short Term Fund,Regular,Growth,2007-07-19,AMFI scheme master,19.22,38.6324,2026-10-06,38.6947,2026-09-09,37.054,2025-10-07,-0.00161004,13434.7,Kuvera (latest month),13654.5,Jul-Sep 2026,4.54,0.0088,Mansi Sajeja,Low to Moderate Risk,0.0026915,0.0288858,0.0430843,0.0630249,0.0680454,0.0586567,0.0643095,0.0730049,NAV history,-0.00144777,0.000467879,0.000500525,0.00941876,-0.00517282,-0.00826979,0.323333,0.476227,0.770492,64,84,68,27,,2026-10-07
149585,INF173K01BA3,Sundaram Short Term Fund (Formerly Known as Sundaram Short Duration Fund),Sundaram Mutual Fund,Debt,Short Duration,Income/Debt Oriented Schemes - Short Term Fund,Regular,Growth,2002-04-24,AMFI scheme master,24.45,47.1622,2026-10-06,47.1887,2026-09-09,45.0539,2025-10-07,-0.000561575,178.2,Kuvera (latest month),180.27,Jul-Sep 2026,87.04,0.008,Kumaresh Ramakrishnan; Sandeep Agarwal; Ronak Shah,Low to Moderate Risk,0.00697548,0.0304308,0.0470251,0.0622902,0.0690216,,,0.0610801,NAV history,0.00249307,0.00144413,,0.00897375,-0.0044347,,0.448157,0.683375,0.782609,76,96,72,27,,2026-10-07
149073,INF0GCD01313,TRUSTMF Short Term Fund,Trust Mutual Fund,Debt,Short Duration,Income/Debt Oriented Schemes - Short Term Fund,Regular,Growth,2021-07-20,AMFI scheme master,5.22,1330.7,2026-10-06,1330.7,2026-10-06,1273.92,2025-10-07,0,63.1,Kuvera (latest month),67.89,Jul-Sep 2026,24.69,0.0074,Jalpan Shah; Shradhanjali Panda,Low to Moderate Risk,0.00826656,0.0316078,0.0448641,0.0626627,0.066266,0.0572122,,0.0568883,NAV history,0.00033201,-0.0013115,-0.000943961,0.00917076,-0.00589102,-0.0111028,0.13805,0.202589,0.392157,36,28,48,27,,2026-10-07
101548,INF277K01972,Tata Short Term Fund,Tata Mutual Fund,Debt,Short Duration,Income/Debt Oriented Schemes - Short Term Fund,Regular,Growth,2006-04-03,Before Apr-2006 (AMFI history starts 03-Apr-2006),20.51,50.5478,2026-10-06,50.6507,2026-09-09,48.6292,2025-10-07,-0.00203156,2926.2,Kuvera (latest month),2936.65,Jul-Sep 2026,617.95,0.0111,Amit Somani; Dhawal Joshi,Moderate Risk,0.00404217,0.0287681,0.0398386,0.0568236,0.0634482,0.0545786,0.0546979,0.0709074,Since Apr-2006 (earlier NAV not in AMFI history),-0.00469351,-0.00412928,-0.00357757,0.00956145,-0.00632931,-0.00876938,-0.162294,-0.23631,0.0983607,4,16,16,27,,2026-10-07
106384,INF789F01AJ9,UTI Short Term Fund - Discontinued Regular Option -Growth Sub Option,UTI Mutual Fund,Debt,Short Duration,Income/Debt Oriented Schemes - Short Term Fund,Regular,Growth,2003-06-25,AMFI scheme master,23.29,47.4744,2026-10-06,47.5531,2026-09-09,45.4725,2025-10-07,-0.00165499,1798.2,Kuvera (latest month),1947.13,Jul-Sep 2026,14.88,0.0081,Anurag Mittal,Low to Moderate Risk,0.00441759,0.0307951,0.0445321,0.0614209,0.0670332,0.0581561,0.0544401,0.0716849,NAV history,0,-0.0005443,0,0.00911215,-0.00561489,-0.00719498,0.223133,0.328336,0.557377,48,40,52,27,,2026-10-07
106624,INF789F01QA4,UTI Short Term Fund - Regular Plan - Growth Option,UTI Mutual Fund,Debt,Short Duration,Income/Debt Oriented Schemes - Short Term Fund,Regular,Growth,2003-06-25,AMFI scheme master,23.29,33.7257,2026-10-06,33.7816,2026-09-09,32.3035,2025-10-07,-0.00165475,1798.2,Kuvera (latest month),1947.13,Jul-Sep 2026,592.57,0.0081,Anurag Mittal,Low to Moderate Risk,0.00441965,0.0307964,0.0445338,0.0615848,0.0684913,0.0603427,0.0575819,0.0658687,NAV history,1.78737e-06,0.000913769,0.00218662,0.00913123,-0.00561695,-0.0071624,0.382346,0.565639,0.836066,68,36,76,27,,2026-10-07
101317,INF209K01LZ1,Aditya Birla Sun Life Ultra Short Term Fund,Aditya Birla Sun Life Mutual Fund,Debt,Ultra Short Duration,Income/Debt Oriented Schemes - Ultra Short Term Fund,Regular,Growth,2001-11-19,AMFI scheme master,24.88,593.715,2026-10-06,593.715,2026-10-06,558.582,2025-10-07,0,18819.3,Kuvera (latest month),18394.9,Jul-Sep 2026,6771.05,0.0058,Sunaina Cunha; Kaustubh Gupta; Monika Gandhi,Moderate Risk,0.01516,0.0344374,0.0630127,0.0708032,0.072422,0.0657521,0.0677125,0.0765968,Since Apr-2006 (earlier NAV not in AMFI history),0.00331219,0.00535891,0.00462197,0.0041319,-0.00118418,-0.00345196,1.79626,3.29678,1,100,12.5,88,27,NAV history rebased (face value change),2026-10-07
144759,INF846K01G23,Axis Ultra Short Term Fund,Axis Mutual Fund,Debt,Ultra Short Duration,Income/Debt Oriented Schemes - Ultra Short Term Fund,Regular,Growth,2018-08-27,AMFI scheme master,8.11,15.8462,2026-10-06,15.8462,2026-10-06,14.9727,2025-10-07,0,6073.9,Kuvera (latest month),5786.73,Jul-Sep 2026,2502.21,0.0126,Sachin Jain; Hardik Shah,Moderate Risk,0.0140465,0.0320971,0.0585092,0.0639021,0.0656438,0.0591018,,0.0585993,NAV history,-0.00119135,-0.00141924,-0.00202833,0.00360443,-0.0011068,-0.0023116,0.178619,0.304923,0,37.5,29.2,14,27,,2026-10-07
144171,INF194KA10Q8,BANDHAN ULTRA SHORT TERM FUND,Bandhan Mutual Fund,Debt,Ultra Short Duration,Income/Debt Oriented Schemes - Ultra Short Term Fund,Regular,Growth,2018-07-06,AMFI scheme master,8.25,16.4514,2026-10-06,16.4514,2026-10-06,15.4836,2025-10-07,0,4179.8,Kuvera (latest month),4383.75,Jul-Sep 2026,1099.79,0.0049,Harshal Joshi; Brijesh Shah,Low to Moderate Risk,0.0147919,0.034432,0.0626696,0.0677505,0.0695739,0.0629692,,0.062418,NAV history,0.00296903,0.00251082,0.00183914,0.00359502,-0.000974026,-0.00268391,1.27228,2.31635,0.901639,87.5,37.5,70,27,,2026-10-07
109269,INF761K01298,BANK OF INDIA ULTRA SHORT TERM FUND,Bank of India Mutual Fund,Debt,Ultra Short Duration,Income/Debt Oriented Schemes - Ultra Short Term Fund,Regular,Growth,2008-07-09,AMFI scheme master,18.25,3401.37,2026-10-06,3401.37,2026-10-06,3211.49,2025-10-07,0,184.2,Kuvera (latest month),175.24,Jul-Sep 2026,128.01,0.0102,Mithraem Bharucha,Low to Moderate Risk,0.0137629,0.0313584,0.0592288,0.0633705,0.0638891,0.0583338,0.0612709,0.0694609,NAV history,-0.000471729,-0.00317392,-0.00279626,0.00364804,-0.000709169,-0.00229412,-0.304509,-0.538027,0.131148,20.8,70.8,38,27,,2026-10-07
143464,INF955L01GX2,Baroda BNP Paribas Ultra Short Term Fund,Baroda BNP Paribas Mutual Fund,Debt,Ultra Short Duration,Income/Debt Oriented Schemes - Ultra Short Term Fund,Regular,Growth,2018-05-24,AMFI scheme master,8.37,1669.32,2026-10-06,1669.32,2026-10-06,1569.18,2025-10-07,0,665.5,Kuvera (latest month),679.39,Jul-Sep 2026,185.15,0.0044,Vikram Pamnani; Ayan Nandy,Low to Moderate Risk,0.0156128,0.0353844,0.063957,0.0688039,0.0703925,0.0651164,,0.0632561,NAV history,0.0042565,0.00332944,0.00398625,0.00359299,-0.00060049,-0.00283396,1.50084,2.96569,1,91.7,91.7,88,27,,2026-10-07
109371,INF760K01DC9,Canara Robeco Ultra Short Term Fund,Canara Robeco Mutual Fund,Debt,Ultra Short Duration,Income/Debt Oriented Schemes - Ultra Short Term Fund,Regular,Growth,2003-08-29,AMFI scheme master,23.11,4085.34,2026-10-06,4085.34,2026-10-06,3859.8,2025-10-07,0,581.7,Kuvera (latest month),571.69,Jul-Sep 2026,349.02,0.0092,Bhupesh Kalyani; Avnish Jain,Low to Moderate Risk,0.0140294,0.0323728,0.0585729,0.0634202,0.0645031,0.057545,0.0550496,0.0674743,NAV history,-0.0011276,-0.00255996,-0.00358509,0.00356476,-0.000819768,-0.00196834,-0.139394,-0.23654,0,33.3,58.3,14,27,NAV history rebased (face value change),2026-10-07
104138,INF740K01QQ3,DSP Ultra Short Term Fund,DSP Mutual Fund,Debt,Ultra Short Duration,Income/Debt Oriented Schemes - Ultra Short Term Fund,Regular,Growth,2006-07-24,AMFI scheme master,20.21,3664.37,2026-10-06,3664.37,2026-10-06,3460.92,2025-10-07,0,4599.2,Kuvera (latest month),4604.02,Jul-Sep 2026,1916.23,0.0101,Karan Mundhra; Shalini Vasanta,Moderate Risk,0.0138787,0.0330313,0.0588995,0.0645983,0.0663971,0.0593607,0.0563494,0.0664576,NAV history,-0.000801079,-0.000665949,-0.00176938,0.00384806,-0.00104234,-0.00215022,0.363068,0.633137,0.114754,45.8,33.3,32,27,,2026-10-07
154622,INF754K01XV0,Edelweiss Ultra Short Term Fund,Edelweiss Mutual Fund,Debt,Ultra Short Duration,Income/Debt Oriented Schemes - Ultra Short Term Fund,Regular,Growth,2026-08-17,AMFI scheme master,0.14,1007.39,2026-10-06,1007.39,2026-10-06,1000.52,2026-08-27,0,354.92,AMFI AAUM Jul-Sep 2026,354.92,Jul-Sep 2026,6.81,0.0061,,,,,,,,,,0.00686764,"NAV history (absolute, <1Y)",,,,,,,,,,,,,27,,2026-10-07
152828,INF090I01XJ8,Franklin India Ultra Short Term Fund,Franklin Templeton Mutual Fund,Debt,Ultra Short Duration,Income/Debt Oriented Schemes - Ultra Short Term Fund,Regular,Growth,2024-08-19,AMFI scheme master,2.13,11.4624,2026-10-06,11.4624,2026-10-06,10.8132,2025-10-07,0,281.4,Kuvera (latest month),292.31,Jul-Sep 2026,247.51,0.0071,Rahul Goswami; Pallab Roy; Rohan Maru,Moderate Risk,0.0139051,0.0319328,0.0601848,0.0665595,,,,0.0670644,NAV history,0.00048427,,,,,,,,1,,,88,27,,2026-10-07
145040,INF179KB11R3,HDFC Ultra Short Term Fund,HDFC Mutual Fund,Debt,Ultra Short Duration,Debt Scheme - Ultra Short Duration Fund,Regular,Growth,2018-09-18,AMFI scheme master,8.05,16.3395,2026-10-06,16.3395,2026-10-06,15.4139,2025-10-07,0,17464.9,Kuvera (latest month),17066.9,Jul-Sep 2026,5440.02,0.0071,Anil Bamboli; Praveen Jain; Dhruv Muchhal,Moderate Risk,0.0146804,0.0327598,0.0601047,0.0665326,0.0687328,0.0624763,,0.0630317,NAV history,0.000404186,0.00166974,0.0013462,0.00394383,-0.00117369,-0.00224113,0.946491,1.65808,1,66.7,16.7,88,27,,2026-10-07
115092,INF109K01TP7,ICICI Prudential Ultra Short term Fund,ICICI Prudential Mutual Fund,Debt,Ultra Short Duration,Debt Scheme - Ultra Short Duration Fund,Regular,Growth,2011-04-14,AMFI scheme master,15.48,29.9447,2026-10-06,29.9447,2026-10-06,28.1976,2025-10-07,0,15973.9,Kuvera (latest month),15759,Jul-Sep 2026,6980.43,0.008,Manish Banthia; Ritesh Lunawat,Moderate Risk,0.0144865,0.0334917,0.0620646,0.0681406,0.0698234,0.0633757,0.0658976,0.0736418,NAV history,0.00236411,0.00276037,0.00224558,0.00385234,-0.00112816,-0.00185,1.25208,2.29164,1,83.3,25,88,27,,2026-10-07
148906,INF00XX01952,ITI Ultra Short Term Fund,ITI Mutual Fund,Debt,Ultra Short Duration,Income/Debt Oriented Schemes - Ultra Short Term Fund,Regular,Growth,2021-04-19,AMFI scheme master,5.47,1326.08,2026-10-06,1326.08,2026-10-06,1255.23,2025-10-07,0,165.4,Kuvera (latest month),163.31,Jul-Sep 2026,118.45,0.0091,Laukik Bagwe,Low to Moderate Risk,0.0135083,0.0303969,0.056597,0.0609013,0.0625024,0.0556575,,0.053421,NAV history,-0.00310355,-0.00456066,-0.00547264,0.00320934,-0.000583075,-0.00202514,-0.778229,-1.32456,0,12.5,100,14,27,,2026-10-07
114359,INF205K01TM0,Invesco India Ultra Short Term Fund,Invesco Mutual Fund,Debt,Ultra Short Duration,Income/Debt Oriented Schemes - Ultra Short Term Fund,Regular,Growth,2010-12-13,AMFI scheme master,15.82,2911.1,2026-10-06,2911.1,2026-10-06,2742.64,2025-10-07,0,1661.3,Kuvera (latest month),1314.15,Jul-Sep 2026,401.1,0.0079,Krishna Cheemalapati; Vikas Garg,Moderate Risk,0.0148343,0.0340917,0.0615891,0.0668714,0.0688463,0.0611301,0.0616817,0.0700071,NAV history,0.00188859,0.00178328,0,0.00380944,-0.000841159,-0.00257191,1.00969,1.98067,0.540984,75,54.2,52,27,NAV history rebased (face value change),2026-10-07
102591,INF174K01FD6,Kotak Ultra Short Term Fund,Kotak Mahindra Mutual Fund,Debt,Ultra Short Duration,Income/Debt Oriented Schemes - Ultra Short Term Fund,Regular,Growth,2006-04-03,Before Apr-2006 (AMFI history starts 03-Apr-2006),20.51,46.2035,2026-10-06,46.2035,2026-10-06,43.5996,2025-10-07,0,15961.6,Kuvera (latest month),15663.4,Jul-Sep 2026,2620.41,0.008218,Deepak Agrawal; Manu Sharma,Moderate Risk,0.0140775,0.0315307,0.0598543,0.0655448,0.0673232,0.0614399,0.0624407,0.0729513,Since Apr-2006 (earlier NAV not in AMFI history),0.000153762,0.000260143,0.000309768,0.00393074,-0.00123568,-0.00270544,0.591035,1.0345,0.885246,54.2,8.3,64,27,,2026-10-07
147770,INF767K01QO1,LIC MF Ultra Short Term Fund,LIC Mutual Fund,Debt,Ultra Short Duration,Income/Debt Oriented Schemes - Ultra Short Term Fund,Regular,Growth,2019-11-21,AMFI scheme master,6.88,1419.71,2026-10-06,1419.71,2026-10-06,1342.63,2025-10-07,0,677.5,Kuvera (latest month),645.28,Jul-Sep 2026,228.41,0.0138,Rahul Singh; Pratik Shroff,Low to Moderate Risk,0.0136582,0.0312167,0.0575142,0.0626614,0.0641923,0.0574561,,0.052306,NAV history,-0.00218631,-0.00287073,-0.00367397,0.00336072,-0.00075001,-0.00145487,-0.240328,-0.411352,0,25,62.5,14,27,,2026-10-07
147734,INF174V01853,Mahindra Manulife Ultra Short Term Fund,Mahindra Manulife Mutual Fund,Debt,Ultra Short Duration,Income/Debt Oriented Schemes - Ultra Short Term Fund,Regular,Growth,2019-10-10,AMFI scheme master,6.99,1485.03,2026-10-06,1485.03,2026-10-06,1398.93,2025-10-07,0,221.9,Kuvera (latest month),213.79,Jul-Sep 2026,144.33,0.0073,Rahul Pal; Amit Garg,Low to Moderate Risk,0.0148526,0.0336553,0.0617003,0.0666624,0.0684561,0.0619167,,0.0583403,NAV history,0.00199975,0.00139302,0.00078664,0.00349633,-0.000690678,-0.00226055,0.988485,1.83368,0.901639,70.8,75,70,27,,2026-10-07
148530,INF769K01GH2,Mirae Asset Ultra Short-Term Fund,Mirae Asset Mutual Fund,Debt,Ultra Short Duration,Income/Debt Oriented Schemes - Ultra Short Term Fund,Regular,Growth,2020-09-28,AMFI scheme master,6.02,1416.77,2026-10-06,1416.77,2026-10-06,1331.82,2025-10-07,0,2065.6,Kuvera (latest month),2014.93,Jul-Sep 2026,645.66,0.0068,Basant Bafna,Low to Moderate Risk,0.0148334,0.0353784,0.0639553,0.0697132,0.0715345,0.064843,,0.059814,NAV history,0.00425479,0.00447147,0.00371285,0.00386541,-0.00114429,-0.00157308,1.69051,3.10648,1,95.8,20.8,88,27,,2026-10-07
124233,INF247L01213,Motilal Oswal Ultra Short Term Fund,Motilal Oswal Mutual Fund,Debt,Ultra Short Duration,Debt Scheme - Ultra Short Duration Fund,Regular,Growth,2013-09-04,AMFI scheme master,13.09,17.5849,2026-10-06,17.5849,2026-10-06,16.705,2025-10-07,0,524.3,Kuvera (latest month),500.55,Jul-Sep 2026,336.04,0.0111,Rakesh Shetty,Low to Moderate Risk,0.0126576,0.0280742,0.0528052,0.0546795,0.0566192,0.0511197,0.0358504,0.0440597,NAV history,-0.00689533,-0.0104439,-0.0100104,0.00279312,-0.000598902,-0.00193332,-3.00052,-4.36646,0,4.2,95.8,14,27,,2026-10-07
143493,INF204K01UE8,Nippon India Ultra Short Term Fund,Nippon India Mutual Fund,Debt,Ultra Short Duration,Income/Debt Oriented Schemes - Ultra Short Term Fund,Regular,Growth,2001-12-01,AMFI scheme master,24.85,4349.14,2026-10-06,4349.14,2026-10-06,4096.88,2025-10-07,0,12447.2,Kuvera (latest month),11899.4,Jul-Sep 2026,4577.84,0.0106,Vivek Sharma; Kinjal Desai; Akshay Sharma; Amber Singhania,Moderate Risk,0.014414,0.0334276,0.0617541,0.0665096,0.0679234,0.062053,,0.05786,NAV history,0.00205356,0.000860354,0.00092289,0.00359778,-0.00091068,-0.00191991,0.81256,1.45744,0.852459,62.5,45.8,60,27,,2026-10-07
138343,INF223J01FK8,PGIM India Ultra Short Term Fund,PGIM India Mutual Fund,Debt,Ultra Short Duration,Income/Debt Oriented Schemes - Ultra Short Term Fund,Regular,Growth,2006-09-01,AMFI scheme master,20.1,36.5461,2026-10-06,36.5461,2026-10-06,34.6123,2025-10-07,0,211.3,Kuvera (latest month),198.2,Jul-Sep 2026,110.53,0.0093,Puneet Pal; Akhil Dhar,Low to Moderate Risk,0.0137755,0.0313123,0.0560137,0.0618608,0.0638404,0.0583817,0.0672734,0.0685808,NAV history,-0.00368682,-0.00322269,-0.00274844,0.00342518,-0.000665751,-0.00219896,-0.33856,-0.578153,0.0327869,16.7,79.2,28,27,,2026-10-07
100641,INF200K01LJ4,SBI ULTRA SHORT TERM FUND,SBI Mutual Fund,Debt,Ultra Short Duration,Income/Debt Oriented Schemes - Ultra Short Term Fund,Regular,Growth,2006-04-01,Before Apr-2006 (AMFI history starts 03-Apr-2006),20.52,6454.4,2026-10-06,6454.4,2026-10-06,6078.51,2025-10-07,0,11880.2,Kuvera (latest month),11771,Jul-Sep 2026,3471.53,0.0057,Sudhir Agrawal,Moderate Risk,0.0146105,0.0332719,0.0619679,0.0674007,0.0693697,0.0627994,0.063896,0.0712627,Since Apr-2006 (earlier NAV not in AMFI history),0.00226736,0.0023066,0.00166934,0.00368204,-0.00126867,-0.0029494,1.18675,2.15267,1,79.2,4.2,88,27,NAV history rebased (face value change),2026-10-07
149535,INF173K01CU9,Sundaram Ultra Short Term Fund (Formerly Known as Sundaram Ultra Short Duration Fund),Sundaram Mutual Fund,Debt,Ultra Short Duration,Income/Debt Oriented Schemes - Ultra Short Term Fund,Regular,Growth,2007-12-20,AMFI scheme master,18.8,2868.04,2026-10-06,2868.04,2026-10-06,2725,2025-10-07,0,2416.2,Kuvera (latest month),2578.14,Jul-Sep 2026,1207.05,0.0138,Kumaresh Ramakrishnan; Sandeep Agarwal; Ronak Shah,Low to Moderate Risk,0.0131908,0.0298184,0.0526167,0.0578193,0.0596556,,,0.0551924,NAV history,-0.00708383,-0.00740744,,0.00332874,-0.000731443,,-1.60553,-2.52843,0,8.3,66.7,14,27,,2026-10-07
146070,INF277K016S1,Tata Ultra Short Term Fund,Tata Mutual Fund,Debt,Ultra Short Duration,Debt Scheme - Ultra Short Duration Fund,Regular,Growth,2019-01-11,AMFI scheme master,7.74,15.2765,2026-10-06,15.2765,2026-10-06,14.4035,2025-10-07,0,6494.5,Kuvera (latest month),6338.65,Jul-Sep 2026,1974.58,0.0111,Amit Somani; Dhawal Joshi,Moderate Risk,0.0145712,0.0335647,0.0607649,0.065062,0.0662108,0.0593196,,0.0565179,NAV history,0.0010644,-0.000852241,-0.00181056,0.00350118,-0.000936435,-0.00214252,0.345831,0.608241,0.131148,41.7,41.7,38,27,,2026-10-07
112083,INF789F01PM1,UTI Ultra Short Term Fund - Discontinued - INSTN GROWTH OPTION,UTI Mutual Fund,Debt,Ultra Short Duration,Income/Debt Oriented Schemes - Ultra Short Term Fund,Regular,Growth,2003-08-29,AMFI scheme master,23.11,3270.76,2026-10-06,3270.76,2026-10-06,3087.26,2025-10-07,0,3347.9,Kuvera (latest month),3502.74,Jul-Sep 2026,0.68,0.0099,Anurag Mittal,Moderate Risk,0.0145529,0.0329076,0.0595468,0.064841,0.0674883,0.0617242,0.0610575,0.0712023,NAV history,-0.000153762,0.0004252,0.000594044,0.0034702,-0.000656174,-0.0023691,0.717036,1.29,0.770492,58.3,87.5,56,27,,2026-10-07
102532,INF789F01570,UTI Ultra Short Term Fund - Regular Plan - Growth Option,UTI Mutual Fund,Debt,Ultra Short Duration,Income/Debt Oriented Schemes - Ultra Short Term Fund,Regular,Growth,2003-08-29,AMFI scheme master,23.11,4564.69,2026-10-06,4564.69,2026-10-06,4308.59,2025-10-07,0,3347.9,Kuvera (latest month),3502.74,Jul-Sep 2026,1816.61,0.0099,Anurag Mittal,Moderate Risk,0.0145529,0.0329076,0.0595468,0.0647734,0.0668029,0.0605688,0.0592627,0.0698151,Since Apr-2006 (earlier NAV not in AMFI history),-0.000153772,-0.000260143,-0.000561273,0.00344683,-0.000656182,-0.00238841,0.523065,0.929229,0.459016,50,83.3,48,27,NAV history rebased (face value change),2026-10-07
153240,INF582M01KK1,Union Short Term Fund,Union Mutual Fund,Debt,Ultra Short Duration,Income/Debt Oriented Schemes - Ultra Short Term Fund,Regular,Growth,2025-01-15,AMFI scheme master,1.72,11.0133,2026-10-06,11.0168,2026-08-14,10.5718,2025-10-07,-0.000317697,107.39,AMFI AAUM Jul-Sep 2026,107.39,Jul-Sep 2026,86.45,0.008,,,0.00331605,0.0296845,0.0423438,,,,,0.0589752,NAV history,-0.0173568,,,,,,,,,,,,27,,2026-10-07
147307,INF03VN01282,WhiteOak Capital Ultra Short Term Fund,WhiteOak Capital Mutual Fund,Debt,Ultra Short Duration,Income/Debt Oriented Schemes - Ultra Short Term Fund,Regular,Growth,2019-05-24,AMFI scheme master,7.37,1463.34,2026-10-06,1463.34,2026-10-06,1383.04,2025-10-07,0,584.1,Kuvera (latest month),556.07,Jul-Sep 2026,457.79,0.0082,Piyush Baranwal,Low to Moderate Risk,0.0146272,0.0328763,0.0581967,0.062888,0.0644365,0.0573897,,0.0532562,NAV history,-0.00150385,-0.00262657,-0.00374043,0.00345447,-0.000863889,-0.00174125,-0.163124,-0.27865,0.147541,29.2,50,44,27,,2026-10-07
154598,INF194KB1KU4,Bandhan Contra Fund,Bandhan Mutual Fund,Equity,Contra,Equity Schemes - Contra Fund,Regular,Growth,2026-08-10,AMFI scheme master,0.16,9.6515,2026-10-06,9.9696,2026-09-04,9.5314,2026-10-01,-0.031907,635.49,AMFI AAUM Jul-Sep 2026,635.49,Jul-Sep 2026,617.22,0.0394,,,,,,,,,,-0.0286235,"NAV history (absolute, <1Y)",,,,,,,,,,,,,5,,2026-10-07
105460,INF205K01189,Invesco India Contra Fund,Invesco Mutual Fund,Equity,Contra,Equity Schemes - Contra Fund,Regular,Growth,2007-02-15,AMFI scheme master,19.64,129.5,2026-10-06,139.91,2026-01-02,116.54,2026-03-30,-0.074405,20643.5,Kuvera (latest month),20131.7,Jul-Sep 2026,14163,0.0185,Taher Badshah,Very High Risk,-0.0345188,0.072908,-0.0413089,-0.0297032,0.120712,0.110266,0.13765,0.140175,NAV history,0,0,-0.00875894,0.149574,-0.19039,-0.19039,0.372471,0.501566,,,,,5,,2026-10-07
103040,INF174K01245,Kotak Contra Fund,Kotak Mahindra Mutual Fund,Equity,Contra,Equity Scheme - Contra Fund,Regular,Growth,2005-06-02,AMFI scheme master,21.35,146.909,2026-10-06,158.42,2026-01-02,136.283,2026-03-31,-0.0726613,5510.9,Kuvera (latest month),5427.6,Jul-Sep 2026,3328.38,0.020286,Shibani Kurian,Very High Risk,-0.0509264,0.0490428,-0.0382452,-0.020149,0.127526,0.119025,0.142559,0.134168,Launch NAV Rs 10 assumed (pre-2006 NAV not in AMFI history),0.00306361,0.00681404,0,0.145773,-0.193974,-0.193974,0.428927,0.572098,,,,,5,,2026-10-07
154338,INF247L01GZ9,Motilal Oswal Contra Fund,Motilal Oswal Mutual Fund,Equity,Contra,Equity Scheme - Contra Fund,Regular,Growth,2026-05-08,AMFI scheme master,0.42,10.3443,2026-10-06,10.8476,2026-09-11,9.7997,2026-06-11,-0.0463974,386.11,AMFI AAUM Jul-Sep 2026,386.11,Jul-Sep 2026,349.48,0.0385,,,-0.0194233,,,,,,,0.0404542,"NAV history (absolute, <1Y)",,,,,,,,,,,,,5,,2026-10-07
102414,INF200K01362,SBI CONTRA FUND,SBI Mutual Fund,Equity,Contra,Equity Scheme - Contra Fund,Regular,Growth,2005-05-06,AMFI scheme master,21.42,361.38,2026-10-06,401.628,2026-01-02,346.956,2026-03-31,-0.100212,47589.3,Kuvera (latest month),47464.8,Jul-Sep 2026,31867.3,0.0162,Dinesh Balachandran,Very High Risk,-0.0422799,0.0177479,-0.0527102,-0.0438024,0.0906278,0.130297,0.140384,0.124082,Since Apr-2006 (earlier NAV not in AMFI history),-0.0114013,-0.0300841,0.0112723,0.125242,-0.161692,-0.161692,0.204626,0.269023,,,,,5,,2026-10-07
101738,INF209K01405,Aditya Birla Sun Life Dividend Yield Fund,Aditya Birla Sun Life Mutual Fund,Equity,Dividend Yield,Equity Scheme - Dividend Yield Fund,Regular,Growth,2003-01-23,AMFI scheme master,23.7,436.63,2026-10-06,471.22,2026-01-29,413.1,2026-03-30,-0.0734052,1474.7,Kuvera (latest month),1451.95,Jul-Sep 2026,1089.53,0.0265,Pavas Pethia,Very High Risk,-0.0321844,0.0161512,-0.0126184,-0.0516544,0.100533,0.114123,0.112777,0.172731,Launch NAV Rs 10 assumed (pre-2006 NAV not in AMFI history),0.0205617,0,0.00271984,0.147523,-0.210597,-0.210597,0.240866,0.318555,0.644068,44.4,11.1,70,12,,2026-10-07
152807,INF251K01TS1,Baroda BNP Paribas Dividend Yield Fund,Baroda BNP Paribas Mutual Fund,Equity,Dividend Yield,Equity Scheme - Dividend Yield Fund,Regular,Growth,2024-08-22,AMFI scheme master,2.12,9.298,2026-10-06,9.9603,2026-01-02,8.7422,2026-03-31,-0.066494,585.1,Kuvera (latest month),585.48,Jul-Sep 2026,558.5,0.0254,Rohan Korde; Himanshu Singh,Very High Risk,-0.0342951,0.0449069,-0.0275584,-0.0323459,,,,-0.0383223,NAV history,0.00562173,,,,,,,,0.714286,,,80,12,,2026-10-07
103678,INF090I01957,Franklin India Dividend Yield Fund,Franklin Templeton Mutual Fund,Equity,Dividend Yield,Equity Scheme - Dividend Yield Fund,Regular,Growth,2006-03-22,AMFI scheme master,20.54,131.292,2026-10-06,143.933,2026-02-11,126.495,2026-03-31,-0.0878289,2279.8,Kuvera (latest month),2281.07,Jul-Sep 2026,1757.86,0.0221,Ajay Argal; Sandeep Manam; Rajasa Kakulavarapu,Very High Risk,-0.0440813,0.0133277,-0.0454727,-0.0585487,0.0993992,0.104799,0.129945,0.136056,NAV history,-0.0122925,-0.001134,-0.00660404,0.131723,-0.164233,-0.164233,0.261148,0.345689,0.474576,55.6,88.9,50,12,,2026-10-07
148610,INF179KC1AR9,HDFC DIVIDEND YIELD FUND,HDFC Mutual Fund,Equity,Dividend Yield,Equity Scheme - Dividend Yield Fund,Regular,Growth,2020-11-27,AMFI scheme master,5.86,24.004,2026-10-06,25.763,2025-10-29,21.947,2026-03-31,-0.0682762,5587.4,Kuvera (latest month),5587.66,Jul-Sep 2026,4497.76,0.0191,Gopal Agrawal; Dhruv Muchhal,Very High Risk,-0.0365643,0.0594051,-0.0388019,-0.0385592,0.0886214,0.110909,,0.162901,NAV history,-0.00562173,-0.0119118,-0.000493356,0.142242,-0.203859,-0.203859,0.166064,0.219482,0.59322,22.2,44.4,60,12,,2026-10-07
129310,INF109KA1TX4,ICICI Prudential Dividend Yield Fund,ICICI Prudential Mutual Fund,Equity,Dividend Yield,Equity Schemes - Dividend Yield Fund,Regular,Growth,2014-04-25,AMFI scheme master,12.45,49.94,2026-10-06,55.57,2026-01-02,48.7,2026-03-30,-0.101314,6711.6,Kuvera (latest month),6660.47,Jul-Sep 2026,5542.2,0.0192,Mittul Kalawadia; Sharmila D'Silva,Very High Risk,-0.076724,-0.00299461,-0.064093,-0.027184,0.123874,0.135288,0.134168,0.131359,NAV history,-0.0309128,0.0233406,0.0238855,0.128572,-0.163284,-0.163284,0.457907,0.618478,0.915254,88.9,100,100,12,,2026-10-07
154099,INF174KA1YL9,Kotak Dividend Yield Fund,Kotak Mahindra Mutual Fund,Equity,Dividend Yield,Equity Scheme - Dividend Yield Fund,Regular,Growth,2026-01-05,AMFI scheme master,0.75,9.137,2026-10-06,10.099,2026-02-18,8.843,2026-03-31,-0.095257,251.5,AMFI AAUM Jul-Sep 2026,251.5,Jul-Sep 2026,221.96,0.02533,,,-0.0670819,0.00583443,,,,,,-0.0880327,"NAV history (absolute, <1Y)",,,,,,,,,,,,,12,,2026-10-07
152019,INF397L01KY7,LIC MF Dividend Yield Fund,LIC Mutual Fund,Equity,Dividend Yield,Equity Scheme - Dividend Yield Fund,Regular,Growth,2018-12-03,AMFI scheme master,7.84,31.8392,2026-10-06,33.1624,2026-08-31,26.616,2026-03-31,-0.0399006,759.2,Kuvera (latest month),740.63,Jul-Sep 2026,678.32,0.0243,Sumit Bhatnagar; Dikshit Mittal,Very High Risk,-0.0228219,0.149604,0.0273361,0.00219476,0.161788,,,0.163847,NAV history,0.0605163,0.0612547,,0.160354,-0.20925,,0.603588,0.813941,0.892857,100,33.3,90,12,,2026-10-07
151476,INF200KA11W9,SBI Dividend Yield Fund,SBI Mutual Fund,Equity,Dividend Yield,Equity Scheme - Dividend Yield Fund,Regular,Growth,2023-02-20,AMFI scheme master,3.63,15.0825,2026-10-06,15.9967,2026-08-05,13.8653,2026-03-23,-0.0571493,8554,Kuvera (latest month),8487.52,Jul-Sep 2026,7799.52,0.0205,Nidhi Chawla,Very High Risk,-0.0279389,0.0536593,-0.00545983,-0.0233434,0.0899456,,,0.121235,NAV history,0.0277203,-0.0105876,,0.123991,-0.18278,,0.20119,0.270511,0.46875,33.3,77.8,40,12,,2026-10-07
149697,INF173K01AC1,Sundaram Dividend Yield Fund (Formerly Known as Principal Dividend Yield Fund),Sundaram Mutual Fund,Equity,Dividend Yield,Equity Scheme - Dividend Yield Fund,Regular,Growth,2004-09-06,AMFI scheme master,22.08,125.247,2026-10-06,141.344,2026-01-02,124.247,2026-10-01,-0.113884,806.5,Kuvera (latest month),809.59,Jul-Sep 2026,727.76,0.0243,Siddarth Mohta; Shalav Saket,Very High Risk,-0.0510528,-0.0189402,-0.0779925,-0.0639191,0.0736936,,,0.0788325,NAV history,-0.0448123,-0.0268396,,0.13303,-0.193024,,0.0653508,0.0854433,0.0217391,11.1,55.6,10,12,,2026-10-07
148948,INF277K018Z2,Tata Dividend Yield Fund,Tata Mutual Fund,Equity,Dividend Yield,Equity Scheme - Dividend Yield Fund,Regular,Growth,2021-05-03,AMFI scheme master,5.43,19.0281,2026-10-06,20.2097,2026-08-25,16.6791,2026-03-23,-0.058467,1156.4,Kuvera (latest month),1132.35,Jul-Sep 2026,1022.5,0.0231,Murthy Nagarajan; Sailesh Jain; Hasmukh Vishariya,Very High Risk,-0.0343174,0.0992802,0.0507596,0.015147,0.112817,0.111896,,0.126738,NAV history,0.0839397,0.0122835,0.000493356,0.160816,-0.209535,-0.209535,0.297339,0.38925,0.444444,66.7,22.2,30,12,,2026-10-07
103026,INF789F01463,UTI - Dividend Yield Fund,UTI Mutual Fund,Equity,Dividend Yield,Equity Schemes - Dividend Yield Fund,Regular,Growth,2005-04-11,AMFI scheme master,21.49,167.967,2026-10-06,184.994,2026-02-11,162.741,2026-03-31,-0.0920402,3772.4,Kuvera (latest month),3759.62,Jul-Sep 2026,2152.94,0.0199,Amit Premchandani,Very High Risk,-0.0543703,0.00438668,-0.0527982,-0.046811,0.109413,0.0908187,0.124733,0.140309,Launch NAV Rs 10 assumed (pre-2006 NAV not in AMFI history),-0.019618,0.00887986,-0.020584,0.126116,-0.183693,-0.203923,0.35216,0.476931,0.355932,77.8,66.7,20,12,,2026-10-07
154553,INF03VN01AI2,WhiteOak Capital Dividend Yield Fund,WhiteOak Capital Mutual Fund,Equity,Dividend Yield,Equity Schemes - Dividend Yield Fund,Regular,Growth,2026-08-10,AMFI scheme master,0.16,9.978,2026-10-06,10.111,2026-09-25,9.977,2026-10-01,-0.013154,114.21,AMFI AAUM Jul-Sep 2026,114.21,Jul-Sep 2026,82.77,0.0382,,,,,,,,,,-0.00190057,"NAV history (absolute, <1Y)",,,,,,,,,,,,,12,,2026-10-07
107745,INF209K01108,Aditya Birla Sun Life ELSS Tax Saver Fund,Aditya Birla Sun Life Mutual Fund,Equity,ELSS,Equity Scheme - ELSS,Regular,Growth,1994-01-01,AMFI scheme master,32.76,58.54,2026-10-06,63.27,2025-10-29,54.36,2026-03-30,-0.074759,14542.5,Kuvera (latest month),14476.3,Jul-Sep 2026,10901.1,0.0177,Dhaval Shah,Very High Risk,-0.0608054,0.0405261,-0.0404852,-0.0170625,0.090673,0.0646376,0.0910544,0.10053,NAV history,-0.0111532,-0.00426553,-0.0259007,0.134479,-0.185038,-0.185118,0.190907,0.256954,0.245902,45.9,54.1,18.9,38,,2026-10-07
112323,INF846K01131,Axis ELSS- Tax Saver Fund,Axis Mutual Fund,Equity,ELSS,Equity Schemes - ELSS- Tax Saver Fund,Regular,Growth,2009-12-17,AMFI scheme master,16.8,93.5315,2026-10-06,99.6398,2026-08-03,84.8148,2026-03-31,-0.0613038,32667.3,Kuvera (latest month),32143.8,Jul-Sep 2026,21774.8,0.0176,Shreyash Devalkar; Ashish Naik,Very High Risk,-0.0352027,0.0747091,-0.0287729,-0.0193812,0.0864886,0.0422685,0.107299,0.142643,NAV history,0.000559043,-0.00844989,-0.0482698,0.13338,-0.16738,-0.284014,0.161108,0.22016,0.229508,40.5,81.1,16.2,38,,2026-10-07
111569,INF194K01292,BANDHAN ELSS - Tax Saver Fund,Bandhan Mutual Fund,Equity,ELSS,Equity Schemes - ELSS- Tax Saver Fund,Regular,Growth,2008-12-01,AMFI scheme master,17.85,149.462,2026-10-06,160.14,2026-01-02,137.744,2026-03-31,-0.0666792,6964.8,Kuvera (latest month),6910.7,Jul-Sep 2026,4780.73,0.0199,Daylynn Pinto; Ritika Behera; Gaurav Satra,Very High Risk,-0.0405572,0.0533653,-0.0220823,-0.0219659,0.0776399,0.0925311,0.133933,0.164369,NAV history,0.0072496,-0.0172986,0.00199286,0.124844,-0.180869,-0.187766,0.101245,0.136567,0.704918,35.1,56.8,81.1,38,,2026-10-07
111710,INF761K01181,BANK OF INDIA ELSS TAX SAVER FUND,Bank of India Mutual Fund,Equity,ELSS,Equity Schemes - ELSS- Tax Saver Fund,Regular,Growth,2008-12-12,AMFI scheme master,17.82,161.39,2026-10-06,167.81,2026-08-20,146.08,2026-03-31,-0.0382576,1414.4,Kuvera (latest month),1405.61,Jul-Sep 2026,829.79,0.0233,Alok Singh,Very High Risk,-0.0251284,0.0783056,0.0136289,-0.0278232,0.105574,0.0953194,0.144151,0.173591,NAV history,0.0429609,0.0106353,0.00478114,0.174226,-0.241302,-0.241302,0.23288,0.300498,0.590164,54.1,10.8,64.9,38,,2026-10-07
153202,INF0QA701AI4,Bajaj Finserv ELSS - Tax Saver Fund,Bajaj Finserv Mutual Fund,Equity,ELSS,Equity Schemes - ELSS- Tax Saver Fund,Regular,Growth,2024-12-24,AMFI scheme master,1.79,11.181,2026-10-06,11.806,2026-08-06,9.95,2026-03-30,-0.0529392,89.71,AMFI AAUM Jul-Sep 2026,89.71,Jul-Sep 2026,73.77,0.0296,,,-0.0442773,0.0833253,0.00305015,,,,,0.0672736,NAV history,0.0323821,,,,,,,,,,,,38,,2026-10-07
150156,INF251K01985,Baroda BNP Paribas ELSS Tax Saver Fund,Baroda BNP Paribas Mutual Fund,Equity,ELSS,Equity Scheme - ELSS,Regular,Growth,2005-11-07,AMFI scheme master,20.91,95.7667,2026-10-06,103.127,2026-08-12,87.2851,2026-03-31,-0.0713748,929.7,Kuvera (latest month),908,Jul-Sep 2026,792.11,0.0246,Silky Jain; Yash Mehta,Very High Risk,-0.0344249,0.0672358,0.00584391,7.25801e-05,0.12819,,,0.121819,NAV history,0.0351759,0.033252,,0.147697,-0.17774,,0.427838,0.56821,0.772727,89.2,64.9,89.2,38,,2026-10-07
111722,INF760K01100,Canara Robeco ELSS - Tax Saver Fund,Canara Robeco Mutual Fund,Equity,ELSS,Equity Schemes - ELSS- Tax Saver Fund,Regular,Growth,1993-02-25,AMFI scheme master,33.61,171.02,2026-10-06,183.08,2026-08-03,157.67,2026-03-31,-0.0658728,8724.8,Kuvera (latest month),8640.76,Jul-Sep 2026,5926.21,0.0183,Vishal Mishra; Shridatta Bhandwaldar,Very High Risk,-0.0493608,0.0509433,-0.0294535,-0.0182296,0.0949385,0.0819279,0.131015,0.171767,NAV history,-0.000121543,0,-0.00861034,0.135844,-0.185918,-0.191179,0.220389,0.294795,0.377049,51.4,51.4,29.7,38,,2026-10-07
104772,INF740K01185,DSP ELSS Tax Saver Fund,DSP Mutual Fund,Equity,ELSS,Equity Schemes - ELSS- Tax Saver Fund,Regular,Growth,2006-11-27,AMFI scheme master,19.86,131.947,2026-10-06,146.693,2026-01-06,124.713,2026-03-31,-0.100523,16666.4,Kuvera (latest month),16505.2,Jul-Sep 2026,11196.4,0.0179,Rohit Singhania,Very High Risk,-0.0609155,0.0293321,-0.0553217,-0.0313705,0.111132,0.100214,0.12998,0.137762,NAV history,-0.0259897,0.0161933,0.00967589,0.14113,-0.164844,-0.176179,0.326875,0.438717,0.672131,75.7,86.5,78.4,38,,2026-10-07
111638,INF754K01517,Edelweiss ELSS Tax Saver Fund,Edelweiss Mutual Fund,Equity,ELSS,Equity Schemes - ELSS- Tax Saver Fund,Regular,Growth,2008-12-26,AMFI scheme master,17.78,110.24,2026-10-06,118.41,2026-08-13,100.97,2026-03-30,-0.0689976,462.2,Kuvera (latest month),451.98,Jul-Sep 2026,406.61,0.026,Ashwani Agarwalla; Trideep Bhattacharya; Raj Koradia,Very High Risk,-0.0425569,0.0589817,-0.00280416,-0.00921431,0.108428,0.092878,0.109387,0.144669,NAV history,0.0265278,0.0134894,0.00233971,0.144755,-0.190961,-0.190961,0.300009,0.403464,0.409836,70.3,37.8,36.5,38,,2026-10-07
100526,INF090I01775,Franklin India ELSS Tax Saver Fund,Franklin Templeton Mutual Fund,Equity,ELSS,Equity Scheme - ELSS,Regular,Growth,1994-04-10,AMFI scheme master,32.49,1361.52,2026-10-06,1521.6,2025-10-29,1291.31,2026-03-31,-0.105205,6222.6,Kuvera (latest month),6181.81,Jul-Sep 2026,4870.13,0.0192,R. Janakiraman; Rajasa Kakulavarapu,Very High Risk,-0.0535758,0.0202739,-0.0746195,-0.0446453,0.0865946,0.0965529,0.111387,0.163275,Launch NAV Rs 10 assumed (pre-2006 NAV not in AMFI history),-0.0452875,-0.00834388,0.00601465,0.135129,-0.170477,-0.186135,0.159807,0.215866,0.737705,37.8,70.3,83.8,38,,2026-10-07
141862,INF666M01DN1,Groww ELSS Tax Saver Fund,Groww Mutual Fund,Equity,ELSS,Equity Schemes - ELSS- Tax Saver Fund,Regular,Growth,2017-09-21,AMFI scheme master,9.04,18.17,2026-10-06,20.44,2025-10-20,17.12,2026-03-31,-0.111057,51.5,Kuvera (latest month),50.86,Jul-Sep 2026,27.86,0.0292,Paras Matalia; Nikhil Satam,Very High Risk,-0.0491889,0.0300454,-0.0915,-0.0642315,0.0648117,0.0618471,,0.0699845,NAV history,-0.0621681,-0.0301268,-0.0286912,0.144159,-0.214483,-0.214483,-0.00130629,-0.00174803,0.147541,16.2,24.3,10.8,38,,2026-10-07
101979,INF179K01BB8,HDFC ELSS - Tax Saver Fund,HDFC Mutual Fund,Equity,ELSS,Equity Schemes - ELSS- Tax Saver Fund,Regular,Growth,1996-03-31,AMFI scheme master,30.52,1308.4,2026-10-06,1474.5,2025-10-29,1252.9,2026-03-31,-0.112648,15991.7,Kuvera (latest month),15818.4,Jul-Sep 2026,12131.9,0.0177,Amar Kalkundrikar; Dhruv Muchhal,Very High Risk,-0.0529848,0.0161186,-0.0865756,-0.0245148,0.112532,0.123854,0.119118,0.17318,Launch NAV Rs 10 assumed (pre-2006 NAV not in AMFI history),-0.0572436,0.0175933,0.0333161,0.124347,-0.150289,-0.150289,0.382251,0.527078,0.885246,78.4,100,94.6,38,,2026-10-07
151076,INF677K01064,HSBC ELSS Tax saver Fund,HSBC Mutual Fund,Equity,ELSS,Equity Schemes - ELSS- Tax Saver Fund,Regular,Growth,2006-01-05,AMFI scheme master,20.75,137.804,2026-10-06,145.306,2026-08-31,119.674,2026-03-23,-0.0516284,4228.7,Kuvera (latest month),4126.15,Jul-Sep 2026,3356.39,0.0199,Abhishek Gupta; Mayank Chaturvedi,Very High Risk,-0.0172637,0.112198,0.0133907,0.0097314,0.144767,,,0.146594,NAV history,0.0427226,0.0498285,,0.166774,-0.193379,,0.478294,0.641758,0.944444,94.6,35.1,100,38,,2026-10-07
100354,INF109K01464,ICICI Prudential ELSS - Tax Saver Fund,ICICI Prudential Mutual Fund,Equity,ELSS,Equity Schemes - ELSS- Tax Saver Fund,Regular,Growth,2006-04-02,Before Apr-2006 (AMFI history starts 03-Apr-2006),20.51,896.71,2026-10-06,973.88,2026-01-02,839.9,2026-03-31,-0.0792397,14285.6,Kuvera (latest month),14107.3,Jul-Sep 2026,11060.3,0.0178,Mittul Kalawadia; Priyanka Khandelwal; Sharmila D'Silva,Very High Risk,-0.0489367,0.0299317,-0.052344,-0.0202236,0.095756,0.084014,0.113206,0.118177,Since Apr-2006 (earlier NAV not in AMFI history),-0.0230121,0.000817502,-0.00652428,0.126441,-0.178389,-0.178389,0.243243,0.333628,0.491803,59.5,62.2,47.3,38,,2026-10-07
147544,INF00XX01374,ITI ELSS Tax Saver Fund,ITI Mutual Fund,Equity,ELSS,Equity Scheme - ELSS,Regular,Growth,2019-07-15,AMFI scheme master,7.23,24.4532,2026-10-06,25.7877,2026-08-10,20.4635,2026-03-31,-0.0517495,462.8,Kuvera (latest month),457.89,Jul-Sep 2026,418.83,0.026,Dhimant Shah; Alok Ranjan,Very High Risk,-0.0404113,0.138772,0.00324936,-0.0152961,0.133795,0.103697,,0.136395,NAV history,0.0325813,0.0388562,0.0131589,0.175802,-0.231937,-0.23936,0.391319,0.526646,0.52459,81.1,18.9,54.1,38,,2026-10-07
104636,INF205K01270,Invesco India ELSS Tax Saver Fund,Invesco Mutual Fund,Equity,ELSS,Equity Schemes - ELSS- Tax Saver Fund,Regular,Growth,2006-11-20,AMFI scheme master,19.88,122.77,2026-10-06,129.74,2025-10-27,104.28,2026-03-30,-0.0537228,2764.4,Kuvera (latest month),2704.43,Jul-Sep 2026,2225.96,0.0229,Deepesh Kashyap,Very High Risk,-0.0127061,0.131208,-0.0270249,-0.0219409,0.102271,0.0811806,0.120223,0.134579,NAV history,0.00230706,0.00733242,-0.00935766,0.147906,-0.217,-0.229673,0.25199,0.336281,0.393443,62.2,21.6,32.4,38,,2026-10-07
107288,INF192K01650,JM ELSS - Tax Saver Fund,JM Financial Mutual Fund,Equity,ELSS,Equity Schemes - ELSS- Tax Saver Fund,Regular,Growth,2007-12-24,AMFI scheme master,18.79,50.9398,2026-10-06,53.2707,2026-08-10,42.1597,2026-03-23,-0.0437558,248.1,Kuvera (latest month),243.19,Jul-Sep 2026,179.8,0.0268,Satish Ramanathan; Asit Bhandarkar; Ruchi Fozdar; Deepak Gupta,Very High Risk,0.00093531,0.1704,0.0339978,-0.000799005,0.141913,0.121147,0.143635,0.0899316,NAV history,0.0633298,0.0469746,0.0306092,0.162015,-0.213459,-0.213459,0.474728,0.627842,0.557377,91.9,27,56.8,38,,2026-10-07
103339,INF174K01369,Kotak ELSS Tax Saver Fund,Kotak Mahindra Mutual Fund,Equity,ELSS,Equity Scheme - ELSS,Regular,Growth,2005-09-29,AMFI scheme master,21.02,113.832,2026-10-06,119.174,2026-08-05,102.267,2026-03-31,-0.0448252,6383.5,Kuvera (latest month),6303,Jul-Sep 2026,4852.02,0.019403,Harsha Upadhyaya,Very High Risk,-0.0274759,0.0786696,-0.0203281,-0.0220087,0.0929473,0.100532,0.125464,0.122675,Launch NAV Rs 10 assumed (pre-2006 NAV not in AMFI history),0.00900388,-0.00199116,0.00999387,0.144422,-0.199544,-0.199544,0.193511,0.255589,0.57377,48.6,32.4,59.5,38,,2026-10-07
100865,INF767K01956,LIC MF ELSS Tax Saver Fund,LIC Mutual Fund,Equity,ELSS,Equity Schemes - ELSS- Tax Saver Fund,Regular,Growth,1997-01-11,AMFI scheme master,29.74,143.38,2026-10-06,156.352,2025-10-29,130.307,2026-03-31,-0.0829647,1021.4,Kuvera (latest month),1016.1,Jul-Sep 2026,851.68,0.0245,Sumit Bhatnagar; Nikhil Kapoor,Very High Risk,-0.0354964,0.0629833,-0.0594948,-0.0404357,0.0787428,0.0724107,0.104877,0.0936938,Launch NAV Rs 10 assumed (pre-2006 NAV not in AMFI history),-0.0301628,-0.0161957,-0.0181276,0.137029,-0.188197,-0.188197,0.100291,0.135069,0.295082,32.4,45.9,24.3,38,,2026-10-07
139783,INF174V01077,Mahindra Manulife ELSS Tax Saver Fund,Mahindra Manulife Mutual Fund,Equity,ELSS,Equity Schemes - ELSS- Tax Saver Fund,Regular,Growth,2016-08-22,AMFI scheme master,10.12,26.1308,2026-10-06,29.6095,2026-01-02,25.1603,2026-03-31,-0.117486,894.7,Kuvera (latest month),887.63,Jul-Sep 2026,803.21,0.0249,Fatema Pacha; Neelesh Dhamnaskar,Very High Risk,-0.055231,0.00903197,-0.0840971,-0.0439699,0.0558301,0.0681023,,0.100906,NAV history,-0.0547652,-0.0391084,-0.022436,0.132414,-0.169156,-0.182243,-0.0692519,-0.0927516,0.409836,10.8,78.4,36.5,38,,2026-10-07
135784,INF769K01DK3,Mirae Asset ELSS Tax Saver Fund,Mirae Asset Mutual Fund,Equity,ELSS,Equity Schemes - ELSS- Tax Saver Fund,Regular,Growth,2015-11-20,AMFI scheme master,10.88,47.895,2026-10-06,51.453,2026-08-03,43.574,2026-03-31,-0.0691505,26427.5,Kuvera (latest month),26128.1,Jul-Sep 2026,11898.1,0.0195,Neelesh Surana,Very High Risk,-0.05985,0.0577284,-0.0298371,-0.00629766,0.100952,0.0885454,0.145168,0.15623,NAV history,-0.000505192,0.00601307,-0.00199286,0.140591,-0.174515,-0.186148,0.255717,0.342396,0.47541,64.9,67.6,41.9,38,,2026-10-07
133385,INF247L01544,Motilal Oswal ELSS Tax Saver Fund,Motilal Oswal Mutual Fund,Equity,ELSS,Equity Scheme - ELSS,Regular,Growth,2014-12-26,AMFI scheme master,11.78,55.533,2026-10-06,58.5226,2026-09-08,45.8167,2026-03-31,-0.0510845,5134.2,Kuvera (latest month),4948.13,Jul-Sep 2026,3103.08,0.021,Varun Sharma; Ajay Khandelwal; Ankit Agarwal; Rakesh Shetty,Very High Risk,-0.000156639,0.168602,0.0618997,0.0243898,0.191767,0.156115,0.151456,0.156793,NAV history,0.0912316,0.0968285,0.0655769,0.192991,-0.278876,-0.278876,0.656853,0.887158,0.655738,100,5.4,74.3,38,,2026-10-07
151472,INF959L01GS4,NAVI ELSS TAX SAVER NIFTY50 INDEX FUND,Navi Mutual Fund,Equity,ELSS,Equity Scheme - ELSS,Regular,Growth,2023-02-14,AMFI scheme master,3.64,13.4097,2026-10-06,15.4788,2026-01-02,13.1124,2026-03-31,-0.133673,154.4,Kuvera (latest month),154.62,Jul-Sep 2026,40.85,,Ashutosh Shirwaikar,Very High Risk,-0.0673719,-0.00550286,-0.0914037,-0.0446778,0.0500092,,,0.0841114,NAV history,-0.0620718,-0.0449293,,0.132277,-0.158085,,-0.11333,-0.155202,0.3125,5.4,94.6,27,38,,2026-10-07
151609,INF0J8L01099,NJ ELSS Tax Saver Fund,NJ Mutual Fund,Equity,ELSS,Equity Schemes - ELSS- Tax Saver Fund,Regular,Growth,2023-03-13,AMFI scheme master,3.57,13.5,2026-10-06,14.46,2026-08-12,12.45,2026-03-23,-0.06639,349,Kuvera (latest month),343.88,Jul-Sep 2026,263.56,0.0254,Viral Shah; Dhaval Patel; Jaimin Ilavia,Very High Risk,-0.0384615,0.0473235,-0.0552834,-0.0727068,0.0690315,,,0.0945679,NAV history,-0.0259515,-0.025907,,0.14134,-0.23399,,0.0285233,0.0381982,0.137931,18.9,16.2,8.1,38,,2026-10-07
103196,INF204K01GK4,Nippon India ELSS Tax Saver Fund,Nippon India Mutual Fund,Equity,ELSS,Equity Schemes - ELSS- Tax Saver Fund,Regular,Growth,2005-07-25,AMFI scheme master,21.2,126.487,2026-10-06,133.913,2026-08-03,116.785,2026-03-31,-0.0554474,14718.4,Kuvera (latest month),14739.4,Jul-Sep 2026,12358.1,0.018,Rupesh Patel; Ritesh Rathod; Kinjal Desai; Amber Singhania,Very High Risk,-0.0439913,0.0506287,-0.0164544,-0.0143918,0.108727,0.104507,0.0952761,0.12716,Launch NAV Rs 10 assumed (pre-2006 NAV not in AMFI history),0.0128775,0.0137881,0.0139684,0.145075,-0.202864,-0.202864,0.301407,0.401682,0.803279,73,29.7,91.9,38,,2026-10-07
135598,INF663L01FQ8,PGIM India ELSS Tax Saver Fund,PGIM India Mutual Fund,Equity,ELSS,Equity Scheme - ELSS,Regular,Growth,2015-10-19,AMFI scheme master,10.97,33.55,2026-10-06,35.79,2025-11-20,29.7,2026-03-31,-0.0625873,722,Kuvera (latest month),714.73,Jul-Sep 2026,555.73,0.0258,Vinay Paharia; Utsav Mehta; Vivek Sharma; Akhil Dhar,Very High Risk,-0.0283811,0.0978403,-0.0345324,-0.0108492,0.0708713,0.0778706,0.112144,0.118361,NAV history,-0.00520042,-0.0240672,-0.0126676,0.132619,-0.178878,-0.178878,0.044272,0.0599095,0.508197,27,59.5,51.4,38,,2026-10-07
147482,INF879O01092,Parag Parikh ELSS Tax Saver Fund,PPFAS Mutual Fund,Equity,ELSS,Equity Scheme - ELSS,Regular,Growth,2019-07-04,AMFI scheme master,7.26,28.0717,2026-10-06,32.6751,2025-10-23,27.7248,2026-03-31,-0.140884,5613.3,Kuvera (latest month),5618.74,Jul-Sep 2026,1865.21,0.0183,Raj Mehta; Rajeev Thakkar; Raunak Onkar; Rukun Tarachandani; Tejas Soman; Aishwarya Dhar,Very High Risk,-0.0550858,-0.0195998,-0.114094,-0.0467385,0.0687464,0.087707,,0.154001,NAV history,-0.0847622,-0.0261921,-0.00283127,0.112018,-0.151501,-0.151501,0.0334445,0.0455111,0.606557,24.3,97.3,70.3,38,,2026-10-07
100175,INF966L01135,Quant ELSS Tax Saver Fund,quant Mutual Fund,Equity,ELSS,Equity Scheme - ELSS,Regular,Growth,2000-03-08,AMFI scheme master,26.58,402.725,2026-10-06,415.018,2026-08-10,333.822,2026-03-31,-0.0296204,13457.6,Kuvera (latest month),13377,Jul-Sep 2026,2737.91,0.0216,Sanjeev Sharma; Ankit A. Pande; Sandeep Tandon; Varun Pattani; Sameer Kate; Ayusha Kumbhat; Yug Tibrewal,Very High Risk,-0.00557284,0.169348,0.0870436,0.00328397,0.136396,0.133761,0.183292,0.149175,Launch NAV Rs 10 assumed (pre-2006 NAV not in AMFI history),0.116376,0.0414579,0.0432225,0.167065,-0.261971,-0.261971,0.427357,0.575349,0.655738,86.5,8.1,74.3,38,,2026-10-07
141070,INF082J01366,Quantum ELSS Tax Saver Fund,Quantum Mutual Fund,Equity,ELSS,Equity Scheme - ELSS,Regular,Growth,2008-12-10,AMFI scheme master,17.82,111.45,2026-10-06,128.3,2026-01-02,107.9,2026-03-31,-0.131333,209.8,Kuvera (latest month),208.56,Jul-Sep 2026,29.19,0.0216,George Thomas; Christy Mathai; Ketan Gujarathi,Very High Risk,-0.0597317,-0.00107556,-0.102801,-0.0609237,0.0742137,0.0795194,,0.0925783,NAV history,-0.0734695,-0.0207248,-0.0110189,0.122547,-0.170255,-0.170255,0.075185,0.103283,0.491803,29.7,73,47.3,38,,2026-10-07
105628,INF200K01495,SBI ELSS Tax Saver Fund,SBI Mutual Fund,Equity,ELSS,Equity Scheme - ELSS,Regular,Growth,1993-02-24,AMFI scheme master,33.62,410.205,2026-10-06,457.302,2026-01-02,391.369,2026-03-31,-0.102989,31734.6,Kuvera (latest month),31724.5,Jul-Sep 2026,23525.2,0.0185,Milind Agrawal,Very High Risk,-0.0697789,0.0204394,-0.0590774,-0.03981,0.119763,0.132466,0.127852,0.120395,NAV history,-0.0297454,0.0248246,0.0419276,0.131326,-0.161286,-0.16981,0.417,0.561442,0.754098,83.8,89.2,86.5,38,,2026-10-07
150839,INF0K1H01057,Samco ELSS Tax Saver Fund,Samco Mutual Fund,Equity,ELSS,Equity Schemes - ELSS- Tax Saver Fund,Regular,Growth,2022-11-15,AMFI scheme master,3.89,13.15,2026-10-06,13.43,2026-09-08,10.91,2026-03-23,-0.0208488,108.9,Kuvera (latest month),106.66,Jul-Sep 2026,86.85,0.0329,Nirali Bhansali; Dhawal Dhanani; Umeshkumar Mehta; Vishal Shinde,Very High Risk,0.0387046,0.174107,0.00612089,-0.0503051,0.0264333,,,0.0744842,NAV history,0.0354528,-0.0685052,,0.17861,-0.298769,,-0.215926,-0.283634,0.114286,2.7,2.7,5.4,38,,2026-10-07
145820,INF680P01133,Shriram ELSS Tax Saver Fund,Shriram Mutual Fund,Equity,ELSS,Equity Scheme - ELSS,Regular,Growth,2018-12-17,AMFI scheme master,7.81,19.7518,2026-10-06,21.8039,2025-11-20,18.5412,2026-03-31,-0.0941162,47.5,Kuvera (latest month),47.2,Jul-Sep 2026,36.21,0.0257,Prateek Nigudkar; Hitesh Savanth,Very High Risk,-0.0581509,0.0315603,-0.0578184,-0.0847423,0.047368,0.0457937,,0.0926625,NAV history,-0.0284865,-0.0475704,-0.0447446,0.156423,-0.239679,-0.239679,-0.11272,-0.144664,0.163934,8.1,13.5,13.5,38,,2026-10-07
149569,INF173K01361,Sundaram ELSS Tax Saver Fund,Sundaram Mutual Fund,Equity,ELSS,Equity Scheme - ELSS,Regular,Growth,1996-01-01,AMFI scheme master,30.77,473.734,2026-10-06,532.496,2026-01-02,450.308,2026-03-31,-0.110351,1284.9,Kuvera (latest month),1279.45,Jul-Sep 2026,1185.81,0.023,Rohit Seksaria; Bharath Subramanian; Shalav Saket,Very High Risk,-0.0539614,0.0154643,-0.0758685,-0.0331057,0.0691663,,,0.0781073,NAV history,-0.0465365,-0.0257721,,0.1316,-0.160871,,0.0316591,0.0424979,0.282609,21.6,91.9,21.6,38,,2026-10-07
132757,INF277K01I52,Tata ELSS - Tax Saver Fund,Tata Mutual Fund,Equity,ELSS,Equity Schemes - ELSS- Tax Saver Fund,Regular,Growth,1996-03-31,AMFI scheme master,30.52,45.0472,2026-10-06,48.136,2026-08-25,40.5502,2026-03-31,-0.0641682,4746.7,Kuvera (latest month),4659.9,Jul-Sep 2026,3089.53,0.0193,Sailesh Jain,Very High Risk,-0.0349207,0.0765304,0.0139372,-0.00523419,0.105634,0.102217,0.122489,0.134031,NAV history,0.0432691,0.0106952,0.0116787,0.146079,-0.189011,-0.189011,0.278162,0.371642,0.590164,67.6,43.2,64.9,38,,2026-10-07
100480,INF044D01AC9,Taurus ELSS Tax Saver Fund,Taurus Mutual Fund,Equity,ELSS,Equity Scheme - ELSS,Regular,Growth,2006-04-03,Before Apr-2006 (AMFI history starts 03-Apr-2006),20.51,181.04,2026-10-06,191.12,2025-10-29,158.77,2026-03-31,-0.0527417,71.87,AMFI AAUM Jul-Sep 2026,71.87,Jul-Sep 2026,41.97,0.0262,,,0.00897286,0.100882,-0.0187534,-0.0141652,0.0982481,0.0962451,0.117645,0.115303,Since Apr-2006 (earlier NAV not in AMFI history),0.0105786,0.00330959,0.00570686,0.136889,-0.170134,-0.170134,0.242884,0.326704,0.47541,56.8,75.7,41.9,38,,2026-10-07
100821,INF789F01547,UTI ELSS Tax Saver Fund,UTI Mutual Fund,Equity,ELSS,Equity Scheme - ELSS,Regular,Growth,1999-11-15,AMFI scheme master,26.89,191.314,2026-10-06,212.787,2026-01-02,180.103,2026-03-31,-0.100914,3482.3,Kuvera (latest month),3468.4,Jul-Sep 2026,2714.21,0.0196,Amit Premchandani,Very High Risk,-0.0587675,0.0288604,-0.070472,-0.053792,0.0627864,0.057489,0.10353,0.116,Launch NAV Rs 10 assumed (pre-2006 NAV not in AMFI history),-0.04114,-0.0321521,-0.0330492,0.129676,-0.189309,-0.215939,-0.0170706,-0.0232287,0.0983607,13.5,40.5,2.7,38,,2026-10-07
116051,INF582M01302,Union ELSS Tax Saver Fund (Formerly Union Tax Saver (ELSS) Fund,Union Mutual Fund,Equity,ELSS,Equity Scheme - ELSS,Regular,Growth,2011-11-08,AMFI scheme master,14.91,63.81,2026-10-06,67.29,2025-10-29,57.51,2026-03-30,-0.0517165,871.9,Kuvera (latest month),859.27,Jul-Sep 2026,810.08,0.0261,Sanjay Bembalkar; Vinod Malviya,Very High Risk,-0.0300958,0.0822592,-0.0292104,-0.0141133,0.0889184,0.0878166,0.116755,0.133558,NAV history,0.000121543,-0.00602008,-0.00272168,0.141678,-0.186481,-0.186481,0.168822,0.224246,0.590164,43.2,48.6,64.9,38,,2026-10-07
150589,INF03VN01647,WhiteOak Capital ELSS Tax Saver Fund,WhiteOak Capital Mutual Fund,Equity,ELSS,Equity Schemes - ELSS- Tax Saver Fund,Regular,Growth,2022-08-16,AMFI scheme master,4.14,17.489,2026-10-06,18.414,2026-08-28,15.177,2026-03-31,-0.0502335,507.2,Kuvera (latest month),494.27,Jul-Sep 2026,443.03,0.0258,Piyush Baranwal; Ramesh Mantri; Trupti Agrawal; Dheeresh Pathak; Ashish Agrawal,Very High Risk,-0.0186297,0.116153,0.00424921,0.0138332,0.134282,,,0.149555,NAV history,0.0335812,0.0393436,,0.142735,-0.166592,,0.485388,0.650372,0.918919,97.3,83.8,97.3,38,,2026-10-07
151799,INF579M01AP7,360 ONE Flexicap Fund,360 ONE Mutual Fund,Equity,Flexi Cap,Equity Schemes - Flexi Cap Fund,Regular,Growth,2023-06-12,AMFI scheme master,3.32,16.2086,2026-10-06,16.5308,2026-08-06,13.1342,2026-03-23,-0.0194909,2249.8,Kuvera (latest month),2212.84,Jul-Sep 2026,1324.11,0.0237,Mayur Patel; Viral Mehta,Very High Risk,0.0243825,0.193002,0.0725578,0.0197251,0.153664,,,0.158461,NAV history,0.0785862,0.0498827,,0.152744,-0.188042,,0.580475,0.783118,0.571429,88.9,52.8,63.2,46,,2026-10-07
154041,INF2JJD01169,Abakkus Flexi Cap Fund,Abakkus Mutual Fund,Equity,Flexi Cap,Equity Scheme - Flexi Cap Fund,Regular,Growth,2025-12-08,AMFI scheme master,0.83,10.802,2026-10-06,11.375,2026-08-31,9.08,2026-03-30,-0.0503736,6825.45,AMFI AAUM Jul-Sep 2026,6825.45,Jul-Sep 2026,4197.55,0.0211,,,-0.0154042,0.157771,,,,,,0.0783668,"NAV history (absolute, <1Y)",,,,,,,,,,,,,46,,2026-10-07
103166,INF209K01AJ8,Aditya Birla Sun Life Flexi Cap Fund,Aditya Birla Sun Life Mutual Fund,Equity,Flexi Cap,Equity Scheme - Flexi Cap Fund,Regular,Growth,1998-08-17,AMFI scheme master,28.14,1893.98,2026-10-06,1990.44,2026-08-10,1659.16,2026-03-31,-0.0484616,29044.2,Kuvera (latest month),28241.2,Jul-Sep 2026,21654,0.0168,Harish Krishnan; Dhaval Joshi,Very High Risk,-0.0140091,0.109667,0.049913,0.0298523,0.13449,0.100987,0.121865,0.204867,Launch NAV Rs 10 assumed (pre-2006 NAV not in AMFI history),0.0559414,0.0307087,0.0116972,0.133495,-0.172953,-0.204979,0.520543,0.714778,0.508197,75,72.2,55.3,46,,2026-10-07
154519,INF2VOA01103,AlphaGrep Flexi Cap Fund,AlphaGrep Mutual Fund,Equity,Flexi Cap,Equity Schemes - Flexi Cap Fund,Regular,Growth,2026-07-21,AMFI scheme master,0.21,9.9185,2026-10-06,10.1865,2026-08-28,9.7918,2026-10-01,-0.0263093,30.96,AMFI AAUM Jul-Sep 2026,30.96,Jul-Sep 2026,17.7,0.0466,,,,,,,,,,-0.0189416,"NAV history (absolute, <1Y)",,,,,,,,,,,,,46,,2026-10-07
141927,INF846K01B51,Axis Flexi Cap Fund,Axis Mutual Fund,Equity,Flexi Cap,Equity Schemes - Flexi Cap Fund,Regular,Growth,2017-10-30,AMFI scheme master,8.94,27.49,2026-10-06,28.85,2026-08-31,23.44,2026-03-30,-0.0471404,13942.8,Kuvera (latest month),13587.9,Jul-Sep 2026,11164.5,0.0183,Sachin Relekar; Krishnaa N,Very High Risk,-0.00829726,0.135012,0.023455,0.0148762,0.118988,0.0723076,,0.120703,NAV history,0.0294834,0.0152064,-0.0169823,0.142165,-0.191314,-0.234429,0.379751,0.510618,0.344262,63.9,50,34.2,46,,2026-10-07
108594,INF194K01391,BANDHAN Flexi Cap Fund,Bandhan Mutual Fund,Equity,Flexi Cap,Equity Scheme - Flexi Cap Fund,Regular,Growth,2005-09-05,AMFI scheme master,21.09,202.591,2026-10-06,217.348,2026-01-02,186.786,2026-03-31,-0.0678957,7508,Kuvera (latest month),7472.06,Jul-Sep 2026,6473.56,0.022,Manish Gunwani; Viraj Kulkarni; Ritika Behera; Gaurav Satra,Very High Risk,-0.0437686,0.04933,-0.0345362,-0.0161413,0.090431,0.0847782,0.0984526,0.13264,NAV history,-0.0285078,-0.0133502,-0.00451171,0.128957,-0.172137,-0.20804,0.197205,0.267497,0.262295,36.1,75,14.5,46,,2026-10-07
148405,INF761K01FI9,BANK OF INDIA FLEXI CAP FUND,Bank of India Mutual Fund,Equity,Flexi Cap,Equity Scheme - Flexi Cap Fund,Regular,Growth,2020-06-10,AMFI scheme master,6.32,38.34,2026-10-06,39,2026-08-28,31.79,2026-03-30,-0.0169231,2952.9,Kuvera (latest month),2875.98,Jul-Sep 2026,2154.67,0.0228,Alok Singh,Very High Risk,0.0196809,0.163934,0.0879682,0.0332808,0.171607,0.147504,,0.2385,NAV history,0.0939966,0.0678258,0.0582137,0.177324,-0.239755,-0.239755,0.601198,0.784109,0.688525,91.7,13.9,75,46,,2026-10-07
151898,INF0QA701383,Bajaj Finserv Flexi Cap Fund,Bajaj Finserv Mutual Fund,Equity,Flexi Cap,Equity Scheme - Flexi Cap Fund,Regular,Growth,2023-07-24,AMFI scheme master,3.21,15.104,2026-10-06,15.948,2026-08-11,13.072,2026-03-23,-0.052922,8655.3,Kuvera (latest month),8352.63,Jul-Sep 2026,6915.63,0.0224,Nimesh Chandan; Siddharth Chaudhary; Sorbh Gupta,Very High Risk,-0.0295554,0.11329,0.0272733,0.0229458,0.14265,,,0.139748,NAV history,0.0333017,0.038869,,0.133861,-0.180154,,0.58008,0.779472,1,86.1,55.6,100,46,,2026-10-07
150385,INF251K01QW9,Baroda BNP Paribas Flexi Cap Fund,Baroda BNP Paribas Mutual Fund,Equity,Flexi Cap,Equity Scheme - Flexi Cap Fund,Regular,Growth,2022-07-25,AMFI scheme master,4.2,15.3284,2026-10-06,16.3798,2026-08-10,13.8066,2026-03-31,-0.0641888,1271.6,Kuvera (latest month),1250.4,Jul-Sep 2026,1156.13,0.0244,Jitendra Sriram; Kirtan Mehta,Very High Risk,-0.032353,0.0833404,-0.00411261,-0.023708,0.104518,,,0.111784,NAV history,0.0019158,0.000737079,,0.150294,-0.208103,,0.262939,0.342627,0.410256,50,30.6,36.8,46,,2026-10-07
101922,INF760K01019,Canara Robeco Flexi Cap Fund,Canara Robeco Mutual Fund,Equity,Flexi Cap,Equity Schemes - Flexi Cap Fund,Regular,Growth,2003-08-29,AMFI scheme master,23.11,328.41,2026-10-06,353.33,2025-10-29,301.28,2026-03-31,-0.070529,13678.8,Kuvera (latest month),13465.6,Jul-Sep 2026,11464.3,0.0183,Pranav Gokhale; Shridatta Bhandwaldar,Very High Risk,-0.0436796,0.0546243,-0.0458745,-0.0141864,0.0954012,0.0766683,0.125516,0.163141,Launch NAV Rs 10 assumed (pre-2006 NAV not in AMFI history),-0.0398461,-0.00837998,-0.0126216,0.135245,-0.178657,-0.19406,0.224786,0.305852,0.295082,47.2,61.1,19.7,46,,2026-10-07
153739,INF226401026,Capitalmind Flexi Cap Fund,Capitalmind Mutual Fund,Equity,Flexi Cap,Equity Scheme - Flexi Cap Fund,Regular,Growth,2025-07-18,AMFI scheme master,1.22,10.0076,2026-10-06,10.4763,2026-08-31,9.3882,2026-03-23,-0.0447391,459.8,AMFI AAUM Jul-Sep 2026,459.8,Jul-Sep 2026,75.8,0.0316,,,0.00280572,0.0462401,0.0178911,,,,,0.00942521,NAV history,0.0239195,,,,,,,,,,,,46,,2026-10-07
105875,INF740K01037,DSP Flexi Cap Fund,DSP Mutual Fund,Equity,Flexi Cap,Equity Scheme - Flexi Cap Fund,Regular,Growth,1997-04-04,AMFI scheme master,29.51,98.836,2026-10-06,106.054,2026-08-03,90.399,2026-03-31,-0.0680597,12500.2,Kuvera (latest month),12313,Jul-Sep 2026,9963.17,0.0187,Bhavin Gandhi,Very High Risk,-0.0509132,0.0599944,-0.0407252,-0.0289173,0.0871044,0.0786599,0.121505,0.126267,NAV history,-0.0346968,-0.0166768,-0.01063,0.141706,-0.179519,-0.234372,0.155988,0.209927,0.42623,25,58.3,40.8,46,,2026-10-07
140355,INF843K01KN5,Edelweiss Flexi Cap Fund,Edelweiss Mutual Fund,Equity,Flexi Cap,Equity Scheme - Flexi Cap Fund,Regular,Growth,2015-01-13,AMFI scheme master,11.73,37.158,2026-10-06,40.257,2026-01-02,34.698,2026-03-31,-0.0769804,3698,Kuvera (latest month),3616.44,Jul-Sep 2026,3012.45,0.0215,Ashwani Agarwalla; Trideep Bhattacharya; Mehul Dalmia,Very High Risk,-0.048402,0.0454673,-0.0298172,-0.025723,0.118386,0.101524,,0.142734,NAV history,-0.0237888,0.0146049,0.0122344,0.146647,-0.195504,-0.195504,0.364045,0.488899,0.754098,58.3,47.2,82.9,46,,2026-10-07
100520,INF090I01239,Franklin India Flexi Cap Fund,Franklin Templeton Mutual Fund,Equity,Flexi Cap,Equity Scheme - Flexi Cap Fund,Regular,Growth,1994-09-29,AMFI scheme master,32.02,1524.24,2026-10-06,1687.01,2025-11-20,1446.85,2026-03-31,-0.0964872,19384.8,Kuvera (latest month),19294.2,Jul-Sep 2026,13803.9,0.0177,R. Janakiraman; Sandeep Manam; Rajasa Kakulavarapu,Very High Risk,-0.0566872,0.0216657,-0.0653702,-0.036562,0.0898438,0.0984287,0.119187,0.169983,Launch NAV Rs 10 assumed (pre-2006 NAV not in AMFI history),-0.0593418,-0.0139374,0.00913878,0.134696,-0.166624,-0.180064,0.184443,0.248966,0.754098,33.3,80.6,82.9,46,,2026-10-07
101762,INF179K01608,HDFC Flexi Cap Fund,HDFC Mutual Fund,Equity,Flexi Cap,Equity Scheme - Flexi Cap Fund,Regular,Growth,1994-12-08,AMFI scheme master,31.83,1977.67,2026-10-06,2100.15,2026-01-06,1817.59,2026-03-31,-0.0583196,110736,Kuvera (latest month),110925,Jul-Sep 2026,70820.4,0.0137,Amit Ganatra; Dhruv Muchhal,Very High Risk,-0.0322773,0.056482,-0.028478,0.0190627,0.141661,0.149557,0.14495,0.180711,Launch NAV Rs 10 assumed (pre-2006 NAV not in AMFI history),-0.0224496,0.0378801,0.0602673,0.120201,-0.134543,-0.134543,0.637777,0.882018,0.934426,100,97.2,97.4,46,,2026-10-07
102252,INF336L01AF5,HSBC Flexi Cap Fund,HSBC Mutual Fund,Equity,Flexi Cap,Equity Schemes - Flexi Cap Fund,Regular,Growth,2004-01-22,AMFI scheme master,22.71,230.095,2026-10-06,239.053,2026-08-31,192.359,2026-03-31,-0.0374712,5999.6,Kuvera (latest month),5805.95,Jul-Sep 2026,4738.09,0.0208,Abhishek Gupta; Mayank Chaturvedi,Very High Risk,0.0106083,0.152137,0.0418284,0.0208114,0.146408,0.117838,0.120715,0.148108,Launch NAV Rs 10 assumed (pre-2006 NAV not in AMFI history),0.0478568,0.0426268,0.0285477,0.157758,-0.207445,-0.230577,0.51603,0.695593,0.688525,72.2,33.3,75,46,,2026-10-07
152136,INF0R8701012,Helios Flexi Cap Fund,Helios Mutual Fund,Equity,Flexi Cap,Equity Schemes - Flexi Cap Fund,Regular,Growth,2023-10-23,AMFI scheme master,2.96,15.06,2026-10-06,15.82,2026-08-25,12.88,2026-03-30,-0.0480405,8747.5,Kuvera (latest month),8432.87,Jul-Sep 2026,3553.51,0.021,Alok Bahl; Pratik Singh,Very High Risk,-0.0352338,0.129782,0.00601202,0.0382795,,,,0.143503,NAV history,0.0120404,,,,,,,,0.916667,,,92.1,46,,2026-10-07
148989,INF109KC1Q80,ICICI Prudential Flexi Cap fund,ICICI Prudential Mutual Fund,Equity,Flexi Cap,Equity Schemes - Flexi Cap Fund,Regular,Growth,2021-06-28,AMFI scheme master,5.28,19.9,2026-10-06,21.18,2026-08-10,17.01,2026-03-23,-0.0604344,25894.5,Kuvera (latest month),24585.7,Jul-Sep 2026,19940.4,0.0173,Rajat Chandak; Sharmila D'Silva,Very High Risk,-0.0074813,0.121759,0.0158244,0.0212624,0.143184,0.131279,,0.141037,NAV history,0.0218528,0.0394032,0.0419892,0.142514,-0.200201,-0.200201,0.54861,0.766233,0.826923,83.3,38.9,89.5,46,,2026-10-07
151377,INF00XX01CL3,ITI Flexi Cap Fund,ITI Mutual Fund,Equity,Flexi Cap,Equity Scheme - Flexi Cap Fund,Regular,Growth,2023-01-27,AMFI scheme master,3.69,19.6474,2026-10-06,20.1826,2026-08-28,16.008,2026-03-31,-0.0265179,1588.1,Kuvera (latest month),1525.56,Jul-Sep 2026,1346.26,0.0231,Dhimant Shah; Nilay Dalal,Very High Risk,0.00867628,0.185528,0.101627,0.0364663,0.165926,,,0.207723,NAV history,0.107655,0.0621449,,0.164474,-0.220329,,0.613629,0.813689,0.636364,94.4,22.2,65.8,46,,2026-10-07
149766,INF205KA1460,Invesco India Flexi Cap Fund,Invesco Mutual Fund,Equity,Flexi Cap,Equity Schemes - Flexi Cap Fund,Regular,Growth,2022-01-24,AMFI scheme master,4.7,18.79,2026-10-06,19.96,2026-08-31,15.75,2026-03-30,-0.0586172,5708.8,Kuvera (latest month),5528.81,Jul-Sep 2026,4635.83,0.0209,Taher Badshah; Fatema Pacha,Very High Risk,-0.0354209,0.141555,-0.0198226,0.00536485,0.149217,,,0.145523,NAV history,-0.0137942,0.0454358,,0.156109,-0.196429,,0.539474,0.741454,0.777778,80.6,44.4,86.8,46,,2026-10-07
109522,INF192K01635,JM Flexi Cap Fund,JM Financial Mutual Fund,Equity,Flexi Cap,Equity Schemes - Flexi Cap Fund,Regular,Growth,2008-07-31,AMFI scheme master,18.18,97.6709,2026-10-06,101.808,2026-08-13,83.3282,2026-03-31,-0.0406316,5290.6,Kuvera (latest month),5204.46,Jul-Sep 2026,2798.71,0.0228,Satish Ramanathan; Asit Bhandarkar; Ruchi Fozdar; Deepak Gupta,Very High Risk,-0.00783102,0.140538,-0.00800334,-0.0423559,0.123886,0.133317,0.144406,0.135381,NAV history,-0.00197494,0.0201047,0.0440275,0.158633,-0.240367,-0.240367,0.371209,0.487111,0.688525,61.1,11.1,75,46,,2026-10-07
154641,INF22M001325,JioBlackRock Flexi Cap Fund,Jio BlackRock Mutual Fund,Equity,Flexi Cap,Equity Schemes - Flexi Cap Fund,Regular,Growth,2025-09-23,AMFI scheme master,1.04,9.493,2026-10-06,10.0247,2026-08-25,9.3677,2026-10-01,-0.053039,3250.47,AMFI AAUM Jul-Sep 2026,3250.47,Jul-Sep 2026,0.91,0.0234,,,,,,,,,,-0.0463514,"NAV history (absolute, <1Y)",,,,,,,,,,,,,46,,2026-10-07
112090,INF174K01336,Kotak Flexi Cap Fund,Kotak Mahindra Mutual Fund,Equity,Flexi Cap,Equity Schemes - Flexi Cap Fund,Regular,Growth,2009-07-22,AMFI scheme master,17.21,81.574,2026-10-06,89.364,2026-02-11,76.627,2026-03-31,-0.0871716,56392.2,Kuvera (latest month),55674.1,Jul-Sep 2026,37907.9,0.014847,Harsha Upadhyaya,Very High Risk,-0.056948,0.0297667,-0.0453487,-0.00696915,0.0965326,0.0903231,0.117073,0.129958,NAV history,-0.0393203,-0.00724859,0.00103315,0.145526,-0.166078,-0.181054,0.21668,0.288859,0.52459,44.4,83.3,60.5,46,,2026-10-07
100313,INF767K01071,LIC MF Flexi Cap Fund,LIC Mutual Fund,Equity,Flexi Cap,Equity Scheme - Flexi Cap Fund,Regular,Growth,1998-04-16,AMFI scheme master,28.48,101.447,2026-10-06,109.691,2026-08-31,86.796,2026-03-23,-0.0751538,1125.3,Kuvera (latest month),1085.88,Jul-Sep 2026,963.77,0.0289,Sudhanshu Asthana; Nikhil Kapoor,Very High Risk,-0.0292877,0.129163,-0.00159139,-0.0100058,0.0921092,0.0860501,0.0973468,0.0847743,Launch NAV Rs 10 assumed (pre-2006 NAV not in AMFI history),0.00443701,-0.0116719,-0.00323986,0.155585,-0.235432,-0.235432,0.17424,0.231062,0.295082,30.6,16.7,19.7,46,,2026-10-07
149101,INF174V01AP8,Mahindra Manulife Flexi Cap Fund,Mahindra Manulife Mutual Fund,Equity,Flexi Cap,Equity Schemes - Flexi Cap Fund,Regular,Growth,2021-07-30,AMFI scheme master,5.19,15.414,2026-10-06,16.827,2026-01-02,14.2842,2026-03-31,-0.0839722,1589.5,Kuvera (latest month),1569.77,Jul-Sep 2026,1480.07,0.0248,Fatema Pacha; Neelesh Dhamnaskar,Very High Risk,-0.0336111,0.0468765,-0.0507861,-0.0290427,0.0751722,0.086115,,0.0880819,NAV history,-0.0447577,-0.0286089,-0.00317493,0.136301,-0.175091,-0.17964,0.0746305,0.099781,0.470588,16.7,69.4,44.7,46,,2026-10-07
151414,INF769K01JG8,Mirae Asset Flexi Cap Fund,Mirae Asset Mutual Fund,Equity,Flexi Cap,Equity Schemes - Flexi Cap Fund,Regular,Growth,2023-02-03,AMFI scheme master,3.67,15.803,2026-10-06,16.624,2026-01-02,14.297,2026-03-31,-0.0493864,4506.2,Kuvera (latest month),4422.56,Jul-Sep 2026,3631.7,0.021,Varun Goel,Very High Risk,-0.0287628,0.0737193,0.000823306,0.0128026,0.103044,,,0.135349,NAV history,0.00685171,-0.000737079,,0.141302,-0.167373,,0.269239,0.360742,0.515152,52.8,77.8,57.9,46,,2026-10-07
129048,INF247L01478,Motilal Oswal Flexi Cap Fund,Motilal Oswal Mutual Fund,Equity,Flexi Cap,Equity Scheme - Flexi Cap Fund,Regular,Growth,2014-04-07,AMFI scheme master,12.5,62.6572,2026-10-06,65.0729,2026-08-31,51.0192,2026-03-23,-0.037123,14159.9,Kuvera (latest month),13798.8,Jul-Sep 2026,7825.83,0.02,Varun Sharma; Swapnil Mayekar; Ajay Khandelwal; Ankit Agarwal; Rakesh Shetty,Very High Risk,0.0636468,0.183133,0.0151288,0.00596772,0.170482,0.11813,0.116663,0.159449,NAV history,0.0211572,0.0667008,0.0288399,0.168412,-0.223959,-0.223959,0.626334,0.86762,0.42623,97.2,19.4,40.8,46,,2026-10-07
151920,INF0J8L01131,NJ Flexi Cap Fund,NJ Mutual Fund,Equity,Flexi Cap,Equity Schemes - Flexi Cap Fund,Regular,Growth,2023-08-15,AMFI scheme master,3.15,12.5,2026-10-06,13.59,2025-10-20,11.55,2026-03-30,-0.080206,2696.5,Kuvera (latest month),2659.84,Jul-Sep 2026,2413.13,0.0223,Viral Shah; Dhaval Patel; Jaimin Ilavia,Very High Risk,-0.0406754,0.0486577,-0.0664675,-0.0913595,0.07436,,,0.0733291,NAV history,-0.0604391,-0.0294212,,0.144329,-0.283943,,0.0648516,0.0863973,0.0769231,13.9,2.8,2.6,46,,2026-10-07
143787,INF959L01EE9,Navi Flexi Cap Fund,Navi Mutual Fund,Equity,Flexi Cap,Equity Scheme - Flexi Cap Fund,Regular,Growth,2018-06-18,AMFI scheme master,8.3,24.4192,2026-10-06,25.3946,2026-08-05,20.7722,2026-03-31,-0.0384097,297.3,Kuvera (latest month),291.86,Jul-Sep 2026,231.03,0.0257,Ashutosh Shirwaikar,Very High Risk,-0.013549,0.130011,0.0661916,0.0142682,0.0932702,0.0892899,,0.114184,NAV history,0.07222,-0.010511,0,0.141203,-0.199087,-0.199087,0.20021,0.273695,0.491803,38.9,41.7,51.3,46,,2026-10-07
149089,INF204KC1097,Nippon India Flexi Cap Fund,Nippon India Mutual Fund,Equity,Flexi Cap,Equity Scheme - Flexi Cap Fund,Regular,Growth,2021-07-26,AMFI scheme master,5.2,16.1023,2026-10-06,17.198,2025-10-29,14.4592,2026-03-31,-0.0637109,9822.4,Kuvera (latest month),9655.71,Jul-Sep 2026,8605.95,0.0184,Meenakshi Dawar; Dhrumil Shah; Kinjal Desai; Amber Singhania,Very High Risk,-0.0434088,0.0749988,-0.0344548,-0.0311621,0.0799331,0.0850053,,0.0953819,NAV history,-0.0284264,-0.0238481,-0.00428464,0.14642,-0.202408,-0.202408,0.101988,0.135445,0.333333,22.2,36.1,31.6,46,,2026-10-07
154226,INF0S5R01166,Old Bridge Flexi Cap Fund,Old Bridge Mutual Fund,Equity,Flexi Cap,Equity Scheme - Flexi Cap Fund,Regular,Growth,2026-02-13,AMFI scheme master,0.65,10.93,2026-10-06,11.53,2026-08-20,9.85,2026-03-30,-0.0520382,324.14,AMFI AAUM Jul-Sep 2026,324.14,Jul-Sep 2026,164.02,0.0306,,,-0.023235,0.0919081,,,,,,0.0919081,"NAV history (absolute, <1Y)",,,,,,,,,,,,,46,,2026-10-07
133836,INF663L01FJ3,PGIM India Flexi Cap Fund,PGIM India Mutual Fund,Equity,Flexi Cap,Equity Scheme - Flexi Cap Fund,Regular,Growth,2015-02-11,AMFI scheme master,11.65,35.73,2026-10-06,37.66,2026-08-25,32.01,2026-03-30,-0.051248,5963.3,Kuvera (latest month),5867.16,Jul-Sep 2026,3959.29,0.021,Vinay Paharia; Puneet Pal; A. Anandha Padmanabhan; Vivek Sharma,Very High Risk,-0.0232367,0.0866788,-0.0210959,-0.00250941,0.0865989,0.0609517,0.123507,0.11645,NAV history,-0.0150675,-0.0171822,-0.0283382,0.135581,-0.177684,-0.230796,0.159307,0.215402,0.245902,27.8,63.9,10.5,46,,2026-10-07
122640,INF879O01019,Parag Parikh Flexi Cap Fund,PPFAS Mutual Fund,Equity,Flexi Cap,Equity Scheme - Flexi Cap Fund,Regular,Growth,2013-05-13,AMFI scheme master,13.4,81.0444,2026-10-06,87.7264,2025-10-27,77.8838,2026-03-30,-0.0761686,148429,Kuvera (latest month),147064,Jul-Sep 2026,48453.1,0.013,Raj Mehta; Rajeev Thakkar; Raunak Onkar; Rukun Tarachandani; Tejas Soman; Mansi Kariya; Aishwarya Dhar,Very High Risk,-0.0278821,0.0141668,-0.049047,0.00475206,0.116027,0.104576,0.15761,0.169584,NAV history,-0.0430186,0.0122457,0.0152862,0.0979033,-0.112197,-0.18417,0.521196,0.725972,0.655738,77.8,100,68.4,46,,2026-10-07
109830,INF966L01457,Quant Flexi Cap Fund,quant Mutual Fund,Equity,Flexi Cap,Equity Scheme - Flexi Cap Fund,Regular,Growth,2008-08-25,AMFI scheme master,18.12,105.138,2026-10-06,110.326,2026-08-10,87.6232,2026-03-31,-0.0470271,7363.9,Kuvera (latest month),7340.05,Jul-Sep 2026,3579.81,0.022,Jignesh Shah; Sanjeev Sharma; Ankit A. Pande; Sandeep Tandon; Varun Pattani; Sameer Kate; Ayusha Kumbhat; Yug Tibrewal,Very High Risk,-0.0400287,0.154546,0.0774426,-0.00943694,0.136837,0.126132,0.17541,0.139734,NAV history,0.083471,0.0330558,0.0368417,0.16772,-0.250862,-0.250862,0.428315,0.579616,0.688525,69.4,8.3,75,46,,2026-10-07
154516,INF082J01515,Quantum Flexi Cap Fund,Quantum Mutual Fund,Equity,Flexi Cap,Equity Schemes - Flexi Cap Fund,Regular,Growth,2026-08-21,AMFI scheme master,0.13,9.67,2026-10-06,10,2026-09-10,9.59,2026-10-01,-0.033,14.05,AMFI AAUM Jul-Sep 2026,14.05,Jul-Sep 2026,12.23,0.052,,,,,,,,,,-0.033,"NAV history (absolute, <1Y)",,,,,,,,,,,,,46,,2026-10-07
103215,INF200K01222,SBI FLEXICAP FUND,SBI Mutual Fund,Equity,Flexi Cap,Equity Scheme - Flexi Cap Fund,Regular,Growth,2005-08-22,AMFI scheme master,21.13,105.549,2026-10-06,114.131,2026-01-02,97.1621,2026-03-30,-0.0751933,23234.6,Kuvera (latest month),22863,Jul-Sep 2026,15983.5,0.0203,Anup Upadhyay,Very High Risk,-0.0225197,0.0544312,-0.0411373,-0.0275084,0.0713332,0.0667935,0.106159,0.11803,Launch NAV Rs 10 assumed (pre-2006 NAV not in AMFI history),-0.0351089,-0.0324479,-0.0224964,0.124451,-0.16338,-0.171305,0.0508896,0.0678954,0.180328,11.1,86.1,5.3,46,,2026-10-07
144902,INF680P01075,Shriram Flexi Cap Fund,Shriram Mutual Fund,Equity,Flexi Cap,Equity Scheme - Flexi Cap Fund,Regular,Growth,2018-09-07,AMFI scheme master,8.08,18.776,2026-10-06,20.8589,2025-11-20,17.716,2026-03-31,-0.0998567,130.7,Kuvera (latest month),131.19,Jul-Sep 2026,111.71,0.0259,Prateek Nigudkar; Hitesh Savanth,Very High Risk,-0.0612986,0.0265775,-0.0635225,-0.0898356,0.045983,0.0501412,,0.0841614,NAV history,-0.0574941,-0.0577982,-0.0391487,0.159248,-0.250991,-0.250991,-0.119417,-0.153487,0.311475,2.8,5.6,23.7,46,,2026-10-07
150568,INF903JA1LB8,Sundaram Flexicap Fund,Sundaram Mutual Fund,Equity,Flexi Cap,Equity Scheme - Flexi Cap Fund,Regular,Growth,2022-08-16,AMFI scheme master,4.14,13.7151,2026-10-06,15.4153,2026-01-02,13.0519,2026-03-31,-0.110293,1962.6,Kuvera (latest month),1963.65,Jul-Sep 2026,1790.58,0.0217,S. Bharath; Sandeep Agarwal; Shalav Saket,Very High Risk,-0.0544115,0.014498,-0.0764553,-0.0330771,0.0646136,,,0.0802034,NAV history,-0.0704269,-0.0391676,,0.132082,-0.161671,,-0.00292537,-0.00393583,0.315789,5.6,88.9,26.3,46,,2026-10-07
152582,INF0GCD01719,TRUSTMF Flexi Cap Fund,Trust Mutual Fund,Equity,Flexi Cap,Equity Scheme - Flexi Cap Fund,Regular,Growth,2024-04-05,AMFI scheme master,2.51,12.11,2026-10-06,12.6,2026-08-26,10.13,2026-03-30,-0.0388889,1041.5,Kuvera (latest month),1014.85,Jul-Sep 2026,638.05,0.0318,Mihir Vora; Saurabh Kataria; Aakash Manghani,Very High Risk,0.0185029,0.164423,0.0557977,0.0208666,,,,0.0808507,NAV history,0.0618261,,,,,,,,0.473684,,,47.4,46,,2026-10-07
144548,INF277K019K2,Tata Flexi Cap Fund,Tata Mutual Fund,Equity,Flexi Cap,Equity Scheme - Flexi Cap Fund,Regular,Growth,2018-08-17,AMFI scheme master,8.14,22.5684,2026-10-06,25.1762,2026-01-02,21.5496,2026-03-31,-0.103582,3663,Kuvera (latest month),3656.38,Jul-Sep 2026,3258.87,0.0212,Anand Sharma; Aditya Bagul,Very High Risk,-0.0561065,0.0196305,-0.0796597,-0.0272736,0.0747648,0.0677436,,0.106239,NAV history,-0.0736313,-0.0290163,-0.0215464,0.127726,-0.15048,-0.188432,0.0764515,0.101835,0.262295,19.4,94.4,14.5,46,,2026-10-07
100476,INF044D01989,Taurus Flexi Cap Fund,Taurus Mutual Fund,Equity,Flexi Cap,Equity Scheme - Flexi Cap Fund,Regular,Growth,1994-01-29,AMFI scheme master,32.69,242.99,2026-10-06,246.16,2026-09-23,194.23,2026-03-31,-0.0128778,373.03,AMFI AAUM Jul-Sep 2026,373.03,Jul-Sep 2026,359.49,0.0275,,,0.0673841,0.195288,0.0851643,0.0135424,0.116473,0.102404,0.0961117,0.102536,Launch NAV Rs 10 assumed (pre-2006 NAV not in AMFI history),0.0911927,0.0126914,0.0131137,0.148453,-0.20974,-0.20974,0.346727,0.46448,0.327869,55.6,25,28.9,46,,2026-10-07
153870,INF2F0001016,The Wealth Company Flexi Cap Fund,The Wealth Company Mutual Fund,Equity,Flexi Cap,Equity Scheme - Flexi Cap Fund,Regular,Growth,2025-09-24,AMFI scheme master,1.03,9.4936,2026-10-06,10.3743,2026-01-07,8.6644,2026-03-31,-0.0848925,246.73,AMFI AAUM Jul-Sep 2026,246.73,Jul-Sep 2026,202.62,0.0394,,,-0.0540737,0.043035,,,,,,-0.0525349,"NAV history (absolute, <1Y)",,,,,,,,,,,,,46,,2026-10-07
153542,INF1MIY01049,UNIFI FLEXI CAP FUND,Unifi Mutual Fund,Equity,Flexi Cap,Equity Scheme - Flexi Cap Fund,Regular,Growth,2025-05-19,AMFI scheme master,1.39,10.463,2026-10-06,10.7493,2026-09-08,9.02,2026-03-31,-0.0266343,231,AMFI AAUM Jul-Sep 2026,231,Jul-Sep 2026,110.37,0.027,,,-0.00423507,0.11972,0.0365461,,,,,0.0265292,NAV history,0.0425745,,,,,,,,,,,,46,,2026-10-07
100669,INF789F01513,UTI - Flexi Cap Fund.,UTI Mutual Fund,Equity,Flexi Cap,Equity Scheme - Flexi Cap Fund,Regular,Growth,1992-04-20,AMFI scheme master,34.46,313.984,2026-10-06,334.292,2026-08-28,268.178,2026-03-23,-0.0607495,24163.2,Kuvera (latest month),23664.5,Jul-Sep 2026,13940.3,0.0168,Ajay Tyagi; Kamal Gada; Akash Shah,Very High Risk,-0.00556972,0.124899,-0.0367714,-0.0208241,0.0680229,0.0346857,0.109057,0.105191,Launch NAV Rs 10 assumed (pre-2006 NAV not in AMFI history),-0.030743,-0.0357583,-0.0546043,0.129564,-0.208283,-0.259309,0.023331,0.0322624,0.196721,8.3,27.8,7.9,46,,2026-10-07
115270,INF582M01104,Union Flexi Cap Fund,Union Mutual Fund,Equity,Flexi Cap,Equity Scheme - Flexi Cap Fund,Regular,Growth,2011-05-20,AMFI scheme master,15.38,51.2,2026-10-06,53.46,2026-08-31,45.13,2026-03-30,-0.0422746,2452.3,Kuvera (latest month),2404.42,Jul-Sep 2026,2294.87,0.0254,Sanjay Bembalkar; Vinod Malviya,Very High Risk,-0.0199081,0.10226,-0.0079442,-0.000877749,0.0951561,0.0854487,0.119492,0.112539,NAV history,-0.0019158,-0.00862504,-0.0038412,0.141063,-0.176948,-0.193992,0.213778,0.283314,0.491803,41.7,66.7,51.3,46,,2026-10-07
150347,INF03VN01506,WhiteOak Capital Flexi Cap Fund,WhiteOak Capital Mutual Fund,Equity,Flexi Cap,Equity Schemes - Flexi Cap Fund,Regular,Growth,2022-07-12,AMFI scheme master,4.24,17.454,2026-10-06,18.41,2026-08-28,15.335,2026-03-23,-0.0519283,9594.9,Kuvera (latest month),9275.44,Jul-Sep 2026,5837.1,0.0205,Piyush Baranwal; Ramesh Mantri; Trupti Agrawal; Dheeresh Pathak; Ashish Agrawal,Very High Risk,-0.0290387,0.101964,0.00512525,0.0153875,0.122518,,,0.142327,NAV history,0.0111537,0.0187367,,0.138007,-0.158273,,0.416774,0.559117,0.923077,66.7,91.7,94.7,46,,2026-10-07
131578,INF579M01878,360 ONE Focused Fund,360 ONE Mutual Fund,Equity,Focused,Equity Schemes - Focused Fund,Regular,Growth,2014-10-08,AMFI scheme master,12,47.844,2026-10-06,49.5906,2026-08-06,41.3224,2026-03-23,-0.0352204,6800.1,Kuvera (latest month),6688.52,Jul-Sep 2026,2634.27,0.0218,Mayur Patel; Viral Mehta,Very High Risk,-0.00855423,0.121125,0.0230859,-0.00526907,0.100403,0.0982603,0.139735,0.138964,NAV history,0.0354219,-0.00107938,0.0017423,0.151595,-0.177315,-0.21681,0.233538,0.311141,0.540984,48.1,66.7,55.4,28,,2026-10-07
103309,INF209K01462,Aditya Birla Sun Life Focused Fund,Aditya Birla Sun Life Mutual Fund,Equity,Focused,Equity Scheme - Focused Fund,Regular,Growth,2005-08-30,AMFI scheme master,21.1,141.332,2026-10-06,151.242,2026-08-06,129.881,2026-03-31,-0.0655221,7971.3,Kuvera (latest month),7914.58,Jul-Sep 2026,6332.19,0.0191,Kunal Sangoi,Very High Risk,-0.0393779,0.0540045,0.00356101,-0.00316886,0.110158,0.0876016,0.113578,0.116926,Since Apr-2006 (earlier NAV not in AMFI history),0.015897,0.00867514,-0.00891639,0.135633,-0.168868,-0.174657,0.332942,0.460176,0.442623,63,88.9,32.1,28,,2026-10-07
117560,INF846K01CH7,Axis Focused Fund,Axis Mutual Fund,Equity,Focused,Equity Schemes - Focused Fund,Regular,Growth,2012-06-11,AMFI scheme master,14.32,53.53,2026-10-06,57.45,2026-08-31,46.94,2026-03-30,-0.0682332,11424.2,Kuvera (latest month),11180.7,Jul-Sep 2026,8493.52,0.0189,Sachin Relekar; Krishnaa N,Very High Risk,-0.0190581,0.112427,-0.0261961,-0.0190563,0.0790177,0.0231158,0.101385,0.123426,NAV history,-0.0138601,-0.0224649,-0.0734022,0.137532,-0.192777,-0.290797,0.101923,0.138416,0.131148,22.2,40.7,3.6,28,,2026-10-07
108592,INF194K01466,Bandhan Focused Fund,Bandhan Mutual Fund,Equity,Focused,Equity Scheme - Focused Fund,Regular,Growth,2006-01-30,AMFI scheme master,20.68,88.203,2026-10-06,92.547,2026-09-23,77.182,2026-03-31,-0.0469383,2093.6,Kuvera (latest month),2104.89,Jul-Sep 2026,1773.21,0.0227,Manish Gunwani; Kirthi Jain; Ritika Behera; Gaurav Satra; Rahul Agarwal,Very High Risk,-0.0137092,0.0968067,0.0107257,0.0112056,0.134785,0.105203,0.120322,0.101277,NAV history,0.0230617,0.0333028,0.00868527,0.151417,-0.181424,-0.206926,0.460884,0.643407,0.491803,81.5,55.6,41.1,28,,2026-10-07
150263,INF251K01PK6,Baroda BNP Paribas Focused Fund,Baroda BNP Paribas Mutual Fund,Equity,Focused,Equity Scheme - Focused Fund,Regular,Growth,2017-09-15,AMFI scheme master,9.06,20.072,2026-10-06,22.6328,2026-01-02,18.8835,2026-03-31,-0.113146,659.9,Kuvera (latest month),620.93,Jul-Sep 2026,600,0.0295,Jitendra Sriram; Kushant Arora,Very High Risk,-0.044145,0.0362684,-0.0728826,-0.0663397,0.0591071,,,0.0821904,NAV history,-0.0605466,-0.0423756,,0.160736,-0.230709,,-0.0366622,-0.0474387,0.159091,7.4,11.1,7.1,28,,2026-10-07
148884,INF760K01JT0,Canara Robeco Focused Fund,Canara Robeco Mutual Fund,Equity,Focused,Equity Schemes - Focused Fund,Regular,Growth,2021-04-23,AMFI scheme master,5.46,18.95,2026-10-06,20.8,2025-10-29,17.58,2026-03-30,-0.0889423,2919.6,Kuvera (latest month),2844.75,Jul-Sep 2026,2566.23,0.0218,Shridatta Bhandwaldar; Amit Kadam,Very High Risk,-0.0409919,0.0452289,-0.0600198,-0.0172227,0.101483,0.0960503,,0.123124,NAV history,-0.0476839,0,-0.000467688,0.136912,-0.169673,-0.187452,0.266469,0.360275,0.611111,51.9,85.2,78.6,28,,2026-10-07
112901,INF740K01532,DSP Focused Fund,DSP Mutual Fund,Equity,Focused,Equity Scheme - Focused Fund,Regular,Growth,2010-04-23,AMFI scheme master,16.46,53.149,2026-10-06,56.933,2026-01-06,48.101,2026-03-23,-0.0664641,2671.2,Kuvera (latest month),2625.15,Jul-Sep 2026,2027.98,0.0211,Bhavin Gandhi,Very High Risk,-0.0446841,0.0767407,-0.0224572,-0.0164257,0.108633,0.091656,0.103314,0.106732,NAV history,-0.0101213,0.00715058,-0.00486201,0.144535,-0.16179,-0.210258,0.301886,0.410659,0.52459,59.3,92.6,48.2,28,,2026-10-07
150382,INF754K01OL0,Edelweiss Focused Fund,Edelweiss Mutual Fund,Equity,Focused,Equity Scheme - Focused Fund,Regular,Growth,2022-07-12,AMFI scheme master,4.24,15.69,2026-10-06,17.148,2026-01-02,14.804,2026-03-31,-0.0850245,1050.4,Kuvera (latest month),1028.64,Jul-Sep 2026,919.16,0.0234,Sumanta Khan; Amit Vora; Trideep Bhattacharya; Mehul Dalmia,Very High Risk,-0.0604228,0.0268997,-0.0446325,-0.0301302,0.0969417,,,0.113226,NAV history,-0.0322966,-0.00454092,,0.148837,-0.178242,,0.214608,0.291988,0.615385,40.7,59.3,82.1,28,,2026-10-07
105817,INF090I01981,Franklin India Focused Equity Fund,Franklin Templeton Mutual Fund,Equity,Focused,Equity Scheme - Focused Fund,Regular,Growth,2007-05-31,AMFI scheme master,19.35,95.216,2026-10-06,112.039,2025-10-29,93.4669,2026-10-01,-0.150155,11506,Kuvera (latest month),11337.4,Jul-Sep 2026,9008.03,0.0193,Ajay Argal; Venkatesh Sanjeevi; Sandeep Manam,Very High Risk,-0.0728092,-0.0105434,-0.124684,-0.0708275,0.0587341,0.0778793,0.114226,0.125241,NAV history,-0.112348,-0.0427486,-0.0186386,0.132488,-0.187802,-0.187802,-0.047294,-0.0635026,0.606557,3.7,48.1,75,28,,2026-10-07
102760,INF179K01574,HDFC Focused Fund,HDFC Mutual Fund,Equity,Focused,Equity Scheme - Focused Fund,Regular,Growth,2004-08-20,AMFI scheme master,22.13,225.124,2026-10-06,242.704,2026-02-18,208.55,2026-03-31,-0.0724339,28200.6,Kuvera (latest month),27716.1,Jul-Sep 2026,17019.6,0.017,Amit Ganatra; Dhruv Muchhal,Very High Risk,-0.0380591,0.0495634,-0.043011,0.0123771,0.13602,0.153439,0.130541,0.151118,Launch NAV Rs 10 assumed (pre-2006 NAV not in AMFI history),-0.0306751,0.0345373,0.0569206,0.117456,-0.140723,-0.140723,0.604649,0.838103,0.918033,88.9,96.3,92.9,28,,2026-10-07
148409,INF336L01PE6,HSBC Focused Fund,HSBC Mutual Fund,Equity,Focused,Equity Schemes - Focused Fund,Regular,Growth,2020-07-01,AMFI scheme master,6.27,26.5451,2026-10-06,27.9738,2026-08-25,22.5884,2026-03-23,-0.0510728,1843,Kuvera (latest month),1786.6,Jul-Sep 2026,1649.95,0.0225,Neelotpal Sahai; Mayank Chaturvedi,Very High Risk,0.00680048,0.1332,0.0514285,0.0185125,0.12733,0.104915,,0.171291,NAV history,0.0637645,0.0258476,0.00839663,0.158073,-0.209172,-0.217583,0.394314,0.533957,0.52459,70.4,29.6,48.2,28,,2026-10-07
111957,INF109K01BZ4,ICICI Prudential Focused Fund,ICICI Prudential Mutual Fund,Equity,Focused,Equity Schemes - Focused Fund,Regular,Growth,2009-04-15,AMFI scheme master,17.48,91.06,2026-10-06,99.29,2026-01-07,82.9,2026-03-30,-0.0828885,17948.7,Kuvera (latest month),17696.4,Jul-Sep 2026,11452.5,0.0213,Vaibhav Dusad; Sharmila D'Silva,Very High Risk,-0.0574475,0.0590835,-0.0249491,0.0105988,0.149894,0.12956,0.136007,0.135001,NAV history,-0.0126132,0.0484113,0.0330423,0.135172,-0.171561,-0.171561,0.628042,0.876579,0.95082,96.3,77.8,100,28,,2026-10-07
151778,INF00XX01CV2,ITI Focused Fund,ITI Mutual Fund,Equity,Focused,Equity Scheme - Focused Fund,Regular,Growth,2023-05-29,AMFI scheme master,3.36,15.9411,2026-10-06,16.7604,2026-08-28,13.8524,2026-03-23,-0.0488831,628.5,Kuvera (latest month),617.88,Jul-Sep 2026,602.02,0.0258,Dhimant Shah; Alok Ranjan,Very High Risk,-0.0257481,0.102938,0.0398088,0.0329608,0.147663,,,0.153106,NAV history,0.0521447,0.0461801,,0.161923,-0.190438,,0.510506,0.679839,0.931034,85.2,44.4,96.4,28,,2026-10-07
148483,INF205KA1189,Invesco India Focused Fund,Invesco Mutual Fund,Equity,Focused,Equity Schemes - Focused Fund,Regular,Growth,2020-09-09,AMFI scheme master,6.08,28.8,2026-10-06,30.27,2026-08-28,22.83,2026-03-23,-0.0485629,6453.5,Kuvera (latest month),6178.75,Jul-Sep 2026,4938.87,0.0194,Taher Badshah; Hiten Jain,Very High Risk,-0.00414938,0.201001,0.0296747,0.0131002,0.187007,0.131765,,0.192363,NAV history,0.0420106,0.0855239,0.0352467,0.160756,-0.230017,-0.230017,0.758955,1.05588,0.590164,100,14.8,69.6,28,,2026-10-07
107410,INF192K01577,JM Focused Fund,JM Financial Mutual Fund,Equity,Focused,Equity Schemes - Focused Fund,Regular,Growth,2008-01-14,AMFI scheme master,18.73,19.6234,2026-10-06,20.9214,2026-08-21,16.9441,2026-03-23,-0.0620417,292.7,Kuvera (latest month),288.3,Jul-Sep 2026,245.66,0.0285,Satish Ramanathan; Asit Bhandarkar; Ruchi Fozdar; Deepak Gupta,Very High Risk,-0.0237746,0.111316,-0.0284339,-0.030314,0.0985824,0.105744,0.106492,0.040673,NAV history,-0.016098,-0.00290029,0.0092257,0.16614,-0.21426,-0.21426,0.202133,0.26991,0.557377,37,25.9,62.5,28,,2026-10-07
147477,INF174KA1EK3,Kotak Focused Fund,Kotak Mahindra Mutual Fund,Equity,Focused,Equity Scheme - Focused Fund,Regular,Growth,2019-06-25,AMFI scheme master,7.29,26.143,2026-10-06,28.086,2026-08-06,23.762,2026-03-31,-0.0691804,4548.8,Kuvera (latest month),4437.98,Jul-Sep 2026,3629.51,0.020528,Shibani Kurian,Very High Risk,-0.0545369,0.0676713,0.003031,0.0179126,0.125635,0.0969857,,0.142408,NAV history,0.015367,0.0241525,0.000467688,0.14267,-0.184166,-0.189361,0.425002,0.578352,0.459016,77.8,51.9,35.7,28,,2026-10-07
152009,INF397L01KE9,LIC MF Focused Fund,LIC Mutual Fund,Equity,Focused,Equity Scheme - Focused Fund,Regular,Growth,2017-10-30,AMFI scheme master,8.94,21.682,2026-10-06,22.6048,2026-08-13,18.4369,2026-03-31,-0.0408232,175.2,Kuvera (latest month),173.42,Jul-Sep 2026,162.43,0.0349,Mahesh Bendre,Very High Risk,-0.00668411,0.132906,0.00122833,-0.0105649,0.0828273,,,0.081196,NAV history,0.0135643,-0.0186554,,0.154876,-0.214378,,0.115107,0.156717,0.178571,29.6,22.2,10.7,28,,2026-10-07
148571,INF174V01AD4,Mahindra Manulife Focused Fund,Mahindra Manulife Mutual Fund,Equity,Focused,Equity Schemes - Focused Fund,Regular,Growth,2020-10-26,AMFI scheme master,5.95,25.0688,2026-10-06,27.8139,2026-02-18,24.5479,2026-03-31,-0.0986953,2108.8,Kuvera (latest month),2113.41,Jul-Sep 2026,1689.79,0.0232,Krishna Sanghavi; Fatema Pacha,Very High Risk,-0.0750237,-0.00649554,-0.0527135,-0.0427849,0.10233,0.105135,,0.169177,NAV history,-0.0403776,0.000846969,0.00861655,0.138658,-0.170253,-0.170253,0.26922,0.362027,0.783333,55.6,81.5,89.3,28,,2026-10-07
147203,INF769K01ES4,Mirae Asset Focused Fund,Mirae Asset Mutual Fund,Equity,Focused,Equity Schemes - Focused Fund,Regular,Growth,2019-04-23,AMFI scheme master,7.46,24.604,2026-10-06,26.524,2025-10-27,20.856,2026-03-31,-0.0723873,6751.8,Kuvera (latest month),6649.15,Jul-Sep 2026,5326.02,0.0216,Gaurav Misra; Varun Goel,Very High Risk,0.00498325,0.134243,-0.0487899,-0.0238694,0.0608736,0.0460778,,0.130006,NAV history,-0.0364539,-0.040609,-0.0504401,0.135001,-0.221123,-0.221123,-0.0305656,-0.041288,0.229508,11.1,18.5,16.1,28,,2026-10-07
122387,INF247L01155,Motilal Oswal Focused Fund,Motilal Oswal Mutual Fund,Equity,Focused,Equity Scheme - Focused Fund,Regular,Growth,2013-04-22,AMFI scheme master,13.46,53.6707,2026-10-06,54.3498,2026-09-23,39.3504,2026-03-23,-0.012495,1827.1,Kuvera (latest month),1756.99,Jul-Sep 2026,1111.81,0.0267,Varun Sharma; Swapnil Mayekar; Ankit Agarwal; Rakesh Shetty,Very High Risk,0.0881894,0.326159,0.242869,0.0396374,0.135652,0.0956281,0.117175,0.13307,NAV history,0.255205,0.0341691,-0.000889865,0.168941,-0.316261,-0.316261,0.418205,0.562325,0.229508,74.1,3.7,16.1,28,,2026-10-07
104637,INF204K01GE7,Nippon India Focused Fund,Nippon India Mutual Fund,Equity,Focused,Equity Scheme - Focused Fund,Regular,Growth,2006-11-14,AMFI scheme master,19.9,117.937,2026-10-06,126.148,2026-01-02,107.191,2026-03-31,-0.0650895,8650.8,Kuvera (latest month),8540.47,Jul-Sep 2026,7458.4,0.0205,Vinay Sharma; Kinjal Desai; Rishit Parikh; Amber Singhania,Very High Risk,-0.0467596,0.0692647,-0.0278818,-0.014178,0.0794887,0.0881303,0.116227,0.132019,NAV history,-0.0155458,-0.0219939,-0.00838769,0.135121,-0.178228,-0.178228,0.107228,0.145427,0.540984,25.9,63,55.4,28,,2026-10-07
152361,INF0S5R01034,Old Bridge Focused Fund,Old Bridge Mutual Fund,Equity,Focused,Equity Scheme - Focused Fund,Regular,Growth,2024-01-17,AMFI scheme master,2.72,13.33,2026-10-06,14.01,2026-08-10,11.09,2026-03-23,-0.0485368,4354.2,Kuvera (latest month),4184.83,Jul-Sep 2026,1396.27,0.02,Tarang Agrawal; Kenneth Andrade,Very High Risk,-0.00448096,0.151123,0.131579,0.0314295,,,,0.112058,NAV history,0.143915,,,,,,,,0.772727,,,85.7,28,,2026-10-07
109275,INF966L01374,Quant Focused Fund,quant Mutual Fund,Equity,Focused,Equity Scheme - Focused Fund,Regular,Growth,2008-07-03,AMFI scheme master,18.26,91.679,2026-10-06,95.1064,2026-08-28,72.2315,2026-03-31,-0.0360375,850.2,Kuvera (latest month),848.89,Jul-Sep 2026,488.45,0.0334,Jignesh Shah; Sanjeev Sharma; Ankit A. Pande; Sandeep Tandon; Varun Pattani; Sameer Kate; Ayusha Kumbhat; Yug Tibrewal,Very High Risk,-0.0113596,0.224918,0.0730685,-0.00556141,0.123237,0.114784,0.13348,0.132041,NAV history,0.0854044,0.0217547,0.018266,0.165249,-0.257001,-0.257001,0.352422,0.486412,0.590164,66.7,7.4,69.6,28,,2026-10-07
102756,INF200K01370,SBI FOCUSED FUND,SBI Mutual Fund,Equity,Focused,Equity Scheme - Focused Fund,Regular,Growth,2004-08-23,AMFI scheme master,22.12,389.635,2026-10-06,409.525,2026-08-27,334.933,2026-03-30,-0.048569,51247.7,Kuvera (latest month),50167.3,Jul-Sep 2026,34519,0.0158,R. Srinivasan,Very High Risk,-0.0107962,0.121714,0.0815561,0.0782778,0.138045,0.101004,0.138145,0.136435,Since Apr-2006 (earlier NAV not in AMFI history),0.0938921,0.0365619,0.00448623,0.120694,-0.130215,-0.229523,0.605205,0.829271,0.491803,92.6,100,41.1,28,,2026-10-07
149532,INF173K01189,Sundaram Focused Fund (Formerly Known as Principal Focused Multicap Fund),Sundaram Mutual Fund,Equity,Focused,Equity Scheme - Focused Fund,Regular,Growth,2005-09-23,AMFI scheme master,21.04,159.667,2026-10-06,169.817,2026-08-20,142.18,2026-03-31,-0.0597668,1096.8,Kuvera (latest month),1069.39,Jul-Sep 2026,924.38,0.0234,Ashwin Jain; Shalav Saket,Very High Risk,-0.0198742,0.0821328,-0.0022147,-0.0179513,0.0848126,,,0.077603,NAV history,0.0101213,-0.0166701,,0.133567,-0.176,,0.148334,0.201463,0.23913,33.3,70.4,21.4,28,,2026-10-07
147760,INF277K010Y2,Tata Focused Fund,Tata Mutual Fund,Equity,Focused,Equity Scheme - Focused Fund,Regular,Growth,2019-11-15,AMFI scheme master,6.89,21.663,2026-10-06,24.0647,2026-01-05,20.5915,2026-03-31,-0.0998018,1755.1,Kuvera (latest month),1749.88,Jul-Sep 2026,1586.81,0.0228,Anand Sharma; Hasmukh Vishariya,Very High Risk,-0.0707799,0.0199057,-0.0741121,-0.0588024,0.0713986,0.075839,,0.119928,NAV history,-0.0617761,-0.0300841,-0.0206789,0.146634,-0.201802,-0.201802,0.0436366,0.0579478,0.557377,14.8,33.3,62.5,28,,2026-10-07
149090,INF789F1AUY5,UTI Focused Fund (30 stocks),UTI Mutual Fund,Equity,Focused,Equity Schemes - Focused Fund,Regular,Growth,2021-08-04,AMFI scheme master,5.17,14.7748,2026-10-06,16.0506,2026-01-02,13.6042,2026-03-31,-0.0794861,2487.3,Kuvera (latest month),2450.98,Jul-Sep 2026,2255.75,0.0226,Vishal Chopda,Very High Risk,-0.036669,0.0531613,-0.0485978,-0.0442831,0.0777812,0.076395,,0.0792389,NAV history,-0.0362619,-0.0237015,-0.020123,0.134737,-0.197691,-0.197691,0.0948599,0.129095,0.333333,18.5,37,28.6,28,,2026-10-07
147490,INF582M01FW6,Union Focused Fund,Union Mutual Fund,Equity,Focused,Equity Scheme - Focused Fund,Regular,Growth,2019-07-15,AMFI scheme master,7.23,26.8,2026-10-06,28.34,2026-08-31,23.12,2026-03-23,-0.0543402,462.1,Kuvera (latest month),449.15,Jul-Sep 2026,439.33,0.0255,Pratik Dharmshi; Vinod Malviya,Very High Risk,-0.0218978,0.126524,0.034749,0.0273917,0.0986419,0.0819004,,0.147546,NAV history,0.047085,-0.00284075,-0.0146176,0.150505,-0.173519,-0.187039,0.223527,0.298102,0.278689,44.4,74.1,25,28,,2026-10-07
154478,INF2JJD01201,Abakkus Large & Mid Cap Fund,Abakkus Mutual Fund,Equity,Large & Mid Cap,Equity Scheme - Large & Mid Cap Fund,Regular,Growth,2026-07-15,AMFI scheme master,0.23,9.456,2026-10-06,10.081,2026-08-26,9.352,2026-10-01,-0.0619978,276.22,AMFI AAUM Jul-Sep 2026,276.22,Jul-Sep 2026,254.87,0.0377,,,,,,,,,,-0.056664,"NAV history (absolute, <1Y)",,,,,,,,,,,,,36,,2026-10-07
100033,INF209K01165,Aditya Birla Sun Life Large & Mid Cap Fund,Aditya Birla Sun Life Mutual Fund,Equity,Large & Mid Cap,Equity Scheme - Large & Mid Cap Fund,Regular,Growth,1995-02-24,AMFI scheme master,31.62,918.3,2026-10-06,977.9,2026-08-27,811.29,2026-03-31,-0.0609469,5842.49,AMFI AAUM Jul-Sep 2026,5842.49,Jul-Sep 2026,4676.31,0.0199,,,-0.0226276,0.0979459,0.0169548,-0.0041771,0.0961593,0.0598972,0.0980659,0.153699,Launch NAV Rs 10 assumed (pre-2006 NAV not in AMFI history),0.0232908,-0.0165161,-0.0418484,0.153591,-0.207723,-0.280313,0.202872,0.266857,0.163934,15.4,23.1,6.5,36,,2026-10-07
145112,INF846K01J79,Axis Large & Mid Cap Fund,Axis Mutual Fund,Equity,Large & Mid Cap,Equity Schemes - Large & Mid Cap Fund,Regular,Growth,2018-10-01,AMFI scheme master,8.02,34.04,2026-10-06,35.6,2026-08-31,29.47,2026-03-30,-0.0438202,17319.5,Kuvera (latest month),16880.6,Jul-Sep 2026,13248.5,0.0186,Shreyash Devalkar; Hitesh Das; Mayank Hyanki; Krishnaa N,Very High Risk,-0.0141906,0.118265,0.0340219,0.0198159,0.132589,0.100064,,0.166547,NAV history,0.0403579,0.0199139,-0.00168143,0.133985,-0.176696,-0.2201,0.504455,0.688768,0.52459,84.6,84.6,58.1,36,,2026-10-07
110603,INF761K01108,BANK OF INDIA LARGE & MID CAP FUND,Bank of India Mutual Fund,Equity,Large & Mid Cap,Equity Scheme - Large & Mid Cap Fund,Regular,Growth,2008-09-04,AMFI scheme master,18.09,89.54,2026-10-06,94.64,2026-08-26,81.98,2026-03-23,-0.0538884,529,Kuvera (latest month),517.95,Jul-Sep 2026,442.22,0.0279,Nitin Gosar,Very High Risk,-0.0408141,0.0582673,0.0203989,-0.00657956,0.112959,0.0990028,0.114442,0.132709,NAV history,0.0267349,0.000284057,-0.00274282,0.156666,-0.216475,-0.216475,0.306125,0.401695,0.442623,38.5,19.2,41.9,36,,2026-10-07
152406,INF0QA701730,Bajaj Finserv Large & Mid Cap Fund,Bajaj Finserv Mutual Fund,Equity,Large & Mid Cap,Equity Schemes - Large & Mid Cap Fund,Regular,Growth,2024-02-06,AMFI scheme master,2.67,11.824,2026-10-06,12.699,2026-01-02,10.85,2026-03-23,-0.0689031,2463,Kuvera (latest month),2427.45,Jul-Sep 2026,2324.63,0.0257,Nimesh Chandan; Siddharth Chaudhary; Sorbh Gupta,Low Risk,-0.0452967,0.0586445,-0.0178586,-0.0181025,,,,0.0658409,NAV history,-0.0115226,,,,,,,,0.428571,,,38.7,36,,2026-10-07
108596,INF194K01524,Bandhan Large & Mid Cap Fund,Bandhan Mutual Fund,Equity,Large & Mid Cap,Equity Scheme - Large & Mid Cap Fund,Regular,Growth,2005-06-27,AMFI scheme master,21.28,136.582,2026-10-06,142.756,2026-08-26,122.694,2026-03-31,-0.0432486,21020.4,Kuvera (latest month),20291.8,Jul-Sep 2026,14806.6,0.0227,Manish Gunwani; Ritika Behera; Gaurav Satra; Rahul Agarwal,Very High Risk,-0.0287364,0.0771366,0.00636614,0.00611425,0.154985,0.14666,0.141627,0.11398,NAV history,0.0127022,0.04231,0.0449149,0.143116,-0.183584,-0.186801,0.628757,0.837308,0.836066,92.3,73.1,90.3,36,,2026-10-07
148471,INF955L01JR8,Baroda BNP Paribas Large and Mid Cap fund,Baroda BNP Paribas Mutual Fund,Equity,Large & Mid Cap,Equity Scheme - Large & Mid Cap Fund,Regular,Growth,2020-08-17,AMFI scheme master,6.14,26.5823,2026-10-06,28.2201,2026-08-31,23.9305,2026-03-31,-0.0580366,1876.8,Kuvera (latest month),1830.97,Jul-Sep 2026,1728.26,0.023,Jitendra Sriram; Kirtan Mehta,Very High Risk,-0.0259754,0.0856477,-0.00633602,-0.0236238,0.117792,0.101009,,0.174658,NAV history,0,0.00511671,-0.000736254,0.150678,-0.19948,-0.213763,0.350363,0.464031,0.459016,57.7,30.8,45.2,36,,2026-10-07
102920,INF760K01167,Canara Robeco Large and Mid Cap Fund,Canara Robeco Mutual Fund,Equity,Large & Mid Cap,Equity Schemes - Large & Mid Cap Fund,Regular,Growth,2005-02-11,AMFI scheme master,21.65,245.49,2026-10-06,262.98,2026-08-25,219.38,2026-03-31,-0.066507,26330.8,Kuvera (latest month),25850.4,Jul-Sep 2026,19888.6,0.0177,Shridatta Bhandwaldar; Amit Nadekar,Very High Risk,-0.0394788,0.0775139,-0.0459739,-0.0216211,0.104935,0.0850292,0.130045,0.159338,Launch NAV Rs 10 assumed (pre-2006 NAV not in AMFI history),-0.0396379,-0.00774036,-0.0167163,0.152184,-0.186451,-0.191561,0.262412,0.356785,0.278689,26.9,69.2,17.7,36,,2026-10-07
103819,INF740K01094,DSP Large & Mid Cap Fund,DSP Mutual Fund,Equity,Large & Mid Cap,Equity Scheme - Large & Mid Cap Fund,Regular,Growth,2000-03-11,AMFI scheme master,26.57,586.776,2026-10-06,650.624,2026-01-06,558.413,2026-03-31,-0.0981335,18410.8,Kuvera (latest month),18129,Jul-Sep 2026,14392.5,0.0183,Rohit Singhania; Nilesh Aiya,Very High Risk,-0.0672192,0.0233543,-0.0535489,-0.0327262,0.112049,0.0991919,0.126143,0.16562,Launch NAV Rs 10 assumed (pre-2006 NAV not in AMFI history),-0.0472129,-0.000626043,-0.00255369,0.142345,-0.172797,-0.200046,0.33053,0.441959,0.557377,50,88.5,62.9,36,,2026-10-07
140172,INF843K01047,Edelweiss Large & Mid Cap Fund,Edelweiss Mutual Fund,Equity,Large & Mid Cap,Equity Scheme - Large & Mid Cap Fund,Regular,Growth,2007-04-19,AMFI scheme master,19.47,86.482,2026-10-06,92.533,2026-08-31,78.859,2026-03-31,-0.0653929,4942.2,Kuvera (latest month),4805.86,Jul-Sep 2026,4353.25,0.0203,Sumanta Khan; Trideep Bhattacharya; Ashish Sood,Very High Risk,-0.0392383,0.0633076,-0.00060092,-0.0063564,0.117369,0.105057,,0.146943,NAV history,0.0057351,0.00469387,0.00331153,0.151826,-0.187568,-0.187568,0.344929,0.462912,0.393443,53.8,65.4,35.5,36,,2026-10-07
102883,INF090I01205,Franklin India Large & Mid Cap Fund,Franklin Templeton Mutual Fund,Equity,Large & Mid Cap,Equity Scheme - Large & Mid Cap Fund,Regular,Growth,2005-01-17,AMFI scheme master,21.72,181.402,2026-10-06,198.342,2025-10-29,167.954,2026-03-31,-0.0854051,3622.1,Kuvera (latest month),3548.06,Jul-Sep 2026,2875.66,0.0229,Venkatesh Sanjeevi; R. Janakiraman; Sandeep Manam,Very High Risk,-0.0487856,0.0511828,-0.0506971,-0.0231889,0.0963418,0.0806405,0.103688,0.142767,Launch NAV Rs 10 assumed (pre-2006 NAV not in AMFI history),-0.044361,-0.0163336,-0.0211051,0.138398,-0.180721,-0.199155,0.226462,0.307318,0.245902,19.2,76.9,11.3,36,,2026-10-07
130496,INF179KA1RT1,HDFC Large & Mid Cap Fund,HDFC Mutual Fund,Equity,Large & Mid Cap,Equity Schemes - Large & Mid Cap Fund,Regular,Growth,1994-01-06,AMFI scheme master,32.75,332.617,2026-10-06,355.328,2026-08-03,299.391,2026-03-31,-0.0639156,30294,Kuvera (latest month),29864.2,Jul-Sep 2026,23841.9,0.0162,Gopal Agrawal; Dhruv Muchhal,Very High Risk,-0.045652,0.0767196,-0.0299148,-0.0143549,0.109135,0.123699,0.136619,0.121176,NAV history,-0.0235788,-0.00354009,0.0219532,0.149816,-0.189736,-0.189736,0.294595,0.390916,0.655738,34.6,57.7,74.2,36,,2026-10-07
146771,INF336L01NY9,HSBC Large & Mid Cap Fund,HSBC Mutual Fund,Equity,Large & Mid Cap,Equity Schemes - Large & Mid Cap Fund,Regular,Growth,2019-03-11,AMFI scheme master,7.58,29.1468,2026-10-06,30.716,2026-08-31,24.4934,2026-03-23,-0.0510874,5931.2,Kuvera (latest month),5667.52,Jul-Sep 2026,4501.99,0.0242,Cheenu Gupta; Mayank Chaturvedi,Very High Risk,-0.0111248,0.153936,0.062786,0.0330437,0.157101,0.125772,,0.153405,NAV history,0.069122,0.0444262,0.0240267,0.177467,-0.252421,-0.252421,0.518977,0.680537,0.508197,88.5,7.7,51.6,36,,2026-10-07
152943,INF0R8701236,Helios Large & Mid Cap Fund,Helios Mutual Fund,Equity,Large & Mid Cap,Equity Schemes - Large & Mid Cap Fund,Regular,Growth,2024-10-10,AMFI scheme master,1.99,10.96,2026-10-06,11.56,2026-08-25,9.52,2026-03-30,-0.0519031,1473.1,Kuvera (latest month),1427.88,Jul-Sep 2026,930.82,0.0257,Alok Bahl; Pratik Singh,Very High Risk,-0.0394391,0.11609,0.00642792,,,,,0.0555402,NAV history,0.0127639,,,,,,,,1,,,98.4,36,,2026-10-07
100349,INF109K01431,ICICI Prudential Large & Mid Cap Fund,ICICI Prudential Mutual Fund,Equity,Large & Mid Cap,Equity Scheme - Large & Mid Cap Fund,Regular,Growth,1998-06-01,AMFI scheme master,28.35,983.11,2026-10-06,1071.63,2026-08-05,919.05,2026-03-31,-0.0826031,33591.7,Kuvera (latest month),32638.2,Jul-Sep 2026,22457,0.02,Lalit Kumar; Sharmila D'Silva; Gaurav Jain,Very High Risk,-0.0484712,0.0333298,-0.036856,-0.002957,0.131227,0.128689,0.138438,0.175686,Launch NAV Rs 10 assumed (pre-2006 NAV not in AMFI history),-0.03052,0.0185516,0.0269429,0.131706,-0.150854,-0.150854,0.502839,0.684385,0.868852,80.8,96.2,93.5,36,,2026-10-07
152824,INF00XX01CX8,ITI Large & Mid Cap Fund,ITI Mutual Fund,Equity,Large & Mid Cap,Equity Scheme - Large & Mid Cap Fund,Regular,Growth,2024-08-21,AMFI scheme master,2.13,9.7092,2026-10-06,10.2673,2026-09-23,8.1786,2026-03-31,-0.054357,728.5,Kuvera (latest month),731.4,Jul-Sep 2026,678.46,0.0264,Alok Ranjan; Nilay Dalal,Very High Risk,-0.0129516,0.142716,0.010291,-0.0110558,,,,-0.0177933,NAV history,0.0166271,,,,,,,,0.142857,,,3.2,36,,2026-10-07
106144,INF205K01247,Invesco India Large & Mid Cap Fund,Invesco Mutual Fund,Equity,Large & Mid Cap,Equity Schemes - Large & Mid Cap Fund,Regular,Growth,2007-07-09,AMFI scheme master,19.25,106.58,2026-10-06,112.06,2026-08-03,86.67,2026-03-30,-0.0489024,12387.4,Kuvera (latest month),12010,Jul-Sep 2026,9076.84,0.0186,Aditya Khemani,Very High Risk,-0.0384338,0.185803,0.0503597,0.0576934,0.203971,0.151215,0.154846,0.132071,NAV history,0.0566957,0.0912954,0.0494697,0.166981,-0.189995,-0.202956,0.832256,1.15636,0.622951,100,53.8,69.4,36,,2026-10-07
153627,INF192K01NM3,JM Large & Mid Cap Fund,JM Financial Mutual Fund,Equity,Large & Mid Cap,Equity Schemes - Large & Mid Cap Fund,Regular,Growth,2025-07-04,AMFI scheme master,1.26,10.2976,2026-10-06,10.9001,2026-08-31,8.959,2026-03-31,-0.0552747,453.19,AMFI AAUM Jul-Sep 2026,453.19,Jul-Sep 2026,435.73,0.0268,,,-0.0215127,0.118186,0.00329313,,,,,0.0204425,NAV history,0.00962915,,,,,,,,,,,,36,,2026-10-07
103234,INF174K01187,Kotak Large & Mid Cap Fund,Kotak Mahindra Mutual Fund,Equity,Large & Mid Cap,Equity Schemes - Large & Mid Cap Fund,Regular,Growth,2004-09-10,AMFI scheme master,22.07,336.813,2026-10-06,361.922,2026-02-11,312.337,2026-03-31,-0.0693768,32325.4,Kuvera (latest month),31891.5,Jul-Sep 2026,23329.4,0.016648,Harsha Upadhyaya,Very High Risk,-0.0514955,0.0474311,-0.0249965,-0.00994574,0.112218,0.115709,0.134162,0.131978,Since Apr-2006 (earlier NAV not in AMFI history),-0.0186605,-0.000456823,0.0139637,0.15042,-0.188704,-0.188704,0.313911,0.416483,0.557377,46.2,61.5,62.9,36,,2026-10-07
133711,INF767K01NB5,LIC MF Large & Mid Cap Fund,LIC Mutual Fund,Equity,Large & Mid Cap,Equity Scheme - Large & Mid Cap Fund,Regular,Growth,2015-02-02,AMFI scheme master,11.68,37.4454,2026-10-06,40.097,2026-08-31,33.9176,2026-03-31,-0.0661296,3198.4,Kuvera (latest month),3123.85,Jul-Sep 2026,2484.81,0.0266,Sudhanshu Asthana,Very High Risk,-0.0485224,0.0652181,-0.0318482,-0.0249184,0.110477,0.0894923,0.121009,0.120314,NAV history,-0.0255122,-0.0021985,-0.0122533,0.157659,-0.19155,-0.19155,0.288451,0.385386,0.360656,30.8,50,30.6,36,,2026-10-07
147843,INF174V01911,Mahindra Manulife Large & Mid Cap Fund,Mahindra Manulife Mutual Fund,Equity,Large & Mid Cap,Equity Schemes - Large & Mid Cap Fund,Regular,Growth,2019-12-06,AMFI scheme master,6.84,26.9383,2026-10-06,28.6878,2026-08-31,23.9807,2026-03-31,-0.0609841,2929.2,Kuvera (latest month),2848.06,Jul-Sep 2026,2740.13,0.0219,Neelesh Dhamnaskar; Kirti Dalvi,Very High Risk,-0.0188163,0.0898252,0.00771734,-0.0133319,0.0953517,0.0976537,,0.15759,NAV history,0.0140534,-0.0173236,-0.00409187,0.163658,-0.20526,-0.20526,0.185459,0.238976,0.47541,11.5,26.9,48.4,36,,2026-10-07
112932,INF769K01101,Mirae Asset Large & Midcap Fund,Mirae Asset Mutual Fund,Equity,Large & Mid Cap,Equity Schemes - Large & Mid Cap Fund,Regular,Growth,2010-05-24,AMFI scheme master,16.37,149.475,2026-10-06,160.069,2026-08-03,135.717,2026-03-31,-0.066184,45811.3,Kuvera (latest month),44976,Jul-Sep 2026,27098.9,0.0175,Neelesh Surana; Ankit Jain,Very High Risk,-0.0524684,0.0629862,-0.0162688,-0.0068302,0.0985957,0.087264,0.144068,0.180783,NAV history,-0.00993281,-0.0140796,-0.0144816,0.146512,-0.198543,-0.198543,0.229303,0.304913,0.295082,23.1,34.6,24.2,36,,2026-10-07
147701,INF247L01965,Motilal Oswal Large and Midcap Fund,Motilal Oswal Mutual Fund,Equity,Large & Mid Cap,Equity Scheme - Large & Mid Cap Fund,Regular,Growth,2019-09-27,AMFI scheme master,7.03,36.5902,2026-10-06,38.0043,2026-08-31,29.5309,2026-03-31,-0.0372089,20159.1,Kuvera (latest month),19326.2,Jul-Sep 2026,10715.6,0.0179,Varun Sharma; Swapnil Mayekar; Ajay Khandelwal; Ankit Agarwal; Rakesh Shetty,Very High Risk,0.0182216,0.18641,0.0552177,0.0531764,0.20069,0.172691,,0.201175,NAV history,0.0615537,0.0880147,0.0709453,0.192753,-0.262516,-0.262516,0.703957,0.954731,0.786885,96.2,3.8,87.1,36,,2026-10-07
135678,INF959L01CK0,Navi Large & Midcap Fund,Navi Mutual Fund,Equity,Large & Mid Cap,Equity Scheme - Large & Mid Cap Fund,Regular,Growth,2015-11-16,AMFI scheme master,10.89,35.0246,2026-10-06,37.3119,2026-08-26,30.8369,2026-03-31,-0.0613022,314.8,Kuvera (latest month),310.38,Jul-Sep 2026,239.17,0.0253,Ashutosh Shirwaikar,Very High Risk,-0.0411627,0.0937395,-0.00645352,-0.0189966,0.0724841,0.0782897,0.109228,0.122693,NAV history,-0.000117494,-0.0401912,-0.0234559,0.146756,-0.194649,-0.194649,0.0509969,0.0688461,0.295082,7.7,38.5,24.2,36,,2026-10-07
100380,INF204K01406,Nippon India Vision Large & Mid Cap Fund,Nippon India Mutual Fund,Equity,Large & Mid Cap,Equity Scheme - Large & Mid Cap Fund,Regular,Growth,1995-09-25,AMFI scheme master,31.03,1430.63,2026-10-06,1531.97,2026-08-10,1312.73,2026-03-31,-0.0661526,7903.4,Kuvera (latest month),7697.94,Jul-Sep 2026,6436.33,0.0222,Kinjal Desai; Aishwarya Agarwal; Amber Singhania,Very High Risk,-0.0467053,0.0587738,-0.0338969,-0.00563919,0.129711,0.113118,0.119124,0.173449,Launch NAV Rs 10 assumed (pre-2006 NAV not in AMFI history),-0.0275608,0.0170362,0.0113722,0.147918,-0.170156,-0.193296,0.437481,0.587064,0.721311,73.1,92.3,80.6,36,,2026-10-07
152383,INF663L01X88,PGIM India Large and Midcap Fund,PGIM India Mutual Fund,Equity,Large & Mid Cap,Equity Scheme - Large & Mid Cap Fund,Regular,Growth,2024-01-24,AMFI scheme master,2.7,12.19,2026-10-06,12.97,2026-08-25,10.89,2026-03-30,-0.0601388,830.8,Kuvera (latest month),818.61,Jul-Sep 2026,768.58,0.0253,Vinay Paharia; Puneet Pal; Anandha Padmanabhan Anjeneyan; Utsav Mehta,Very High Risk,-0.0271349,0.0932735,-0.0286853,0.00454266,,,,0.072333,NAV history,-0.0223492,,,,,,,,0.52381,,,54.8,36,,2026-10-07
104513,INF966L01341,Quant Large & Mid Cap Fund,quant Mutual Fund,Equity,Large & Mid Cap,Equity Scheme - Large & Mid Cap Fund,Regular,Growth,2006-11-20,AMFI scheme master,19.88,121.552,2026-10-06,128.181,2026-08-07,99.0166,2026-03-31,-0.0517129,3487.4,Kuvera (latest month),3477.13,Jul-Sep 2026,1965.35,0.0241,Sanjeev Sharma; Ankit A. Pande; Sandeep Tandon; Varun Pattani; Sameer Kate; Ayusha Kumbhat; Yug Tibrewal,Very High Risk,-0.0223233,0.18021,0.075865,-0.0223111,0.133207,0.135518,0.14472,0.133171,NAV history,0.0822011,0.0205316,0.033772,0.165293,-0.25008,-0.25008,0.412641,0.554323,0.622951,69.2,11.5,69.4,36,,2026-10-07
103024,INF200K01305,SBI LARGE & MIDCAP FUND,SBI Mutual Fund,Equity,Large & Mid Cap,Equity Scheme - Large & Mid Cap Fund,Regular,Growth,1993-01-01,AMFI scheme master,33.76,617.38,2026-10-06,668.517,2026-08-03,578.837,2026-03-31,-0.0764935,42335.6,Kuvera (latest month),41910.3,Jul-Sep 2026,31383.8,0.0165,Saurabh Pant,Very High Risk,-0.0595653,0.042552,-0.0119283,0.00460621,0.110232,0.114772,0.131284,0.129892,Launch NAV Rs 10 assumed (pre-2006 NAV not in AMFI history),-0.00559229,-0.0024437,0.0130266,0.128204,-0.145404,-0.166747,0.352811,0.474705,0.672131,61.5,100,77.4,36,,2026-10-07
153533,INF0K1H01289,Samco Large & Mid Cap Fund,Samco Mutual Fund,Equity,Large & Mid Cap,Equity Schemes - Large & Mid Cap Fund,Regular,Growth,2025-06-05,AMFI scheme master,1.34,8.62,2026-10-06,9.44,2026-02-26,8.56,2026-03-19,-0.0868644,99.95,AMFI AAUM Jul-Sep 2026,99.95,Jul-Sep 2026,95.66,0.0383,,,-0.0259887,0.00116144,-0.0751073,,,,,-0.123656,NAV history,-0.0687713,,,,,,,,,,,,36,,2026-10-07
105001,INF903J01DT1,Sundaram Large and Midcap Fund,Sundaram Mutual Fund,Equity,Large & Mid Cap,Equity Scheme - Large & Mid Cap Fund,Regular,Growth,2007-01-10,AMFI scheme master,19.74,89.1489,2026-10-06,95.7895,2026-08-21,76.4999,2026-03-31,-0.0693249,7543.7,Kuvera (latest month),7299.8,Jul-Sep 2026,5809.73,0.023,Madanagopal Ramu; Shalav Saket,Very High Risk,-0.0132251,0.129741,0.0351599,0.0155783,0.124085,0.102482,0.134073,0.119224,NAV history,0.0414959,0.0114099,0.000736254,0.150852,-0.192608,-0.20675,0.391677,0.525693,0.278689,65.4,42.3,17.7,36,,2026-10-07
154434,INF0GCD01909,TRUSTMF LARGE & MIDCAP FUND,Trust Mutual Fund,Equity,Large & Mid Cap,Equity Schemes - Large & Mid Cap Fund,Regular,Growth,2026-07-13,AMFI scheme master,0.24,9.82,2026-10-06,10.38,2026-08-26,9.59,2026-10-01,-0.0539499,269.86,AMFI AAUM Jul-Sep 2026,269.86,Jul-Sep 2026,242.96,0.04,,,,,,,,,,-0.0219124,"NAV history (absolute, <1Y)",,,,,,,,,,,,,36,,2026-10-07
101824,INF277K01428,Tata Large & Mid Cap Fund,Tata Mutual Fund,Equity,Large & Mid Cap,Equity Scheme - Large & Mid Cap Fund,Regular,Growth,2006-04-03,Before Apr-2006 (AMFI history starts 03-Apr-2006),20.51,474.434,2026-10-06,535.879,2025-10-29,432.636,2026-03-31,-0.114663,7679.3,Kuvera (latest month),7771.75,Jul-Sep 2026,6381.47,0.0183,Chandraprakash Padiyar; Kapil Malhotra,Very High Risk,-0.0611152,0.0623783,-0.0825638,-0.0635724,0.051153,0.0761933,0.109241,0.110815,Since Apr-2006 (earlier NAV not in AMFI history),-0.0762277,-0.0615223,-0.0255523,0.142144,-0.230466,-0.230466,-0.0974152,-0.128732,0.245902,3.8,15.4,11.3,36,,2026-10-07
154382,INF2F0001560,The Wealth Company Large & Mid Cap Fund,The Wealth Company Mutual Fund,Equity,Large & Mid Cap,Equity Scheme - Large & Mid Cap Fund,Regular,Growth,2026-05-21,AMFI scheme master,0.38,9.9331,2026-10-06,10.5897,2026-08-28,9.7264,2026-10-01,-0.0620036,105.78,AMFI AAUM Jul-Sep 2026,105.78,Jul-Sep 2026,103.36,0.0405,,,-0.0327195,,,,,,,-0.0106573,"NAV history (absolute, <1Y)",,,,,,,,,,,,,36,,2026-10-07
100664,INF789F01869,UTI Large & Mid Cap Fund,UTI Mutual Fund,Equity,Large & Mid Cap,Equity Scheme - Large & Mid Cap Fund,Regular,Growth,2006-04-03,Before Apr-2006 (AMFI history starts 03-Apr-2006),20.51,176.757,2026-10-06,190.271,2026-01-02,164.464,2026-03-31,-0.0710234,6514.4,Kuvera (latest month),6413.47,Jul-Sep 2026,4896.02,0.0195,V Srivatsa,Very High Risk,-0.0508126,0.0382702,-0.00991722,-0.0135979,0.127219,0.122214,0.127294,0.110518,Since Apr-2006 (earlier NAV not in AMFI history),-0.0035812,0.0145434,0.0204688,0.137075,-0.178622,-0.186319,0.453903,0.611982,0.754098,76.9,80.8,83.9,36,NAV history rebased (face value change),2026-10-07
147748,INF582M01GD4,Union Large & Midcap Fund,Union Mutual Fund,Equity,Large & Mid Cap,Equity Scheme - Large & Mid Cap Fund,Regular,Growth,2019-11-15,AMFI scheme master,6.89,26.58,2026-10-06,27.73,2026-08-31,23,2026-03-31,-0.0414713,1017.7,Kuvera (latest month),990.73,Jul-Sep 2026,888.16,0.0256,Pratik Dharmshi; Vinod Malviya,Very High Risk,-0.00225225,0.127705,0.0234886,0.0181657,0.112391,0.0959669,,0.153747,NAV history,0.0298247,-0.000284057,-0.00577864,0.154016,-0.19172,-0.200675,0.307704,0.40587,0.360656,42.3,46.2,30.6,36,,2026-10-07
152225,INF03VN01837,WhiteOak Capital Large & Mid Cap Fund,WhiteOak Capital Mutual Fund,Equity,Large & Mid Cap,Equity Schemes - Large & Mid Cap Fund,Regular,Growth,2023-12-01,AMFI scheme master,2.85,13.228,2026-10-06,14.172,2026-08-25,11.926,2026-03-23,-0.0666102,2524.3,Kuvera (latest month),2448.57,Jul-Sep 2026,2338.81,0.0235,Piyush Baranwal; Ramesh Mantri; Trupti Agrawal; Dheeresh Pathak; Ashish Agrawal,Very High Risk,-0.0379636,0.0758845,0.0037942,0.0185327,,,,0.104165,NAV history,0.0101302,,,,,,,,1,,,98.4,36,,2026-10-07
103174,INF209K01BR9,Aditya Birla Sun Life Large Cap Fund,Aditya Birla Sun Life Mutual Fund,Equity,Large Cap,Equity Scheme - Large Cap Fund,Regular,Growth,2002-09-23,AMFI scheme master,24.04,495.38,2026-10-06,553.21,2026-01-02,466.23,2026-03-31,-0.104535,29710.8,Kuvera (latest month),29442.6,Jul-Sep 2026,22899.7,0.0169,Harish Krishnan,Very High Risk,-0.0483161,0.0283567,-0.063058,-0.0314009,0.0801636,0.076013,0.104115,0.176299,Launch NAV Rs 10 assumed (pre-2006 NAV not in AMFI history),-0.0090613,-0.000148892,0,0.129916,-0.169075,-0.171153,0.116718,0.159225,0.672131,50,53.3,71,34,,2026-10-07
112277,INF846K01164,Axis Large Cap Fund,Axis Mutual Fund,Equity,Large Cap,Equity Schemes - Large Cap Fund,Regular,Growth,2009-11-11,AMFI scheme master,16.9,57.42,2026-10-06,62.67,2026-01-02,53.78,2026-03-31,-0.0837721,31375.6,Kuvera (latest month),31015.3,Jul-Sep 2026,18732.7,0.0176,Shreyash Devalkar; Jayesh Sundar; Krishnaa N,Very High Risk,-0.0483924,0.0402174,-0.0529441,-0.0291511,0.0685719,0.0413053,0.10768,0.109494,NAV history,0.00105257,-0.0117405,-0.0347077,0.126934,-0.160212,-0.222245,0.0281399,0.0385819,0.213115,26.7,73.3,8.1,34,,2026-10-07
152780,INF0QA701862,BAJAJ FINSERV LARGE CAP FUND,Bajaj Finserv Mutual Fund,Equity,Large Cap,Equity Scheme - Large Cap Fund,Regular,Growth,2024-07-29,AMFI scheme master,2.19,9.643,2026-10-06,10.496,2026-01-02,9.158,2026-03-31,-0.0812691,1663.2,Kuvera (latest month),1642.87,Jul-Sep 2026,1184.85,0.0272,Nimesh Chandan; Siddharth Chaudhary; Sorbh Gupta,Very High Risk,-0.0498571,0.0323306,-0.030172,-0.025823,,,,-0.0200094,NAV history,0.0238247,,,,,,,,0.733333,,,83.9,34,,2026-10-07
108799,INF194K01516,BANDHAN LARGE CAP FUND,Bandhan Mutual Fund,Equity,Large Cap,Equity Scheme - Large Cap Fund,Regular,Growth,2006-04-19,AMFI scheme master,20.47,75.248,2026-10-06,81.237,2026-01-02,69.437,2026-03-31,-0.0737226,2179.9,Kuvera (latest month),2144.09,Jul-Sep 2026,1709.2,0.0221,Manish Gunwani; Prateek Poddar; Ritika Behera; Gaurav Satra,Very High Risk,-0.0404978,0.0528466,-0.0292209,-0.0144517,0.108389,0.0860147,0.113927,0.0991013,NAV history,0.0247758,0.0280762,0.0100016,0.134131,-0.18347,-0.198294,0.323481,0.446265,0.737705,90,30,87.1,34,,2026-10-07
148982,INF761K01FO7,BANK OF INDIA LARGE CAP FUND,Bank of India Mutual Fund,Equity,Large Cap,Equity Scheme - Large Cap Fund,Regular,Growth,2021-06-08,AMFI scheme master,5.33,16.29,2026-10-06,17.02,2026-08-25,14.73,2026-03-31,-0.0428907,231,Kuvera (latest month),226.84,Jul-Sep 2026,195.66,0.0274,Alok Singh; Nilesh Jethani,Very High Risk,-0.0343806,0.0660995,0.0105459,-0.00788608,0.104498,0.0774215,,0.0973226,NAV history,0.0645426,0.0241855,0.00140852,0.151679,-0.212704,-0.232143,0.260405,0.342351,0.442308,83.3,6.7,38.7,34,,2026-10-07
150185,INF251K01894,BARODA BNP PARIBAS LARGE CAP FUND,Baroda BNP Paribas Mutual Fund,Equity,Large Cap,Equity Scheme - Large Cap Fund,Regular,Growth,2004-08-09,AMFI scheme master,22.16,211.989,2026-10-06,228.559,2026-01-02,198.584,2026-03-31,-0.0724964,2641.1,Kuvera (latest month),2600.97,Jul-Sep 2026,2130.26,0.0207,Jitendra Sriram; Kushant Arora,Very High Risk,-0.0333326,0.0432093,-0.0304633,-0.0370668,0.0937452,,,0.105399,NAV history,0.0235334,0.0134328,,0.132055,-0.185722,,0.217677,0.29153,0.704545,73.3,26.7,77.4,34,,2026-10-07
113221,INF760K01AR3,Canara Robeco Large Cap Fund,Canara Robeco Mutual Fund,Equity,Large Cap,Equity Schemes - Large Cap Fund,Regular,Growth,2010-06-28,AMFI scheme master,16.28,58.74,2026-10-06,65.34,2025-11-28,55.61,2026-03-31,-0.10101,17092.1,Kuvera (latest month),16879.4,Jul-Sep 2026,9608.25,0.0176,Vishal Mishra; Shridatta Bhandwaldar,Very High Risk,-0.0531915,0.024952,-0.0693916,-0.0296145,0.0804613,0.069902,0.117964,0.115952,NAV history,-0.015395,0.000148892,-0.00611104,0.13102,-0.152444,-0.181777,0.118008,0.161107,0.295082,53.3,96.7,19.4,34,,2026-10-07
101635,INF740K01243,DSP Large Cap Fund,DSP Mutual Fund,Equity,Large Cap,Equity Scheme - Large Cap Fund,Regular,Growth,2003-02-10,AMFI scheme master,23.66,435.735,2026-10-06,489.578,2025-12-05,423.196,2026-03-31,-0.109978,7100.5,Kuvera (latest month),7113.28,Jul-Sep 2026,5003.45,0.0206,Anish Tawakley,Very High Risk,-0.0615288,0.00694894,-0.081741,-0.0363296,0.0922656,0.0784978,0.0942408,0.173019,Launch NAV Rs 10 assumed (pre-2006 NAV not in AMFI history),-0.0277444,0.0119531,0.00248478,0.122204,-0.13559,-0.191989,0.223116,0.309025,0.57377,80,100,61.3,34,,2026-10-07
111940,INF754K01046,Edelweiss Large Cap Fund,Edelweiss Mutual Fund,Equity,Large Cap,Equity Scheme - Large Cap Fund,Regular,Growth,2009-05-04,AMFI scheme master,17.43,80.04,2026-10-06,87.84,2026-01-02,75.69,2026-03-31,-0.0887978,1433.8,Kuvera (latest month),1426.01,Jul-Sep 2026,1169.67,0.0242,Bhavesh Jain; Bharat Lahoti,Very High Risk,-0.0389049,0.0306464,-0.0501958,-0.0344871,0.0779586,0.0778083,0.111463,0.127804,NAV history,0.00380086,-0.00235387,0.00179527,0.13125,-0.176129,-0.180966,0.0987323,0.132901,0.409836,43.3,40,35.5,34,,2026-10-07
100471,INF090I01171,Franklin India Large Cap Fund,Franklin Templeton Mutual Fund,Equity,Large Cap,Equity Scheme - Large Cap Fund,Regular,Growth,1993-12-01,AMFI scheme master,32.85,966.493,2026-10-06,1077.68,2026-01-07,924.99,2026-03-31,-0.103174,7368.04,AMFI AAUM Jul-Sep 2026,7368.04,Jul-Sep 2026,5737.32,0.0215,,,-0.0505277,0.0237009,-0.060503,-0.0282336,0.0814844,0.0632566,0.0951739,0.149316,Launch NAV Rs 10 assumed (pre-2006 NAV not in AMFI history),-0.00650639,0.00117192,-0.0127564,0.127816,-0.165218,-0.187172,0.12897,0.1783,0.360656,63.3,63.3,32.3,34,,2026-10-07
116547,INF666M01162,Groww Large Cap Fund,Groww Mutual Fund,Equity,Large Cap,Equity Schemes - Large Cap Fund,Regular,Growth,2012-01-20,AMFI scheme master,14.71,40.93,2026-10-06,44.78,2026-01-02,38.62,2026-03-30,-0.0859759,136.6,Kuvera (latest month),134.98,Jul-Sep 2026,86.54,0.0271,Anupam Tiwari; Saptarshee Chatterjee; Nikhil Satam,Very High Risk,-0.0542976,0.0212076,-0.0507885,-0.0308807,0.0790218,0.071122,0.0930686,0.100958,NAV history,0.00320816,-0.00129065,-0.004891,0.138383,-0.195058,-0.195058,0.101326,0.138455,0.491803,46.7,13.3,48.4,34,,2026-10-07
102000,INF179K01BE2,HDFC Large Cap Fund,HDFC Mutual Fund,Equity,Large Cap,Equity Scheme - Large Cap Fund,Regular,Growth,1996-08-19,AMFI scheme master,30.13,1072.91,2026-10-06,1194.96,2026-01-07,1019.47,2026-03-31,-0.102136,39933.3,Kuvera (latest month),39519.3,Jul-Sep 2026,27223.3,0.0158,Rahul Baijal; Dhruv Muchhal,Very High Risk,-0.0597876,0.0286886,-0.0598865,-0.0396774,0.0741821,0.0902408,0.111325,0.167867,Launch NAV Rs 10 assumed (pre-2006 NAV not in AMFI history),-0.00588984,-0.00613037,0.0142278,0.135013,-0.165853,-0.165853,0.068009,0.0918246,0.622951,30,60,64.5,34,,2026-10-07
101594,INF336L01016,HSBC Large Cap Fund,HSBC Mutual Fund,Equity,Large Cap,Equity Schemes - Large Cap Fund,Regular,Growth,2002-11-14,AMFI scheme master,23.9,463.898,2026-10-06,501.508,2026-02-11,431.86,2026-03-31,-0.0749925,1855,Kuvera (latest month),1826.09,Jul-Sep 2026,1452.23,0.0231,Neelotpal Sahai; Mayank Chaturvedi,Very High Risk,-0.0337636,0.045578,-0.0239578,-0.0224663,0.0899302,0.0780084,0.107728,0.174207,Launch NAV Rs 10 assumed (pre-2006 NAV not in AMFI history),0.0300388,0.00961777,0.00199535,0.142234,-0.180421,-0.195828,0.175277,0.235381,0.508197,66.7,33.3,51.6,34,,2026-10-07
108466,INF109K01BL4,ICICI Prudential Large Cap Fund (erstwhile Bluechip Fund),ICICI Prudential Mutual Fund,Equity,Large Cap,Equity Scheme - Large Cap Fund,Regular,Growth,2008-04-08,AMFI scheme master,18.5,103.01,2026-10-06,116.62,2026-01-02,99.87,2026-03-30,-0.116704,80961.5,Kuvera (latest month),79821,Jul-Sep 2026,50189.4,0.015,Sankaran Naren; Vaibhav Dusad; Sharmila D'Silva,Very High Risk,-0.0629491,0.00635014,-0.074982,-0.0283555,0.0928128,0.0968325,0.122969,0.135304,NAV history,-0.0209854,0.0125003,0.0208195,0.12609,-0.15608,-0.15608,0.220579,0.301858,0.901639,76.7,93.3,93.5,34,,2026-10-07
148351,INF00XX01770,ITI Large Cap Fund,ITI Mutual Fund,Equity,Large Cap,Equity Scheme - Large Cap Fund,Regular,Growth,2020-12-04,AMFI scheme master,5.84,16.825,2026-10-06,18.3056,2026-01-02,15.2865,2026-03-31,-0.0808824,363.9,Kuvera (latest month),367.22,Jul-Sep 2026,351.98,0.0261,Alok Ranjan; Nilay Dalal,Very High Risk,-0.036562,0.0605106,-0.0420474,-0.0346313,0.0776499,0.0580484,,0.092089,NAV history,0.0119492,-0.0026626,-0.0179646,0.155933,-0.186715,-0.219397,0.0811239,0.106614,0.271186,33.3,20,16.1,34,,2026-10-07
112098,INF205K01304,Invesco India Large Cap Fund,Invesco Mutual Fund,Equity,Large Cap,Equity Schemes - Large Cap Fund,Regular,Growth,2009-07-10,AMFI scheme master,17.24,69.04,2026-10-06,73.8,2026-08-31,61.13,2026-03-30,-0.0644986,2020.7,Kuvera (latest month),1949.34,Jul-Sep 2026,1557.71,0.0218,Hiten Jain,Very High Risk,-0.0404448,0.0851933,-0.012162,-0.00115674,0.116237,0.0920091,0.116334,0.118988,NAV history,0.0418347,0.0359243,0.0159961,0.143976,-0.186772,-0.20228,0.35587,0.484117,0.786885,96.7,16.7,90.3,34,,2026-10-07
100219,INF192K01601,JM Large Cap Fund,JM Financial Mutual Fund,Equity,Large Cap,Equity Schemes - Large Cap Fund,Regular,Growth,1995-04-01,AMFI scheme master,31.52,146.897,2026-10-06,160.808,2026-01-02,136.998,2026-03-31,-0.086511,393.7,Kuvera (latest month),391.75,Jul-Sep 2026,281.94,0.0267,Satish Ramanathan; Asit Bhandarkar; Ruchi Fozdar; Deepak Gupta,Very High Risk,-0.0429216,0.0426747,-0.0445426,-0.0501583,0.0797597,0.0838709,0.101076,0.0890051,Launch NAV Rs 10 assumed (pre-2006 NAV not in AMFI history),0.00945404,-0.000552727,0.00785787,0.15046,-0.203672,-0.203672,0.0980976,0.129995,0.655738,36.7,10,67.7,34,,2026-10-07
154632,INF22M001192,JioBlackRock Large Cap Fund,Jio BlackRock Mutual Fund,Equity,Large Cap,Equity Schemes - Large Cap Fund,Regular,Growth,2026-03-24,AMFI scheme master,0.54,9.3192,2026-10-06,10.0084,2026-08-25,9.2108,2026-10-01,-0.0688622,45.57,AMFI AAUM Jul-Sep 2026,45.57,Jul-Sep 2026,0.06,0.0241,,,,,,,,,,-0.0629167,"NAV history (absolute, <1Y)",,,,,,,,,,,,,34,,2026-10-07
114458,INF174K01153,Kotak Large Cap Fund,Kotak Mahindra Mutual Fund,Equity,Large Cap,Equity Scheme - Large Cap Fund,Regular,Growth,1998-12-22,AMFI scheme master,27.79,538.544,2026-10-06,599.496,2026-01-02,514.754,2026-03-31,-0.101672,10937.1,Kuvera (latest month),10940.5,Jul-Sep 2026,7820.86,0.018419,Rohit Tandon,Very High Risk,-0.0580103,0.0172954,-0.0659683,-0.0292593,0.081336,0.0723243,0.109972,0.106157,NAV history,-0.0119716,0.00102351,-0.00368868,0.131708,-0.169278,-0.180436,0.124031,0.168567,0.557377,56.7,46.7,58.1,34,,2026-10-07
106871,INF767K01105,LIC MF Large Cap Fund,LIC Mutual Fund,Equity,Large Cap,Equity Scheme - Large Cap Fund,Regular,Growth,1994-09-01,AMFI scheme master,32.1,51.6307,2026-10-06,57.8559,2025-10-29,48.3422,2026-03-31,-0.107598,1384.6,Kuvera (latest month),1367.07,Jul-Sep 2026,1050.2,0.0248,Sumit Bhatnagar,Very High Risk,-0.0432257,0.0351584,-0.0778338,-0.0454387,0.062824,0.0456935,0.0894382,0.0742968,NAV history,-0.0238372,-0.0174885,-0.0303195,0.138713,-0.186258,-0.198709,-0.0156874,-0.0211555,0.0819672,20,23.3,3.2,34,,2026-10-07
146551,INF174V01697,Mahindra Manulife Large Cap Fund,Mahindra Manulife Mutual Fund,Equity,Large Cap,Equity Schemes - Large Cap Fund,Regular,Growth,2019-02-22,AMFI scheme master,7.62,21.0212,2026-10-06,24.1713,2026-01-02,20.5559,2026-03-31,-0.130324,695,Kuvera (latest month),694.11,Jul-Sep 2026,662.75,0.026,Fatema Pacha; Kirti Dalvi,Very High Risk,-0.0594668,-0.0032244,-0.0831207,-0.0455314,0.0608744,0.0603264,,0.103159,NAV history,-0.029124,-0.0194381,-0.0156866,0.129922,-0.156604,-0.176012,-0.0317547,-0.0429341,0.327869,16.7,90,27.4,34,,2026-10-07
107578,INF769K01010,Mirae Asset Large Cap Fund,Mirae Asset Mutual Fund,Equity,Large Cap,Equity Schemes - Large Cap Fund,Regular,Growth,2008-02-11,AMFI scheme master,18.65,106.855,2026-10-06,118.556,2026-01-02,99.677,2026-03-31,-0.098696,38166.2,Kuvera (latest month),38047.4,Jul-Sep 2026,23055.7,0.0168,Gaurav Misra,Very High Risk,-0.0561096,0.0368534,-0.0575083,-0.0237137,0.0679491,0.0603329,0.110897,0.136798,NAV history,-0.00351161,-0.0123633,-0.0156801,0.132719,-0.162029,-0.180005,0.0222207,0.0303157,0.442623,23.3,70,41.9,34,,2026-10-07
106235,INF204K01562,Nippon India Large Cap Fund,Nippon India Mutual Fund,Equity,Large Cap,Equity Scheme - Large Cap Fund,Regular,Growth,2007-06-12,AMFI scheme master,19.32,85.3486,2026-10-06,94.7726,2026-01-02,81.5095,2026-03-31,-0.099438,54133.6,Kuvera (latest month),53646.1,Jul-Sep 2026,33868.7,0.0163,Sailesh Raj Bhan; Kinjal Desai; Bhavik Dave; Amber Singhania,Very High Risk,-0.0604431,0.0150494,-0.0723936,-0.0212544,0.0905915,0.110537,0.126496,0.119817,NAV history,-0.018397,0.0102791,0.0345244,0.136107,-0.156854,-0.156854,0.188025,0.252852,0.918033,70,86.7,96.8,34,,2026-10-07
138308,INF663L01GW4,PGIM India Large Cap Fund,PGIM India Mutual Fund,Equity,Large Cap,Equity Scheme - Large Cap Fund,Regular,Growth,2003-01-14,AMFI scheme master,23.73,317.82,2026-10-06,353.37,2025-11-28,298.35,2026-03-31,-0.100603,538.2,Kuvera (latest month),534.81,Jul-Sep 2026,462.03,0.0262,Vinay Paharia; Anandha Padmanabhan Anjeneyan; Vivek Sharma; Akhil Dhar,Very High Risk,-0.047502,0.038933,-0.0687412,-0.0333525,0.0534453,0.0453897,0.0884937,0.0992177,NAV history,-0.0147446,-0.0268672,-0.0306233,0.129729,-0.175074,-0.207208,-0.0890682,-0.120619,0.229508,3.3,43.3,12.9,34,,2026-10-07
154154,INF879O01365,Parag Parikh Large Cap Fund,PPFAS Mutual Fund,Equity,Large Cap,Equity Scheme - Large Cap Fund,Regular,Growth,2026-01-19,AMFI scheme master,0.71,9.1414,2026-10-06,10.1113,2026-02-11,8.7101,2026-03-31,-0.0959224,845.25,AMFI AAUM Jul-Sep 2026,845.25,Jul-Sep 2026,274.77,0.0072,,,-0.0591492,0.0190059,,,,,,-0.0857503,"NAV history (absolute, <1Y)",,,,,,,,,,,,,34,,2026-10-07
103504,INF200K01180,SBI Large Cap Fund,SBI Mutual Fund,Equity,Large Cap,Equity Scheme - Large Cap Fund,Regular,Growth,2005-12-23,AMFI scheme master,20.79,89.7299,2026-10-06,97.3744,2026-01-06,83.7944,2026-03-31,-0.0785063,55139.8,Kuvera (latest month),54695.8,Jul-Sep 2026,37137.6,0.015,Saurabh Pant,Very High Risk,-0.0553843,0.0410975,-0.0307109,-0.0128737,0.077298,0.0783756,0.106195,0.111337,Launch NAV Rs 10 assumed (pre-2006 NAV not in AMFI history),0.0232857,-0.00301446,0.0023626,0.125197,-0.156867,-0.167982,0.0982293,0.135129,0.688525,40,83.3,74.2,34,,2026-10-07
153238,INF0K1H01263,Samco Large Cap Fund,Samco Mutual Fund,Equity,Large Cap,Equity Schemes - Large Cap Fund,Regular,Growth,2025-03-05,AMFI scheme master,1.59,8.59,2026-10-06,9.69,2025-10-20,8.58,2026-10-01,-0.113519,95.2,AMFI AAUM Jul-Sep 2026,95.2,Jul-Sep 2026,92.01,0.0369,,,-0.0529217,-0.0359147,-0.0938819,,,,,-0.0942647,NAV history,-0.0398852,,,,,,,,,,,,34,,2026-10-07
148504,INF903JA1IZ3,Sundaram Large Cap Fund ( Formerly Know as Sundaram Blue Chip Fund),Sundaram Mutual Fund,Equity,Large Cap,Equity Scheme - Large Cap Fund,Regular,Growth,2020-09-17,AMFI scheme master,6.05,19.9172,2026-10-06,22.0249,2026-01-02,18.9734,2026-03-31,-0.0956962,3055.9,Kuvera (latest month),3033.45,Jul-Sep 2026,2602.31,0.0207,Ashwin Jain; Shalav Saket,Very High Risk,-0.0455626,0.014517,-0.0550492,-0.0397435,0.0553103,0.0589928,,0.121989,NAV history,-0.00105257,-0.0250021,-0.0170202,0.127941,-0.160194,-0.168054,-0.0757356,-0.102748,0.327869,6.7,76.7,27.4,34,,2026-10-07
100475,INF277K01931,Tata Large Cap Fund,Tata Mutual Fund,Equity,Large Cap,Equity Scheme - Large Cap Fund,Regular,Growth,2006-04-03,Before Apr-2006 (AMFI history starts 03-Apr-2006),20.51,481.56,2026-10-06,532.196,2026-01-02,452.006,2026-03-31,-0.0951466,2764.8,Kuvera (latest month),2735.46,Jul-Sep 2026,2101.47,0.0223,Abhinav Sharma; Hasmukh Vishariya,Very High Risk,-0.0594164,0.0340254,-0.0523068,-0.0266279,0.0826411,0.0765472,0.103981,0.109842,Since Apr-2006 (earlier NAV not in AMFI history),0.00168988,0.00232868,0.000534246,0.139146,-0.162438,-0.176324,0.126781,0.169678,0.704918,60,66.7,80.6,34,,2026-10-07
101209,INF044D01773,Taurus Large Cap Fund,Taurus Mutual Fund,Equity,Large Cap,Equity Scheme - Large Cap Fund,Regular,Growth,2006-04-03,Before Apr-2006 (AMFI history starts 03-Apr-2006),20.51,168.39,2026-10-06,170.56,2026-08-26,143.74,2026-03-31,-0.0127228,58.15,AMFI AAUM Jul-Sep 2026,58.15,Jul-Sep 2026,54.68,0.0273,,,0.0581249,0.139387,0.071524,0.0255313,0.132798,0.102365,0.0990248,0.0777752,Since Apr-2006 (earlier NAV not in AMFI history),0.125521,0.0524858,0.0263524,0.138679,-0.176771,-0.192201,0.488886,0.662951,0.47541,100,36.7,45.2,34,,2026-10-07
100651,INF789F01976,UTI - Large Cap Fund,UTI Mutual Fund,Equity,Large Cap,Equity Scheme - Large Cap Fund,Regular,Growth,2003-02-01,AMFI scheme master,23.68,253.468,2026-10-06,285.094,2026-01-02,240.722,2026-03-31,-0.110933,12189.1,Kuvera (latest month),12097.9,Jul-Sep 2026,7531.67,0.0186,Karthikraj Lakshmanan,Very High Risk,-0.0436917,0.021173,-0.078932,-0.0434695,0.0562438,0.0536137,0.10018,0.146291,Launch NAV Rs 10 assumed (pre-2006 NAV not in AMFI history),-0.0249354,-0.0240686,-0.0223993,0.124791,-0.169227,-0.195174,-0.0701668,-0.0957946,0.311475,10,50,22.6,34,,2026-10-07
141247,INF582M01CQ5,Union Largecap Fund,Union Mutual Fund,Equity,Large Cap,Equity Scheme - Large Cap Fund,Regular,Growth,2017-04-20,AMFI scheme master,9.46,22.09,2026-10-06,24.42,2025-11-20,20.91,2026-03-30,-0.0954136,437.2,Kuvera (latest month),433.92,Jul-Sep 2026,388.42,0.0258,Pratik Dharmshi; Sanjay Bembalkar,Very High Risk,-0.0543664,0.026487,-0.0671453,-0.0369985,0.0599465,0.0566533,,0.0878807,NAV history,-0.0131486,-0.020366,-0.0193597,0.138309,-0.1666,-0.196731,-0.0365378,-0.0485325,0.213115,13.3,56.7,8.1,34,,2026-10-07
150799,INF03VN01662,WhiteOak Capital Large Cap Fund,WhiteOak Capital Mutual Fund,Equity,Large Cap,Equity Schemes - Large Cap Fund,Regular,Growth,2022-11-10,AMFI scheme master,3.91,14.257,2026-10-06,15.537,2026-01-07,13.333,2026-03-31,-0.082384,1275.8,Kuvera (latest month),1251.36,Jul-Sep 2026,1098.87,0.0248,Piyush Baranwal; Ramesh Mantri; Trupti Agrawal; Dheeresh Pathak; Ashish Agrawal,Very High Risk,-0.0483914,0.0390642,-0.0442448,-0.011681,0.105061,,,0.0984604,NAV history,0.00975183,0.0247485,,0.134094,-0.158453,,0.298753,0.403942,1,86.7,80,100,34,,2026-10-07
150441,INF966L01AW4,quant Large Cap Fund,quant Mutual Fund,Equity,Large Cap,Equity Scheme - Large Cap Fund,Regular,Growth,2022-07-20,AMFI scheme master,4.22,15.3701,2026-10-06,16.1842,2026-08-03,12.9951,2026-03-31,-0.0503021,3651,Kuvera (latest month),3628.01,Jul-Sep 2026,3256.71,0.0287,Jignesh Shah; Sanjeev Sharma; Ankit A. Pande; Sandeep Tandon; Varun Pattani; Sameer Kate; Ayusha Kumbhat; Yug Tibrewal,Very High Risk,-0.0376124,0.144648,0.0207265,-0.010896,0.116839,,,0.108871,NAV history,0.0747232,0.0365262,,0.159055,-0.215984,,0.325917,0.447604,0.512821,93.3,3.3,54.8,34,,2026-10-07
101592,INF209K01363,Aditya Birla Sun Life Midcap Fund,Aditya Birla Sun Life Mutual Fund,Equity,Mid Cap,Equity Scheme - Mid Cap Fund,Regular,Growth,2002-09-09,AMFI scheme master,24.08,817.14,2026-10-06,871.87,2026-08-26,696.79,2026-03-31,-0.0627731,6966.2,Kuvera (latest month),6788.14,Jul-Sep 2026,5713.31,0.0201,Vishal Gajwani,Very High Risk,-0.0278277,0.140699,0.0451766,0.000220353,0.131199,0.11928,0.119935,0.2007,Launch NAV Rs 10 assumed (pre-2006 NAV not in AMFI history),0.00806874,-0.0148056,-0.0115718,0.157,-0.221329,-0.221329,0.42165,0.56626,0.377049,32.1,32.1,30.4,33,,2026-10-07
114564,INF846K01859,Axis Midcap Fund,Axis Mutual Fund,Equity,Mid Cap,Equity Scheme - Mid Cap Fund,Regular,Growth,2011-01-31,AMFI scheme master,15.68,118.26,2026-10-06,124.14,2026-08-31,102.47,2026-03-23,-0.0473659,35425,Kuvera (latest month),34576.1,Jul-Sep 2026,22327.8,0.0177,Shreyash Devalkar; Nitin Arora; Krishnaa N,Very High Risk,-0.0150745,0.122544,0.0378236,0.0227381,0.147144,0.112713,0.156794,0.171488,NAV history,0.000715708,0.00113976,-0.0181385,0.148517,-0.198709,-0.210455,0.553099,0.749359,0.229508,64.3,78.6,10.7,33,,2026-10-07
150402,INF194KB1DM6,BANDHAN MID CAP FUND,Bandhan Mutual Fund,Equity,Mid Cap,Equity Schemes - Mid Cap Fund,Regular,Growth,2022-07-28,AMFI scheme master,4.19,18.741,2026-10-06,19.66,2026-08-31,15.453,2026-03-23,-0.0467447,2581.2,Kuvera (latest month),2478.82,Jul-Sep 2026,2329.37,0.0213,Harshal Joshi; Ritu Modi; Ritika Behera; Gaurav Satra,Very High Risk,0.00326552,0.174322,0.0651927,0.0256889,0.157772,,,0.163922,NAV history,0.0280848,0.0117678,,0.166997,-0.233152,,0.555534,0.749712,0.384615,67.9,14.3,35.7,33,,2026-10-07
153726,INF761K01HB0,BANK OF INDIA MID CAP FUND,Bank of India Mutual Fund,Equity,Mid Cap,Equity Schemes - Mid Cap Fund,Regular,Growth,2025-07-31,AMFI scheme master,1.19,10.29,2026-10-06,10.69,2026-08-31,8.84,2026-03-23,-0.0374181,742.47,AMFI AAUM Jul-Sep 2026,742.47,Jul-Sep 2026,678.05,0.0255,,,0.00488281,0.120915,0.0228628,,,,,0.0278319,NAV history,-0.0142451,,,,,,,,,,,,33,,2026-10-07
150209,INF251K01AW3,Baroda BNP Paribas Mid Cap Fund,Baroda BNP Paribas Mutual Fund,Equity,Mid Cap,Equity Scheme - Mid Cap Fund,Regular,Growth,2006-03-13,AMFI scheme master,20.57,106.467,2026-10-06,113.874,2026-08-26,94.6558,2026-03-23,-0.0650514,2657.7,Kuvera (latest month),2596.97,Jul-Sep 2026,2314.64,0.0221,Rohan Korde; Ankeet Pandya,Very High Risk,-0.0396864,0.09129,0.0443266,0.00989397,0.139783,,,0.151119,NAV history,0.00721871,-0.00622215,,0.152787,-0.191149,,0.489457,0.648928,0.386364,50,89.3,39.3,33,,2026-10-07
150816,INF760K01KL5,Canara Robeco Mid Cap Fund,Canara Robeco Mutual Fund,Equity,Mid Cap,Equity Schemes - Mid Cap Fund,Regular,Growth,2022-11-11,AMFI scheme master,3.9,17.92,2026-10-06,18.85,2026-08-25,15.26,2026-03-23,-0.0493369,5231,Kuvera (latest month),5058.13,Jul-Sep 2026,3578.22,0.0212,Pranav Gokhale; Shridatta Bhandwaldar,Very High Risk,-0.0153846,0.129175,0.0322581,0.024295,0.150739,,,0.164075,NAV history,-0.00484983,0.00473449,,0.16332,-0.217024,,0.524976,0.710298,0.371429,57.1,42.9,25,33,,2026-10-07
104481,INF740K01128,DSP Midcap Fund,DSP Mutual Fund,Equity,Mid Cap,Equity Scheme - Mid Cap Fund,Regular,Growth,2006-09-29,AMFI scheme master,20.02,147.651,2026-10-06,158.919,2026-08-31,132.739,2026-03-23,-0.070904,21018.5,Kuvera (latest month),20510.2,Jul-Sep 2026,16646.8,0.0174,Vinit Sambre; Abhishek Ghosh,Very High Risk,-0.0458863,0.0839555,-0.00387921,-0.00733796,0.118724,0.0961806,0.125076,0.143381,NAV history,-0.0409871,-0.0272804,-0.0346713,0.157607,-0.215278,-0.229846,0.340874,0.456479,0.0819672,21.4,53.6,5.4,33,,2026-10-07
140225,INF843K01013,Edelweiss Mid Cap Fund,Edelweiss Mutual Fund,Equity,Mid Cap,Equity Scheme - Mid Cap Fund,Regular,Growth,2007-11-09,AMFI scheme master,18.91,104.246,2026-10-06,111.408,2026-08-31,91.765,2026-03-23,-0.0642862,19924.3,Kuvera (latest month),19084.3,Jul-Sep 2026,13473.9,0.0187,Dhruv Bhatia; Trideep Bhattacharya; Mehul Dalmia,Very High Risk,-0.0368728,0.102759,0.0310769,0.0249166,0.182861,0.157169,,0.180804,NAV history,-0.00603099,0.0368567,0.026317,0.166511,-0.20277,-0.20277,0.707828,0.948562,0.852459,85.7,67.9,92.9,33,,2026-10-07
100473,INF090I01809,Franklin India Mid Cap Fund,Franklin Templeton Mutual Fund,Equity,Mid Cap,Equity Scheme - Mid Cap Fund,Regular,Growth,1993-12-01,AMFI scheme master,32.85,2692.5,2026-10-06,2890.63,2026-08-13,2392.22,2026-03-31,-0.0685419,13052.4,Kuvera (latest month),12836.6,Jul-Sep 2026,9840.68,0.0191,R. Janakiraman; Sandeep Manam; Akhil Kalluri,Very High Risk,-0.0403663,0.0922108,-0.0113873,-0.0116865,0.134557,0.115612,0.128101,0.185732,Launch NAV Rs 10 assumed (pre-2006 NAV not in AMFI history),-0.0484952,-0.0114478,-0.0152401,0.155957,-0.185898,-0.24288,0.446002,0.598501,0.42623,35.7,92.9,46.4,33,,2026-10-07
105758,INF179K01CR2,HDFC Mid Cap Fund,HDFC Mutual Fund,Equity,Mid Cap,Equity Scheme - Mid Cap Fund,Regular,Growth,2007-05-07,AMFI scheme master,19.42,200.139,2026-10-06,214.337,2026-08-25,179.582,2026-03-23,-0.0662415,108324,Kuvera (latest month),105346,Jul-Sep 2026,73603.2,0.0131,Chirag Setalvad; Dhruv Muchhal,Very High Risk,-0.0376591,0.0830032,0.0246828,0.0280325,0.150343,0.168778,0.156693,0.167761,NAV history,-0.0124251,0.00433821,0.0379256,0.149908,-0.169398,-0.173512,0.569301,0.759849,0.672131,71.4,100,82.1,33,,2026-10-07
151034,INF917K01254,HSBC Midcap Fund,HSBC Mutual Fund,Equity,Mid Cap,Equity Schemes - Mid Cap Fund,Regular,Growth,2004-06-24,AMFI scheme master,22.29,457.832,2026-10-06,485.329,2026-08-31,362.728,2026-03-23,-0.0566558,17188.2,Kuvera (latest month),16299,Jul-Sep 2026,12282.4,0.0216,Cheenu Gupta; Mayank Chaturvedi,Very High Risk,0.00267778,0.21525,0.147983,0.0770578,0.215496,,,0.222624,NAV history,0.110875,0.0694909,,0.187878,-0.261158,,0.801029,1.06379,0.833333,96.4,7.1,89.3,33,,2026-10-07
153327,INF0R8701293,Helios Mid Cap Fund,Helios Mutual Fund,Equity,Mid Cap,Equity Schemes - Mid Cap Fund,Regular,Growth,2025-02-20,AMFI scheme master,1.63,13.42,2026-10-06,14.1,2026-08-28,10.82,2026-03-23,-0.048227,2106.12,AMFI AAUM Jul-Sep 2026,2106.12,Jul-Sep 2026,1057.57,0.024,,,-0.0190058,0.199285,0.0667727,,,,,0.203594,NAV history,0.0296648,,,,,,,,,,,,33,,2026-10-07
102528,INF109K01AN2,ICICI Prudential Mid Cap Fund,ICICI Prudential Mutual Fund,Equity,Mid Cap,Equity Schemes - Mid Cap Fund,Regular,Growth,2004-09-06,AMFI scheme master,22.08,328.1,2026-10-06,353.24,2026-08-28,287.23,2026-03-23,-0.0711697,8403.2,Kuvera (latest month),8094.43,Jul-Sep 2026,6815.95,0.0184,Lalit Kumar; Sharmila D'Silva,Very High Risk,-0.0323817,0.10942,0.0973611,0.0546284,0.191818,0.151222,0.150942,0.132936,Since Apr-2006 (earlier NAV not in AMFI history),0.0602532,0.0458135,0.0203697,0.178675,-0.215949,-0.215949,0.709771,0.954504,0.57377,89.3,50,64.3,33,,2026-10-07
148732,INF00XX01895,ITI Mid Cap Fund,ITI Mutual Fund,Equity,Mid Cap,Equity Scheme - Mid Cap Fund,Regular,Growth,2021-02-15,AMFI scheme master,5.64,22.3331,2026-10-06,23.8408,2026-08-31,19.2025,2026-03-31,-0.0632403,1539.2,Kuvera (latest month),1493.71,Jul-Sep 2026,1397.08,0.0242,Dhimant Shah; Alok Ranjan,Very High Risk,-0.0260526,0.117599,0.0537265,0.00809433,0.168138,0.133132,,0.155205,NAV history,0.0166186,0.0221338,0.00228032,0.1808,-0.229359,-0.237828,0.570455,0.743119,0.517857,75,25,57.1,33,,2026-10-07
105503,INF205K01BC9,Invesco India Mid Cap Fund,Invesco Mutual Fund,Equity,Mid Cap,Equity Schemes - Mid Cap Fund,Regular,Growth,2007-02-15,AMFI scheme master,19.64,190.78,2026-10-06,202.5,2026-08-27,156.46,2026-03-30,-0.0578765,15905.3,Kuvera (latest month),15234.3,Jul-Sep 2026,10040.9,0.0186,Aditya Khemani,Very High Risk,-0.0458615,0.173092,0.0538585,0.067583,0.209627,0.17126,0.171303,0.163151,NAV history,0.0167506,0.0636223,0.0404076,0.17167,-0.202721,-0.20572,0.842471,1.16635,0.639344,100,71.4,78.6,33,,2026-10-07
150812,INF192K01MS2,JM Mid Cap Fund,JM Financial Mutual Fund,Equity,Mid Cap,Equity Schemes - Mid Cap Fund,Regular,Growth,2022-10-31,AMFI scheme master,3.93,20.664,2026-10-06,21.677,2026-08-31,16.6435,2026-03-23,-0.0467316,1360.2,Kuvera (latest month),1318.77,Jul-Sep 2026,1092.51,0.0244,Satish Ramanathan; Asit Bhandarkar; Ruchi Fozdar; Deepak Gupta,High Risk,-0.00736407,0.200586,0.0595565,0.0184268,0.162297,,,0.205532,NAV history,0.0224486,0.0162928,,0.179351,-0.230759,,0.542498,0.720957,0.638889,60.7,17.9,75,33,,2026-10-07
104908,INF174K01DS9,Kotak Mid Cap Fund,Kotak Mahindra Mutual Fund,Equity,Mid Cap,Equity Schemes - Mid Cap Fund,Regular,Growth,2007-02-12,AMFI scheme master,19.65,137.968,2026-10-06,148.832,2026-08-27,121.477,2026-03-23,-0.0729951,71256.2,Kuvera (latest month),69654.8,Jul-Sep 2026,51224.6,0.015081,Atul Bhole,Very High Risk,-0.0564161,0.0979381,-0.00738161,0.0187621,0.148068,0.141294,0.156509,0.143975,NAV history,-0.0444895,0.00206311,0.0104419,0.161138,-0.210346,-0.210346,0.515508,0.690079,0.590164,53.6,60.7,67.9,33,,2026-10-07
152001,INF397L01JO0,LIC MF Mid Cap Fund,LIC Mutual Fund,Equity,Mid Cap,Equity Scheme - Mid Cap Fund,Regular,Growth,2017-01-05,AMFI scheme master,9.75,30.0561,2026-10-06,31.7223,2026-08-28,25.0937,2026-03-31,-0.0525246,392.1,Kuvera (latest month),380.98,Jul-Sep 2026,351.4,0.0308,Sudhanshu Asthana,Very High Risk,-0.0170839,0.151178,0.0321995,-0.0046716,0.141846,,,0.149444,NAV history,-0.00490844,-0.0041591,,0.167744,-0.219193,,0.458112,0.616775,0.357143,39.3,35.7,21.4,33,,2026-10-07
142109,INF174V01473,Mahindra Manulife Mid Cap Fund,Mahindra Manulife Mutual Fund,Equity,Mid Cap,Equity Schemes - Mid Cap Fund,Regular,Growth,2018-01-08,AMFI scheme master,8.74,34.2132,2026-10-06,37.411,2026-08-13,30.6921,2026-03-23,-0.0854775,5406.3,Kuvera (latest month),5252.11,Jul-Sep 2026,4221.82,0.0202,Krishna Sanghavi; Neelesh Dhamnaskar; Kirti Dalvi,Very High Risk,-0.0670917,0.0841234,0.0399781,-0.00193514,0.144363,0.142999,,0.161629,NAV history,0.00287022,-0.00164153,0.0121466,0.169683,-0.214027,-0.216642,0.467713,0.617327,0.606557,42.9,57.1,71.4,33,,2026-10-07
147479,INF769K01EY2,Mirae Asset Midcap Fund,Mirae Asset Mutual Fund,Equity,Mid Cap,Equity Schemes - Mid Cap Fund,Regular,Growth,2019-07-08,AMFI scheme master,7.25,38.275,2026-10-06,41.212,2026-08-31,32.873,2026-03-31,-0.0712657,20891.6,Kuvera (latest month),20304.7,Jul-Sep 2026,13851.8,0.02,Ankit Jain,Very High Risk,-0.0367434,0.125967,0.0363922,0.0222775,0.132388,0.130852,,0.206651,NAV history,-0.000715708,-0.0136162,0,0.160611,-0.228792,-0.228792,0.419576,0.555562,0.52459,28.6,28.6,60.7,33,,2026-10-07
100377,INF204K01323,Nippon India Growth Mid Cap Fund,Nippon India Mutual Fund,Equity,Mid Cap,Equity Scheme - Mid Cap Fund,Regular,Growth,1995-09-25,AMFI scheme master,31.03,4357.67,2026-10-06,4598.84,2026-08-13,3814.1,2026-03-31,-0.0524416,52270.5,Kuvera (latest month),51142.2,Jul-Sep 2026,38172,0.0155,Rupesh Patel; Kinjal Desai; Amber Singhania,Very High Risk,-0.0315635,0.108702,0.0434939,0.0259112,0.165129,0.160001,0.168236,0.216334,Launch NAV Rs 10 assumed (pre-2006 NAV not in AMFI history),0.00638599,0.0191247,0.0291493,0.166361,-0.201446,-0.201446,0.601881,0.807173,0.983607,82.1,75,100,33,,2026-10-07
125305,INF663L01DZ4,PGIM India Midcap Fund,PGIM India Mutual Fund,Equity,Mid Cap,Equity Scheme - Mid Cap Fund,Regular,Growth,2013-11-11,AMFI scheme master,12.9,63.85,2026-10-06,67.48,2026-08-25,55.76,2026-03-23,-0.0537937,11217.6,Kuvera (latest month),11037.2,Jul-Sep 2026,6686.62,0.0191,Vinay Paharia; Puneet Pal; Utsav Mehta; Vivek Sharma,Very High Risk,-0.0241479,0.109277,-0.0228038,-0.00373775,0.0965173,0.085887,0.137664,0.155308,NAV history,-0.0599117,-0.0494874,-0.0449649,0.152099,-0.195726,-0.200607,0.207216,0.281273,0.344262,14.3,85.7,17.9,33,,2026-10-07
101065,INF966L01176,Quant Mid Cap Fund,quant Mutual Fund,Equity,Mid Cap,Equity Scheme - Mid Cap Fund,Regular,Growth,2001-02-12,AMFI scheme master,25.65,215.261,2026-10-06,225.832,2026-08-05,185.989,2026-03-23,-0.0468087,8055.5,Kuvera (latest month),8022.97,Jul-Sep 2026,3050.61,0.0217,Sanjeev Sharma; Ankit A. Pande; Sandeep Tandon; Varun Pattani; Sameer Kate; Ayusha Kumbhat; Yug Tibrewal,Very High Risk,-0.027959,0.117798,0.0351714,-0.0550427,0.0953649,0.134731,0.166406,0.127137,Launch NAV Rs 10 assumed (pre-2006 NAV not in AMFI history),-0.00193645,-0.0506398,0.0038791,0.171305,-0.266249,-0.266249,0.177256,0.233882,0.508197,7.1,3.6,53.6,33,,2026-10-07
102941,INF200K01560,SBI MIDCAP FUND,SBI Mutual Fund,Equity,Mid Cap,Equity Scheme - Mid Cap Fund,Regular,Growth,2005-02-21,AMFI scheme master,21.62,234.147,2026-10-06,246.086,2026-08-03,207.529,2026-03-31,-0.0485183,24518.3,Kuvera (latest month),24261.6,Jul-Sep 2026,18587.4,0.0179,Bhavin Vithlani,Very High Risk,-0.0325064,0.0997817,0.025422,-0.0175326,0.0911233,0.119405,0.124944,0.129067,Since Apr-2006 (earlier NAV not in AMFI history),-0.0116859,-0.0548814,-0.0114472,0.133939,-0.181901,-0.181901,0.195039,0.258356,0.409836,10.7,96.4,42.9,33,,2026-10-07
154115,INF0K1H01321,Samco Mid Cap Fund,Samco Mutual Fund,Equity,Mid Cap,Equity Schemes - Mid Cap Fund,Regular,Growth,2026-01-21,AMFI scheme master,0.71,9.65,2026-10-06,10.22,2026-08-12,8.8,2026-03-23,-0.055773,78.55,AMFI AAUM Jul-Sep 2026,78.55,Jul-Sep 2026,76.5,0.0308,,,-0.0301508,0.0627753,,,,,,-0.0143003,"NAV history (absolute, <1Y)",,,,,,,,,,,,,33,,2026-10-07
101539,INF903J01173,Sundaram Mid Cap Fund,Sundaram Mutual Fund,Equity,Mid Cap,Equity Scheme - Mid Cap Fund,Regular,Growth,2002-06-24,AMFI scheme master,24.29,1419.9,2026-10-06,1534.16,2026-08-10,1263.76,2026-03-23,-0.0744796,14863.4,Kuvera (latest month),14485.4,Jul-Sep 2026,12188.6,0.0186,S. Bharath; Shalav Saket,Very High Risk,-0.0402038,0.0863166,0.0131639,0.0102032,0.158489,0.149405,0.128939,0.226382,Launch NAV Rs 10 assumed (pre-2006 NAV not in AMFI history),-0.023944,0.0124846,0.018553,0.158714,-0.209735,-0.209735,0.589041,0.792908,0.819672,78.6,64.3,85.7,33,,2026-10-07
154211,INF0GCD01883,TRUSTMF MID CAP FUND,Trust Mutual Fund,Equity,Mid Cap,Equity Scheme - Mid Cap Fund,Regular,Growth,2026-02-27,AMFI scheme master,0.61,11.78,2026-10-06,12.48,2026-08-26,9.8,2026-03-30,-0.0560897,516.97,AMFI AAUM Jul-Sep 2026,516.97,Jul-Sep 2026,444.46,0.0355,,,-0.000848176,0.179179,,,,,,0.178,"NAV history (absolute, <1Y)",,,,,,,,,,,,,33,,2026-10-07
102328,INF277K01626,Tata Mid Cap Fund,Tata Mutual Fund,Equity,Mid Cap,Equity Scheme - Mid Cap Fund,Regular,Growth,1994-06-15,AMFI scheme master,32.31,440.01,2026-10-06,472.778,2026-08-25,396.868,2026-03-31,-0.0693089,6240.2,Kuvera (latest month),6087.98,Jul-Sep 2026,5126.15,0.0201,Satish Mishra,Very High Risk,-0.0432733,0.0752916,0.0191163,-0.00483785,0.122468,0.126824,0.14485,0.124259,Launch NAV Rs 10 assumed (pre-2006 NAV not in AMFI history),-0.0179916,-0.0235369,-0.00402754,0.156326,-0.216176,-0.216176,0.367615,0.481641,0.377049,25,46.4,30.4,33,,2026-10-07
100477,INF044D01815,Taurus Mid Cap Fund,Taurus Mutual Fund,Equity,Mid Cap,Equity Scheme - Mid Cap Fund,Regular,Growth,1994-09-05,AMFI scheme master,32.09,128.77,2026-10-06,130.92,2026-08-28,102.4,2026-03-31,-0.0164222,135.53,AMFI AAUM Jul-Sep 2026,135.53,Jul-Sep 2026,128.56,0.028,,,0.0769424,0.197972,0.0608832,0.00544131,0.094287,0.113516,0.137071,0.082904,Launch NAV Rs 10 assumed (pre-2006 NAV not in AMFI history),0.0237753,-0.0517177,-0.0173364,0.182796,-0.24085,-0.24085,0.160217,0.206562,0.295082,3.6,10.7,14.3,33,,2026-10-07
154479,INF2F0001628,The Wealth Company Mid Cap Fund,The Wealth Company Mutual Fund,Equity,Mid Cap,Equity Schemes - Mid Cap Fund,Regular,Growth,2026-07-15,AMFI scheme master,0.23,9.4768,2026-10-06,10.0331,2026-08-26,9.3707,2026-10-05,-0.0554465,106.42,AMFI AAUM Jul-Sep 2026,106.42,Jul-Sep 2026,104.09,0.0427,,,,,,,,,,-0.0507918,"NAV history (absolute, <1Y)",,,,,,,,,,,,,33,,2026-10-07
102394,INF789F01810,UTI - Mid Cap Fund,UTI Mutual Fund,Equity,Mid Cap,Equity Scheme - Mid Cap Fund,Regular,Growth,2003-01-02,AMFI scheme master,23.76,301.646,2026-10-06,323.083,2026-08-31,265.547,2026-03-23,-0.0663517,12795.4,Kuvera (latest month),12421.4,Jul-Sep 2026,9898.49,0.0197,Vishal Chopda,Very High Risk,-0.022838,0.100687,0.0028245,-0.0222776,0.0996842,0.101488,0.122621,0.154173,Launch NAV Rs 10 assumed (pre-2006 NAV not in AMFI history),-0.0342834,-0.0463205,-0.029364,0.153321,-0.229492,-0.229492,0.226219,0.302176,0.0819672,17.9,21.4,5.4,33,,2026-10-07
148071,INF582M01GM5,Union Midcap Fund,Union Mutual Fund,Equity,Mid Cap,Equity Scheme - Mid Cap Fund,Regular,Growth,2020-03-02,AMFI scheme master,6.6,50.66,2026-10-06,53.89,2026-08-31,43.42,2026-03-23,-0.0599369,2005.3,Kuvera (latest month),1933.46,Jul-Sep 2026,1814.34,0.0239,Pratik Dharmshi; Gaurav Chopra,Very High Risk,-0.0157373,0.134094,0.0484272,0.0329451,0.144865,0.126872,,0.275111,NAV history,0.0113193,-0.00113976,-0.00398024,0.169697,-0.217216,-0.217216,0.470632,0.622444,0.491803,46.4,39.3,50,33,,2026-10-07
150583,INF03VN01563,WhiteOak Capital Mid Cap Fund,WhiteOak Capital Mutual Fund,Equity,Mid Cap,Equity Schemes - Mid Cap Fund,Regular,Growth,2022-08-16,AMFI scheme master,4.14,21.346,2026-10-06,22.517,2026-08-31,17.58,2026-03-23,-0.0520052,7485.3,Kuvera (latest month),7096.01,Jul-Sep 2026,5906.54,0.0223,Piyush Baranwal; Ramesh Mantri; Trupti Agrawal; Dheeresh Pathak; Ashish Agrawal,Very High Risk,-0.00688564,0.162826,0.0968604,0.0738782,0.190691,,,0.202164,NAV history,0.0597525,0.0446867,,0.159447,-0.196822,,0.788297,1.06265,0.921053,92.9,82.1,96.4,33,,2026-10-07
148918,INF209KB1Y23,Aditya Birla Sun Life Multi-Cap Fund,Aditya Birla Sun Life Mutual Fund,Equity,Multi Cap,Equity Scheme - Multi Cap Fund,Regular,Growth,2021-04-19,AMFI scheme master,5.47,20.76,2026-10-06,21.73,2026-08-31,17.43,2026-03-23,-0.0446387,7531.2,Kuvera (latest month),7305.82,Jul-Sep 2026,6770.92,0.0199,Harshil Suvarnkar; Abhinav Khandelwal,Very High Risk,0.00581395,0.14823,0.0554143,0.0145203,0.125525,0.109641,,0.142113,NAV history,0.0252321,0,-0.0100169,0.145148,-0.203185,-0.203185,0.416992,0.558963,0.240741,56.5,43.5,17.9,33,,2026-10-07
149382,INF846K016E3,Axis Multicap Fund,Axis Mutual Fund,Equity,Multi Cap,Equity Schemes - Multi Cap Fund,Regular,Growth,2021-11-26,AMFI scheme master,4.86,19.3,2026-10-06,20.11,2026-08-31,15.95,2026-03-23,-0.0402785,11984.6,Kuvera (latest month),11430.3,Jul-Sep 2026,9602.98,0.0197,Shreyash Devalkar; Hitesh Das; Nitin Arora,Very High Risk,0.02605,0.173252,0.0716269,0.0372118,0.173921,,,0.147037,NAV history,0.0414446,0.0483958,,0.149068,-0.185225,,0.730684,0.984807,0.723404,100,87,82.1,33,,2026-10-07
149305,INF194KB1CI6,BANDHAN MULTI CAP FUND,Bandhan Mutual Fund,Equity,Multi Cap,Equity Scheme - Multi Cap Fund,Regular,Growth,2021-11-12,AMFI scheme master,4.9,16.97,2026-10-06,17.913,2026-08-03,15.046,2026-03-31,-0.0526433,3074.1,Kuvera (latest month),3047.07,Jul-Sep 2026,2940.43,0.0227,Harshal Joshi; Daylynn Pinto; Ritika Behera; Gaurav Satra,Very High Risk,-0.0376,0.0889374,-0.0150328,-0.0150341,0.10306,,,0.115219,NAV history,-0.045215,-0.0224655,,0.136099,-0.187914,,0.279648,0.37381,0.340426,26.1,73.9,35.7,33,,2026-10-07
151445,INF761K01FU4,BANK OF INDIA MULTI CAP FUND,Bank of India Mutual Fund,Equity,Multi Cap,Equity Scheme - Multi Cap Fund,Regular,Growth,2023-02-10,AMFI scheme master,3.66,19.44,2026-10-06,20.18,2026-08-26,16.62,2026-03-23,-0.03667,1335,Kuvera (latest month),1291.72,Jul-Sep 2026,1221.87,0.0248,Nitin Gosar,Very High Risk,-0.0236062,0.126957,0.0854271,0.0354979,0.154598,,,0.203296,NAV history,0.0552449,0.029073,,0.161779,-0.206878,,0.553833,0.728045,0.71875,82.6,30.4,78.6,33,,2026-10-07
153307,INF0QA701AS3,Bajaj Finserv Multi Cap Fund,Bajaj Finserv Mutual Fund,Equity,Multi Cap,Equity Scheme - Multi Cap Fund,Regular,Growth,2025-02-06,AMFI scheme master,1.66,11.934,2026-10-06,12.418,2026-08-26,9.952,2026-03-23,-0.0389757,1567.74,AMFI AAUM Jul-Sep 2026,1567.74,Jul-Sep 2026,1512.93,0.0255,,,-0.0189083,0.145517,0.0782436,,,,,0.116089,NAV history,0.0480613,,,,,,,,,,,,33,,2026-10-07
102020,INF955L01674,Baroda BNP Paribas Multi Cap Fund,Baroda BNP Paribas Mutual Fund,Equity,Multi Cap,Equity Scheme - Multi Cap Fund,Regular,Growth,2003-08-14,AMFI scheme master,23.15,284.841,2026-10-06,302.754,2026-08-13,251.7,2026-03-23,-0.0591675,3492.8,Kuvera (latest month),3426.34,Jul-Sep 2026,2793.35,0.0224,Paresh Jain; Himanshu Singh,Very High Risk,-0.0337976,0.0956101,0.00217188,-0.0103188,0.125881,0.106654,0.128146,0.1557,Launch NAV Rs 10 assumed (pre-2006 NAV not in AMFI history),-0.0280104,0.000355447,-0.0130034,0.153358,-0.195834,-0.219434,0.396986,0.521759,0.327869,52.2,60.9,28.6,33,,2026-10-07
151821,INF760K01KR2,Canara Robeco Multi Cap Fund,Canara Robeco Mutual Fund,Equity,Multi Cap,Equity Schemes - Multi Cap Fund,Regular,Growth,2023-07-07,AMFI scheme master,3.25,14.36,2026-10-06,15.29,2026-08-25,12.83,2026-03-23,-0.0608241,5951.1,Kuvera (latest month),5779.8,Jul-Sep 2026,5232.31,0.02,Vishal Mishra; Shridatta Bhandwaldar,Very High Risk,-0.0329966,0.0837736,-0.0137363,-0.0048393,0.118222,,,0.120574,NAV history,-0.0439185,-0.00730355,,0.141794,-0.187875,,0.375347,0.504178,0.518519,43.5,78.3,57.1,33,,2026-10-07
152307,INF740KA1TZ4,DSP Multi Cap Fund,DSP Mutual Fund,Equity,Multi Cap,Equity Schemes - Multi Cap Fund,Regular,Growth,2024-01-08,AMFI scheme master,2.75,11.896,2026-10-06,12.513,2026-08-26,10.372,2026-03-30,-0.0493087,3024.9,Kuvera (latest month),2973.57,Jul-Sep 2026,2805.04,0.0207,Chirag Dagli,Low Risk,-0.0362929,0.115947,-0.0264342,-0.0294927,,,,0.0662022,NAV history,-0.0566165,,,,,,,,0.181818,,,7.1,33,,2026-10-07
152095,INF754K01RW0,Edelweiss Multi Cap Fund,Edelweiss Mutual Fund,Equity,Multi Cap,Equity Scheme - Multi Cap Fund,Regular,Growth,2023-10-04,AMFI scheme master,3.01,15.1601,2026-10-06,16.2465,2026-08-31,13.4441,2026-03-23,-0.0668698,3551.8,Kuvera (latest month),3443.73,Jul-Sep 2026,3257.07,0.0209,Sumanta Khan; Amit Vora; Trideep Bhattacharya; Raj Koradia,Very High Risk,-0.0366221,0.0938891,0.0179756,-0.0101564,,,,0.146754,NAV history,-0.0122066,,,,,,,,0.56,,,60.7,33,,2026-10-07
152738,INF090I01WX1,Franklin India Multi Cap Fund,Franklin Templeton Mutual Fund,Equity,Multi Cap,Equity Scheme - Multi Cap Fund,Regular,Growth,2024-07-08,AMFI scheme master,2.25,10.7631,2026-10-06,11.1827,2026-09-08,9.0299,2026-03-31,-0.0375222,5262.3,Kuvera (latest month),5172.1,Jul-Sep 2026,4872.63,0.0231,Kiran Sebastian; R. Janakiraman; Sandeep Manam; Akhil Kalluri,Very High Risk,0.00511753,0.150912,0.0379074,0.0255194,,,,0.0341884,NAV history,0.00772518,,,,,,,,0.75,,,85.7,33,,2026-10-07
153100,INF666M01JG2,Groww Multicap Fund,Groww Mutual Fund,Equity,Multi Cap,Equity Schemes - Multi Cap Fund,Regular,Growth,2024-11-26,AMFI scheme master,1.86,12.0091,2026-10-06,12.3731,2026-08-31,9.4032,2026-03-23,-0.0294187,1476.1,Kuvera (latest month),1232.81,Jul-Sep 2026,901.97,0.027,Anupam Tiwari; Saptarshee Chatterjee; Nikhil Satam,Very High Risk,0.0318958,0.225343,0.150198,,,,,0.106267,NAV history,0.120016,,,,,,,,,,,,33,,2026-10-07
149366,INF179KC1BV9,HDFC Multi Cap Fund,HDFC Mutual Fund,Equity,Multi Cap,Equity Scheme - Multi Cap Fund,Regular,Growth,2021-11-23,AMFI scheme master,4.87,18.003,2026-10-06,19.555,2025-10-29,16.534,2026-03-30,-0.0793659,20649.1,Kuvera (latest month),20439,Jul-Sep 2026,16836.2,0.0177,Amar Kalkundrikar; Dhruv Muchhal,Very High Risk,-0.0518249,0.0553992,-0.0508752,-0.037397,0.0945493,,,0.12918,NAV history,-0.0810574,-0.0309762,,0.148878,-0.205406,,0.198479,0.263203,0.446809,17.4,39.1,42.9,33,,2026-10-07
151289,INF336L01QQ8,HSBC Multi Cap Fund - Regular - Growth,HSBC Mutual Fund,Equity,Multi Cap,Equity Schemes - Multi Cap Fund,Regular,Growth,2023-01-10,AMFI scheme master,3.74,19.8711,2026-10-06,20.6572,2026-08-31,16.681,2026-03-23,-0.0380545,6502.5,Kuvera (latest month),6263.78,Jul-Sep 2026,5844.85,0.0203,Mahesh Chhabria; Venugopal Manghat; Mayank Chaturvedi,Very High Risk,0.000327215,0.154102,0.0597468,0.0279582,0.160897,,,0.205187,NAV history,0.0295645,0.0353711,,0.162899,-0.202797,,0.588689,0.788208,0.69697,91.3,47.8,75,33,,2026-10-07
151292,INF336L01QR6,HSBC Multi Cap Fund - Regular - IDCW,HSBC Mutual Fund,Equity,Multi Cap,Equity Schemes - Multi Cap Fund,Regular,Growth,2023-01-10,AMFI scheme master,3.74,16.3352,2026-10-06,17.432,2025-11-03,13.7127,2026-03-23,-0.0629188,6502.5,Kuvera (latest month),6263.78,Jul-Sep 2026,13.89,0.0203,Mahesh Chhabria; Venugopal Manghat; Mayank Chaturvedi,Very High Risk,0.000330684,0.154105,-0.036243,-0.0679694,0.0874961,,,0.142553,NAV history,-0.0664252,-0.0380294,,0.181229,-0.297955,,0.124131,0.154697,0.333333,8.7,4.3,32.1,33,,2026-10-07
101228,INF109K01613,ICICI Prudential Multi Cap Fund,ICICI Prudential Mutual Fund,Equity,Multi Cap,Equity Schemes - Multi Cap Fund,Regular,Growth,1994-09-01,AMFI scheme master,32.1,822.37,2026-10-06,880.83,2026-08-26,714.36,2026-03-23,-0.0663692,19537.6,Kuvera (latest month),18973,Jul-Sep 2026,14677.8,0.0175,Lalit Kumar; Sharmila D'Silva,Very High Risk,-0.0407778,0.111716,0.0393827,0.00958435,0.137897,0.131566,0.131997,0.147274,Launch NAV Rs 10 assumed (pre-2006 NAV not in AMFI history),0.00920047,0.0123713,0.0119079,0.139824,-0.175311,-0.175311,0.521346,0.710741,0.639344,78.3,91.3,64.3,33,,2026-10-07
147184,INF00XX01135,ITI Multi Cap Fund,ITI Mutual Fund,Equity,Multi Cap,Equity Scheme - Multi Cap Fund,Regular,Growth,2019-04-25,AMFI scheme master,7.45,25.8908,2026-10-06,26.6375,2026-08-31,21.3268,2026-03-23,-0.0280319,1542.8,Kuvera (latest month),1503.2,Jul-Sep 2026,1437.06,0.0229,Dhimant Shah; Alok Ranjan,Very High Risk,0.00530789,0.171885,0.102938,0.028271,0.147972,0.119658,,0.137087,NAV history,0.0727554,0.0224466,0,0.163333,-0.236401,-0.23951,0.507994,0.668863,0.508197,65.2,17.4,53.6,33,,2026-10-07
107353,INF205K01DN2,Invesco India Multi Cap Fund,Invesco Mutual Fund,Equity,Multi Cap,Equity Schemes - Multi Cap Fund,Regular,Growth,2008-01-07,AMFI scheme master,18.75,127.9,2026-10-06,134.38,2026-08-27,107.67,2026-03-31,-0.0482215,4529,Kuvera (latest month),4430.66,Jul-Sep 2026,4046.99,0.0208,Taher Badshah; Manish Poddar,Very High Risk,-0.0250781,0.139827,-0.0122789,-0.0282696,0.108223,0.101239,0.122618,0.150247,NAV history,-0.0424612,-0.0173026,-0.0184185,0.159569,-0.239941,-0.239941,0.270873,0.365762,0.229508,21.7,13,14.3,33,,2026-10-07
149182,INF174KA1HS9,Kotak Multi Cap Fund,Kotak Mahindra Mutual Fund,Equity,Multi Cap,Equity Schemes - Multi Cap Fund,Regular,Growth,2021-09-08,AMFI scheme master,5.08,19.758,2026-10-06,20.505,2026-08-07,17.471,2026-03-31,-0.0364301,30529.1,Kuvera (latest month),29878,Jul-Sep 2026,24052,0.017969,Abhishek Bisen; Devender Singhal,Very High Risk,-0.0265556,0.0912405,0.00770133,0.00729124,0.147129,0.145699,,0.14572,NAV history,-0.0224809,0.0216033,0.026041,0.160304,-0.214222,-0.214222,0.51233,0.684826,0.816327,69.6,26.1,89.3,33,,2026-10-07
150661,INF767K01RH3,LIC MF Multi Cap Fund,LIC Mutual Fund,Equity,Multi Cap,Equity Scheme - Multi Cap Fund,Regular,Growth,2022-10-06,AMFI scheme master,4,18.0577,2026-10-06,18.9284,2026-08-31,15.0066,2026-03-31,-0.0459997,2253.9,Kuvera (latest month),2173.42,Jul-Sep 2026,2018.66,0.0214,Dikshit Mittal; Mahesh Bendre; Nikhil Kapoor,Very High Risk,-0.0145544,0.163309,0.0495551,0.0253992,0.155049,,,0.161836,NAV history,0.0193728,0.0295238,,0.156126,-0.19835,,0.576774,0.776702,0.694444,87,56.5,71.4,33,,2026-10-07
141224,INF174V01317,Mahindra Manulife Multi Cap Fund,Mahindra Manulife Mutual Fund,Equity,Multi Cap,Equity Schemes - Multi Cap Fund,Regular,Growth,2017-04-20,AMFI scheme master,9.46,38.2822,2026-10-06,40.5428,2026-08-28,32.1271,2026-03-23,-0.0557584,7662.3,Kuvera (latest month),7382.76,Jul-Sep 2026,6164,0.0216,Fatema Pacha; Vishal Jajoo,Very High Risk,-4.44051e-05,0.151947,0.0863003,0.033152,0.150961,0.132692,,0.15367,NAV history,0.056118,0.0254351,0.0130343,0.167393,-0.206437,-0.212488,0.513525,0.672315,0.672131,73.9,34.8,67.9,33,,2026-10-07
151812,INF769K01KH4,Mirae Asset Multicap Fund,Mirae Asset Mutual Fund,Equity,Multi Cap,Equity Schemes - Multi Cap Fund,Regular,Growth,2023-07-28,AMFI scheme master,3.2,14.243,2026-10-06,15.047,2026-08-28,12.649,2026-03-31,-0.0534326,5619.1,Kuvera (latest month),5501.71,Jul-Sep 2026,4985.27,0.0224,Ankit Jain,Very High Risk,-0.0346347,0.0890809,-0.0140523,0.00470192,0.111295,,,0.118054,NAV history,-0.0442346,-0.0142307,,0.145373,-0.186674,,0.318455,0.423409,0.481481,34.8,82.6,46.4,33,,2026-10-07
101161,INF204K01489,Nippon India Multi Cap Fund,Nippon India Mutual Fund,Equity,Multi Cap,Equity Schemes - Multi Cap Fund,Regular,Growth,2005-02-14,AMFI scheme master,21.64,289.576,2026-10-06,308.51,2026-08-05,265.431,2026-03-31,-0.0613708,56297.6,Kuvera (latest month),55565.9,Jul-Sep 2026,42975.9,0.0162,Sailesh Raj Bhan; Kinjal Desai; Amber Singhania; Yatin Matta,Very High Risk,-0.0507948,0.0544979,-0.040448,-0.0149884,0.113767,0.146689,0.14312,0.168286,Launch NAV Rs 10 assumed (pre-2006 NAV not in AMFI history),-0.0706302,-0.0117587,0.0270316,0.144754,-0.188611,-0.188611,0.336894,0.448242,0.852459,39.1,69.6,92.9,33,,2026-10-07
152816,INF663L01Y87,PGIM India Multi Cap Fund,PGIM India Mutual Fund,Equity,Multi Cap,Equity Scheme - Multi Cap Fund,Regular,Growth,2024-08-22,AMFI scheme master,2.12,10.4,2026-10-06,10.83,2026-08-25,8.77,2026-03-30,-0.0397045,467.8,Kuvera (latest month),456.82,Jul-Sep 2026,430.94,0.0253,Puneet Pal; Anandha Padmanabhan Anjeneyan; Utsav Mehta; Vivek Sharma,Very High Risk,0.000962464,0.154273,0.0462777,0.0291079,,,,0.0152748,NAV history,0.0160954,,,,,,,,0.857143,,,96.4,33,,2026-10-07
100631,INF966L01234,Quant Multi Cap Fund,quant Mutual Fund,Equity,Multi Cap,Equity Scheme - Multi Cap Fund,Regular,Growth,2001-02-19,AMFI scheme master,25.63,652.34,2026-10-06,668.582,2026-08-10,536.261,2026-03-31,-0.0242944,7724.5,Kuvera (latest month),7721.23,Jul-Sep 2026,3885.26,0.0211,Jignesh Shah; Sanjeev Sharma; Ankit A. Pande; Sandeep Tandon; Varun Pattani; Sameer Kate; Ayusha Kumbhat; Yug Tibrewal,Very High Risk,-0.0203724,0.165965,0.0477099,-0.03033,0.0882247,0.0987984,0.163731,0.177078,Launch NAV Rs 10 assumed (pre-2006 NAV not in AMFI history),0.0175277,-0.0373008,-0.0208594,0.170411,-0.266649,-0.266649,0.136287,0.179361,0.42623,13,8.7,39.3,33,,2026-10-07
149886,INF200KA15E8,SBI MultiCap Fund,SBI Mutual Fund,Equity,Multi Cap,Equity Scheme - Multi Cap Fund,Regular,Growth,2022-02-14,AMFI scheme master,4.64,16.8002,2026-10-06,17.5961,2026-08-26,14.8779,2026-03-31,-0.0452316,24524.7,Kuvera (latest month),24131.7,Jul-Sep 2026,21875.2,0.0183,Ruchit Mehta,Very High Risk,-0.0190523,0.0940479,-0.0202537,-0.00153217,0.115855,,,0.116091,NAV history,-0.0504359,-0.00967029,,0.129935,-0.15595,,0.391389,0.525528,0.295455,47.8,100,25,33,,2026-10-07
152848,INF0K1H01206,Samco Multi Cap Fund,Samco Mutual Fund,Equity,Multi Cap,Equity Schemes - Multi Cap Fund,Regular,Growth,2024-10-10,AMFI scheme master,1.99,8.93,2026-10-06,9.3,2025-10-27,7.92,2026-03-23,-0.0397849,230.1,Kuvera (latest month),229.36,Jul-Sep 2026,220.28,0.0374,Nirali Bhansali; Dhawal Dhanani; Umeshkumar Mehta; Vishal Shinde,Moderate Risk,0.0347625,0.117647,-0.0251092,,,,,-0.0603616,NAV history,-0.0552914,,,,,,,,0,,,3.6,33,,2026-10-07
149667,INF173K01940,Sundaram Multi Cap Fund (Formerly Known as Principal Multi Cap Growth Fund),Sundaram Mutual Fund,Equity,Multi Cap,Equity Scheme - Multi Cap Fund,Regular,Growth,2000-10-03,AMFI scheme master,26.01,376.237,2026-10-06,402.154,2026-08-26,333.907,2026-03-31,-0.0644455,3069.6,Kuvera (latest month),3002.84,Jul-Sep 2026,2557.59,0.0228,Rohit Seksaria; Shalav Saket,Very High Risk,-0.0251127,0.0953492,-0.0246482,-0.011131,0.106331,,,0.094381,NAV history,-0.0548304,-0.019194,,0.142987,-0.189139,,0.289058,0.387075,0.217391,30.4,65.2,10.7,33,,2026-10-07
151235,INF277KA1703,TATA MULTICAP FUND,Tata Mutual Fund,Equity,Multi Cap,Equity Scheme - Multi Cap Fund,Regular,Growth,2023-01-16,AMFI scheme master,3.72,14.6808,2026-10-06,15.7585,2026-08-07,13.0057,2026-03-31,-0.0683885,3575.9,Kuvera (latest month),3532.12,Jul-Sep 2026,3244.86,0.0217,Murthy Nagarajan; Meeta Shetty; Hasmukh Vishariya,Very High Risk,-0.0564614,0.0890397,0.0251239,-0.0114384,0.0761019,,,0.109042,NAV history,-0.0050583,-0.0494236,,0.153544,-0.228559,,0.0723045,0.0951576,0.272727,4.3,21.7,21.4,33,,2026-10-07
153645,INF0GCD01842,TRUSTMF MULTI CAP FUND,Trust Mutual Fund,Equity,Multi Cap,Equity Scheme - Multi Cap Fund,Regular,Growth,2025-06-30,AMFI scheme master,1.27,11.63,2026-10-06,12.09,2026-08-31,9.28,2026-03-23,-0.038048,756.77,AMFI AAUM Jul-Sep 2026,756.77,Jul-Sep 2026,683.72,0.034,,,0.0166084,0.220357,0.135742,,,,,0.133249,NAV history,0.10556,,,,,,,,,,,,33,,2026-10-07
154664,INF2F0001685,The Wealth Company Multi Cap Fund,The Wealth Company Mutual Fund,Equity,Multi Cap,Equity Schemes - Multi Cap Fund,Regular,Growth,2026-08-27,AMFI scheme master,0.11,9.7804,2026-10-06,10.0005,2026-09-21,9.6721,2026-10-01,-0.0220089,20.88,AMFI AAUM Jul-Sep 2026,20.88,Jul-Sep 2026,19.87,0.0687,,,,,,,,,,-0.0220089,"NAV history (absolute, <1Y)",,,,,,,,,,,,,33,,2026-10-07
153516,INF789F1AB71,UTI Multi Cap Fund,UTI Mutual Fund,Equity,Multi Cap,Equity Schemes - Multi Cap Fund,Regular,Growth,2025-04-29,AMFI scheme master,1.44,10.3598,2026-10-06,10.8016,2026-08-27,9.1648,2026-03-31,-0.0409013,2131.64,AMFI AAUM Jul-Sep 2026,2131.64,Jul-Sep 2026,2036.38,0.0225,,,-0.0061684,0.095707,7.72275e-05,,,,,0.0285278,NAV history,-0.030105,,,,,,,,,,,,33,,2026-10-07
150855,INF582M01IS8,Union Multicap Fund,Union Mutual Fund,Equity,Multi Cap,Equity Scheme - Multi Cap Fund,Regular,Growth,2022-11-28,AMFI scheme master,3.86,17.03,2026-10-06,17.93,2026-08-31,14.35,2026-03-23,-0.0501952,1561.6,Kuvera (latest month),1503.34,Jul-Sep 2026,1354.14,0.0254,Harshad Patwardhan; Sanjay Bembalkar,Very High Risk,-0.00699708,0.153013,0.062383,0.0268832,0.129128,,,0.160008,NAV history,0.0322008,0.00360286,,0.151766,-0.202743,,0.422548,0.557141,0.485714,60.9,52.2,50,33,,2026-10-07
152072,INF03VN01795,WhiteOak Capital Multi Cap Fund,WhiteOak Capital Mutual Fund,Equity,Multi Cap,Equity Schemes - Multi Cap Fund,Regular,Growth,2023-08-31,AMFI scheme master,3.1,15.687,2026-10-06,16.489,2026-08-31,13.394,2026-03-23,-0.0486385,4384.7,Kuvera (latest month),4222,Jul-Sep 2026,3712.89,0.0221,Piyush Baranwal; Ramesh Mantri; Trupti Agrawal; Dheeresh Pathak; Ashish Agrawal,Very High Risk,-0.0186425,0.128805,0.0352405,0.0402695,0.158542,,,0.159509,NAV history,0.0050583,0.0330161,,0.145419,-0.172145,,0.643257,0.862179,1,95.7,95.7,100,33,,2026-10-07
149317,INF579M01AF8,360 ONE QUANT FUND,360 ONE Mutual Fund,Equity,Sectoral/Thematic,Equity Schemes - Thematic Fund,Regular,Growth,2021-11-08,AMFI scheme master,4.91,17.998,2026-10-06,20.1308,2026-01-07,17.002,2026-03-31,-0.105947,845.6,Kuvera (latest month),842.02,Jul-Sep 2026,569.36,0.0249,Viral Mehta; Pranav Mise,Very High Risk,-0.0346492,0.0399501,-0.0766942,-0.0439649,0.123877,,,0.135409,NAV history,-0.0838617,0.00163996,,0.171855,-0.228303,,0.342597,0.45159,0.666667,47.8,42.8,68.5,252,,2026-10-07
125595,INF209K011W7,Aditya Birla Sun Life Banking and Financial Services Fund,Aditya Birla Sun Life Mutual Fund,Equity,Sectoral/Thematic,Equity Scheme - Sectoral/ Thematic,Regular,Growth,2013-11-25,AMFI scheme master,12.87,59.94,2026-10-06,65.47,2026-02-18,54.65,2026-03-31,-0.0844662,3667.9,Kuvera (latest month),3628.95,Jul-Sep 2026,3061.32,0.0201,Dhaval Gala,Very High Risk,-0.0715613,0.048452,-0.0185034,0.0247464,0.0760368,0.0876476,0.104924,0.151255,NAV history,-0.0256708,-0.0462003,-0.018748,0.160534,-0.165267,-0.227436,0.0687507,0.0935548,0.459016,26.1,85.5,44.8,252,,2026-10-07
149296,INF209KB12D6,Aditya Birla Sun Life Business Cycle Fund,Aditya Birla Sun Life Mutual Fund,Equity,Sectoral/Thematic,Equity Scheme - Sectoral/ Thematic,Regular,Growth,2021-11-15,AMFI scheme master,4.89,15.61,2026-10-06,16.67,2026-08-28,13.62,2026-03-30,-0.0635873,1843.5,Kuvera (latest month),1790.62,Jul-Sep 2026,1709.59,0.0252,Harish Krishnan; Pavas Pethia,Very High Risk,-0.00699746,0.112616,0.0399734,0.0019274,0.10851,,,0.0948418,NAV history,0.0328059,-0.0137275,,0.137419,-0.181363,,0.316619,0.430411,0.276596,44.9,71.7,19,252,,2026-10-07
153127,INF209KC1399,Aditya Birla Sun Life Conglomerate Fund,Aditya Birla Sun Life Mutual Fund,Equity,Sectoral/Thematic,Equity Scheme - Sectoral/ Thematic,Regular,Growth,2024-12-05,AMFI scheme master,1.84,10.29,2026-10-06,11.26,2026-08-05,9.2,2026-03-30,-0.0861456,1610.3,Kuvera (latest month),1618.73,Jul-Sep 2026,1483.54,0.023,Harish Krishnan; Kunal Sangoi,Very High Risk,-0.0662432,0.0808824,-0.0292453,,,,,0.015171,NAV history,-0.0364128,,,,,,,,,,,,252,,2026-10-07
103111,INF209K01447,Aditya Birla Sun Life Consumption Fund,Aditya Birla Sun Life Mutual Fund,Equity,Sectoral/Thematic,Equity Scheme - Sectoral/ Thematic,Regular,Growth,2005-06-14,AMFI scheme master,21.31,198.64,2026-10-06,223.97,2025-10-27,184.12,2026-03-31,-0.113096,6085.4,Kuvera (latest month),6044.4,Jul-Sep 2026,5205.01,0.0195,Chanchal Khandelwal,Very High Risk,-0.0466043,0.0453086,-0.0950342,-0.0620472,0.0681574,0.0763326,0.117128,0.15056,Launch NAV Rs 10 assumed (pre-2006 NAV not in AMFI history),-0.102202,-0.0540797,-0.030063,0.126302,-0.220359,-0.220359,0.0249988,0.0343529,0.42623,18.8,49.3,39.7,252,,2026-10-07
103168,INF209K01140,Aditya Birla Sun Life Digital India Fund,Aditya Birla Sun Life Mutual Fund,Equity,Sectoral/Thematic,Equity Scheme - Sectoral/ Thematic,Regular,Growth,1999-12-15,AMFI scheme master,26.81,151.3,2026-10-06,182.53,2025-12-22,135.22,2026-03-30,-0.171095,4108.5,Kuvera (latest month),3907.94,Jul-Sep 2026,2550.94,0.0205,Kunal Sangoi,Very High Risk,0.058116,0.0652679,-0.0928169,-0.0951424,0.0240705,0.0225453,0.159249,0.106647,Launch NAV Rs 10 assumed (pre-2006 NAV not in AMFI history),-0.0999844,-0.0981665,-0.0838503,0.175037,-0.315758,-0.315758,-0.233834,-0.332139,0.262295,3.6,5.8,17.4,252,,2026-10-07
148635,INF209KB1U43,Aditya Birla Sun Life ESG Integration Strategy Fund,Aditya Birla Sun Life Mutual Fund,Equity,Sectoral/Thematic,Equity Scheme - Sectoral/ Thematic,Regular,Growth,2020-12-04,AMFI scheme master,5.84,17.22,2026-10-06,18.79,2026-01-07,15.91,2026-03-30,-0.0835551,579.6,Kuvera (latest month),572.2,Jul-Sep 2026,531.28,0.0244,Jonas Bhutta,Very High Risk,-0.0374511,0.0398551,-0.034212,-0.0323335,0.0880126,0.051757,,0.0986042,NAV history,-0.0413795,-0.0342245,-0.0546386,0.134208,-0.182586,-0.270687,0.171469,0.236979,0.288136,32.6,70.3,20.1,252,,2026-10-07
103476,INF209K01504,Aditya Birla Sun Life Infrastructure Fund,Aditya Birla Sun Life Mutual Fund,Equity,Sectoral/Thematic,Equity Scheme - Sectoral/ Thematic,Regular,Growth,2006-01-31,AMFI scheme master,20.68,107.32,2026-10-06,109.58,2026-08-18,86.4,2026-03-23,-0.0206242,1250.8,Kuvera (latest month),1237.18,Jul-Sep 2026,954.36,0.0233,Jonas Bhutta,Very High Risk,0.00102602,0.192842,0.126601,0.0407522,0.156342,0.162681,0.138821,0.12161,Launch NAV Rs 10 assumed (pre-2006 NAV not in AMFI history),0.119433,0.0341047,0.0562856,0.172284,-0.246603,-0.246603,0.530183,0.697397,0.704918,68.1,27.5,75.8,252,,2026-10-07
106873,INF209K01520,Aditya Birla Sun Life International Equity Fund,Aditya Birla Sun Life Mutual Fund,Equity,Sectoral/Thematic,Equity Scheme - Sectoral/ Thematic,Regular,Growth,2007-09-17,AMFI scheme master,19.06,53.9266,2026-10-06,54.1753,2026-08-17,43.8077,2025-11-20,-0.00459065,328.3,Kuvera (latest month),332.57,Jul-Sep 2026,203.49,0.0255,Dhaval Joshi,Very High Risk,0.01854,0.159318,0.180827,0.229135,0.229721,0.125263,0.132441,0.0934805,NAV history,0.17366,0.107484,0.0188672,0.124837,-0.139339,-0.172042,1.31949,1.87765,0.377049,98.6,99.3,29.3,252,,2026-10-07
100064,INF209K01322,Aditya Birla Sun Life MNC Fund,Aditya Birla Sun Life Mutual Fund,Equity,Sectoral/Thematic,Equity Scheme - Sectoral/ Thematic,Regular,Growth,1998-11-16,AMFI scheme master,27.89,1231.54,2026-10-06,1388,2025-10-30,1143.34,2026-03-31,-0.112723,3292.9,Kuvera (latest month),3252.19,Jul-Sep 2026,2276.81,0.021,Chanchal Khandelwal,Very High Risk,-0.0583621,0.0484314,-0.103526,-0.0749565,0.0474758,0.0423827,0.0703566,0.188391,Launch NAV Rs 10 assumed (pre-2006 NAV not in AMFI history),-0.110694,-0.0747612,-0.0640129,0.125663,-0.226045,-0.226045,-0.139453,-0.183344,0.0327869,7.2,45.7,1.6,252,,2026-10-07
133513,INF209KA1YH6,Aditya Birla Sun Life Manufacturing Equity Fund,Aditya Birla Sun Life Mutual Fund,Equity,Sectoral/Thematic,Equity Scheme - Sectoral/ Thematic,Regular,Growth,2015-01-13,AMFI scheme master,11.73,39.1,2026-10-06,40.8,2026-08-31,30.94,2026-03-23,-0.0416667,1401.5,Kuvera (latest month),1334.79,Jul-Sep 2026,1202.57,0.023,Dhaval Joshi,Very High Risk,0.0443376,0.232661,0.199755,0.0726961,0.197664,0.138293,0.1251,0.123925,NAV history,0.192587,0.0754265,0.0318978,0.159506,-0.233295,-0.233295,0.831714,1.11746,0.442623,89.1,39.9,42.9,252,,2026-10-07
147846,INF209KB1O66,Aditya Birla Sun Life PSU Equity Fund,Aditya Birla Sun Life Mutual Fund,Equity,Sectoral/Thematic,Equity Scheme - Sectoral/ Thematic,Regular,Growth,2019-12-09,AMFI scheme master,6.83,34.49,2026-10-06,38.08,2026-02-26,32.97,2026-03-30,-0.0942752,6072.5,Kuvera (latest month),6010.76,Jul-Sep 2026,1943.91,0.0188,Dhaval Gala,Very High Risk,-0.0445983,0.0132197,0.031708,-0.0106985,0.16452,0.194043,,0.200026,NAV history,0.0245406,0.0422827,0.087647,0.212318,-0.273768,-0.273768,0.468729,0.600454,0.819672,63.8,12.3,88,252,,2026-10-07
147407,INF209KB1N91,Aditya Birla Sun Life Pharma and Healthcare Fund,Aditya Birla Sun Life Mutual Fund,Equity,Sectoral/Thematic,Equity Scheme - Sectoral/ Thematic,Regular,Growth,2019-06-20,AMFI scheme master,7.3,35.43,2026-10-06,37,2026-08-31,29.27,2026-01-29,-0.0424324,1102.7,Kuvera (latest month),1075.95,Jul-Sep 2026,845.25,0.0229,Dhaval Shah,Very High Risk,-0.000282167,0.186935,0.146231,0.0505895,0.188959,0.125013,,0.190125,NAV history,0.139064,0.0667219,0.0186174,0.128176,-0.163409,-0.203117,0.967098,1.37157,0.540984,93.5,87,55.4,252,,2026-10-07
152686,INF209KC1092,Aditya Birla Sun Life Quant Fund,Aditya Birla Sun Life Mutual Fund,Equity,Sectoral/Thematic,Equity Scheme - Sectoral/ Thematic,Regular,Growth,2024-06-10,AMFI scheme master,2.32,9.69,2026-10-06,10.48,2026-08-07,8.9,2026-03-23,-0.0753817,2035.3,Kuvera (latest month),2000.25,Jul-Sep 2026,1698.29,0.0256,Harish Krishnan; Kartikeya Singh,Very High Risk,-0.0481336,0.0601751,0.0135983,-0.0328763,,,,-0.014247,NAV history,0.00643086,,,,,,,,0.6875,,,71.2,252,,2026-10-07
148537,INF209KB1T46,Aditya Birla Sun Life Special Opportunities Fund,Aditya Birla Sun Life Mutual Fund,Equity,Sectoral/Thematic,Equity Scheme - Sectoral/ Thematic,Regular,Growth,2020-10-05,AMFI scheme master,6,28.22,2026-10-06,29.14,2026-08-12,23.37,2026-03-31,-0.0315717,1279.4,Kuvera (latest month),1272.85,Jul-Sep 2026,1164.06,0.0227,Dhaval Gala,Very High Risk,0,0.170469,0.115856,0.0688827,0.174455,0.12357,,0.189795,NAV history,0.108689,0.0522177,0.0171745,0.141647,-0.181534,-0.212267,0.772729,1.06405,0.606557,83.3,71,63,252,,2026-10-07
152161,INF209KB17X3,Aditya Birla Sun Life Transportation and Logistics Fund,Aditya Birla Sun Life Mutual Fund,Equity,Sectoral/Thematic,Equity Scheme - Sectoral/ Thematic,Regular,Growth,2023-10-27,AMFI scheme master,2.95,16.53,2026-10-06,17.85,2026-08-20,12.99,2026-03-30,-0.0739496,1807.6,Kuvera (latest month),1714.52,Jul-Sep 2026,1587.95,0.0221,Dhaval Shah,Very High Risk,0.033125,0.23635,0.0961538,0.0407805,,,,0.190216,NAV history,0.0889864,,,,,,,,0.708333,,,77.4,252,,2026-10-07
151366,INF846K019N8,Axis Business Cycles Fund,Axis Mutual Fund,Equity,Sectoral/Thematic,Equity Schemes - Thematic Fund,Regular,Growth,2023-02-02,AMFI scheme master,3.68,16.7,2026-10-06,17.6,2026-08-25,14.49,2026-03-30,-0.0511364,2168.3,Kuvera (latest month),2127.2,Jul-Sep 2026,2021.9,0.0236,Ashish Naik,Very High Risk,-0.0124187,0.115564,0.00906344,0.00240385,0.115227,,,0.152196,NAV history,0.00189597,-0.00700993,,0.148572,-0.196408,,0.338065,0.451503,0.424242,46.4,63.8,37.5,252,,2026-10-07
152804,INF846K010X6,Axis Consumption Fund,Axis Mutual Fund,Equity,Sectoral/Thematic,Equity Schemes - Thematic Fund,Regular,Growth,2024-08-23,AMFI scheme master,2.12,8.77,2026-10-06,9.97,2025-10-17,8.09,2026-03-23,-0.120361,2615.7,Kuvera (latest month),2652.69,Jul-Sep 2026,2477.12,0.0216,Hitesh Das; Jayesh Sundar; Krishnaa N,Very High Risk,-0.0590129,0.0528211,-0.0958763,-0.0625793,,,,-0.0652676,NAV history,-0.103044,,,,,,,,0.0714286,,,3.3,252,,2026-10-07
147929,INF846K01W56,Axis ESG Integration Strategy Fund,Axis Mutual Fund,Equity,Sectoral/Thematic,Equity Scheme - Sectoral/ Thematic,Regular,Growth,2020-01-22,AMFI scheme master,6.71,20.23,2026-10-06,22.18,2026-01-02,18.92,2026-03-30,-0.087917,1073.1,Kuvera (latest month),1062.72,Jul-Sep 2026,964.43,0.0273,Krishnaa N; Vishal Agarwal,Very High Risk,-0.0398671,0.044938,-0.0502347,-0.0496711,0.071814,0.041225,,0.110437,NAV history,-0.0574022,-0.050423,-0.0651705,0.120127,-0.187285,-0.250865,0.0567236,0.0780251,0.0983607,23.9,68.1,5.4,252,,2026-10-07
152205,INF846K013S0,Axis India Manufacturing Fund,Axis Mutual Fund,Equity,Sectoral/Thematic,Equity Schemes - Thematic Fund,Regular,Growth,2023-12-01,AMFI scheme master,2.85,15.86,2026-10-06,16.56,2026-08-31,13.11,2026-03-23,-0.0422705,5795.5,Kuvera (latest month),5568.54,Jul-Sep 2026,4928.73,0.0207,Nitin Arora,Very High Risk,0.035248,0.187126,0.120848,0.0483793,,,,0.175249,NAV history,0.113681,,,,,,,,0.73913,,,80.4,252,,2026-10-07
148631,INF846K01Y05,Axis Innovation Fund,Axis Mutual Fund,Equity,Sectoral/Thematic,Equity Schemes - Thematic Fund,Regular,Growth,2020-12-04,AMFI scheme master,5.84,21.68,2026-10-06,22.18,2026-09-22,16.63,2026-03-30,-0.0225428,1362.5,Kuvera (latest month),1307,Jul-Sep 2026,1138.53,0.0228,Ashish Naik; Krishnaa N,Very High Risk,0.093293,0.261932,0.139254,0.0707396,0.174247,0.10466,,0.143084,NAV history,0.132086,0.0520102,-0.00173522,0.134784,-0.198458,-0.243205,0.810537,1.12156,0.423729,87,63,37,252,,2026-10-07
153085,INF846K010Z1,Axis Momentum Fund,Axis Mutual Fund,Equity,Sectoral/Thematic,Equity Schemes - Thematic Fund,Regular,Growth,2024-11-22,AMFI scheme master,1.87,8.69,2026-10-06,9.5,2025-11-17,7.95,2026-03-23,-0.0852632,919.1,Kuvera (latest month),921.57,Jul-Sep 2026,861.11,0.0364,Nandik Mallik,Very High Risk,-0.0136209,0.0369928,-0.0418964,,,,,-0.0704309,NAV history,-0.0490638,,,,,,,,,,,,252,,2026-10-07
148992,INF846K011A2,Axis Quant Fund,Axis Mutual Fund,Equity,Sectoral/Thematic,Equity Schemes - Thematic Fund,Regular,Growth,2021-06-11,AMFI scheme master,5.32,15.03,2026-10-06,16.71,2026-08-03,13.97,2026-03-30,-0.100539,827.2,Kuvera (latest month),829.4,Jul-Sep 2026,673.7,0.0411,Nandik Mallik; Krishnaa N,Very High Risk,-0.0767813,0.045929,-0.0390026,-0.0660216,0.0633665,0.0655856,,0.0786809,NAV history,-0.04617,-0.0588705,-0.04081,0.146013,-0.234734,-0.234734,-0.0111871,-0.0149358,0.173077,14.5,38.4,11.4,252,,2026-10-07
153621,INF846KA1135,Axis Services Opportunities Fund,Axis Mutual Fund,Equity,Sectoral/Thematic,Equity Schemes - Thematic Fund,Regular,Growth,2025-07-04,AMFI scheme master,1.26,9.23,2026-10-06,10.28,2025-10-16,8.34,2026-03-30,-0.10214,1522.08,AMFI AAUM Jul-Sep 2026,1522.08,Jul-Sep 2026,1461.38,0.0223,,,-0.0751503,0.0695249,-0.0779221,,,,,-0.0621902,NAV history,-0.0850895,,,,,,,,,,,,252,,2026-10-07
151818,INF194KB1GE6,BANDHAN FINANCIAL SERVICES FUND,Bandhan Mutual Fund,Equity,Sectoral/Thematic,Equity Schemes - Sectoral Fund,Regular,Growth,2023-07-10,AMFI scheme master,3.24,14.382,2026-10-06,15.571,2026-01-06,12.83,2026-03-30,-0.0763599,1122.3,Kuvera (latest month),1109.49,Jul-Sep 2026,1046.95,0.0248,Harshal Joshi; Ritu Modi; Ritika Behera; Gaurav Satra; Harshvardhan Agarwal,Very High Risk,-0.0584615,0.0753701,-0.0275205,0.0157299,0.120687,,,0.120366,NAV history,-0.0346879,-0.00154973,,0.155465,-0.176032,,0.358198,0.494203,0.464286,49.3,73.9,45.7,252,,2026-10-07
152606,INF194KB1IB8,BANDHAN INNOVATION FUND,Bandhan Mutual Fund,Equity,Sectoral/Thematic,Equity Schemes - Thematic Fund,Regular,Growth,2024-04-10,AMFI scheme master,2.49,15.431,2026-10-06,15.781,2026-09-23,11.651,2026-03-31,-0.0221786,2957.3,Kuvera (latest month),2806.68,Jul-Sep 2026,2528.02,0.0225,Manish Gunwani; Brijesh Shah; Prateek Poddar; Ritika Behera; Gaurav Satra,Very High Risk,0.0575697,0.282603,0.164955,0.107929,,,,0.192439,NAV history,0.157788,,,,,,,,1,,,99.5,252,,2026-10-07
114476,INF194K01BY9,BANDHAN Infrastructure Fund,Bandhan Mutual Fund,Equity,Sectoral/Thematic,Equity Schemes - Sectoral Fund,Regular,Growth,2011-02-07,AMFI scheme master,15.66,47.721,2026-10-06,51.135,2026-06-22,41.435,2026-03-31,-0.0667644,1433,Kuvera (latest month),1474.3,Jul-Sep 2026,1143.05,0.0225,Vishal Biraia; Ritika Behera; Gaurav Satra,Very High Risk,-0.0562071,0.0996382,-0.0419778,-0.0644889,0.133081,0.148703,0.141803,0.105448,NAV history,-0.0491453,0.0108438,0.0423076,0.193469,-0.29309,-0.29309,0.351895,0.462797,0.557377,48.6,9.4,57.1,252,,2026-10-07
150717,INF194KB1EE1,BANDHAN TRANSPORTATION AND LOGISTICS FUND,Bandhan Mutual Fund,Equity,Sectoral/Thematic,Equity Schemes - Sectoral Fund,Regular,Growth,2022-10-04,AMFI scheme master,4.01,19.368,2026-10-06,21.275,2026-08-20,16.91,2026-03-31,-0.0896357,771.2,Kuvera (latest month),742.2,Jul-Sep 2026,687.23,0.0253,Harshal Joshi; Daylynn Pinto; Ritika Behera; Gaurav Satra,Very High Risk,-0.0280524,0.114962,-0.00247219,0.0215078,0.159013,,,0.182066,NAV history,-0.00963966,0.0367755,,0.160878,-0.255497,,0.584371,0.812457,0.756757,76.1,21,83.2,252,,2026-10-07
112359,INF761K01199,BANK OF INDIA MANUFACTURING & INFRASTRUCTURE FUND,Bank of India Mutual Fund,Equity,Sectoral/Thematic,Equity Scheme - Sectoral/ Thematic,Regular,Growth,2010-01-20,AMFI scheme master,16.71,66.55,2026-10-06,67.66,2026-08-18,54.68,2026-03-23,-0.0164056,948.6,Kuvera (latest month),922.26,Jul-Sep 2026,712.16,0.0254,Nitin Gosar,Very High Risk,-0.00359335,0.172687,0.158399,0.0664954,0.200756,0.190836,0.176758,0.119345,NAV history,0.151231,0.0785193,0.0844403,0.17335,-0.246891,-0.246891,0.783134,1.04039,0.836066,84.8,26.8,90.2,252,,2026-10-07
153935,INF0QA701BW3,Bajaj Finserv Banking and Financial Services Fund,Bajaj Finserv Mutual Fund,Equity,Sectoral/Thematic,Equity Scheme - Sectoral/ Thematic,Regular,Growth,2025-11-10,AMFI scheme master,0.91,9.382,2026-10-06,10.262,2026-02-18,8.648,2026-03-30,-0.0857533,491.83,AMFI AAUM Jul-Sep 2026,491.83,Jul-Sep 2026,465.35,0.0281,,,-0.0757561,0.039672,,,,,,-0.0595429,"NAV history (absolute, <1Y)",,,,,,,,,,,,,252,,2026-10-07
153072,INF0QA701979,Bajaj Finserv Consumption Fund,Bajaj Finserv Mutual Fund,Equity,Sectoral/Thematic,Equity Scheme - Sectoral/ Thematic,Regular,Growth,2024-11-08,AMFI scheme master,1.91,8.927,2026-10-06,9.967,2025-10-29,7.874,2026-03-23,-0.104344,610.9,Kuvera (latest month),607.77,Jul-Sep 2026,561.95,0.0289,Siddharth Chaudhary; Sayan Sharma; Kishore Agarwal,Very High Risk,-0.0404171,0.0898547,-0.0834702,,,,,-0.0642949,NAV history,-0.0906377,,,,,,,,,,,,252,,2026-10-07
153155,INF0QA701987,Bajaj Finserv Healthcare Fund,Bajaj Finserv Mutual Fund,Equity,Sectoral/Thematic,Equity Scheme - Sectoral/ Thematic,Regular,Growth,2024-12-06,AMFI scheme master,1.83,11.432,2026-10-06,12.078,2026-09-08,8.965,2026-03-23,-0.0534857,405.9,Kuvera (latest month),388.57,Jul-Sep 2026,336.86,0.0259,Siddharth Chaudhary; Vinay Bafna; Bharat Hegde,Very High Risk,0.0349448,0.25516,0.181969,,,,,0.0739354,NAV history,0.174801,,,,,,,,,,,,252,,2026-10-07
152877,INF194KB1IP8,Bandhan Business Cycle Fund,Bandhan Mutual Fund,Equity,Sectoral/Thematic,Equity Schemes - Thematic Fund,Regular,Growth,2024-09-10,AMFI scheme master,2.07,9.457,2026-10-06,10.354,2025-10-29,8.483,2026-03-30,-0.0866332,1099.8,Kuvera (latest month),1128.08,Jul-Sep 2026,1045.33,0.0246,Harshal Joshi; Brijesh Shah; Vishal Biraia; Ritika Behera; Gaurav Satra,Very High Risk,-0.0452297,0.0683461,-0.0604074,-0.0262134,,,,-0.0280387,NAV history,-0.0675748,,,,,,,,0.307692,,,23.1,252,,2026-10-07
153974,INF194KB1KC2,Bandhan Healthcare Fund,Bandhan Mutual Fund,Equity,Sectoral/Thematic,Equity Schemes - Sectoral Fund,Regular,Growth,2025-11-10,AMFI scheme master,0.91,10.922,2026-10-06,11.434,2026-08-31,9.071,2026-01-29,-0.0447787,324.95,AMFI AAUM Jul-Sep 2026,324.95,Jul-Sep 2026,303.98,0.0278,,,0.00349136,0.194183,,,,,,0.0970269,"NAV history (absolute, <1Y)",,,,,,,,,,,,,252,,2026-10-07
153721,INF194KB1JU6,Bandhan Multi-Factor Fund,Bandhan Mutual Fund,Equity,Sectoral/Thematic,Equity Schemes - Thematic Fund,Regular,Growth,2025-07-10,AMFI scheme master,1.24,9.072,2026-10-06,10.801,2026-02-11,8.975,2026-10-01,-0.160078,655.77,AMFI AAUM Jul-Sep 2026,655.77,Jul-Sep 2026,621.26,0.0425,,,-0.0849304,-0.0552952,-0.0842838,,,,,-0.067512,NAV history,-0.0914513,,,,,,,,,,,,252,,2026-10-07
154095,INF761K01HH7,Bank of India Banking & Financial Services Fund,Bank of India Mutual Fund,Equity,Sectoral/Thematic,Equity Scheme - Sectoral/ Thematic,Regular,Growth,2026-01-08,AMFI scheme master,0.74,9.21,2026-10-06,10.27,2026-02-26,8.8,2026-03-30,-0.103213,270.77,AMFI AAUM Jul-Sep 2026,270.77,Jul-Sep 2026,248.53,0.0277,,,-0.0826693,0.00765864,,,,,,-0.0799201,"NAV history (absolute, <1Y)",,,,,,,,,,,,,252,,2026-10-07
152790,INF761K01GC0,Bank of India Business Cycle Fund,Bank of India Mutual Fund,Equity,Sectoral/Thematic,Equity Scheme - Sectoral/ Thematic,Regular,Growth,2024-08-09,AMFI scheme master,2.16,9.56,2026-10-06,9.85,2026-08-25,8.01,2026-03-30,-0.0294416,463.1,Kuvera (latest month),458.5,Jul-Sep 2026,400.32,0.0265,Alok Singh,Very High Risk,0.00737619,0.155985,0.0268528,-0.0197939,,,,-0.0222168,NAV history,0.0196854,,,,,,,,0.285714,,,19.6,252,,2026-10-07
153140,INF761K01GL1,Bank of India Consumption Fund,Bank of India Mutual Fund,Equity,Sectoral/Thematic,Equity Scheme - Sectoral/ Thematic,Regular,Growth,2024-11-29,AMFI scheme master,1.85,10.68,2026-10-06,11.45,2026-08-25,9.59,2026-03-30,-0.0672489,369.8,Kuvera (latest month),368.03,Jul-Sep 2026,345.09,0.0273,Nitin Gosar,Very High Risk,-0.0246575,0.084264,-0.0430108,,,,,0.0363811,NAV history,-0.0501782,,,,,,,,,,,,252,,2026-10-07
117549,INF955L01856,Baroda BNP Paribas Banking and Financial Services Fund,Baroda BNP Paribas Mutual Fund,Equity,Sectoral/Thematic,Equity Scheme - Sectoral/ Thematic,Regular,Growth,2012-06-01,AMFI scheme master,14.35,47.4255,2026-10-06,51.348,2026-02-18,42.8367,2026-03-31,-0.0763905,459.6,Kuvera (latest month),464.27,Jul-Sep 2026,450.17,0.0269,Silky Jain; Yash Mehta,Very High Risk,-0.0436479,0.0603469,-0.0108848,0.0368755,0.116351,0.0964303,0.104646,0.115083,NAV history,-0.0180523,-0.00588567,-0.00996526,0.165505,-0.165757,-0.221519,0.31027,0.423823,0.409836,44.2,84.1,35.9,252,,2026-10-07
153844,INF251K01VG2,Baroda BNP Paribas Business Conglomerates Fund,Baroda BNP Paribas Mutual Fund,Equity,Sectoral/Thematic,Equity Scheme - Sectoral/ Thematic,Regular,Growth,2025-09-02,AMFI scheme master,1.1,9.4019,2026-10-06,10.4837,2026-01-02,8.9069,2026-03-31,-0.103189,645.62,AMFI AAUM Jul-Sep 2026,645.62,Jul-Sep 2026,624.61,0.025,,,-0.054867,0.0260722,-0.0645993,,,,,-0.0593204,NAV history,-0.0717667,,,,,,,,,,,,252,,2026-10-07
149140,INF955L01KH7,Baroda BNP Paribas Business Cycle Fund,Baroda BNP Paribas Mutual Fund,Equity,Sectoral/Thematic,Equity Scheme - Sectoral/ Thematic,Regular,Growth,2021-08-24,AMFI scheme master,5.12,15.6282,2026-10-06,16.4431,2026-08-31,14.0954,2026-03-31,-0.0495588,573.5,Kuvera (latest month),561.39,Jul-Sep 2026,541.36,0.0252,Rohan Korde; Ankeet Pandya,Very High Risk,-0.0179405,0.0826152,0.0087721,-0.025509,0.107255,0.0951648,,0.0924082,NAV history,0.00160463,-0.0149819,-0.0112308,0.13712,-0.207944,-0.207944,0.308161,0.411436,0.24,42.8,56.5,16.3,252,,2026-10-07
154194,INF251K01VM0,Baroda BNP Paribas ESG Best-in-Class Strategy Fund,Baroda BNP Paribas Mutual Fund,Equity,Sectoral/Thematic,Equity Scheme - Sectoral/ Thematic,Regular,Growth,2026-02-12,AMFI scheme master,0.65,9.8467,2026-10-06,10.7475,2026-08-03,9.72,2026-10-01,-0.0838148,611.57,AMFI AAUM Jul-Sep 2026,611.57,Jul-Sep 2026,607.43,0.0269,,,-0.0531564,-0.0118121,,,,,,-0.0169815,"NAV history (absolute, <1Y)",,,,,,,,,,,,,252,,2026-10-07
153226,INF251K01UG4,Baroda BNP Paribas Energy Opportunities Fund,Baroda BNP Paribas Mutual Fund,Equity,Sectoral/Thematic,Equity Scheme - Sectoral/ Thematic,Regular,Growth,2025-01-21,AMFI scheme master,1.71,11.1795,2026-10-06,12.5126,2026-05-07,10.8541,2026-01-23,-0.106541,634.42,AMFI AAUM Jul-Sep 2026,634.42,Jul-Sep 2026,607.51,0.026,,,-0.0497339,-0.00248943,-0.0185414,,,,,0.0686615,NAV history,-0.0257089,,,,,,,,,,,,252,,2026-10-07
153602,INF251K01UY7,Baroda BNP Paribas Health and Wellness Fund,Baroda BNP Paribas Mutual Fund,Equity,Sectoral/Thematic,Equity Scheme - Sectoral/ Thematic,Regular,Growth,2025-06-09,AMFI scheme master,1.33,10.4333,2026-10-06,10.9082,2026-09-23,8.9599,2026-04-02,-0.0435361,510.75,AMFI AAUM Jul-Sep 2026,510.75,Jul-Sep 2026,499.51,0.027,,,-0.00558526,0.159926,0.0886392,,,,,0.0332783,NAV history,0.0814717,,,,,,,,,,,,252,,2026-10-07
150268,INF251K01PQ3,Baroda BNP Paribas India Consumption Fund,Baroda BNP Paribas Mutual Fund,Equity,Sectoral/Thematic,Equity Scheme - Sectoral/ Thematic,Regular,Growth,2018-08-17,AMFI scheme master,8.14,29.0771,2026-10-06,32.7472,2025-10-17,27.1074,2026-03-31,-0.112074,1453.6,Kuvera (latest month),1434.33,Jul-Sep 2026,1323.85,0.0237,Paresh Jain; Himanshu Singh,Very High Risk,-0.0468087,0.039987,-0.0932533,-0.0703258,0.0732241,,,0.107712,NAV history,-0.100421,-0.0490129,,0.129796,-0.231421,,0.063362,0.0878758,0.227273,25.4,41.3,14.7,252,,2026-10-07
152472,INF251K01TB7,Baroda BNP Paribas Innovation Fund,Baroda BNP Paribas Mutual Fund,Equity,Sectoral/Thematic,Equity Scheme - Sectoral/ Thematic,Regular,Growth,2024-02-14,AMFI scheme master,2.64,13.3204,2026-10-06,14.0068,2026-08-31,11.3343,2026-03-23,-0.0490048,917.8,Kuvera (latest month),898.13,Jul-Sep 2026,851.05,0.0251,Sanjay Chawla; Jitendra Sriram; Abhay Joshi,Very High Risk,0.00606491,0.141237,0.0801667,0.0198309,,,,0.116609,NAV history,0.0729993,,,,,,,,0.6,,,62.2,252,,2026-10-07
152696,INF251K01TM4,Baroda BNP Paribas Manufacturing Fund,Baroda BNP Paribas Mutual Fund,Equity,Sectoral/Thematic,Equity Scheme - Sectoral/ Thematic,Regular,Growth,2024-06-10,AMFI scheme master,2.32,10.6173,2026-10-06,11.465,2026-08-12,9.5099,2026-03-31,-0.0739381,850.3,Kuvera (latest month),837.23,Jul-Sep 2026,773.77,0.0244,Himanshu Singh; Kushant Arora,Very High Risk,-0.0220149,0.0977925,0.0842831,0.0243767,,,,0.024758,NAV history,0.0771156,,,,,,,,0.75,,,81.2,252,,2026-10-07
154486,INF251K01VV1,Baroda BNP Paribas Services Fund,Baroda BNP Paribas Mutual Fund,Equity,Sectoral/Thematic,Equity Schemes - Thematic Fund,Regular,Growth,2026-07-14,AMFI scheme master,0.23,9.3656,2026-10-06,10.0446,2026-08-25,9.2422,2026-10-01,-0.0675985,390.74,AMFI AAUM Jul-Sep 2026,390.74,Jul-Sep 2026,387.77,0.0358,,,,,,,,,,-0.0653374,"NAV history (absolute, <1Y)",,,,,,,,,,,,,252,,2026-10-07
154248,INF760K01LM1,Canara Robeco Banking and Financial Services Fund,Canara Robeco Mutual Fund,Equity,Sectoral/Thematic,Equity Schemes - Sectoral Fund,Regular,Growth,2026-02-27,AMFI scheme master,0.61,10.45,2026-10-06,11.18,2026-08-31,9.78,2026-03-30,-0.0652952,636.4,AMFI AAUM Jul-Sep 2026,636.4,Jul-Sep 2026,529.73,0.0264,,,-0.047402,0.0429142,,,,,,0.0566229,"NAV history (absolute, <1Y)",,,,,,,,,,,,,252,,2026-10-07
112152,INF760K01241,Canara Robeco Consumption Fund,Canara Robeco Mutual Fund,Equity,Sectoral/Thematic,Equity Schemes - Thematic Fund,Regular,Growth,2009-07-20,AMFI scheme master,17.22,103.19,2026-10-06,113.54,2025-10-29,92.5,2026-03-30,-0.0911573,1986.5,Kuvera (latest month),1971.31,Jul-Sep 2026,1684.88,0.0216,Shridatta Bhandwaldar; Ennette Fernandes,Very High Risk,-0.0415196,0.0751198,-0.0670825,-0.0499254,0.0839647,0.0932681,0.133549,0.146305,NAV history,-0.07425,-0.0382724,-0.0131275,0.141546,-0.227622,-0.227622,0.133982,0.183088,0.393443,29,44.2,32.6,252,,2026-10-07
103390,INF760K01274,Canara Robeco Infrastructure Fund,Canara Robeco Mutual Fund,Equity,Sectoral/Thematic,Equity Schemes - Thematic Fund,Regular,Growth,2005-10-11,AMFI scheme master,20.99,160.88,2026-10-06,174.46,2026-06-22,149.21,2026-01-23,-0.0778402,987.2,Kuvera (latest month),981.26,Jul-Sep 2026,703.94,0.0238,Vishal Mishra; Shobhit Tiwari,Very High Risk,-0.0564223,0.0286445,-0.00917657,-0.00992003,0.165602,0.174775,0.142382,0.12871,Since Apr-2006 (earlier NAV not in AMFI history),-0.016344,0.0433652,0.0683792,0.180225,-0.236814,-0.236814,0.558202,0.732231,0.836066,72.5,35.5,90.2,252,,2026-10-07
152447,INF760K01KU6,Canara Robeco Manufacturing Fund,Canara Robeco Mutual Fund,Equity,Sectoral/Thematic,Equity Schemes - Thematic Fund,Regular,Growth,2024-02-16,AMFI scheme master,2.64,13.79,2026-10-06,14.32,2026-08-18,11.28,2026-03-23,-0.0370112,1756.8,Kuvera (latest month),1715.41,Jul-Sep 2026,1257.67,0.0225,Pranav Gokhale; Shobhit Tiwari,Very High Risk,0.00436999,0.184708,0.0875394,0.0347232,,,,0.140018,NAV history,0.080372,,,,,,,,0.65,,,66.8,252,,2026-10-07
152208,INF740KA1TN0,DSP Banking & Financial Services Fund,DSP Mutual Fund,Equity,Sectoral/Thematic,Equity Schemes - Sectoral Fund,Regular,Growth,2023-11-20,AMFI scheme master,2.88,14.057,2026-10-06,15.333,2026-08-31,12.521,2026-03-30,-0.0832192,2183.6,Kuvera (latest month),2102.33,Jul-Sep 2026,1698.63,0.0217,Vinit Sambre; Preethi S,Very High Risk,-0.055563,0.0722349,0.0448194,0.0796243,,,,0.126358,NAV history,0.0376519,,,,,,,,0.956522,,,97.8,252,,2026-10-07
153122,INF740KA1US7,DSP Business Cycle Fund,DSP Mutual Fund,Equity,Sectoral/Thematic,Equity Schemes - Thematic Fund,Regular,Growth,2024-11-27,AMFI scheme master,1.86,9.857,2026-10-06,10.604,2026-08-03,9.266,2026-03-30,-0.0704451,1469.3,Kuvera (latest month),1422.9,Jul-Sep 2026,1279.1,0.0258,Anish Tawakley; Sandeep Yadav; Aparna Karnik,Very High Risk,-0.0670137,0.0364879,-0.022414,,,,,-0.00792015,NAV history,-0.0295814,,,,,,,,,,,,252,,2026-10-07
145456,INF740KA1LD8,DSP Healthcare Fund,DSP Mutual Fund,Equity,Sectoral/Thematic,Equity Schemes - Sectoral Fund,Regular,Growth,2018-11-12,AMFI scheme master,7.9,44.703,2026-10-06,46.148,2026-08-31,35.844,2026-03-23,-0.0313123,3835.2,Kuvera (latest month),3720.95,Jul-Sep 2026,2503.98,0.0205,Chirag Dagli,Very High Risk,0.0162775,0.241819,0.146172,0.0483716,0.196355,0.140939,,0.209611,NAV history,0.139005,0.0741175,0.034543,0.127971,-0.163597,-0.210292,1.02644,1.42952,0.540984,94.9,86.2,55.4,252,,2026-10-07
102434,INF740K01151,DSP India T.I.G.E.R. Fund,DSP Mutual Fund,Equity,Sectoral/Thematic,Equity Schemes - Thematic Fund,Regular,Growth,2004-04-27,AMFI scheme master,22.44,349.414,2026-10-06,367.476,2026-06-22,296.095,2026-03-23,-0.0491515,6467.3,Kuvera (latest month),6384.67,Jul-Sep 2026,5072.68,0.0202,Rohit Singhania,Very High Risk,-0.0401927,0.140061,0.112033,0.0139435,0.182549,0.194456,0.162727,0.171574,Launch NAV Rs 10 assumed (pre-2006 NAV not in AMFI history),0.104865,0.0603118,0.0880601,0.171366,-0.261424,-0.261424,0.685953,0.897614,0.836066,79.7,15.9,90.2,252,,2026-10-07
108202,INF740K01060,DSP Natural Resources And New Energy Fund,DSP Mutual Fund,Equity,Sectoral/Thematic,Equity Schemes - Thematic Fund,Regular,Growth,2008-03-03,AMFI scheme master,18.6,104.538,2026-10-06,112.663,2026-04-28,93.007,2025-10-14,-0.0721177,2574.3,Kuvera (latest month),2511.75,Jul-Sep 2026,1393.09,0.0211,Rohit Singhania,Very High Risk,-0.0156404,-0.00362188,0.108733,0.0368255,0.180855,0.140142,0.151444,0.13342,NAV history,0.101566,0.0586176,0.0337462,0.179514,-0.221416,-0.244887,0.64538,0.859436,0.672131,79,47.8,69.8,252,,2026-10-07
147303,INF740KA1NN3,DSP Quant Fund,DSP Mutual Fund,Equity,Sectoral/Thematic,Equity Schemes - Thematic Fund,Regular,Growth,2019-05-20,AMFI scheme master,7.38,20.224,2026-10-06,22.88,2026-01-02,19.378,2026-03-31,-0.116084,767.2,Kuvera (latest month),759.72,Jul-Sep 2026,422.24,0.0184,Aparna Karnik,Very High Risk,-0.0530505,0.0145989,-0.0638337,-0.0505324,0.0513508,0.0330186,,0.100679,NAV history,-0.0710012,-0.0708863,-0.073377,0.127714,-0.201536,-0.225857,-0.106874,-0.146382,0.0819672,8,60.9,4.3,252,,2026-10-07
152724,INF754K01SW8,Edelweiss Business Cycle Fund,Edelweiss Mutual Fund,Equity,Sectoral/Thematic,Equity Scheme - Sectoral/ Thematic,Regular,Growth,2024-07-09,AMFI scheme master,2.25,8.8755,2026-10-06,9.3297,2026-08-31,7.9498,2026-03-23,-0.0486832,1463.3,Kuvera (latest month),1432.31,Jul-Sep 2026,1362.83,0.0274,Bhavesh Jain; Bharat Lahoti; Amit Vora,Very High Risk,0.00645227,0.0812045,0.00219058,-0.0530212,,,,-0.0552938,NAV history,-0.00497689,,,,,,,,0.1875,,,13.6,252,,2026-10-07
153255,INF754K01UC6,Edelweiss Consumption Fund,Edelweiss Mutual Fund,Equity,Sectoral/Thematic,Equity Scheme - Sectoral/ Thematic,Regular,Growth,2025-01-31,AMFI scheme master,1.68,10.5128,2026-10-06,11.7182,2025-10-17,9.7139,2026-03-23,-0.102866,489.04,AMFI AAUM Jul-Sep 2026,489.04,Jul-Sep 2026,440.52,0.0261,,,-0.0563101,0.0527433,-0.0811373,,,,,0.0306855,NAV history,-0.0883048,,,,,,,,,,,,252,,2026-10-07
154107,INF754K01WL3,Edelweiss Financial Services Fund,Edelweiss Mutual Fund,Equity,Sectoral/Thematic,Equity Scheme - Sectoral/ Thematic,Regular,Growth,2026-01-27,AMFI scheme master,0.69,9.0035,2026-10-06,10.0676,2026-02-26,8.4622,2026-03-31,-0.105695,282.37,AMFI AAUM Jul-Sep 2026,282.37,Jul-Sep 2026,263.16,0.0257,,,-0.0749797,0.0197298,,,,,,-0.103487,"NAV history (absolute, <1Y)",,,,,,,,,,,,,252,,2026-10-07
142383,INF754K01MH2,Edelweiss Recently Listed IPO Fund,Edelweiss Mutual Fund,Equity,Sectoral/Thematic,Equity Scheme - Sectoral/ Thematic,Regular,Growth,2018-02-02,AMFI scheme master,8.68,33.2629,2026-10-06,33.4897,2026-09-23,23.7514,2026-03-31,-0.00677223,1230.3,Kuvera (latest month),1180.72,Jul-Sep 2026,846.2,0.0255,Bhavesh Jain; Bharat Lahoti,Very High Risk,0.0681899,0.356435,0.212903,0.100944,0.160458,0.103495,,0.149736,NAV history,0.205736,0.0382211,-0.00290018,0.178141,-0.249513,-0.31056,0.535857,0.714154,0.47541,70.3,23.9,47,252,,2026-10-07
152439,INF754K01SG1,Edelweiss Technology Fund,Edelweiss Mutual Fund,Equity,Sectoral/Thematic,Equity Scheme - Sectoral/ Thematic,Regular,Growth,2024-02-14,AMFI scheme master,2.64,12.4098,2026-10-06,12.9907,2026-08-13,10.2473,2026-03-30,-0.0447166,808.9,Kuvera (latest month),777.16,Jul-Sep 2026,648.41,0.0237,Sumanta Khan; Amit Vora; Trideep Bhattacharya; Mehul Dalmia,Very High Risk,0.0555872,0.158171,0.0436296,0.0237322,,,,0.0857126,NAV history,0.0364622,,,,,,,,0.7,,,74.5,252,,2026-10-07
106979,INF090I01AB3,Franklin Asian Equity Fund,Franklin Templeton Mutual Fund,Equity,Sectoral/Thematic,Equity Scheme - Sectoral/ Thematic,Regular,Growth,2007-11-19,AMFI scheme master,18.88,45.336,2026-10-06,46.5943,2026-06-22,33.5856,2025-10-14,-0.0270054,995.9,Kuvera (latest month),978.69,Jul-Sep 2026,473.02,0.0246,Sandeep Manam; Shyam Sriram,Very High Risk,-0.00851389,0.258868,0.320094,0.226957,0.238172,0.0898491,0.0960332,0.0871145,NAV history,0.312927,0.115935,-0.0165465,0.16719,-0.146305,-0.334939,1.03578,1.46176,0.360656,95.7,97.8,28.3,252,,2026-10-07
112092,INF090I01AE7,Franklin Build India Fund,Franklin Templeton Mutual Fund,Equity,Sectoral/Thematic,Equity Scheme - Sectoral/ Thematic,Regular,Growth,2009-07-10,AMFI scheme master,17.24,137.019,2026-10-06,150.157,2026-02-23,132.448,2026-03-23,-0.087497,3151.7,Kuvera (latest month),3170.37,Jul-Sep 2026,2251.89,0.0213,Ajay Argal; Kiran Sebastian; Sandeep Manam,Very High Risk,-0.077425,0.00275537,-0.0357179,-0.0219796,0.137962,0.160834,0.151816,0.164395,NAV history,-0.0428853,0.0157247,0.0544387,0.167521,-0.206374,-0.206374,0.435538,0.575042,0.803279,58,57.2,86.7,252,,2026-10-07
153943,INF090I01YN8,Franklin India Multi-Factor Fund,Franklin Templeton Mutual Fund,Equity,Sectoral/Thematic,Equity Scheme - Sectoral/ Thematic,Regular,Growth,2025-11-10,AMFI scheme master,0.91,8.9658,2026-10-06,10.1487,2026-01-02,8.7137,2026-03-31,-0.116557,602.52,AMFI AAUM Jul-Sep 2026,602.52,Jul-Sep 2026,569.09,0.028,,,-0.0675001,-0.00178138,,,,,,-0.10342,"NAV history (absolute, <1Y)",,,,,,,,,,,,,252,,2026-10-07
103151,INF090I01841,Franklin India Opportunities Fund,Franklin Templeton Mutual Fund,Equity,Sectoral/Thematic,Equity Scheme - Sectoral/ Thematic,Regular,Growth,2000-02-21,AMFI scheme master,26.63,260.397,2026-10-06,268.993,2026-08-17,223.16,2026-03-30,-0.0319595,9717.4,Kuvera (latest month),9526.6,Jul-Sep 2026,8231.99,0.0208,Kiran Sebastian; R. Janakiraman; Sandeep Manam,Very High Risk,-0.00274784,0.133747,0.0110675,0.0175267,0.184379,0.163877,0.152686,0.130248,Launch NAV Rs 10 assumed (pre-2006 NAV not in AMFI history),0.00390006,0.0621415,0.0574819,0.150443,-0.185174,-0.245707,0.793513,1.07672,0.688525,85.5,68.8,72.3,252,,2026-10-07
100522,INF090I01742,Franklin India Technology Fund,Franklin Templeton Mutual Fund,Equity,Sectoral/Thematic,Equity Scheme - Sectoral/ Thematic,Regular,Growth,1998-08-22,AMFI scheme master,28.13,452.912,2026-10-06,554.019,2025-12-22,423.036,2026-03-30,-0.182497,1759,Kuvera (latest month),1720.34,Jul-Sep 2026,1398.28,0.0215,Venkatesh Sanjeevi; R. Janakiraman; Sandeep Manam,Very High Risk,0.0149987,0.0368186,-0.118136,-0.0864051,0.0672402,0.055129,0.151935,0.145208,Launch NAV Rs 10 assumed (pre-2006 NAV not in AMFI history),-0.125304,-0.0549968,-0.0512666,0.149047,-0.257866,-0.270002,0.0150304,0.021179,0.42623,16.7,18.8,39.7,252,,2026-10-07
152274,INF666M01HP7,Groww Banking & Financial Services Fund,Groww Mutual Fund,Equity,Sectoral/Thematic,Equity Schemes - Sectoral Fund,Regular,Growth,2024-01-17,AMFI scheme master,2.72,12.5468,2026-10-06,13.3048,2026-08-26,10.5182,2026-03-31,-0.0569719,90.5,Kuvera (latest month),88.88,Jul-Sep 2026,26.39,0.0303,Anupam Tiwari; Saptarshee Chatterjee; Nikhil Satam,Very High Risk,-0.025355,0.137279,0.0817326,0.069325,,,,0.0907887,NAV history,0.0745651,,,,,,,,0.857143,,,94,252,,2026-10-07
148987,INF179KC1BJ4,HDFC Banking & Financial Services Fund,HDFC Mutual Fund,Equity,Sectoral/Thematic,Equity Scheme - Sectoral/ Thematic,Regular,Growth,2021-06-11,AMFI scheme master,5.32,17.142,2026-10-06,18.598,2026-02-18,15.405,2026-03-31,-0.078288,4687.8,Kuvera (latest month),4626.88,Jul-Sep 2026,3213.61,0.0202,Anand Laddha; Dhruv Muchhal,Very High Risk,-0.0695832,0.0657797,0.00545487,0.0426263,0.102288,0.099254,,0.109693,NAV history,-0.0017126,-0.0199489,-0.0071416,0.15919,-0.171685,-0.225468,0.234237,0.321004,0.576923,39.9,76.1,60.9,252,,2026-10-07
150803,INF179KC1EB5,HDFC Business Cycle Fund,HDFC Mutual Fund,Equity,Sectoral/Thematic,Equity Scheme - Sectoral/ Thematic,Regular,Growth,2022-11-11,AMFI scheme master,3.9,14.921,2026-10-06,15.529,2026-08-27,12.573,2026-03-23,-0.0391526,2774.5,Kuvera (latest month),2744.17,Jul-Sep 2026,2491.48,0.0212,Rahul Baijal; Dhruv Muchhal,Very High Risk,-0.016414,0.146799,0.00147661,0.00144404,0.0950847,,,0.109297,NAV history,-0.00569086,-0.0271524,,0.139524,-0.193987,,0.215624,0.290993,0.138889,37,64.5,6.5,252,,2026-10-07
151803,INF179KC1GR6,HDFC Consumption Fund,HDFC Mutual Fund,Equity,Sectoral/Thematic,Equity Scheme - Sectoral/ Thematic,Regular,Growth,2023-06-23,AMFI scheme master,3.29,13.131,2026-10-06,14.827,2025-10-17,11.929,2026-03-31,-0.114386,1022.1,Kuvera (latest month),1013.07,Jul-Sep 2026,770.96,0.0243,Amit Sinha; Dhruv Muchhal,Very High Risk,-0.0480644,0.0681689,-0.0939139,-0.068923,0.0711607,,,0.087681,NAV history,-0.101081,-0.0510763,,0.135238,-0.248567,,0.0455546,0.0625986,0.392857,21,25.4,31,252,,2026-10-07
151751,INF179KC1GL9,HDFC Defence Fund,HDFC Mutual Fund,Equity,Sectoral/Thematic,Equity Schemes - Thematic Fund,Regular,Growth,2023-05-19,AMFI scheme master,3.39,29.663,2026-10-06,31.424,2026-09-08,21.769,2026-03-31,-0.05604,11477.5,Kuvera (latest month),11128.2,Jul-Sep 2026,8112.25,0.0179,Rahul Baijal; Priya Ranjan; Dhruv Muchhal,Very High Risk,-0.00549837,0.280952,0.201126,0.187253,0.349302,,,0.383691,NAV history,0.193958,0.227065,,0.260596,-0.350093,,1.09097,1.47286,0.965517,96.4,2.2,98.4,252,,2026-10-07
141923,INF179KC1AX7,HDFC Housing Opportunities Fund,HDFC Mutual Fund,Equity,Sectoral/Thematic,Equity Scheme - Sectoral/ Thematic,Regular,Growth,2017-11-16,AMFI scheme master,8.89,20.485,2026-10-06,23.092,2025-10-29,19.374,2026-03-31,-0.112896,1166.9,Kuvera (latest month),1166.31,Jul-Sep 2026,913.64,0.0225,Dhruv Muchhal; Ashish Shah,Very High Risk,-0.0722793,0.0156173,-0.0797394,-0.0746025,0.0698265,0.0950781,,0.0843727,NAV history,-0.0869069,-0.0524106,-0.0113175,0.169592,-0.234121,-0.234121,0.0284594,0.0373825,0.508197,20.3,39.1,51.1,252,,2026-10-07
153619,INF179KC1JL3,HDFC INNOVATION FUND,HDFC Mutual Fund,Equity,Sectoral/Thematic,Equity Scheme - Sectoral/ Thematic,Regular,Growth,2025-06-27,AMFI scheme master,1.28,11.629,2026-10-06,12.019,2026-09-23,9.171,2026-03-31,-0.0324486,3054.48,AMFI AAUM Jul-Sep 2026,3054.48,Jul-Sep 2026,2565.43,0.0209,,,0.057855,0.243876,0.138201,,,,,0.130537,NAV history,0.131034,,,,,,,,,,,,252,,2026-10-07
107524,INF179K01GF8,HDFC Infrastructure Fund,HDFC Mutual Fund,Equity,Sectoral/Thematic,Equity Scheme - Sectoral/ Thematic,Regular,Growth,2008-01-08,AMFI scheme master,18.75,45.493,2026-10-06,49.082,2025-11-03,41.906,2026-03-31,-0.0731225,2324.6,Kuvera (latest month),2359.1,Jul-Sep 2026,1605.8,0.022,Dhruv Muchhal; Ashish Shah,Very High Risk,-0.0561031,0.0478395,-0.049417,-0.0338141,0.121063,0.171629,0.104782,0.0902537,NAV history,-0.0565845,-0.00117413,0.0652336,0.165245,-0.216092,-0.216092,0.339271,0.445044,0.704918,47.1,53.6,75.8,252,,2026-10-07
151457,INF179KC1FF3,HDFC MNC Fund,HDFC Mutual Fund,Equity,Sectoral/Thematic,Equity Scheme - Sectoral/ Thematic,Regular,Growth,2023-02-17,AMFI scheme master,3.64,13.648,2026-10-06,14.386,2026-08-17,11.812,2026-03-31,-0.0512999,566.3,Kuvera (latest month),552.24,Jul-Sep 2026,478.73,0.0291,Dhruv Muchhal; Nikhil Mathur,Very High Risk,-0.0110145,0.120894,-0.0024121,-0.0429673,0.0587119,,,0.0904365,NAV history,-0.00957957,-0.0635251,,0.130855,-0.248945,,-0.048054,-0.06383,0.15625,11.6,24.6,8.2,252,,2026-10-07
152602,INF179KC1IF7,HDFC Manufacturing Fund,HDFC Mutual Fund,Equity,Sectoral/Thematic,Equity Scheme - Sectoral/ Thematic,Regular,Growth,2024-04-26,AMFI scheme master,2.45,11.642,2026-10-06,12.102,2026-08-11,9.892,2026-03-31,-0.0380102,10751.8,Kuvera (latest month),10559.2,Jul-Sep 2026,9111.5,0.0184,Dhruv Muchhal; Rakesh Sethia,Very High Risk,0.00761641,0.1479,0.0530029,0.0242157,,,,0.0608089,NAV history,0.0458354,,,,,,,,0.777778,,,84.8,252,,2026-10-07
152084,INF179KC1HL7,HDFC Pharma and Healthcare Fund,HDFC Mutual Fund,Equity,Sectoral/Thematic,Equity Scheme - Sectoral/ Thematic,Regular,Growth,2023-09-14,AMFI scheme master,3.06,21.219,2026-10-06,22.101,2026-09-21,16.364,2026-02-02,-0.0399077,3310.6,Kuvera (latest month),3128,Jul-Sep 2026,1964.12,0.0211,Dhruv Muchhal; Nikhil Mathur,Very High Risk,0.025221,0.258989,0.245758,0.150273,0.285916,,,0.285854,NAV history,0.238591,0.163679,,0.140262,-0.150685,,1.57503,2.22475,0.92,100,94.2,96.7,252,,2026-10-07
152058,INF179KC1HF9,HDFC Technology Fund,HDFC Mutual Fund,Equity,Sectoral/Thematic,Equity Schemes - Thematic Fund,Regular,Growth,2023-08-25,AMFI scheme master,3.12,11.238,2026-10-06,14.221,2025-12-22,10.405,2026-07-01,-0.20976,1483.5,Kuvera (latest month),1441.96,Jul-Sep 2026,941.66,0.0217,Dhruv Muchhal; Balakumar B,Very High Risk,0.0344256,0.0172898,-0.138653,-0.109447,0.0385309,,,0.0384197,NAV history,-0.14582,-0.0837062,,0.176171,-0.31842,,-0.150247,-0.214455,0.384615,6.5,4.3,30.2,252,,2026-10-07
151900,INF179KC1GX4,HDFC Transportation and Logistics Fund,HDFC Mutual Fund,Equity,Sectoral/Thematic,Equity Scheme - Sectoral/ Thematic,Regular,Growth,2023-07-28,AMFI scheme master,3.2,18.883,2026-10-06,20.482,2026-08-20,15.396,2026-03-30,-0.0780685,2115.7,Kuvera (latest month),1997.22,Jul-Sep 2026,1565.11,0.0216,Priya Ranjan; Dhruv Muchhal,Very High Risk,0.0115712,0.188657,0.0448761,0.0737219,0.221529,,,0.224506,NAV history,0.0377086,0.0992918,,0.170495,-0.239746,,0.918087,1.28971,0.851852,91.3,32.6,92.9,252,,2026-10-07
151144,INF917K01RF8,HSBC Business Cycles Fund,HSBC Mutual Fund,Equity,Sectoral/Thematic,Equity Schemes - Thematic Fund,Regular,Growth,2014-07-30,AMFI scheme master,12.19,43.2897,2026-10-06,44.7109,2026-08-26,35.7462,2026-03-31,-0.0317864,1229.2,Kuvera (latest month),1200.04,Jul-Sep 2026,1084.32,0.0233,Gautam Bhupal; Mayank Chaturvedi,Very High Risk,0.00666932,0.158237,0.0179465,-0.00123818,0.147618,,,0.15673,NAV history,0.010779,0.0253808,,0.183017,-0.236017,,0.45142,0.601842,0.722222,60.1,37,78.3,252,,2026-10-07
152027,INF336L01RC6,HSBC Consumption Fund,HSBC Mutual Fund,Equity,Sectoral/Thematic,Equity Schemes - Thematic Fund,Regular,Growth,2023-08-10,AMFI scheme master,3.16,14.7762,2026-10-06,15.7108,2026-08-26,12.4345,2026-03-23,-0.0594877,1816.6,Kuvera (latest month),1769.41,Jul-Sep 2026,1627.74,0.022,Anish Goenka; Mayank Chaturvedi,Very High Risk,0.00227911,0.144032,-0.00274013,-0.00278337,0.134585,,,0.134098,NAV history,-0.0099076,0.0123478,,0.151117,-0.216682,,0.460469,0.6358,0.5,62.3,52.9,48.9,252,,2026-10-07
153267,INF336L01RR4,HSBC Financial Services fund,HSBC Mutual Fund,Equity,Sectoral/Thematic,Equity Schemes - Thematic Fund,Regular,Growth,2025-02-06,AMFI scheme master,1.66,11.9555,2026-10-06,12.8842,2026-08-26,10.6518,2026-03-31,-0.0720805,941.31,AMFI AAUM Jul-Sep 2026,941.31,Jul-Sep 2026,911.49,0.0243,,,-0.0617471,0.0763351,0.0367778,,,,,0.11807,NAV history,0.0296104,,,,,,,,,,,,252,,2026-10-07
152830,INF336L01RL7,HSBC India Export Opportunities Fund,HSBC Mutual Fund,Equity,Sectoral/Thematic,Equity Schemes - Thematic Fund,Regular,Growth,2024-09-05,AMFI scheme master,2.09,11.6207,2026-10-06,11.9483,2026-08-31,8.7936,2026-03-23,-0.0274181,1325.7,Kuvera (latest month),1269.3,Jul-Sep 2026,1134.08,0.0236,Abhishek Gupta; Siddharth Vora; Mayank Chaturvedi,Very High Risk,0.0729012,0.266865,0.195422,0.0842953,,,,0.0784382,NAV history,0.188255,,,,,,,,0.642857,,,65.5,252,,2026-10-07
151037,INF917K01536,HSBC Infrastructure Fund,HSBC Mutual Fund,Equity,Sectoral/Thematic,Equity Schemes - Sectoral Fund,Regular,Growth,2007-08-07,AMFI scheme master,19.17,50.4327,2026-10-06,52.1282,2026-06-22,42.2868,2026-03-31,-0.0325256,2466,Kuvera (latest month),2415.8,Jul-Sep 2026,1731.51,0.0212,Venugopal Manghat; Gautam Bhupal; Mayank Chaturvedi,Very High Risk,0.00403144,0.154502,0.0829974,0.0041771,0.145765,,,0.194512,NAV history,0.07583,0.0235277,,0.193242,-0.256729,,0.417945,0.545656,0.666667,56.5,19.6,68.5,252,,2026-10-07
152682,INF0R8701178,Helios Financial Services Fund,Helios Mutual Fund,Equity,Sectoral/Thematic,Equity Schemes - Sectoral Fund,Regular,Growth,2024-05-31,AMFI scheme master,2.35,11.06,2026-10-06,12.09,2026-01-02,9.91,2026-03-30,-0.0851944,210.9,Kuvera (latest month),204.89,Jul-Sep 2026,135.53,0.027,Alok Bahl; Pratik Singh,Very High Risk,-0.0587234,0.0634615,-0.044905,0.0238854,,,,0.0361308,NAV history,-0.0520725,,,,,,,,0.529412,,,53.8,252,,2026-10-07
152726,INF109KC15W9,ICICI PRUDENTIAL ENERGY OPPORTUNITIES FUND,ICICI Prudential Mutual Fund,Equity,Sectoral/Thematic,Equity Scheme - Sectoral/ Thematic,Regular,Growth,2024-07-02,AMFI scheme master,2.26,11.3,2026-10-06,11.93,2026-06-22,9.86,2026-01-23,-0.052808,8276,Kuvera (latest month),8236.33,Jul-Sep 2026,6475.73,0.0212,Sharmila D'Silva; Nitya Mishra,Very High Risk,-0.0241796,0.0949612,0.0981535,0.0556507,,,,0.056062,NAV history,0.0909861,,,,,,,,0.9375,,,97.3,252,,2026-10-07
150308,INF109KC17B9,ICICI PRUDENTIAL HOUSING OPPORTUNITIES FUND,ICICI Prudential Mutual Fund,Equity,Sectoral/Thematic,Equity Scheme - Sectoral/ Thematic,Regular,Growth,2022-03-28,AMFI scheme master,4.53,16.46,2026-10-06,17.93,2025-10-29,15.47,2026-03-23,-0.0819855,2728,Kuvera (latest month),2705.14,Jul-Sep 2026,1906.32,0.0207,Sharmila D’mello; Sanket Gaidhani,Very High Risk,-0.0684776,0.0306825,-0.0446895,-0.0208939,0.0917246,,,0.118819,NAV history,-0.051857,-0.0305124,,0.141736,-0.170883,,0.188552,0.25248,0.395349,34.8,78.3,34.2,252,,2026-10-07
150538,INF109KC19H2,ICICI PRUDENTIAL PSU EQUITY FUND,ICICI Prudential Mutual Fund,Equity,Sectoral/Thematic,Equity Scheme - Sectoral/ Thematic,Regular,Growth,2022-08-23,AMFI scheme master,4.12,20.87,2026-10-06,23.02,2026-02-26,20.37,2026-03-30,-0.093397,1850.3,Kuvera (latest month),1854.6,Jul-Sep 2026,1473.3,0.0232,Sharmila D’mello; Antariksha Banerjee,Very High Risk,-0.0500683,-0.00143541,-0.00524309,-0.0199881,0.176067,,,0.198218,NAV history,-0.0124106,0.0538296,,0.184899,-0.236451,,0.600687,0.788185,0.657895,76.8,36.2,67.4,252,,2026-10-07
150684,INF109KC19J8,ICICI PRUDENTIAL TRANSPORTATION AND LOGISTICS FUND,ICICI Prudential Mutual Fund,Equity,Sectoral/Thematic,Equity Scheme - Sectoral/ Thematic,Regular,Growth,2022-10-06,AMFI scheme master,4,21.2,2026-10-06,23.2,2026-08-20,17.8,2026-03-30,-0.0862069,4119.3,Kuvera (latest month),3925.68,Jul-Sep 2026,2794.39,0.0207,Rajat Chandak; Priyanka Khandelwal; Sharmila D’mello,Very High Risk,-0.00235294,0.155943,0.0291262,0.048611,0.196065,,,0.208159,NAV history,0.0219587,0.0738281,,0.172423,-0.240257,,0.760135,1.07332,0.864865,82.6,31.9,94.6,252,,2026-10-07
153685,INF109K1A377,ICICI Prudential Active Momentum Fund,ICICI Prudential Mutual Fund,Equity,Sectoral/Thematic,Equity Scheme - Sectoral/ Thematic,Regular,Growth,2025-07-08,AMFI scheme master,1.25,10.62,2026-10-06,11.08,2026-08-25,9.63,2026-03-23,-0.0415162,2109.51,AMFI AAUM Jul-Sep 2026,2109.51,Jul-Sep 2026,1505.16,0.0285,,,-0.0229991,0.0727273,0.0463054,,,,,0.0526898,NAV history,0.0391379,,,,,,,,,,,,252,,2026-10-07
109445,INF109K01BU5,ICICI Prudential Banking & Financial Services Fund,ICICI Prudential Mutual Fund,Equity,Sectoral/Thematic,Equity Scheme - Sectoral/ Thematic,Regular,Growth,2008-07-09,AMFI scheme master,18.25,126.59,2026-10-06,140.84,2026-01-06,116.66,2026-03-30,-0.101179,11330.5,Kuvera (latest month),11188,Jul-Sep 2026,5040.51,0.0195,Sharmila D'Silva; Antariksha Banerjee,Very High Risk,-0.0564955,0.0450755,-0.05804,0.0103896,0.0840832,0.0811949,0.105813,0.150177,NAV history,-0.0652075,-0.0381539,-0.0252007,0.13606,-0.171684,-0.207176,0.140256,0.194961,0.393443,29.7,76.8,32.6,252,,2026-10-07
146950,INF109KC1YA0,ICICI Prudential Bharat Consumption Fund,ICICI Prudential Mutual Fund,Equity,Sectoral/Thematic,Equity Scheme - Sectoral/ Thematic,Regular,Growth,2019-03-26,AMFI scheme master,7.53,23.89,2026-10-06,26.4,2025-10-29,21.63,2026-03-31,-0.0950758,3238.2,Kuvera (latest month),3212.41,Jul-Sep 2026,1672.86,0.0213,Priyanka Khandelwal; Sharmila D’mello,Very High Risk,-0.0497216,0.0646168,-0.0754644,-0.0567302,0.0781961,0.106396,,0.123377,NAV history,-0.0826319,-0.044041,0,0.121389,-0.223339,-0.223339,0.108709,0.14978,0.442623,27.5,47.1,42.9,252,,2026-10-07
148653,INF109KC1O90,ICICI Prudential Business Cycle Fund,ICICI Prudential Mutual Fund,Equity,Sectoral/Thematic,Equity Scheme - Sectoral/ Thematic,Regular,Growth,2020-12-29,AMFI scheme master,5.77,23.55,2026-10-06,26.08,2026-01-02,22.35,2026-03-30,-0.0970092,15873.2,Kuvera (latest month),15841.5,Jul-Sep 2026,12173.8,0.0185,Manish Banthia; Sharmila D'Silva; Divya Jain; Manan Tijoriwala,Very High Risk,-0.0669572,0.0256969,-0.0557338,0.000424899,0.131651,0.130389,,0.161604,NAV history,-0.0629012,0.00941395,0.0239937,0.128429,-0.147433,-0.147433,0.518971,0.716524,0.844828,66.7,97.1,91.8,252,,2026-10-07
147661,INF109KC1F67,ICICI Prudential Commodities Fund,ICICI Prudential Mutual Fund,Equity,Sectoral/Thematic,Equity Scheme - Sectoral/ Thematic,Regular,Growth,2019-09-25,AMFI scheme master,7.03,45.92,2026-10-06,49.16,2026-08-26,41.37,2026-03-23,-0.0659072,4276.7,Kuvera (latest month),4145.31,Jul-Sep 2026,1351.18,0.0196,Lalit Kumar; Sharmila D’mello,Very High Risk,-0.0211042,0.0587964,0.0541781,0.037749,0.14018,0.131489,,0.244325,NAV history,0.0470107,0.0179431,0.0250932,0.194038,-0.189643,-0.221686,0.387452,0.514056,0.704918,52.9,65.9,75.8,252,,2026-10-07
153865,INF109K1A393,ICICI Prudential Conglomerate Fund,ICICI Prudential Mutual Fund,Equity,Sectoral/Thematic,Equity Scheme - Sectoral/ Thematic,Regular,Growth,2025-10-03,AMFI scheme master,1.01,9.85,2026-10-06,10.71,2026-08-10,8.87,2026-03-23,-0.0802988,811.1,AMFI AAUM Jul-Sep 2026,811.1,Jul-Sep 2026,757.76,0.0246,,,-0.04276,0.0765027,,,,,,-0.015984,"NAV history (absolute, <1Y)",,,,,,,,,,,,,252,,2026-10-07
148517,INF109KC1N75,ICICI Prudential ESG Exclusionary Strategy Fund,ICICI Prudential Mutual Fund,Equity,Sectoral/Thematic,Equity Scheme - Sectoral/ Thematic,Regular,Growth,2020-09-21,AMFI scheme master,6.04,20.4,2026-10-06,23.26,2025-10-29,19.29,2026-03-31,-0.122958,1356.4,Kuvera (latest month),1344.09,Jul-Sep 2026,1242.1,0.0235,Mittul Kalawadia; Sharmila D'Silva; Ayush Shah,Very High Risk,-0.0520446,0.021021,-0.0941385,-0.0497082,0.0923755,0.0792842,,0.126571,NAV history,-0.101306,-0.0298616,-0.0271114,0.126639,-0.179149,-0.199164,0.216169,0.295697,0.344262,37.7,72.5,27.4,252,,2026-10-07
153069,INF109KC17X3,ICICI Prudential Equity Minimum Variance Fund,ICICI Prudential Mutual Fund,Equity,Sectoral/Thematic,Equity Scheme - Sectoral/ Thematic,Regular,Growth,2024-11-18,AMFI scheme master,1.88,10.12,2026-10-06,11.2,2026-01-06,9.61,2026-03-30,-0.0964286,2671.8,Kuvera (latest month),2721.45,Jul-Sep 2026,1908.22,0.0287,Nitya Mishra; Aatur Shah,Very High Risk,-0.045283,0.0253293,-0.045283,,,,,0.00601176,NAV history,-0.0524505,,,,,,,,,,,,252,,2026-10-07
103312,INF109K01BB5,ICICI Prudential Exports & Services Fund,ICICI Prudential Mutual Fund,Equity,Sectoral/Thematic,Equity Scheme - Sectoral/ Thematic,Regular,Growth,2005-10-13,AMFI scheme master,20.98,165.43,2026-10-06,173.85,2026-08-25,148.36,2026-03-31,-0.0484326,1549.4,Kuvera (latest month),1484.4,Jul-Sep 2026,837.09,0.0232,Sri Sharma; Sharmila D'Silva,Very High Risk,-0.0175782,0.0790555,0.00736816,0.00773558,0.132545,0.126185,0.12987,0.1431,Launch NAV Rs 10 assumed (pre-2006 NAV not in AMFI history),0.000200695,0.0103083,0.0197892,0.122988,-0.150604,-0.150604,0.549201,0.758003,0.754098,71.7,94.9,82.3,252,,2026-10-07
100352,INF109K01415,ICICI Prudential FMCG Fund,ICICI Prudential Mutual Fund,Equity,Sectoral/Thematic,Equity Scheme - Sectoral/ Thematic,Regular,Growth,2006-04-02,Before Apr-2006 (AMFI history starts 03-Apr-2006),20.51,387.9,2026-10-06,488.44,2025-10-23,377.52,2026-10-01,-0.205839,1557.2,Kuvera (latest month),1593.79,Jul-Sep 2026,719.19,0.024,Sharmila D'Silva; Nitya Mishra,Very High Risk,-0.0888377,-0.0282579,-0.183867,-0.145632,-0.0440127,0.0322719,0.0821714,0.116934,Since Apr-2006 (earlier NAV not in AMFI history),-0.191034,-0.16625,-0.0741237,0.123858,-0.318949,-0.318949,-0.880142,-1.20252,0.311475,0.7,3.6,23.9,252,,2026-10-07
103149,INF109K01AV5,ICICI Prudential Infrastructure Fund,ICICI Prudential Mutual Fund,Equity,Sectoral/Thematic,Equity Scheme - Sectoral/ Thematic,Regular,Growth,2005-07-18,AMFI scheme master,21.22,194.58,2026-10-06,207.33,2026-07-06,175.03,2026-03-23,-0.0614962,8558,Kuvera (latest month),8541.21,Jul-Sep 2026,4172.5,0.019,Ihab Dalwai; Sharmila D’mello,Very High Risk,-0.0614962,0.063453,-0.0079535,-0.0073948,0.157588,0.188021,0.165362,0.132314,Since Apr-2006 (earlier NAV not in AMFI history),-0.015121,0.035351,0.0816255,0.162053,-0.193262,-0.193262,0.571343,0.760738,0.901639,74.6,65.2,95.7,252,,2026-10-07
151579,INF109KC19S9,ICICI Prudential Innovation Fund,ICICI Prudential Mutual Fund,Equity,Sectoral/Thematic,Equity Scheme - Sectoral/ Thematic,Regular,Growth,2023-04-10,AMFI scheme master,3.49,18.79,2026-10-06,19.86,2026-08-11,16.52,2026-03-30,-0.0538771,8012.4,Kuvera (latest month),7835.97,Jul-Sep 2026,5636.64,0.0217,Vaibhav Dusad; Sharmila D’mello,Very High Risk,-0.0177731,0.113811,0.00696677,0.0163588,0.1694,,,0.200451,NAV history,-0.000200695,0.0471626,,0.125922,-0.169059,,0.829079,1.14167,0.866667,88.4,80.4,95.1,252,,2026-10-07
147345,INF109KC1D69,ICICI Prudential MNC Fund,ICICI Prudential Mutual Fund,Equity,Sectoral/Thematic,Equity Scheme - Sectoral/ Thematic,Regular,Growth,2019-05-28,AMFI scheme master,7.36,29.14,2026-10-06,31.68,2026-08-11,26.22,2026-03-23,-0.0801768,1807.9,Kuvera (latest month),1783.23,Jul-Sep 2026,1588.27,0.0216,Roshan Chutkey; Sharmila D’mello,Very High Risk,-0.0445902,0.081663,0.0195941,-0.0134505,0.086334,0.0969092,,0.157586,NAV history,0.0124267,-0.0359031,-0.00948634,0.114154,-0.19896,-0.19896,0.186888,0.25317,0.409836,34.1,61.6,35.9,252,,2026-10-07
148598,INF109KC1O33,ICICI Prudential QUANT FUND,ICICI Prudential Mutual Fund,Equity,Sectoral/Thematic,Equity Scheme - Sectoral/ Thematic,Regular,Growth,2020-11-23,AMFI scheme master,5.87,22.29,2026-10-06,23.82,2026-08-03,20.61,2026-03-30,-0.0642317,168.6,Kuvera (latest month),163.32,Jul-Sep 2026,68.38,0.028,Roshan Chutkey; Sharmila D’mello,Very High Risk,-0.0257867,0.0459878,-0.0232252,-0.0125459,0.103012,0.0908593,,0.147938,NAV history,-0.0303927,-0.0192253,-0.0155363,0.123621,-0.146072,-0.168421,0.307487,0.418496,0.322034,42,98.6,25,252,,2026-10-07
153459,INF109K1A211,ICICI Prudential Quality Fund,ICICI Prudential Mutual Fund,Equity,Sectoral/Thematic,Equity Scheme - Sectoral/ Thematic,Regular,Growth,2025-05-06,AMFI scheme master,1.42,10.36,2026-10-06,10.86,2026-08-03,9.29,2026-03-30,-0.0460405,2126.45,AMFI AAUM Jul-Sep 2026,2126.45,Jul-Sep 2026,1491.69,0.0249,,,-0.0189394,0.0893796,0.0156863,,,,,0.0240265,NAV history,0.00851881,,,,,,,,,,,,252,,2026-10-07
153181,INF109KC19Y7,ICICI Prudential Rural Opportunities Fund,ICICI Prudential Mutual Fund,Equity,Sectoral/Thematic,Equity Scheme - Sectoral/ Thematic,Regular,Growth,2025-01-09,AMFI scheme master,1.74,10.3,2026-10-06,11.77,2026-01-06,10.05,2026-03-30,-0.124894,2060.05,AMFI AAUM Jul-Sep 2026,2060.05,Jul-Sep 2026,1435.17,0.0225,,,-0.0745732,0.00194553,-0.0996503,,,,,0.0159011,NAV history,-0.106818,,,,,,,,,,,,252,,2026-10-07
100363,INF109K01506,ICICI Prudential Technology Fund,ICICI Prudential Mutual Fund,Equity,Sectoral/Thematic,Equity Scheme - Sectoral/ Thematic,Regular,Growth,2006-04-02,Before Apr-2006 (AMFI history starts 03-Apr-2006),20.51,172.4,2026-10-06,215.48,2025-12-22,161.1,2026-03-30,-0.199926,13660.9,Kuvera (latest month),13265.2,Jul-Sep 2026,4228.24,0.0188,Vaibhav Dusad; Sharmila D’mello,Very High Risk,0.0301147,0.0229633,-0.115353,-0.0961496,0.0380462,0.0170959,0.160835,0.140381,Since Apr-2006 (earlier NAV not in AMFI history),-0.122521,-0.0841908,-0.0892997,0.168885,-0.286758,-0.295205,-0.159599,-0.227985,0.295082,5.8,10.1,21.7,252,,2026-10-07
117620,INF109K01E35,ICICI Prudential US Bluechip Equity Fund,ICICI Prudential Mutual Fund,Equity,Sectoral/Thematic,Equity Scheme - Sectoral/ Thematic,Regular,Growth,2012-06-18,AMFI scheme master,14.3,79.07,2026-10-06,83.71,2026-08-28,66.74,2025-10-10,-0.0554295,4070.5,Kuvera (latest month),3882.65,Jul-Sep 2026,2011.97,0.0196,Ritesh Lunawat; Sharmila D'Silva; Nitya Mishra; Venus Ahuja,Very High Risk,0.0384817,0.126032,0.148939,0.115884,0.165368,0.119583,0.154109,0.155044,NAV history,0.141772,0.043131,0.0131877,0.160603,-0.203863,-0.203863,0.624946,0.931421,0.42623,78.3,60.1,39.7,252,,2026-10-07
149324,INF00XX01BR2,ITI Banking and Financial Services Fund,ITI Mutual Fund,Equity,Sectoral/Thematic,Equity Scheme - Sectoral/ Thematic,Regular,Growth,2021-11-15,AMFI scheme master,4.89,15.1987,2026-10-06,16.6371,2026-02-12,13.8229,2026-03-31,-0.0864574,388.1,Kuvera (latest month),382.92,Jul-Sep 2026,370.97,0.028,Nilay Dalal; Animesh Singh,Very High Risk,-0.0712396,0.0482657,0.000651796,0.0528936,0.0858916,,,0.0837028,NAV history,-0.00651567,-0.0363455,,0.163061,-0.169152,,0.128121,0.1728,0.574468,28.3,79.7,60.3,252,,2026-10-07
153263,INF00XX01DD8,ITI Bharat Consumption Fund,ITI Mutual Fund,Equity,Sectoral/Thematic,Equity Scheme - Sectoral/ Thematic,Regular,Growth,2025-02-06,AMFI scheme master,1.66,11.3177,2026-10-06,11.9962,2026-08-10,9.8123,2026-03-31,-0.0565596,366.5,AMFI AAUM Jul-Sep 2026,366.5,Jul-Sep 2026,359.88,0.0256,,,-0.0151414,0.118858,-0.0206467,,,,,0.0858765,NAV history,-0.0278142,,,,,,,,,,,,252,,2026-10-07
154159,INF00XX01DJ5,ITI Business Cycle Fund,ITI Mutual Fund,Equity,Sectoral/Thematic,Equity Scheme - Sectoral/ Thematic,Regular,Growth,2026-02-13,AMFI scheme master,0.65,10.4125,2026-10-06,10.9683,2026-09-23,9.6179,2026-03-31,-0.0506733,116.1,AMFI AAUM Jul-Sep 2026,116.1,Jul-Sep 2026,111.7,0.0339,,,-0.00941826,0.0689683,,,,,,0.0434517,"NAV history (absolute, <1Y)",,,,,,,,,,,,,252,,2026-10-07
149270,INF00XX01BL5,ITI Pharma and Healthcare Fund,ITI Mutual Fund,Equity,Sectoral/Thematic,Equity Scheme - Sectoral/ Thematic,Regular,Growth,2021-10-18,AMFI scheme master,4.97,17.6429,2026-10-06,18.4454,2026-09-23,14.4974,2026-01-29,-0.0435068,276.2,Kuvera (latest month),265.75,Jul-Sep 2026,242.49,0.0259,Nilay Dalal; Animesh Singh,Very High Risk,0.000816859,0.195764,0.0957847,0.0258179,0.172482,,,0.122758,NAV history,0.0886172,0.0502449,,0.141966,-0.176396,,0.757098,1.04194,0.583333,81.9,73.2,61.4,252,,2026-10-07
153288,INF205KA1AF4,Invesco India Business Cycle Fund,Invesco Mutual Fund,Equity,Sectoral/Thematic,Equity Schemes - Thematic Fund,Regular,Growth,2025-02-06,AMFI scheme master,1.66,13.89,2026-10-06,14.51,2026-08-03,10.93,2026-03-30,-0.0427292,1330.01,AMFI AAUM Jul-Sep 2026,1330.01,Jul-Sep 2026,1117.04,0.0227,,,-0.0340751,0.221636,0.0928403,,,,,0.248697,NAV history,0.0856728,,,,,,,,,,,,252,,2026-10-07
153902,INF205KA1BF2,Invesco India Consumption Fund,Invesco Mutual Fund,Equity,Sectoral/Thematic,Equity Schemes - Thematic Fund,Regular,Growth,2025-10-03,AMFI scheme master,1.01,10.76,2026-10-06,11.13,2026-09-23,8.4,2026-03-23,-0.0332435,591.17,AMFI AAUM Jul-Sep 2026,591.17,Jul-Sep 2026,498.68,0.0266,,,0.0170132,0.239631,,,,,,0.0738523,"NAV history (absolute, <1Y)",,,,,,,,,,,,,252,,2026-10-07
148753,INF205KA1304,Invesco India ESG Integration Strategy Fund,Invesco Mutual Fund,Equity,Sectoral/Thematic,Equity Schemes - Thematic Fund,Regular,Growth,2021-02-26,AMFI scheme master,5.61,16.52,2026-10-06,17.86,2025-10-29,14.37,2026-03-31,-0.075028,394.9,Kuvera (latest month),387.26,Jul-Sep 2026,361.99,0.0256,Taher Badshah; Haresh Kapoor,Very High Risk,-0.0178359,0.107239,-0.0428737,-0.0475328,0.0685556,0.0481257,,0.0952137,NAV history,-0.0500412,-0.0536815,-0.0582699,0.143278,-0.23928,-0.23928,0.0248162,0.033762,0.178571,18.1,34.1,13,252,,2026-10-07
108378,INF205K01155,Invesco India Financial Services Fund,Invesco Mutual Fund,Equity,Sectoral/Thematic,Equity Schemes - Sectoral Fund,Regular,Growth,2008-05-19,AMFI scheme master,18.38,140.24,2026-10-06,150.7,2026-07-13,127.13,2026-03-30,-0.0694094,1895.5,Kuvera (latest month),1851.54,Jul-Sep 2026,1381.11,0.0218,Hiten Jain; Haresh Kapoor,Very High Risk,-0.0667465,0.0594546,0.0217106,0.0517868,0.146858,0.119202,0.135083,0.15913,NAV history,0.0145432,0.024621,0.0128065,0.165205,-0.152028,-0.239,0.495494,0.684207,0.52459,65.2,93.5,53.3,252,,2026-10-07
106654,INF205K01CD5,Invesco India Infrastructure Fund,Invesco Mutual Fund,Equity,Sectoral/Thematic,Equity Schemes - Thematic Fund,Regular,Growth,2007-09-25,AMFI scheme master,19.03,66.37,2026-10-06,70.64,2026-06-22,53.59,2026-03-30,-0.0604473,1547.6,Kuvera (latest month),1538.82,Jul-Sep 2026,887.92,0.0237,Sagar Gandhi,Very High Risk,-0.0447611,0.173859,0.0438817,-0.00112812,0.1684,0.168553,0.169303,0.105608,NAV history,0.0367143,0.0461625,0.0621573,0.19468,-0.272976,-0.272976,0.531127,0.696103,0.737705,68.8,13,79.6,252,,2026-10-07
152758,INF205KA1874,Invesco India Manufacturing Fund,Invesco Mutual Fund,Equity,Sectoral/Thematic,Equity Schemes - Thematic Fund,Regular,Growth,2024-07-25,AMFI scheme master,2.2,11.67,2026-10-06,12.01,2026-08-20,9.08,2026-03-23,-0.0283097,757.7,Kuvera (latest month),729.35,Jul-Sep 2026,619.94,0.0256,Nikhil Kale,Very High Risk,0.0475763,0.2589,0.129719,0.0598091,,,,0.0716814,NAV history,0.122552,,,,,,,,0.733333,,,78.8,252,,2026-10-07
112171,INF205K01338,Invesco India PSU Equity Fund,Invesco Mutual Fund,Equity,Sectoral/Thematic,Equity Schemes - Thematic Fund,Regular,Growth,2009-09-29,AMFI scheme master,17.02,62.17,2026-10-06,69.15,2026-04-22,59.93,2026-03-30,-0.10094,1447.7,Kuvera (latest month),1445.58,Jul-Sep 2026,802.76,0.024,Hiten Jain; Sagar Gandhi,Very High Risk,-0.0508397,-0.00987418,-0.037169,-0.0232129,0.166973,0.177284,0.144515,0.114493,NAV history,-0.0443364,0.0447356,0.0708884,0.223965,-0.304146,-0.304146,0.455305,0.590289,0.737705,61.6,8,79.6,252,,2026-10-07
154545,INF205KA1BU1,Invesco India Pharma and Healthcare Fund,Invesco Mutual Fund,Equity,Sectoral/Thematic,Equity Schemes - Sectoral Fund,Regular,Growth,2026-08-18,AMFI scheme master,0.14,9.45,2026-10-06,10.09,2026-09-23,9.4,2026-10-05,-0.0634291,110.81,AMFI AAUM Jul-Sep 2026,110.81,Jul-Sep 2026,95.31,0.0519,,,,,,,,,,-0.0559441,"NAV history (absolute, <1Y)",,,,,,,,,,,,,252,,2026-10-07
152862,INF205KA1932,Invesco India Technology Fund,Invesco Mutual Fund,Equity,Sectoral/Thematic,Equity Schemes - Sectoral Fund,Regular,Growth,2024-09-03,AMFI scheme master,2.09,9.5,2026-10-06,10.27,2025-12-22,7.92,2026-03-23,-0.0749757,342,Kuvera (latest month),328.73,Jul-Sep 2026,260.12,0.0249,Aditya Khemani; Hiten Jain,Very High Risk,0.0462555,0.133652,-0.0206186,-0.0204103,,,,-0.0249663,NAV history,-0.027786,,,,,,,,0,,,0.8,252,,2026-10-07
154637,INF22M001242,JioBlackRock Sector Rotation Fund,Jio BlackRock Mutual Fund,Equity,Sectoral/Thematic,Equity Schemes - Thematic Fund,Regular,Growth,2026-01-27,AMFI scheme master,0.69,9.4813,2026-10-06,10.0531,2026-08-25,9.3446,2026-10-01,-0.056878,164.16,AMFI AAUM Jul-Sep 2026,164.16,Jul-Sep 2026,0.07,0.0192,,,,,,,,,,-0.0481769,"NAV history (absolute, <1Y)",,,,,,,,,,,,,252,,2026-10-07
153756,INF174KA1XE6,Kotak Active Momentum Fund,Kotak Mahindra Mutual Fund,Equity,Sectoral/Thematic,Equity Scheme - Sectoral/ Thematic,Regular,Growth,2025-07-29,AMFI scheme master,1.19,10.537,2026-10-06,11.345,2026-08-10,9.207,2026-03-23,-0.0712208,1608.77,AMFI AAUM Jul-Sep 2026,1608.77,Jul-Sep 2026,3.67,0.029768,,,-0.0194491,0.103582,0.0391519,,,,,0.0463457,NAV history,0.0319844,,,,,,,,,,,,252,,2026-10-07
151381,INF174KA1MA7,Kotak Banking and Financial Services Fund,Kotak Mahindra Mutual Fund,Equity,Sectoral/Thematic,Equity Scheme - Sectoral/ Thematic,Regular,Growth,2023-02-06,AMFI scheme master,3.67,15.418,2026-10-06,16.808,2026-02-18,13.978,2026-03-31,-0.0826987,1560.9,Kuvera (latest month),1537.26,Jul-Sep 2026,1399.42,0.022447,Abhishek Bisen; Shibani Kurian,Very High Risk,-0.0729361,0.053286,-0.00471241,0.0365448,0.0985091,,,0.126672,NAV history,-0.0118799,-0.023728,,0.166845,-0.168372,,0.200839,0.274882,0.53125,35.5,81.2,54.3,252,,2026-10-07
150626,INF174KA1JK2,Kotak Business Cycle Fund,Kotak Mahindra Mutual Fund,Equity,Sectoral/Thematic,Equity Scheme - Sectoral/ Thematic,Regular,Growth,2022-09-07,AMFI scheme master,4.08,16.99,2026-10-06,17.629,2026-08-10,14.335,2026-03-23,-0.0362471,3508.7,Kuvera (latest month),3440.53,Jul-Sep 2026,3267.85,0.020478,Abhishek Bisen; Harish Bihani,Very High Risk,-0.0101952,0.141648,0.0303214,0.029348,0.140324,,,0.139956,NAV history,0.0231539,0.0180867,,0.137864,-0.189274,,0.546361,0.742214,0.621622,71,66.7,63.6,252,,2026-10-07
152170,INF174KA1PM5,Kotak Consumption Fund,Kotak Mahindra Mutual Fund,Equity,Sectoral/Thematic,Equity Scheme - Sectoral/ Thematic,Regular,Growth,2023-10-25,AMFI scheme master,2.95,13.656,2026-10-06,14.805,2025-10-27,12.116,2026-03-23,-0.0776089,1730.3,Kuvera (latest month),1732.91,Jul-Sep 2026,1271.87,0.023342,Abhishek Bisen; Devender Singhal,Very High Risk,-0.0379033,0.0963391,-0.0485613,-0.017055,,,,0.113706,NAV history,-0.0557287,,,,,,,,0.708333,,,77.4,252,,2026-10-07
148602,INF174KA1FF0,Kotak ESG Exclusionary Strategy Fund,Kotak Mahindra Mutual Fund,Equity,Sectoral/Thematic,Equity Scheme - Sectoral/ Thematic,Regular,Growth,2020-11-20,AMFI scheme master,5.88,15.919,2026-10-06,17.933,2026-02-11,15.266,2026-03-31,-0.112307,740.5,Kuvera (latest month),738.6,Jul-Sep 2026,680.46,0.025096,Mandar Pawar,Very High Risk,-0.0565959,0.00574931,-0.0792411,-0.0465674,0.061668,0.0514362,,0.0832735,NAV history,-0.0864086,-0.0605691,-0.0549594,0.137666,-0.184479,-0.224166,-0.0242034,-0.0328423,0.118644,13,69.6,6,252,,2026-10-07
153449,INF174KA1WA6,Kotak Energy Opportunities Fund,Kotak Mahindra Mutual Fund,Equity,Sectoral/Thematic,Equity Scheme - Sectoral/ Thematic,Regular,Growth,2025-04-03,AMFI scheme master,1.51,10.331,2026-10-06,11.04,2026-05-07,9.483,2026-01-23,-0.064221,273.31,AMFI AAUM Jul-Sep 2026,273.31,Jul-Sep 2026,244.68,0.02601,,,-0.032859,0.0598071,0.00505886,,,,,0.0218318,NAV history,-0.00210861,,,,,,,,,,,,252,,2026-10-07
152216,INF174KA1PW4,Kotak Healthcare Fund,Kotak Mahindra Mutual Fund,Equity,Sectoral/Thematic,Equity Scheme - Sectoral/ Thematic,Regular,Growth,2023-11-20,AMFI scheme master,2.88,16.843,2026-10-06,17.431,2026-09-23,12.593,2026-01-29,-0.033733,767.6,Kuvera (latest month),743.32,Jul-Sep 2026,628.2,0.025552,Abhishek Bisen; Dhananjay Tikariha,Very High Risk,0.0458892,0.300517,0.257597,0.108831,,,,0.203049,NAV history,0.25043,,,,,,,,0.782609,,,85.3,252,,2026-10-07
133796,INF178L01095,Kotak Infrastructure and Economic Reform Fund,Kotak Mahindra Mutual Fund,Equity,Sectoral/Thematic,Equity Scheme - Sectoral/ Thematic,Regular,Growth,2008-01-10,AMFI scheme master,18.74,69.428,2026-10-06,71.385,2026-09-08,58.126,2026-03-31,-0.0274147,2492.9,Kuvera (latest month),2443.64,Jul-Sep 2026,1450.58,0.021311,Nalin Bhatt,Very High Risk,-0.00734895,0.141476,0.0622724,-0.00825776,0.14696,0.165731,0.144286,0.136585,NAV history,0.0551049,0.0247228,0.0593353,0.176443,-0.281474,-0.281474,0.464513,0.609928,0.803279,63,11.6,86.7,252,,2026-10-07
152913,INF174KA1TJ3,Kotak MNC Fund,Kotak Mahindra Mutual Fund,Equity,Sectoral/Thematic,Equity Scheme - Sectoral/ Thematic,Regular,Growth,2024-10-07,AMFI scheme master,2,12.378,2026-10-06,12.742,2026-08-18,9.937,2026-03-23,-0.0285669,2309.1,Kuvera (latest month),2250.45,Jul-Sep 2026,2039.76,0.02285,Harsha Upadhyaya; Abhishek Bisen; Dhananjay Tikariha,Very High Risk,-0.0080936,0.214244,0.171604,,,,,0.115768,NAV history,0.164437,,,,,,,,1,,,99.5,252,,2026-10-07
149840,INF174KA1IC1,Kotak Manufacture in India Fund,Kotak Mahindra Mutual Fund,Equity,Sectoral/Thematic,Equity Scheme - Sectoral/ Thematic,Regular,Growth,2022-02-01,AMFI scheme master,4.68,22.092,2026-10-06,22.612,2026-09-23,18.115,2026-03-23,-0.0229966,3126.8,Kuvera (latest month),3027.43,Jul-Sep 2026,2601.45,0.020748,Harsha Upadhyaya; Abhishek Bisen,Very High Risk,0.0416824,0.189533,0.144485,0.076463,0.190022,,,0.187981,NAV history,0.137318,0.0677854,,0.159672,-0.22752,,0.782997,1.04456,0.681818,84.1,44.9,70.7,252,,2026-10-07
147724,INF174KA1EW8,Kotak Pioneer Fund,Kotak Mahindra Mutual Fund,Equity,Sectoral/Thematic,Equity Scheme - Sectoral/ Thematic,Regular,Growth,2019-10-09,AMFI scheme master,7,35.296,2026-10-06,36.199,2026-09-23,28.443,2026-03-30,-0.0249454,4280.5,Kuvera (latest month),4153.03,Jul-Sep 2026,3706.88,0.019035,Harish Bihani,Very High Risk,0.0207942,0.207072,0.0865322,0.0713195,0.188643,0.137819,,0.199806,NAV history,0.0793648,0.0664064,0.0314235,0.129472,-0.198668,-0.224804,0.954982,1.33843,0.688525,92,62.3,72.3,252,,2026-10-07
151878,INF174KA1OI6,Kotak Quant Fund,Kotak Mahindra Mutual Fund,Equity,Sectoral/Thematic,Equity Scheme - Sectoral/ Thematic,Regular,Growth,2023-07-12,AMFI scheme master,3.24,14.622,2026-10-06,15.763,2026-02-26,13.516,2026-03-23,-0.0723847,496.9,Kuvera (latest month),486.4,Jul-Sep 2026,86.89,0.02262,Harsha Upadhyaya; Abhishek Bisen; Rohit Tandon,Very High Risk,-0.0345966,0.0568847,-0.0283094,-0.0489233,0.127034,,,0.126883,NAV history,-0.0354769,0.00479683,,0.160636,-0.223858,,0.386178,0.50983,0.333333,52.2,46.4,26.4,252,,2026-10-07
153969,INF174KA1XZ1,Kotak Rural Opportunities Fund,Kotak Mahindra Mutual Fund,Equity,Sectoral/Thematic,Equity Scheme - Sectoral/ Thematic,Regular,Growth,2025-11-06,AMFI scheme master,0.92,9.144,2026-10-06,10.556,2026-02-18,8.995,2026-10-01,-0.133763,772.64,AMFI AAUM Jul-Sep 2026,772.64,Jul-Sep 2026,707.37,0.024737,,,-0.06148,-0.0156099,,,,,,-0.0870607,"NAV history (absolute, <1Y)",,,,,,,,,,,,,252,,2026-10-07
154151,INF174KA1YY2,Kotak Services Fund,Kotak Mahindra Mutual Fund,Equity,Sectoral/Thematic,Equity Scheme - Sectoral/ Thematic,Regular,Growth,2026-02-04,AMFI scheme master,0.67,10.036,2026-10-06,10.655,2026-08-03,9.564,2026-03-30,-0.0580948,750.09,AMFI AAUM Jul-Sep 2026,750.09,Jul-Sep 2026,693.98,0.02618,,,-0.0440994,0.020541,,,,,,0.00219692,"NAV history (absolute, <1Y)",,,,,,,,,,,,,252,,2026-10-07
152703,INF174KA1SC0,Kotak Special Opportunities Fund,Kotak Mahindra Mutual Fund,Equity,Sectoral/Thematic,Equity Scheme - Sectoral/ Thematic,Regular,Growth,2024-06-10,AMFI scheme master,2.32,11.435,2026-10-06,11.681,2026-09-23,8.524,2026-03-23,-0.0210598,1702.4,Kuvera (latest month),1635.13,Jul-Sep 2026,1389.54,0.022814,Abhishek Bisen; Devender Singhal,Very High Risk,0.0557659,0.278511,0.166004,0.0544769,,,,0.0604709,NAV history,0.158836,,,,,,,,0.5,,,48.9,252,,2026-10-07
152460,INF174KA1QW2,Kotak Technology Fund,Kotak Mahindra Mutual Fund,Equity,Sectoral/Thematic,Equity Scheme - Sectoral/ Thematic,Regular,Growth,2024-02-12,AMFI scheme master,2.65,10.062,2026-10-06,12.229,2025-12-22,9.206,2026-06-30,-0.177202,532.4,Kuvera (latest month),536.44,Jul-Sep 2026,441.46,0.025706,Abhishek Bisen; Shibani Kurian,Very High Risk,0.0507519,0.0294659,-0.100724,-0.10284,,,,0.00173763,NAV history,-0.107891,,,,,,,,0.2,,,14.1,252,,2026-10-07
153116,INF174KA1TV8,Kotak Transportation & Logistics Fund,Kotak Mahindra Mutual Fund,Equity,Sectoral/Thematic,Equity Scheme - Sectoral/ Thematic,Regular,Growth,2024-11-25,AMFI scheme master,1.86,11.82,2026-10-06,12.241,2026-09-23,9.821,2026-03-31,-0.0343926,539.8,Kuvera (latest month),532.76,Jul-Sep 2026,382.25,0.025694,Abhishek Bisen; Nalin Bhatt,Very High Risk,0.0392122,0.1681,0.0181756,,,,,0.0968459,NAV history,0.0110081,,,,,,,,,,,,252,,2026-10-07
134016,INF767K01NH2,LIC MF Banking and Financial Services Fund,LIC Mutual Fund,Equity,Sectoral/Thematic,Equity Scheme - Sectoral/ Thematic,Regular,Growth,2015-03-09,AMFI scheme master,11.58,20.2688,2026-10-06,22.8173,2026-01-06,19.0404,2026-03-31,-0.111692,274.5,Kuvera (latest month),270.75,Jul-Sep 2026,237.59,0.0278,Sudhanshu Asthana,Very High Risk,-0.0800332,0.0217468,-0.0448977,0.0145682,0.0494878,0.0774549,0.0693493,0.0631439,NAV history,-0.0520651,-0.0727493,-0.0289407,0.162056,-0.165528,-0.217718,-0.095721,-0.128554,0.42623,9.4,84.8,39.7,252,,2026-10-07
153950,INF767K01SA6,LIC MF Consumption Fund,LIC Mutual Fund,Equity,Sectoral/Thematic,Equity Scheme - Sectoral/ Thematic,Regular,Growth,2025-10-31,AMFI scheme master,0.93,9.295,2026-10-06,10.0416,2026-08-05,8.4913,2026-03-31,-0.0743507,463.48,AMFI AAUM Jul-Sep 2026,463.48,Jul-Sep 2026,369.19,0.0273,,,-0.0533466,0.0585716,,,,,,-0.0709924,"NAV history (absolute, <1Y)",,,,,,,,,,,,,252,,2026-10-07
152025,INF397L01LG2,LIC MF Healthcare Fund,LIC Mutual Fund,Equity,Sectoral/Thematic,Equity Scheme - Sectoral/ Thematic,Regular,Growth,2019-02-08,AMFI scheme master,7.66,32.9172,2026-10-06,34.7338,2026-08-31,26.943,2026-04-02,-0.0523006,103.1,Kuvera (latest month),99.4,Jul-Sep 2026,83.65,0.0268,Sudhanshu Asthana; Dhaval Sangoi,Very High Risk,0.0120709,0.213394,0.117273,0.06163,0.19979,,,0.18799,NAV history,0.110105,0.0775531,,0.140298,-0.15345,,0.96074,1.34001,0.75,92.8,92.8,81.2,252,,2026-10-07
107763,INF767K01501,LIC MF Infrastructure Fund,LIC Mutual Fund,Equity,Sectoral/Thematic,Equity Scheme - Sectoral/ Thematic,Regular,Growth,2008-01-31,AMFI scheme master,18.68,53.7181,2026-10-06,55.7755,2026-06-22,45.1863,2026-03-31,-0.0368872,1174,Kuvera (latest month),1158.22,Jul-Sep 2026,646.96,0.0262,Mahesh Bendre,Very High Risk,-0.0293447,0.141847,0.0746027,0.029264,0.211914,0.200401,0.161349,0.0983044,NAV history,0.0674352,0.0896773,0.094005,0.199716,-0.269174,-0.269174,0.735618,0.974419,0.852459,81.2,14.5,93.5,252,,2026-10-07
152922,INF767K01RO9,LIC MF Manufacturing Fund,LIC Mutual Fund,Equity,Sectoral/Thematic,Equity Scheme - Sectoral/ Thematic,Regular,Growth,2024-09-20,AMFI scheme master,2.05,11.3462,2026-10-06,11.6929,2026-08-13,9.1747,2026-01-27,-0.0296505,781,Kuvera (latest month),779.88,Jul-Sep 2026,601.6,0.0281,Mahesh Bendre,Very High Risk,-0.00677545,0.189628,0.119849,,,,,0.062947,NAV history,0.112682,,,,,,,,0.846154,,,92.4,252,,2026-10-07
154247,INF767K01SG3,LIC MF Technology Fund,LIC Mutual Fund,Equity,Sectoral/Thematic,Equity Scheme - Sectoral/ Thematic,Regular,Growth,2026-02-20,AMFI scheme master,0.63,10.8811,2026-10-06,11.4814,2026-08-28,9.9465,2026-03-30,-0.0522846,92.59,AMFI AAUM Jul-Sep 2026,92.59,Jul-Sep 2026,79.62,0.0281,,,0.0272069,0.0730868,,,,,,0.087099,"NAV history (absolute, <1Y)",,,,,,,,,,,,,252,,2026-10-07
152046,INF174V01BN1,Mahindra Manulife Business Cycle Fund,Mahindra Manulife Mutual Fund,Equity,Sectoral/Thematic,Equity Schemes - Thematic Fund,Regular,Growth,2023-08-21,AMFI scheme master,3.13,15.0167,2026-10-06,16.0266,2026-08-10,13.8856,2026-03-31,-0.063014,1364.4,Kuvera (latest month),1349.34,Jul-Sep 2026,1293.03,0.0242,Krishna Sanghavi; Vishal Jajoo; Renjith Radhakrishnan,Very High Risk,-0.0486788,0.0499133,0.0277879,-0.0199505,0.145341,,,0.141212,NAV history,0.0206204,0.0231042,,0.158079,-0.22003,,0.508234,0.66675,0.692308,65.9,50,73.9,252,,2026-10-07
145355,INF174V01630,Mahindra Manulife Consumption Fund,Mahindra Manulife Mutual Fund,Equity,Sectoral/Thematic,Equity Schemes - Thematic Fund,Regular,Growth,2018-10-19,AMFI scheme master,7.97,20.9663,2026-10-06,23.6382,2025-10-29,19.3222,2026-03-23,-0.113033,489.3,Kuvera (latest month),490.91,Jul-Sep 2026,478.41,0.0265,Fatema Pacha; Navin Matta,Very High Risk,-0.0387722,0.0547224,-0.0907463,-0.0747267,0.0719419,0.0892649,,0.0981343,NAV history,-0.0979137,-0.0502951,-0.0171307,0.135923,-0.243892,-0.243892,0.0510724,0.0700647,0.295082,22.5,29.7,21.7,252,,2026-10-07
154120,INF174V01CX8,Mahindra Manulife Innovation Opportunities Fund,Mahindra Manulife Mutual Fund,Equity,Sectoral/Thematic,Equity Schemes - Thematic Fund,Regular,Growth,2026-01-09,AMFI scheme master,0.74,10.5591,2026-10-06,11.2493,2026-08-27,9.1846,2026-03-23,-0.0613549,244.08,AMFI AAUM Jul-Sep 2026,244.08,Jul-Sep 2026,234.78,0.0256,,,-0.0354256,0.119854,,,,,,0.0539497,"NAV history (absolute, <1Y)",,,,,,,,,,,,,252,,2026-10-07
152671,INF174V01BZ5,Mahindra Manulife Manufacturing Fund,Mahindra Manulife Mutual Fund,Equity,Sectoral/Thematic,Equity Schemes - Thematic Fund,Regular,Growth,2024-05-31,AMFI scheme master,2.35,10.3896,2026-10-06,10.9501,2026-08-31,9.0091,2026-03-31,-0.0511867,684.4,Kuvera (latest month),672.46,Jul-Sep 2026,634.99,0.0258,Renjith Radhakrishnan; Navin Matta,Very High Risk,-0.0108911,0.126842,0.049232,0.00705695,,,,0.0157751,NAV history,0.0420645,,,,,,,,0.647059,,,66.3,252,,2026-10-07
153675,INF174V01CL3,MahindraManulife Banking & Financial Services Fund,Mahindra Manulife Mutual Fund,Equity,Sectoral/Thematic,Equity Schemes - Sectoral Fund,Regular,Growth,2025-06-27,AMFI scheme master,1.28,10.2136,2026-10-06,11.0453,2026-08-26,9.2894,2026-03-31,-0.075299,463.3,AMFI AAUM Jul-Sep 2026,463.3,Jul-Sep 2026,445.07,0.0277,,,-0.0609911,0.0525904,0.011538,,,,,0.017484,NAV history,0.0043705,,,,,,,,,,,,252,,2026-10-07
148621,INF769K01GU5,Mirae Asset Banking and Financial Services Fund,Mirae Asset Mutual Fund,Equity,Sectoral/Thematic,Equity Schemes - Thematic Fund,Regular,Growth,2020-11-25,AMFI scheme master,5.86,20.447,2026-10-06,22.637,2026-02-18,19.038,2026-03-31,-0.0967443,2356.5,Kuvera (latest month),2312.21,Jul-Sep 2026,1909.32,0.0214,Abhijith Vara,Very High Risk,-0.0663897,0.0304389,-0.0110278,0.0419143,0.0990977,0.10106,,0.130448,NAV history,-0.0181953,-0.0231394,-0.00533588,0.157407,-0.158987,-0.218791,0.216622,0.29684,0.474576,38.4,91.3,46.2,252,,2026-10-07
114931,INF769K01135,Mirae Asset Great Consumer Fund,Mirae Asset Mutual Fund,Equity,Sectoral/Thematic,Equity Schemes - Thematic Fund,Regular,Growth,2011-03-09,AMFI scheme master,15.58,89.474,2026-10-06,98.111,2025-10-20,78.884,2026-03-23,-0.0880329,4742.1,Kuvera (latest month),4668.22,Jul-Sep 2026,3828,0.0207,Siddhant Chhabria,Very High Risk,-0.0371271,0.0869312,-0.0657701,-0.0545137,0.084252,0.101772,0.137066,0.151219,NAV history,-0.0729376,-0.0379851,-0.00462363,0.136885,-0.243166,-0.243166,0.140644,0.194819,0.508197,30.4,30.4,51.1,252,,2026-10-07
143785,INF769K01EA2,Mirae Asset Healthcare Fund,Mirae Asset Mutual Fund,Equity,Sectoral/Thematic,Equity Schemes - Thematic Fund,Regular,Growth,2018-06-11,AMFI scheme master,8.32,45.084,2026-10-06,46.848,2026-09-23,36.013,2026-01-29,-0.0376537,3555.1,Kuvera (latest month),3457.59,Jul-Sep 2026,2512.62,0.0204,Vrijesh Kasera; Tanmay Mehta,Very High Risk,0.0146513,0.207198,0.173971,0.080423,0.20667,0.137333,,0.199138,NAV history,0.166803,0.0844332,0.0309379,0.140745,-0.160924,-0.190189,1.00657,1.40803,0.540984,94.2,89.9,55.4,252,,2026-10-07
153985,INF769K01PS0,Mirae Asset Infrastructure Fund,Mirae Asset Mutual Fund,Equity,Sectoral/Thematic,Equity Schemes - Thematic Fund,Regular,Growth,2025-11-17,AMFI scheme master,0.89,11.243,2026-10-06,11.504,2026-08-21,9.142,2026-03-30,-0.0226878,476.73,AMFI AAUM Jul-Sep 2026,476.73,Jul-Sep 2026,446.63,0.0264,,,0.014162,0.180615,,,,,,0.141421,"NAV history (absolute, <1Y)",,,,,,,,,,,,,252,,2026-10-07
153365,INF247L01ES9,Motilal Oswal Active Momentum Fund,Motilal Oswal Mutual Fund,Equity,Sectoral/Thematic,Equity Scheme - Sectoral/ Thematic,Regular,Growth,2025-02-24,AMFI scheme master,1.62,14.6463,2026-10-06,14.817,2026-09-11,10.6752,2026-03-31,-0.0115206,1065.83,AMFI AAUM Jul-Sep 2026,1065.83,Jul-Sep 2026,167.27,0.0316,,,0.0691432,0.333251,0.264815,,,,,0.279118,NAV history,0.257647,,,,,,,,,,,,252,,2026-10-07
153916,INF247L01GD6,Motilal Oswal Consumption Fund,Motilal Oswal Mutual Fund,Equity,Sectoral/Thematic,Equity Scheme - Sectoral/ Thematic,Regular,Growth,2025-10-01,AMFI scheme master,1.02,11.1244,2026-10-06,11.4169,2026-08-25,8.0287,2026-03-23,-0.0256199,1146.02,AMFI AAUM Jul-Sep 2026,1146.02,Jul-Sep 2026,1059.85,0.0232,,,0.0960972,0.341016,,,,,,0.104488,"NAV history (absolute, <1Y)",,,,,,,,,,,,,252,,2026-10-07
152967,INF247L01DR3,Motilal Oswal Digital India Fund - Regular Plan - IDCW,Motilal Oswal Mutual Fund,Equity,Sectoral/Thematic,Equity Scheme - Sectoral/ Thematic,Regular,Growth,2024-10-11,AMFI scheme master,1.99,10.457,2026-10-06,11.4537,2026-09-23,7.4566,2026-03-31,-0.0870199,929.6,Kuvera (latest month),936.52,Jul-Sep 2026,2.25,0.0234,Varun Sharma; Swapnil Mayekar; Rakesh Shetty; Atul Mehra,Very High Risk,0.133808,0.319545,0.0176436,,,,,0.0249618,NAV history,0.0104761,,,,,,,,0.166667,,,10.6,252,,2026-10-07
152966,INF247L01DQ5,Motilal Oswal Digital India Fund - Regular Plan- Growth,Motilal Oswal Mutual Fund,Equity,Sectoral/Thematic,Equity Scheme - Sectoral/ Thematic,Regular,Growth,2024-10-11,AMFI scheme master,1.99,10.4569,2026-10-06,11.4536,2026-09-23,7.4565,2026-03-31,-0.0870207,929.6,Kuvera (latest month),936.52,Jul-Sep 2026,572.08,0.0234,Varun Sharma; Swapnil Mayekar; Rakesh Shetty; Atul Mehra,Very High Risk,0.13381,0.319533,0.0176437,,,,,0.0249566,NAV history,0.0104763,,,,,,,,0.166667,,,10.6,252,,2026-10-07
154137,INF247L01GQ8,Motilal Oswal Financial Services Fund,Motilal Oswal Mutual Fund,Equity,Sectoral/Thematic,Equity Scheme - Sectoral/ Thematic,Regular,Growth,2026-01-27,AMFI scheme master,0.69,10.3351,2026-10-06,10.9402,2026-08-31,8.8472,2026-03-31,-0.0553098,207.42,AMFI AAUM Jul-Sep 2026,207.42,Jul-Sep 2026,148.46,0.027,,,-0.0247053,0.11813,,,,,,0.0336134,"NAV history (absolute, <1Y)",,,,,,,,,,,,,252,,2026-10-07
153482,INF247L01EZ4,Motilal Oswal Infrastructure Fund,Motilal Oswal Mutual Fund,Equity,Sectoral/Thematic,Equity Scheme - Sectoral/ Thematic,Regular,Growth,2025-04-23,AMFI scheme master,1.46,12.6894,2026-10-06,13.1727,2026-06-22,11.3216,2026-01-23,-0.0366895,149.28,AMFI AAUM Jul-Sep 2026,149.28,Jul-Sep 2026,98.54,0.0296,,,-0.0161349,0.099468,0.0457377,,,,,0.135934,NAV history,0.0385703,,,,,,,,,,,,252,,2026-10-07
153256,INF247L01EM2,Motilal Oswal Innovation Opportunities Fund,Motilal Oswal Mutual Fund,Equity,Sectoral/Thematic,Equity Scheme - Sectoral/ Thematic,Regular,Growth,2025-01-29,AMFI scheme master,1.69,14.3043,2026-10-06,15.0452,2026-09-11,10.6733,2026-03-31,-0.0492449,754.58,AMFI AAUM Jul-Sep 2026,754.58,Jul-Sep 2026,643.28,0.0257,,,0.000601579,0.296983,0.0994681,,,,,0.247998,NAV history,0.0923006,,,,,,,,,,,,252,,2026-10-07
154667,INF247L01HL7,Motilal Oswal Quality Fund,Motilal Oswal Mutual Fund,Equity,Sectoral/Thematic,Equity Schemes - Thematic Fund,Regular,Growth,2026-08-28,AMFI scheme master,0.11,9.945,2026-10-06,10.0721,2026-09-23,9.8058,2026-10-01,-0.012619,4.7,AMFI AAUM Jul-Sep 2026,4.7,Jul-Sep 2026,1.13,0.049,,,,,,,,,,-0.00969888,"NAV history (absolute, <1Y)",,,,,,,,,,,,,252,,2026-10-07
152692,INF247L01CP9,Motilal Oswal Quant Fund,Motilal Oswal Mutual Fund,Equity,Sectoral/Thematic,Equity Scheme - Sectoral/ Thematic,Regular,Growth,2024-06-03,AMFI scheme master,2.34,9.2152,2026-10-06,10.1694,2026-08-11,8.7046,2026-03-23,-0.0938305,255.8,Kuvera (latest month),249.3,Jul-Sep 2026,3.81,0.0177,Ajay Khandelwal; Ankit Agarwal; Rakesh Shetty,Very High Risk,-0.0461443,0.0252667,-0.0652249,-0.074994,,,,-0.0375298,NAV history,-0.0723924,,,,,,,,0.176471,,,12.2,252,,2026-10-07
153561,INF247L01FG1,Motilal Oswal Services Fund,Motilal Oswal Mutual Fund,Equity,Sectoral/Thematic,Equity Scheme - Sectoral/ Thematic,Regular,Growth,2025-05-20,AMFI scheme master,1.38,11.836,2026-10-06,12.004,2026-09-23,9.1118,2026-03-23,-0.0139953,129.08,AMFI AAUM Jul-Sep 2026,129.08,Jul-Sep 2026,89.74,0.0267,,,0.0508745,0.244886,0.123195,,,,,0.136153,NAV history,0.116027,,,,,,,,,,,,252,,2026-10-07
153751,INF247L01FV0,Motilal Oswal Special Opportunities Fund,Motilal Oswal Mutual Fund,Equity,Sectoral/Thematic,Equity Scheme - Sectoral/ Thematic,Regular,Growth,2025-07-25,AMFI scheme master,1.2,12.6832,2026-10-06,12.856,2026-09-23,9.38,2026-03-31,-0.0134412,90.14,AMFI AAUM Jul-Sep 2026,90.14,Jul-Sep 2026,33.6,0.0298,,,0.0807273,0.305353,0.210992,,,,,0.212324,NAV history,0.203824,,,,,,,,,,,,252,,2026-10-07
154452,INF0J8L01198,NJ Momentum Fund,NJ Mutual Fund,Equity,Sectoral/Thematic,Equity Schemes - Thematic Fund,Regular,Growth,2026-07-10,AMFI scheme master,0.24,9.9,2026-10-06,10.3,2026-08-31,9.75,2026-10-01,-0.038835,230.16,AMFI AAUM Jul-Sep 2026,230.16,Jul-Sep 2026,186.42,0.0351,,,,,,,,,,-0.0139442,"NAV history (absolute, <1Y)",,,,,,,,,,,,,252,,2026-10-07
153276,INF204KC1EH1,Nippon India Active Momentum Fund,Nippon India Mutual Fund,Equity,Sectoral/Thematic,Equity Schemes - Thematic Fund,Regular,Growth,2025-02-10,AMFI scheme master,1.65,12.3744,2026-10-06,13.3016,2026-08-25,10.744,2026-03-23,-0.0697059,535.64,AMFI AAUM Jul-Sep 2026,535.64,Jul-Sep 2026,350.01,0.0227,,,-0.0427403,0.109812,0.056377,,,,,0.144194,NAV history,0.0492095,,,,,,,,,,,,252,,2026-10-07
101862,INF204K01927,Nippon India Banking & Financial Services Fund,Nippon India Mutual Fund,Equity,Sectoral/Thematic,Equity Schemes - Sectoral Fund,Regular,Growth,2003-05-08,AMFI scheme master,23.42,615.137,2026-10-06,677.506,2026-02-18,564.036,2026-03-31,-0.0920573,7909.9,Kuvera (latest month),7795.17,Jul-Sep 2026,6062.43,0.019,Vinay Sharma; Kinjal Desai; Bhavik Dave; Amber Singhania,Very High Risk,-0.0671423,0.0499306,-0.0240889,0.0287124,0.0983978,0.113576,0.117766,0.192355,Launch NAV Rs 10 assumed (pre-2006 NAV not in AMFI history),-0.0312563,-0.0238393,0.00718086,0.15352,-0.167482,-0.191457,0.217548,0.299,0.57377,39.1,81.9,59,252,,2026-10-07
102751,INF204K01AQ4,Nippon India Consumption Fund,Nippon India Mutual Fund,Equity,Sectoral/Thematic,Equity Schemes - Thematic Fund,Regular,Growth,2004-09-16,AMFI scheme master,22.06,183.153,2026-10-06,205.935,2025-10-17,165.607,2026-03-31,-0.110628,2452.3,Kuvera (latest month),2439.51,Jul-Sep 2026,2157.48,0.0219,Kinjal Desai; Amber Singhania,Very High Risk,-0.049539,0.068663,-0.092774,-0.0703097,0.0729521,0.100102,0.112197,0.140937,Launch NAV Rs 10 assumed (pre-2006 NAV not in AMFI history),-0.0999414,-0.049285,-0.00629357,0.130176,-0.254901,-0.254901,0.0610874,0.0849922,0.459016,24.6,21.7,44.8,252,,2026-10-07
152034,INF204KC1BL9,Nippon India Innovation Fund,Nippon India Mutual Fund,Equity,Sectoral/Thematic,Equity Scheme - Sectoral/ Thematic,Regular,Growth,2023-08-09,AMFI scheme master,3.16,14.4694,2026-10-06,15.3553,2026-08-25,12.2148,2026-03-31,-0.0576934,3107.7,Kuvera (latest month),3018.68,Jul-Sep 2026,2693.4,0.0208,Vinay Sharma; Kinjal Desai; Rishit Parikh; Amber Singhania,Very High Risk,-0.0041227,0.138848,-0.00793275,-0.00257479,0.123411,,,0.123696,NAV history,-0.0151002,0.00117413,,0.142426,-0.219198,,0.410117,0.559691,0.384615,55.1,51.4,30.2,252,,2026-10-07
130863,INF204KA1SH3,Nippon India Japan Equity Fund,Nippon India Mutual Fund,Equity,Sectoral/Thematic,Equity Schemes - Thematic Fund,Regular,Growth,2014-08-08,AMFI scheme master,12.16,28.8845,2026-10-06,28.8845,2026-10-06,21.5916,2025-11-20,0,352.5,Kuvera (latest month),347.48,Jul-Sep 2026,87.16,0.025,Kinjal Desai; Amber Singhania,Very High Risk,0.0367285,0.186963,0.278737,0.221749,0.233762,0.110525,0.10628,0.0921727,NAV history,0.27157,0.111525,0.00412896,0.189501,-0.162472,-0.28673,0.890562,1.27577,0.344262,90.6,88.4,27.4,252,,2026-10-07
153691,INF204KC1FO4,Nippon India MNC Fund,Nippon India Mutual Fund,Equity,Sectoral/Thematic,Equity Schemes - Thematic Fund,Regular,Growth,2025-07-02,AMFI scheme master,1.26,10.1284,2026-10-06,11.1945,2026-08-10,9.4459,2026-03-31,-0.0952343,431.25,AMFI AAUM Jul-Sep 2026,431.25,Jul-Sep 2026,362.45,0.0253,,,-0.0635898,0.0503261,-0.0394613,,,,,0.0222427,NAV history,-0.0466288,,,,,,,,,,,,252,,2026-10-07
102431,INF204K01968,Nippon India Pharma Fund,Nippon India Mutual Fund,Equity,Sectoral/Thematic,Equity Schemes - Sectoral Fund,Regular,Growth,2004-05-10,AMFI scheme master,22.41,557.555,2026-10-06,581.042,2026-08-31,481.825,2026-01-29,-0.0404221,9479,Kuvera (latest month),9271.7,Jul-Sep 2026,6533.76,0.0184,Sailesh Raj Bhan; Kinjal Desai; Amber Singhania,Very High Risk,-0.0128894,0.147309,0.104329,0.0384989,0.169893,0.124969,0.143934,0.196565,Launch NAV Rs 10 assumed (pre-2006 NAV not in AMFI history),0.0971615,0.0476563,0.0185732,0.12923,-0.148439,-0.190876,0.811682,1.14767,0.557377,87.7,96.4,57.1,252,,2026-10-07
101262,INF204K01AE0,Nippon India Power & Infra Fund,Nippon India Mutual Fund,Equity,Sectoral/Thematic,Equity Schemes - Sectoral Fund,Regular,Growth,2004-03-29,AMFI scheme master,22.52,370.567,2026-10-06,392.052,2026-06-22,321.407,2026-01-23,-0.0548022,8136.7,Kuvera (latest month),8072.62,Jul-Sep 2026,5916,0.0195,Kinjal Desai; Rahul Modi; Amber Singhania,Very High Risk,-0.0349499,0.112792,0.0632937,0.00549074,0.165963,0.187349,0.167186,0.17398,Launch NAV Rs 10 assumed (pre-2006 NAV not in AMFI history),0.0561263,0.0437255,0.0809529,0.17876,-0.258337,-0.258337,0.564793,0.74602,0.786885,73.9,17.4,85.9,252,,2026-10-07
108249,INF204K01760,Nippon India Quant Fund,Nippon India Mutual Fund,Equity,Sectoral/Thematic,Equity Scheme - Sectoral/ Thematic,Regular,Growth,2008-04-18,AMFI scheme master,18.47,69.537,2026-10-06,75.7234,2026-02-11,66.2066,2026-03-31,-0.0816973,116.4,Kuvera (latest month),115.22,Jul-Sep 2026,63.2,0.0131,Kinjal Desai; Shirish Guthe; Amber Singhania,Very High Risk,-0.0573427,0.0194262,-0.0302228,-0.0125078,0.119268,0.118155,0.129304,0.109762,NAV history,-0.0373903,-0.00296955,0.0117598,0.150761,-0.171086,-0.174008,0.359958,0.480892,0.770492,50,77.5,84.2,252,,2026-10-07
149328,INF204KC1279,Nippon India Taiwan Equity Fund,Nippon India Mutual Fund,Equity,Sectoral/Thematic,Equity Schemes - Thematic Fund,Regular,Growth,2021-11-22,AMFI scheme master,4.87,37.6804,2026-10-06,38.1082,2026-06-03,15.9159,2025-10-14,-0.0112259,1128.2,Kuvera (latest month),1100.35,Jul-Sep 2026,609.72,0.0234,Kinjal Desai; Amber Singhania,Very High Risk,0.0565773,0.507132,1.25146,0.846558,0.612048,,,0.324308,NAV history,1.24429,0.489811,,0.359729,-0.377925,,1.52072,2.21021,0.638298,99.3,1.4,64.7,252,,2026-10-07
134922,INF204KA12G2,Nippon India US Equity Opportunities Fund,Nippon India Mutual Fund,Equity,Sectoral/Thematic,Equity Schemes - Thematic Fund,Regular,Growth,2015-07-03,AMFI scheme master,11.26,43.2204,2026-10-06,43.2356,2026-08-28,34.5369,2026-03-27,-0.000351562,810.3,Kuvera (latest month),794.18,Jul-Sep 2026,448.41,0.0238,Kinjal Desai; Amber Singhania,Very High Risk,0.0522774,0.214288,0.154283,0.160365,0.200341,0.115309,0.153738,0.142773,NAV history,0.147116,0.0781039,0.00891361,0.156165,-0.188035,-0.255426,0.866651,1.23459,0.393443,89.9,67.4,32.6,252,,2026-10-07
153040,INF663L01Z52,PGIM India Healthcare Fund,PGIM India Mutual Fund,Equity,Sectoral/Thematic,Equity Schemes - Thematic Fund,Regular,Growth,2024-11-19,AMFI scheme master,1.88,11.86,2026-10-06,12.37,2026-08-31,9.23,2026-01-29,-0.0412288,125.1,Kuvera (latest month),118.25,Jul-Sep 2026,107.62,0.0265,Puneet Pal; Anandha Padmanabhan Anjeneyan; Utsav Mehta; Vivek Sharma,Very High Risk,0.0322019,0.2537,0.220165,,,,,0.0995891,NAV history,0.212997,,,,,,,,,,,,252,,2026-10-07
147371,INF082J01390,QUANTUM ESG BEST IN CLASS STRATEGY FUND,Quantum Mutual Fund,Equity,Sectoral/Thematic,Equity Scheme - Sectoral/ Thematic,Regular,Growth,2019-06-21,AMFI scheme master,7.3,22.04,2026-10-06,24.46,2026-01-02,20.35,2026-03-30,-0.098937,95.7,Kuvera (latest month),94.22,Jul-Sep 2026,14.25,0.0224,Chirag Mehta; Rajorshi Palit,Very High Risk,-0.0404876,0.0430667,-0.07821,-0.0606886,0.0546174,0.0513295,,0.115399,NAV history,-0.0853774,-0.0676197,-0.0550661,0.134117,-0.214589,-0.214589,-0.0774145,-0.104787,0.0655738,10.1,54.3,2.7,252,,2026-10-07
106170,INF966L01523,Quant Infrastructure Fund,quant Mutual Fund,Equity,Sectoral/Thematic,Equity Scheme - Sectoral/ Thematic,Regular,Growth,2007-07-26,AMFI scheme master,19.2,40.5567,2026-10-06,42.3132,2026-07-14,31.778,2026-03-31,-0.0415119,3163.7,Kuvera (latest month),3175.92,Jul-Sep 2026,745.64,0.0227,Jignesh Shah; Sanjeev Sharma; Ankit A. Pande; Sandeep Tandon; Varun Pattani; Sameer Kate; Ayusha Kumbhat; Yug Tibrewal,Very High Risk,-0.0365573,0.20332,0.0655347,-0.0139765,0.156959,0.158833,0.188246,0.0734787,NAV history,0.0583672,0.0347217,0.0524374,0.203403,-0.282808,-0.282808,0.452102,0.605886,0.622951,60.9,10.9,64.1,252,,2026-10-07
153095,INF082J01481,Quantum Ethical Fund,Quantum Mutual Fund,Equity,Sectoral/Thematic,Equity Scheme - Sectoral/ Thematic,Regular,Growth,2024-12-02,AMFI scheme master,1.85,9.52,2026-10-06,10.18,2026-08-10,8.49,2026-03-30,-0.064833,127,Kuvera (latest month),122.88,Jul-Sep 2026,57.39,0.0233,Chirag Mehta,Moderately High Risk,-0.00833333,0.0818182,-0.0315361,,,,,-0.0270573,NAV history,-0.0387036,,,,,,,,,,,,252,,2026-10-07
152658,INF200KB1159,SBI Automotive Opportunities Fund,SBI Mutual Fund,Equity,Sectoral/Thematic,Equity Scheme - Sectoral/ Thematic,Regular,Growth,2024-05-17,AMFI scheme master,2.39,12.7426,2026-10-06,13.7833,2026-08-20,10.1948,2026-03-23,-0.0755044,6348.9,Kuvera (latest month),5933.23,Jul-Sep 2026,4867.81,0.0199,Tanmaya Desai,Very High Risk,0.0386606,0.222101,0.185479,0.0890404,,,,0.0925649,NAV history,0.178312,,,,,,,,0.823529,,,88.6,252,,2026-10-07
133858,INF200KA1473,SBI BANKING & FINANCIAL SERVICES FUND,SBI Mutual Fund,Equity,Sectoral/Thematic,Equity Scheme - Sectoral/ Thematic,Regular,Growth,2015-02-11,AMFI scheme master,11.65,41.6757,2026-10-06,47.0007,2026-02-12,39.4006,2026-03-31,-0.113296,10872.9,Kuvera (latest month),10818.4,Jul-Sep 2026,5481.81,0.0216,Milind Agrawal,Very High Risk,-0.0671067,0.0225083,-0.0411995,0.0470623,0.133469,0.103994,0.132114,0.128782,NAV history,-0.048367,0.0112315,-0.00240146,0.156203,-0.161702,-0.220351,0.438331,0.59732,0.42623,58.7,89.1,39.7,252,,2026-10-07
103145,INF200K01339,SBI COMMA FUND,SBI Mutual Fund,Equity,Sectoral/Thematic,Equity Scheme - Sectoral/ Thematic,Regular,Growth,2005-06-30,AMFI scheme master,21.27,112.979,2026-10-06,119.838,2026-09-04,103.935,2025-12-09,-0.0572389,1236.5,Kuvera (latest month),1202.32,Jul-Sep 2026,745.25,0.0229,Dinesh Balachandran,Very High Risk,-0.0213321,0.0450357,0.0674047,0.0210112,0.142056,0.0872554,0.136882,0.120758,Launch NAV Rs 10 assumed (pre-2006 NAV not in AMFI history),0.0602372,0.0198194,-0.0191402,0.180992,-0.220983,-0.26495,0.425744,0.553291,0.508197,57.2,48.6,51.1,252,,2026-10-07
120576,INF200K01VR6,SBI CONSUMPTION OPPORTUNITIES FUND,SBI Mutual Fund,Equity,Sectoral/Thematic,Equity Scheme - Sectoral/ Thematic,Regular,Growth,1993-01-01,AMFI scheme master,33.76,270.38,2026-10-06,315.914,2025-10-29,259.492,2026-03-23,-0.144135,2826.8,Kuvera (latest month),2859.29,Jul-Sep 2026,1947.11,0.0216,Ashit Desai,Very High Risk,-0.072232,-0.00356885,-0.125748,-0.11549,0.0351964,0.0970223,0.123502,0.129999,NAV history,-0.132916,-0.0870406,-0.00937332,0.130422,-0.270618,-0.270618,-0.228516,-0.308808,0.47541,4.3,13.8,47,252,,2026-10-07
104523,INF200K01214,SBI ESG Exclusionary Strategy Fund,SBI Mutual Fund,Equity,Sectoral/Thematic,Equity Scheme - Sectoral/ Thematic,Regular,Growth,1993-10-29,AMFI scheme master,32.94,227.646,2026-10-06,249.511,2026-01-06,210.469,2026-03-31,-0.08763,5355.9,Kuvera (latest month),5304.37,Jul-Sep 2026,3839.79,0.0202,Rohit Shimpi,Very High Risk,-0.0525512,0.043238,-0.0530131,-0.0280222,0.0722849,0.0688263,0.104021,0.11237,NAV history,-0.0601806,-0.0499522,-0.0375693,0.131752,-0.162756,-0.197477,0.0552922,0.0756289,0.262295,23.2,87.7,17.4,252,,2026-10-07
152418,INF200KB1092,SBI Energy Opportunities Fund,SBI Mutual Fund,Equity,Sectoral/Thematic,Equity Scheme - Sectoral/ Thematic,Regular,Growth,2024-02-06,AMFI scheme master,2.67,10.6284,2026-10-06,11.4894,2026-06-22,9.7228,2026-03-23,-0.0749386,8326.2,Kuvera (latest month),8466.41,Jul-Sep 2026,7055.02,0.0187,Raj gandhi,Very High Risk,-0.0479074,0.0664981,0.00622,-0.0410284,,,,0.0201782,NAV history,-0.000947469,,,,,,,,0.4,,,34.8,252,,2026-10-07
146644,INF200KA1A48,SBI Equity Minimum Variance Fund,SBI Mutual Fund,Equity,Sectoral/Thematic,Equity Scheme - Sectoral/ Thematic,Regular,Growth,2019-03-02,AMFI scheme master,7.6,22.4497,2026-10-06,24.9564,2025-11-26,21.7068,2026-03-31,-0.100443,207.9,Kuvera (latest month),208.53,Jul-Sep 2026,131.19,0.0085,Sukanya Ghosh,Very High Risk,-0.0724184,0.0155524,-0.0646504,-0.0648845,0.0580074,0.0696971,,0.114204,NAV history,-0.0718179,-0.0642296,-0.0366985,0.115357,-0.204584,-0.204584,-0.0606171,-0.0835617,0.229508,10.9,59.4,15.2,252,,2026-10-07
102823,INF200K01446,SBI HEALTHCARE OPPORTUNITIES FUND,SBI Mutual Fund,Equity,Sectoral/Thematic,Equity Scheme - Sectoral/ Thematic,Regular,Growth,1993-01-01,AMFI scheme master,33.76,503.976,2026-10-06,527.389,2026-09-21,402.115,2026-01-21,-0.0443933,5796.4,Kuvera (latest month),5565.35,Jul-Sep 2026,3377.84,0.0198,Tanmaya Desai,Very High Risk,0.00943223,0.22805,0.178768,0.0999387,0.218515,0.166999,0.133353,0.12312,Launch NAV Rs 10 assumed (pre-2006 NAV not in AMFI history),0.1716,0.0962779,0.0606039,0.129258,-0.13634,-0.17831,1.18767,1.66286,0.57377,97.8,100,59,252,,2026-10-07
106096,INF200K01CT2,SBI INFRASTRUCTURE FUND,SBI Mutual Fund,Equity,Sectoral/Thematic,Equity Scheme - Sectoral/ Thematic,Regular,Growth,2007-05-11,AMFI scheme master,19.41,48.892,2026-10-06,52.0116,2026-06-22,43.3899,2026-03-31,-0.0599789,4810.3,Kuvera (latest month),4868.22,Jul-Sep 2026,3795.58,0.0206,Bhavin Vithlani,Very High Risk,-0.0459707,0.0905263,0.00947493,-0.0435844,0.11331,0.145649,0.140995,0.0554078,NAV history,0.00230746,-0.00892712,0.0392532,0.146024,-0.234979,-0.234979,0.330836,0.439744,0.688525,45.7,37.7,72.3,252,NAV history rebased (face value change),2026-10-07
152774,INF200KB1290,SBI Innovative Opportunities Fund,SBI Mutual Fund,Equity,Sectoral/Thematic,Equity Scheme - Sectoral/ Thematic,Regular,Growth,2024-07-29,AMFI scheme master,2.19,10.5104,2026-10-06,10.9148,2026-08-31,8.131,2026-03-31,-0.0370506,5493.2,Kuvera (latest month),5280.64,Jul-Sep 2026,4671.76,0.0202,Vivek Gedda,Very High Risk,0.0712546,0.251521,0.0681952,0.0200691,,,,0.0209641,NAV history,0.0610277,,,,,,,,0.266667,,,18.5,252,,2026-10-07
103034,INF200K01271,SBI MNC FUND,SBI Mutual Fund,Equity,Sectoral/Thematic,Equity Scheme - Sectoral/ Thematic,Regular,Growth,2005-06-06,AMFI scheme master,21.34,401.712,2026-10-06,420.002,2026-08-31,328.667,2026-03-23,-0.0435493,6717.6,Kuvera (latest month),6504.22,Jul-Sep 2026,5371.73,0.02,Tanmaya Desai,Very High Risk,0.0153524,0.198955,0.148674,0.0319505,0.0624476,0.0734211,0.102917,0.125916,Since Apr-2006 (earlier NAV not in AMFI history),0.141507,-0.0597894,-0.0329744,0.11753,-0.157551,-0.190603,-0.0217168,-0.0297674,0.295082,13.8,92,21.7,252,,2026-10-07
113099,INF200K01BC0,SBI PSU FUND,SBI Mutual Fund,Equity,Sectoral/Thematic,Equity Scheme - Sectoral/ Thematic,Regular,Growth,2010-05-17,AMFI scheme master,16.39,32.6382,2026-10-06,37.3026,2026-02-26,32.2543,2026-10-01,-0.125042,6703.1,Kuvera (latest month),6655.05,Jul-Sep 2026,2526.55,0.0194,Rohit Shimpi,Very High Risk,-0.0557907,-0.0310157,-0.000918324,-0.00844617,0.174177,0.198421,0.122112,0.0751168,NAV history,-0.00808579,0.0519404,0.0920254,0.207877,-0.24592,-0.24592,0.525201,0.684237,0.836066,67.4,29,90.2,252,,2026-10-07
154175,INF200KB1AD3,SBI Quality Fund,SBI Mutual Fund,Equity,Sectoral/Thematic,Equity Scheme - Sectoral/ Thematic,Regular,Growth,2026-01-28,AMFI scheme master,0.69,10.5431,2026-10-06,11.0514,2026-08-31,9.0554,2026-03-31,-0.0459942,2555.53,AMFI AAUM Jul-Sep 2026,2555.53,Jul-Sep 2026,2323.22,0.0241,,,0.0164669,0.119284,,,,,,0.0576946,"NAV history (absolute, <1Y)",,,,,,,,,,,,,252,,2026-10-07
153153,INF200KB1472,SBI Quant Fund,SBI Mutual Fund,Equity,Sectoral/Thematic,Equity Scheme - Sectoral/ Thematic,Regular,Growth,2024-12-04,AMFI scheme master,1.84,8.9622,2026-10-06,10.6759,2026-02-11,8.8435,2026-10-01,-0.16052,2921.3,Kuvera (latest month),2910.2,Jul-Sep 2026,2545.12,0.0262,Sukanya Ghosh,Very High Risk,-0.0778681,-0.0541114,-0.0706968,,,,,-0.0594139,NAV history,-0.0778643,,,,,,,,,,,,252,,2026-10-07
120577,INF200K01VS4,SBI TECHNOLOGY OPPORTUNITIES FUND,SBI Mutual Fund,Equity,Sectoral/Thematic,Equity Scheme - Sectoral/ Thematic,Regular,Growth,1993-01-01,AMFI scheme master,33.76,193.387,2026-10-06,235.121,2025-12-22,177.278,2026-06-30,-0.1775,4487.8,Kuvera (latest month),4412.07,Jul-Sep 2026,2556.99,0.0198,Vivek Gedda,Very High Risk,0.0544334,0.048911,-0.0975452,-0.0529725,0.067356,0.0526497,0.156636,0.167894,NAV history,-0.104713,-0.0548811,-0.0537458,0.153233,-0.246016,-0.260398,0.0153751,0.0218271,0.393443,17.4,28.3,32.6,252,,2026-10-07
151752,INF0K1H01073,Samco Active Momentum Fund,Samco Mutual Fund,Equity,Sectoral/Thematic,Equity Schemes - Thematic Fund,Regular,Growth,2023-06-15,AMFI scheme master,3.31,15.65,2026-10-06,15.93,2026-09-11,11.75,2026-03-23,-0.0175769,751.8,Kuvera (latest month),728.37,Jul-Sep 2026,641.82,0.0332,Nirali Bhansali; Dhawal Dhanani; Umeshkumar Mehta; Vishal Shinde,Very High Risk,0.0905923,0.299834,0.163569,0.0342726,0.143741,,,0.147727,NAV history,0.156401,0.0215036,,0.165314,-0.262861,,0.47631,0.612454,0.321429,64.5,15.2,24.5,252,,2026-10-07
149449,INF0K1H01016,Samco Flexi Cap Fund,Samco Mutual Fund,Equity,Sectoral/Thematic,Equity Schemes - Thematic Fund,Regular,Growth,2022-01-17,AMFI scheme master,4.72,9.37,2026-10-06,10.31,2025-10-27,8.71,2026-03-23,-0.0911736,261.6,Kuvera (latest month),261.59,Jul-Sep 2026,235.49,0.0321,Nirali Bhansali; Dhawal Dhanani; Umeshkumar Mehta; Vishal Shinde,Very High Risk,-0.0516194,0.0422692,-0.0786627,-0.124343,-0.0500375,,,-0.0132469,NAV history,-0.0858302,-0.172275,,0.176665,-0.315789,,-0.651161,-0.829615,0,1.4,5.1,0.8,252,,2026-10-07
152587,INF0K1H01172,Samco Special Opportunities Fund,Samco Mutual Fund,Equity,Sectoral/Thematic,Equity Schemes - Thematic Fund,Regular,Growth,2024-05-17,AMFI scheme master,2.39,9.29,2026-10-06,9.29,2026-09-23,7.15,2026-03-23,0,127,Kuvera (latest month),125.34,Jul-Sep 2026,107.64,0.034,Nirali Bhansali; Dhawal Dhanani; Umeshkumar Mehta; Vishal Shinde,Very High Risk,0.0865497,0.252022,0.0605023,-0.0337348,,,,-0.046028,NAV history,0.0533348,,,,,,,,0.176471,,,12.2,252,,2026-10-07
153077,INF680P01463,Shriram Multi Sector Rotation Fund,Shriram Mutual Fund,Equity,Sectoral/Thematic,Equity Scheme - Sectoral/ Thematic,Regular,Growth,2024-11-18,AMFI scheme master,1.88,7.6783,2026-10-06,8.2725,2026-08-07,6.9335,2026-03-31,-0.0718283,162.6,Kuvera (latest month),163.31,Jul-Sep 2026,148.73,0.0271,Prateek Nigudkar; Hitesh Savanth,Very High Risk,-0.0505966,0.0635354,-0.0186096,,,,,-0.135097,NAV history,-0.0257771,,,,,,,,,,,,252,,2026-10-07
152678,INF903JA1LN3,Sundaram Business Cycle Fund,Sundaram Mutual Fund,Equity,Sectoral/Thematic,Equity Scheme - Sectoral/ Thematic,Regular,Growth,2024-06-05,AMFI scheme master,2.34,10.9798,2026-10-06,11.6976,2026-08-31,9.0292,2026-03-31,-0.061363,1747.1,Kuvera (latest month),1709.48,Jul-Sep 2026,1581.09,0.0255,Sandeep Agarwal; Madanagopal Ramu; Shalav Saket,Very High Risk,-0.00932944,0.172329,-0.0118259,0.011479,,,,0.0412803,NAV history,-0.0189934,,,,,,,,0.294118,,,20.7,252,,2026-10-07
102142,INF903J01561,Sundaram Consumption Fund (Formerly Known as Sundaram Rural and Consumption Fund),Sundaram Mutual Fund,Equity,Sectoral/Thematic,Equity Scheme - Sectoral/ Thematic,Regular,Growth,2006-03-20,AMFI scheme master,20.55,90.1424,2026-10-06,102.124,2025-10-29,80.85,2026-03-23,-0.117325,1516.3,Kuvera (latest month),1482.03,Jul-Sep 2026,1258.6,0.0256,Rohit Seksaria; Shalav Saket; Anuj Bansal,Very High Risk,-0.0286641,0.0732171,-0.0881914,-0.0642114,0.0645698,0.0909681,0.0996622,0.114368,NAV history,-0.0953589,-0.0576672,-0.0154275,0.132988,-0.247288,-0.247288,-0.00323456,-0.00449667,0.409836,15.2,26.1,35.9,252,,2026-10-07
109059,INF903J01629,Sundaram Financial Services Opportunities Fund,Sundaram Mutual Fund,Equity,Sectoral/Thematic,Equity Scheme - Sectoral/ Thematic,Regular,Growth,2008-05-10,AMFI scheme master,18.41,103.992,2026-10-06,112.988,2026-02-18,93.382,2026-03-31,-0.0796232,1722,Kuvera (latest month),1691.24,Jul-Sep 2026,1444.02,0.0219,Rohit Seksaria; Shalav Saket,Very High Risk,-0.0602363,0.0570205,0.00886121,0.023312,0.0994438,0.114858,0.124821,0.136212,NAV history,0.00169374,-0.0227933,0.00846242,0.16773,-0.173526,-0.208352,0.205352,0.280176,0.57377,36.2,75.4,59,252,,2026-10-07
129213,INF903J01F68,Sundaram Infrastructure Advantage Fund (Erstwhile Sundaram Capex Opportunities),Sundaram Mutual Fund,Equity,Sectoral/Thematic,Equity Scheme - Sectoral/ Thematic,Regular,Growth,2005-08-10,AMFI scheme master,21.16,96.7673,2026-10-06,105.992,2026-06-22,89.8112,2026-03-23,-0.0870303,971.1,Kuvera (latest month),971.67,Jul-Sep 2026,813.11,0.0232,Siddarth Mohta; Shalav Saket,Very High Risk,-0.0626584,0.0502693,0.017362,0.000931884,0.139944,0.138013,0.133047,0.149789,NAV history,0.0101945,0.0177069,0.0316169,0.169752,-0.228156,-0.228156,0.441492,0.575441,0.836066,59.4,43.5,90.2,252,,2026-10-07
153667,INF903JA1LY0,Sundaram Multi-Factor Fund,Sundaram Mutual Fund,Equity,Sectoral/Thematic,Equity Scheme - Sectoral/ Thematic,Regular,Growth,2025-07-02,AMFI scheme master,1.26,9.3101,2026-10-06,10.6789,2026-01-02,9.0532,2026-03-31,-0.128178,873.98,AMFI AAUM Jul-Sep 2026,873.98,Jul-Sep 2026,807.75,0.0312,,,-0.0476575,-0.00622305,-0.0845796,,,,,-0.058521,NAV history,-0.0917471,,,,,,,,,,,,252,,2026-10-07
144838,INF903JA1EX7,Sundaram Services Fund,Sundaram Mutual Fund,Equity,Sectoral/Thematic,Equity Scheme - Sectoral/ Thematic,Regular,Growth,2018-08-29,AMFI scheme master,8.11,35.1637,2026-10-06,37.4801,2026-08-25,30.2628,2026-03-31,-0.0618035,5262.2,Kuvera (latest month),5169.92,Jul-Sep 2026,4674.28,0.0194,Rohit Seksaria; Shalav Saket,Very High Risk,-0.0277139,0.116889,-0.00679859,0.0243394,0.116972,0.110114,,0.169256,NAV history,-0.0139661,-0.0052646,0.00371875,0.141075,-0.174458,-0.180855,0.368403,0.503209,0.42623,50.7,74.6,39.7,252,,2026-10-07
150537,INF277KA1521,TATA HOUSING OPPORTUNITIES FUND,Tata Mutual Fund,Equity,Sectoral/Thematic,Equity Scheme - Sectoral/ Thematic,Regular,Growth,2022-08-16,AMFI scheme master,4.14,14.2998,2026-10-06,15.5116,2025-10-29,12.6642,2026-03-31,-0.0781222,478.3,Kuvera (latest month),479.81,Jul-Sep 2026,428.82,0.0261,Murthy Nagarajan; Aditya Bagul; Kapil Malhotra; Hasmukh Vishariya,Very High Risk,-0.0579345,0.0920796,-0.0458658,-0.0693758,0.0496038,,,0.0901571,NAV history,-0.0530333,-0.0726333,,0.159783,-0.258896,,-0.096357,-0.126655,0.157895,8.7,16.7,8.7,252,,2026-10-07
153897,INF2F0001248,THE WEALTH COMPANY ETHICAL FUND,The Wealth Company Mutual Fund,Equity,Sectoral/Thematic,Equity Scheme - Sectoral/ Thematic,Regular,Growth,2025-09-24,AMFI scheme master,1.03,9.3702,2026-10-06,10.04,2025-10-27,8.5219,2026-03-23,-0.0667131,40.1,AMFI AAUM Jul-Sep 2026,40.1,Jul-Sep 2026,5.62,0.0276,,,-0.0297288,0.057346,,,,,,-0.0639161,"NAV history (absolute, <1Y)",,,,,,,,,,,,,252,,2026-10-07
135794,INF277K01Y86,Tata Banking & Financial Services Fund,Tata Mutual Fund,Equity,Sectoral/Thematic,Equity Scheme - Sectoral/ Thematic,Regular,Growth,2015-12-04,AMFI scheme master,10.84,42.0342,2026-10-06,46.3097,2026-02-18,38.6226,2026-03-31,-0.0923241,3300.8,Kuvera (latest month),3210.96,Jul-Sep 2026,2181.59,0.0223,Kapil Malhotra,Very High Risk,-0.0610932,0.0421737,-0.0286904,0.0321209,0.0900797,0.09802,0.123215,0.142123,NAV history,-0.0358579,-0.0321574,-0.00837555,0.155727,-0.165993,-0.239252,0.161048,0.217404,0.442623,31.9,82.6,42.9,252,,2026-10-07
149068,INF277KA1190,Tata Business Cycle Fund,Tata Mutual Fund,Equity,Sectoral/Thematic,Equity Scheme - Sectoral/ Thematic,Regular,Growth,2021-07-16,AMFI scheme master,5.23,18.0834,2026-10-06,19.4248,2026-08-03,16.4505,2026-03-31,-0.0690561,2602.3,Kuvera (latest month),2603.58,Jul-Sep 2026,2341.82,0.0218,Murthy Nagarajan; Rahul Singh; Sailesh Jain; Hasmukh Vishariya,Very High Risk,-0.0689075,0.0646563,-0.0318809,-0.0478399,0.087019,0.117117,,0.122195,NAV history,-0.0390484,-0.0352181,0.0107214,0.148514,-0.204995,-0.204995,0.148262,0.195216,0.509804,31.2,58.7,52.7,252,,2026-10-07
135797,INF277K01Z44,Tata Digital India Fund,Tata Mutual Fund,Equity,Sectoral/Thematic,Equity Scheme - Sectoral/ Thematic,Regular,Growth,2015-12-04,AMFI scheme master,10.84,39.0415,2026-10-06,50.2837,2025-12-22,37.3305,2026-03-31,-0.223575,10322,Kuvera (latest month),9957.05,Jul-Sep 2026,4472.94,0.0176,Meeta Shetty; Hasmukh Vishariya,Very High Risk,0.0105294,0.000179329,-0.146287,-0.133034,0.0223319,0.00873635,0.153414,0.134763,NAV history,-0.153454,-0.0999051,-0.0976592,0.182405,-0.343368,-0.343368,-0.23392,-0.331606,0.327869,2.9,2.9,25.5,252,,2026-10-07
100415,INF277K01956,Tata Ethical Fund,Tata Mutual Fund,Equity,Sectoral/Thematic,Equity Scheme - Sectoral/ Thematic,Regular,Growth,2006-04-03,Before Apr-2006 (AMFI history starts 03-Apr-2006),20.51,343.818,2026-10-06,395.948,2026-01-07,334.694,2026-03-31,-0.131659,3860.8,Kuvera (latest month),3797.63,Jul-Sep 2026,2208.99,0.0197,Abhinav Sharma,Very High Risk,-0.0356856,0.00431001,-0.0971913,-0.10048,0.0267239,0.0416515,0.0958686,0.105362,Since Apr-2006 (earlier NAV not in AMFI history),-0.104359,-0.0955132,-0.0647441,0.127046,-0.233216,-0.233216,-0.301278,-0.400742,0.163934,2.2,40.6,9.5,252,,2026-10-07
135804,INF277K010A2,Tata India Consumer Fund,Tata Mutual Fund,Equity,Sectoral/Thematic,Equity Scheme - Sectoral/ Thematic,Regular,Growth,2015-12-04,AMFI scheme master,10.84,45.7568,2026-10-06,48.9634,2026-08-25,38.3563,2026-03-31,-0.0654897,2900.9,Kuvera (latest month),2819.5,Jul-Sep 2026,2162.67,0.0212,Sonam Udasi; Aditya Bagul,Very High Risk,-0.0214877,0.15022,0.0138978,-0.0118688,0.120553,0.113449,0.146653,0.151149,NAV history,0.00673028,-0.00168416,0.00705313,0.141302,-0.219488,-0.219488,0.39315,0.547264,0.508197,53.6,50.7,51.1,252,,2026-10-07
153059,INF277KA1CR8,Tata India Innovation Fund,Tata Mutual Fund,Equity,Sectoral/Thematic,Equity Scheme - Sectoral/ Thematic,Regular,Growth,2024-11-11,AMFI scheme master,1.9,9.7558,2026-10-06,10.3293,2026-08-25,8.3289,2026-03-23,-0.0555217,1345.7,Kuvera (latest month),1347.6,Jul-Sep 2026,1241.31,0.0236,Meeta Shetty; Hasmukh Vishariya,Very High Risk,-0.0227293,0.135597,-0.00726555,,,,,-0.0205946,NAV history,-0.014433,,,,,,,,,,,,252,,2026-10-07
135812,INF277K016A9,Tata India Pharma & Healthcare Fund,Tata Mutual Fund,Equity,Sectoral/Thematic,Equity Scheme - Sectoral/ Thematic,Regular,Growth,2015-12-04,AMFI scheme master,10.84,32.1,2026-10-06,34.0013,2026-08-11,27.913,2026-04-02,-0.0559185,1565.2,Kuvera (latest month),1534.43,Jul-Sep 2026,977.34,0.0241,Rajat Srivastava,Very High Risk,-0.0248348,0.143875,0.0544642,0.0203277,0.17126,0.124937,0.12884,0.114003,NAV history,0.0472968,0.0490226,0.0185415,0.131656,-0.169937,-0.169937,0.807101,1.13139,0.557377,86.2,79,57.1,252,,2026-10-07
101766,INF277K01782,Tata Infrastructure Fund,Tata Mutual Fund,Equity,Sectoral/Thematic,Equity Scheme - Sectoral/ Thematic,Regular,Growth,2006-04-03,Before Apr-2006 (AMFI history starts 03-Apr-2006),20.51,175.497,2026-10-06,186.076,2026-06-22,150.669,2026-03-23,-0.0568515,2021.8,Kuvera (latest month),2059.33,Jul-Sep 2026,1463.41,0.0211,Abhinav Sharma,Very High Risk,-0.047705,0.12027,0.0303134,-0.0519437,0.110884,0.146553,0.137013,0.110211,Since Apr-2006 (earlier NAV not in AMFI history),0.0231459,-0.0113527,0.0401579,0.181425,-0.301949,-0.301949,0.252911,0.328387,0.754098,40.6,8.7,82.3,252,,2026-10-07
135815,INF277K012B6,Tata Resources & Energy Fund,Tata Mutual Fund,Equity,Sectoral/Thematic,Equity Scheme - Sectoral/ Thematic,Regular,Growth,2015-12-04,AMFI scheme master,10.84,47.1525,2026-10-06,50.2612,2026-05-27,42.446,2026-03-23,-0.0618509,1409.1,Kuvera (latest month),1417.39,Jul-Sep 2026,924.01,0.022,Satish Mishra,Very High Risk,-0.037431,0.0632049,0.031314,0.0153853,0.134725,0.10014,0.137802,0.154567,NAV history,0.0241465,0.0124882,-0.00625582,0.181444,-0.20636,-0.242783,0.38428,0.497976,0.508197,51.4,58,51.1,252,,2026-10-07
117312,INF044D01BI4,Taurus Banking & Financial Services Fund,Taurus Mutual Fund,Equity,Sectoral/Thematic,Equity Scheme - Sectoral/ Thematic,Regular,Growth,2012-05-02,AMFI scheme master,14.43,50.69,2026-10-06,56.22,2026-02-18,47.78,2026-03-31,-0.0983636,11.14,AMFI AAUM Jul-Sep 2026,11.14,Jul-Sep 2026,7.39,0.0254,,,-0.0678558,0.0129896,-0.0675129,0.00366974,0.0648619,0.0770119,0.110325,0.118383,NAV history,-0.0746803,-0.0573752,-0.0293837,0.157338,-0.150125,-0.224341,-0.000877771,-0.0011926,0.393443,15.9,95.7,32.6,252,,2026-10-07
111787,INF044D01864,Taurus Ethical Fund,Taurus Mutual Fund,Equity,Sectoral/Thematic,Equity Scheme - Sectoral/ Thematic,Regular,Growth,2009-02-19,AMFI scheme master,17.63,120.35,2026-10-06,131.84,2026-08-07,113.86,2026-03-31,-0.0871511,431.87,AMFI AAUM Jul-Sep 2026,431.87,Jul-Sep 2026,208.74,0.0273,,,-0.0420282,0.0296886,-0.0414941,-0.0652892,0.0684847,0.0672724,0.108972,0.152562,NAV history,-0.0486616,-0.0537523,-0.0391232,0.137408,-0.211723,-0.211723,0.0253605,0.0343525,0.163934,19.6,55.8,9.5,252,,2026-10-07
105417,INF044D01906,Taurus Infrastructure Fund,Taurus Mutual Fund,Equity,Sectoral/Thematic,Equity Scheme - Sectoral/ Thematic,Regular,Growth,2007-02-05,AMFI scheme master,19.67,58.89,2026-10-06,70.61,2025-10-29,57.92,2026-03-23,-0.165982,8.69,AMFI AAUM Jul-Sep 2026,8.69,Jul-Sep 2026,5.32,0.0252,,,-0.105287,-0.0120785,-0.13689,-0.103729,0.0572643,0.0893999,0.115443,0.0949569,NAV history,-0.144057,-0.0649728,-0.0169957,0.182306,-0.2544,-0.2544,-0.0424326,-0.0549976,0.491803,12.3,22.5,47.8,252,,2026-10-07
102401,INF789F01372,UTI - Banking and Financial Services Fund,UTI Mutual Fund,Equity,Sectoral/Thematic,Equity Scheme - Sectoral/ Thematic,Regular,Growth,2003-01-02,AMFI scheme master,23.76,189.117,2026-10-06,206.112,2026-02-23,171.906,2026-03-31,-0.0824576,1451.7,Kuvera (latest month),1430.75,Jul-Sep 2026,1107.54,0.0237,Bhavesh Kanani,Very High Risk,-0.0524238,0.0548102,-0.0117229,0.0395171,0.109203,0.096867,0.0933535,0.131714,Launch NAV Rs 10 assumed (pre-2006 NAV not in AMFI history),-0.0188904,-0.013034,-0.00952863,0.160488,-0.165958,-0.225252,0.275429,0.379407,0.42623,41.3,83.3,39.7,252,,2026-10-07
100807,INF789F01695,UTI - Healthcare Fund,UTI Mutual Fund,Equity,Sectoral/Thematic,Equity Scheme - Sectoral/ Thematic,Regular,Growth,1999-05-27,AMFI scheme master,27.36,331.813,2026-10-06,346.361,2026-09-23,268.586,2026-03-23,-0.0419999,1443.5,Kuvera (latest month),1399.13,Jul-Sep 2026,999.13,0.0222,Kamal Gada,Very High Risk,0.00564112,0.226938,0.14668,0.0750821,0.21841,0.142599,0.134433,0.136538,Launch NAV Rs 10 assumed (pre-2006 NAV not in AMFI history),0.139512,0.096173,0.0362034,0.134209,-0.160199,-0.210166,1.14306,1.59881,0.57377,97.1,90.6,59,252,,2026-10-07
106425,INF789F01CE6,UTI - India Consumer Fund,UTI Mutual Fund,Equity,Sectoral/Thematic,Equity Schemes - Thematic Fund,Regular,Growth,2007-07-02,AMFI scheme master,19.27,54.4982,2026-10-06,60.6093,2025-10-27,49.7205,2026-03-23,-0.100828,733.4,Kuvera (latest month),720.01,Jul-Sep 2026,634.64,0.0242,Vicky Punjabi,Very High Risk,-0.0562674,0.0553097,-0.0787718,-0.0661126,0.0780832,0.0699761,0.0986476,0.0925813,NAV history,-0.0859393,-0.0441539,-0.0364195,0.13716,-0.239551,-0.239551,0.095386,0.13235,0.262295,26.8,33.3,17.4,252,,2026-10-07
102395,INF789F01752,UTI - Infrastructure Fund,UTI Mutual Fund,Equity,Sectoral/Thematic,Equity Scheme - Sectoral/ Thematic,Regular,Growth,2003-01-02,AMFI scheme master,23.76,139.393,2026-10-06,148.163,2026-06-22,127.819,2026-03-23,-0.0591981,2117.6,Kuvera (latest month),2135.1,Jul-Sep 2026,1462.84,0.0217,Deepesh Agarwal,Very High Risk,-0.0515962,0.0588241,-0.00783242,-0.0294841,0.114658,0.124957,0.116009,0.117275,Launch NAV Rs 10 assumed (pre-2006 NAV not in AMFI history),-0.0149999,-0.00757919,0.0185612,0.160605,-0.214114,-0.214114,0.309192,0.406833,0.672131,43.5,55.1,69.8,252,,2026-10-07
100740,INF789F01844,UTI - MNC Fund,UTI Mutual Fund,Equity,Sectoral/Thematic,Equity Scheme - Sectoral/ Thematic,Regular,Growth,2003-02-01,AMFI scheme master,23.68,383.574,2026-10-06,413.558,2026-08-11,347.43,2026-03-31,-0.0725028,2790.2,Kuvera (latest month),2744.59,Jul-Sep 2026,1990.26,0.0219,Karthikraj Lakshmanan,Very High Risk,-0.0402314,0.0770687,-0.0389341,-0.0437416,0.0705922,0.0659106,0.0898122,0.166525,Launch NAV Rs 10 assumed (pre-2006 NAV not in AMFI history),-0.0461015,-0.0516448,-0.040485,0.119323,-0.218562,-0.218562,0.0468662,0.0624178,0.147541,21.7,52.2,7.6,252,,2026-10-07
102398,INF789F01299,UTI - Transportation and Logistics Fund,UTI Mutual Fund,Equity,Sectoral/Thematic,Equity Schemes - Thematic Fund,Regular,Growth,2006-04-03,Before Apr-2006 (AMFI history starts 03-Apr-2006),20.51,280.475,2026-10-06,308.571,2026-08-20,249.989,2026-03-31,-0.0910517,4341.4,Kuvera (latest month),4216.64,Jul-Sep 2026,3425.14,0.0191,Sachin Trivedi,Very High Risk,-0.0316137,0.0982219,-0.0420628,0.00612789,0.155418,0.173665,0.106507,0.137472,Since Apr-2006 (earlier NAV not in AMFI history),-0.0492303,0.0331812,0.0672697,0.169133,-0.253541,-0.253541,0.5346,0.747282,0.704918,69.6,23.2,75.8,252,,2026-10-07
152086,INF789F1AYY7,UTI Innovation Fund,UTI Mutual Fund,Equity,Sectoral/Thematic,Equity Schemes - Thematic Fund,Regular,Growth,2023-09-25,AMFI scheme master,3.03,11.0524,2026-10-06,12.0062,2025-10-30,8.8758,2026-03-23,-0.0794423,837.3,Kuvera (latest month),807.05,Jul-Sep 2026,756.12,0.0241,Nitin Jain,Very High Risk,-0.000343699,0.192006,-0.0617099,-0.0686793,,,,0.0337509,NAV history,-0.0688774,,,,,,,,0.04,,,2.2,252,,2026-10-07
153205,INF789F1AA80,UTI Quant Fund,UTI Mutual Fund,Equity,Sectoral/Thematic,Equity Schemes - Thematic Fund,Regular,Growth,2025-01-02,AMFI scheme master,1.76,9.9564,2026-10-06,10.8064,2025-11-20,9.1875,2026-03-31,-0.0786571,1489.1,Kuvera (latest month),1495.37,Jul-Sep 2026,1409.18,0.0227,Sharwan Goyal; Lokesh Kulthia,Very High Risk,-0.0418984,0.0417478,-0.0492451,,,,,-0.0030817,NAV history,-0.0564126,,,,,,,,,,,,252,,2026-10-07
153111,INF582M01KC8,Union Active Momentum Fund,Union Mutual Fund,Equity,Sectoral/Thematic,Equity Scheme - Sectoral/ Thematic,Regular,Growth,2024-11-28,AMFI scheme master,1.86,10.08,2026-10-06,10.21,2026-09-23,7.58,2026-03-23,-0.0127326,535.7,Kuvera (latest month),517.98,Jul-Sep 2026,482.4,0.0371,Sanjay Bembalkar; Gaurav Chopra,Very High Risk,0.0532915,0.269521,0.166667,,,,,0.00335008,NAV history,0.159499,,,,,,,,,,,,252,,2026-10-07
152411,INF582M01JM9,Union Business Cycle Fund,Union Mutual Fund,Equity,Sectoral/Thematic,Equity Scheme - Sectoral/ Thematic,Regular,Growth,2024-02-13,AMFI scheme master,2.65,11.42,2026-10-06,11.97,2026-08-31,10.03,2026-03-30,-0.0459482,517.9,Kuvera (latest month),511.16,Jul-Sep 2026,501.81,0.0306,Harshad Patwardhan; Pratik Dharmshi,Very High Risk,-0.035473,0.106589,0.00883392,-0.0111928,,,,0.0538852,NAV history,0.00166645,,,,,,,,0.5,,,48.9,252,,2026-10-07
154022,INF582M01MD2,Union Consumption Fund,Union Mutual Fund,Equity,Sectoral/Thematic,Equity Scheme - Sectoral/ Thematic,Regular,Growth,2025-12-01,AMFI scheme master,0.85,9.57,2026-10-06,10.05,2026-01-05,8.34,2026-03-30,-0.0477612,331.44,AMFI AAUM Jul-Sep 2026,331.44,Jul-Sep 2026,323.65,0.0274,,,-0.0174538,0.114086,,,,,,-0.043,"NAV history (absolute, <1Y)",,,,,,,,,,,,,252,,2026-10-07
151903,INF582M01JA4,Union Innovation & Opportunities Fund,Union Mutual Fund,Equity,Sectoral/Thematic,Equity Scheme - Sectoral/ Thematic,Regular,Growth,2023-08-16,AMFI scheme master,3.14,15.73,2026-10-06,16.36,2026-09-08,12.13,2026-03-23,-0.0385086,1344.4,Kuvera (latest month),1296.34,Jul-Sep 2026,1260.16,0.0235,Sanjay Bembalkar; Gaurav Chopra,Very High Risk,0.0375989,0.251392,0.0707965,0.0524954,0.164936,,,0.161627,NAV history,0.063629,0.0426984,,0.179022,-0.242604,,0.558229,0.746759,0.807692,73.2,31.2,87.5,252,,2026-10-07
152322,INF03VN01852,WhiteOak Capital Banking & Financial Services Fund,WhiteOak Capital Mutual Fund,Equity,Sectoral/Thematic,Equity Schemes - Sectoral Fund,Regular,Growth,2024-01-16,AMFI scheme master,2.72,12.405,2026-10-06,13.3,2026-08-03,11.12,2026-03-30,-0.0672932,665.4,Kuvera (latest month),651.15,Jul-Sep 2026,612.99,0.0272,Piyush Baranwal; Ramesh Mantri; Trupti Agrawal; Dheeresh Pathak; Ashish Agrawal,Very High Risk,-0.0620747,0.0647155,-0.00847254,0.045075,,,,0.0836213,NAV history,-0.01564,,,,,,,,0.666667,,,68.5,252,,2026-10-07
154162,INF03VN01AE1,WhiteOak Capital Consumption Opportunities Fund,WhiteOak Capital Mutual Fund,Equity,Sectoral/Thematic,Equity Schemes - Thematic Fund,Regular,Growth,2026-01-20,AMFI scheme master,0.71,9.966,2026-10-06,10.569,2026-08-10,8.626,2026-03-23,-0.0570536,132.71,AMFI AAUM Jul-Sep 2026,132.71,Jul-Sep 2026,126.43,0.0273,,,-0.0278022,0.119649,,,,,,-0.00419664,"NAV history (absolute, <1Y)",,,,,,,,,,,,,252,,2026-10-07
152914,INF03VN01944,WhiteOak Capital Digital Bharat Fund,WhiteOak Capital Mutual Fund,Equity,Sectoral/Thematic,Equity Schemes - Sectoral Fund,Regular,Growth,2024-09-20,AMFI scheme master,2.05,9.714,2026-10-06,11.028,2025-12-22,8.175,2026-03-23,-0.119151,520.8,Kuvera (latest month),499.01,Jul-Sep 2026,454.9,0.0313,Piyush Baranwal; Ramesh Mantri; Trupti Agrawal; Dheeresh Pathak; Ashish Agrawal,Very High Risk,0.0151531,0.133621,-0.0538619,,,,,-0.0171048,NAV history,-0.0610294,,,,,,,,0.230769,,,15.8,252,,2026-10-07
152963,INF03VN01969,WhiteOak Capital ESG Best-In-Class Strategy Fund,WhiteOak Capital Mutual Fund,Equity,Sectoral/Thematic,Equity Schemes - Thematic Fund,Regular,Growth,2024-10-11,AMFI scheme master,1.99,9.605,2026-10-06,10.818,2025-11-20,8.909,2026-03-31,-0.112128,51.6,Kuvera (latest month),51.69,Jul-Sep 2026,49.54,0.0266,Piyush Baranwal; Ramesh Mantri; Trupti Agrawal; Dheeresh Pathak; Ashish Agrawal,Very High Risk,-0.0534148,0.0451578,-0.0788338,,,,,-0.0182698,NAV history,-0.0860013,,,,,,,,0.307692,,,23.1,252,,2026-10-07
152348,INF03VN01878,WhiteOak Capital Pharma and Healthcare Fund,WhiteOak Capital Mutual Fund,Equity,Sectoral/Thematic,Equity Schemes - Sectoral Fund,Regular,Growth,2024-01-16,AMFI scheme master,2.72,16.512,2026-10-06,17.165,2026-09-23,12.931,2026-01-29,-0.0380425,902.2,Kuvera (latest month),857.84,Jul-Sep 2026,675.03,0.0273,Piyush Baranwal; Ramesh Mantri; Trupti Agrawal; Dheeresh Pathak; Ashish Agrawal,Very High Risk,0.0227315,0.244686,0.195829,0.130539,,,,0.204127,NAV history,0.188661,,,,,,,,0.904762,,,96.2,252,,2026-10-07
153190,INF03VN01985,WhiteOak Capital Quality Equity Fund,WhiteOak Capital Mutual Fund,Equity,Sectoral/Thematic,Equity Schemes - Thematic Fund,Regular,Growth,2025-01-08,AMFI scheme master,1.74,9.74,2026-10-06,10.806,2025-11-26,8.986,2026-03-30,-0.0986489,612.88,AMFI AAUM Jul-Sep 2026,612.88,Jul-Sep 2026,600.25,0.0269,,,-0.0519759,0.0538844,-0.0671392,,,,,-0.01736,NAV history,-0.0743066,,,,,,,,,,,,252,,2026-10-07
152643,INF03VN01894,WhiteOak Capital Special Opportunities Fund,WhiteOak Capital Mutual Fund,Equity,Sectoral/Thematic,Equity Schemes - Thematic Fund,Regular,Growth,2024-05-15,AMFI scheme master,2.4,14.242,2026-10-06,14.831,2026-08-28,11.505,2026-03-31,-0.0397141,1940.7,Kuvera (latest month),1870,Jul-Sep 2026,1715.89,0.0273,Piyush Baranwal; Ramesh Mantri; Trupti Agrawal; Dheeresh Pathak; Ashish Agrawal,Very High Risk,0.00821181,0.200135,0.105574,0.0791704,,,,0.148082,NAV history,0.0984062,,,,,,,,1,,,99.5,252,,2026-10-07
151788,INF966L01CA6,quant BFSI Fund,quant Mutual Fund,Equity,Sectoral/Thematic,Equity Scheme - Sectoral/ Thematic,Regular,Growth,2023-06-01,AMFI scheme master,3.35,19.6134,2026-10-06,21.1313,2026-07-21,16.6663,2026-03-23,-0.0718318,922,Kuvera (latest month),902.75,Jul-Sep 2026,621.02,0.0355,Sanjeev Sharma; Ankit A. Pande; Sandeep Tandon; Varun Pattani; Sameer Kate; Ayusha Kumbhat; Yug Tibrewal,Very High Risk,-0.0665975,0.144606,0.0912824,0.0797923,0.182965,,,0.226547,NAV history,0.0841149,0.0607275,,0.191174,-0.228819,,0.617054,0.837505,0.689655,77.5,42,73.4,252,,2026-10-07
151758,INF966L01BU6,quant Business Cycle Fund,quant Mutual Fund,Equity,Sectoral/Thematic,Equity Scheme - Sectoral/ Thematic,Regular,Growth,2023-05-12,AMFI scheme master,3.41,15.971,2026-10-06,16.9323,2026-07-03,13.427,2026-03-31,-0.0567731,984.6,Kuvera (latest month),985.42,Jul-Sep 2026,827.64,0.0297,Jignesh Shah; Sanjeev Sharma; Ankit A. Pande; Sandeep Tandon; Varun Pattani; Sameer Kate; Ayusha Kumbhat; Yug Tibrewal,Very High Risk,-0.0497129,0.131203,0.0329795,-0.0722851,0.0974889,,,0.149605,NAV history,0.0258121,-0.0247481,,0.179022,-0.308724,,0.181481,0.24089,0.333333,33.3,7.2,26.4,252,,2026-10-07
152256,INF966L01DC0,quant Commodities Fund,quant Mutual Fund,Equity,Sectoral/Thematic,Equity Scheme - Sectoral/ Thematic,Regular,Growth,2023-12-08,AMFI scheme master,2.83,14.1242,2026-10-06,15.473,2026-07-14,11.5409,2026-03-23,-0.0871712,342.4,Kuvera (latest month),355.81,Jul-Sep 2026,219.76,0.032,Sanjeev Sharma; Ankit A. Pande; Sandeep Tandon; Varun Pattani; Sameer Kate; Ayusha Kumbhat; Yug Tibrewal,Very High Risk,-0.0703115,0.143031,0.0754003,-0.0300526,,,,0.129847,NAV history,0.0682328,,,,,,,,0.434783,,,41.8,252,,2026-10-07
152338,INF966L01DI7,quant Consumption Fund,quant Mutual Fund,Equity,Sectoral/Thematic,Equity Scheme - Sectoral/ Thematic,Regular,Growth,2024-01-05,AMFI scheme master,2.75,9.9632,2026-10-06,10.3378,2026-07-06,8.1841,2026-03-31,-0.0362359,190.2,Kuvera (latest month),192.32,Jul-Sep 2026,144.06,0.0328,Sanjeev Sharma; Ankit A. Pande; Sandeep Tandon; Varun Pattani; Sameer Kate; Ayusha Kumbhat; Yug Tibrewal,Very High Risk,-0.0362359,0.176765,0.0154201,-0.0729255,,,,-0.0012921,NAV history,0.00825258,,,,,,,,0.0909091,,,4.9,252,,2026-10-07
148560,INF966L01AB8,quant ESG Integration Strategy Fund,quant Mutual Fund,Equity,Sectoral/Thematic,Equity Scheme - Sectoral/ Thematic,Regular,Growth,2020-10-15,AMFI scheme master,5.98,38.7301,2026-10-06,39.8476,2026-08-28,28.7294,2026-03-31,-0.0280443,336.8,Kuvera (latest month),328.47,Jul-Sep 2026,214.13,0.0333,Sanjeev Sharma; Ankit A. Pande; Sandeep Tandon; Varun Pattani; Sameer Kate; Ayusha Kumbhat; Yug Tibrewal,Very High Risk,-0.0185395,0.306538,0.190662,0.034988,0.159865,0.161233,,0.256521,NAV history,0.183495,0.037628,0.0548376,0.164447,-0.255695,-0.255695,0.576873,0.790762,0.6,75.4,20.3,62.2,252,,2026-10-07
151855,INF966L01CG3,quant Healthcare Fund,quant Mutual Fund,Equity,Sectoral/Thematic,Equity Scheme - Sectoral/ Thematic,Regular,Growth,2023-06-27,AMFI scheme master,3.28,17.8394,2026-10-06,18.505,2026-09-23,13.8869,2026-03-23,-0.0359687,428.2,Kuvera (latest month),411.56,Jul-Sep 2026,250.03,0.0319,Sanjeev Sharma; Ankit A. Pande; Sandeep Tandon; Varun Pattani; Sameer Kate; Ayusha Kumbhat; Yug Tibrewal,Very High Risk,0.0273667,0.217981,0.166355,0.0225638,0.187336,,,0.196729,NAV history,0.159188,0.0650989,,0.173446,-0.257867,,0.705324,0.965848,0.642857,80.4,18.1,65.5,252,,2026-10-07
151913,INF966L01CN9,quant Manufacturing Fund,quant Mutual Fund,Equity,Sectoral/Thematic,Equity Scheme - Sectoral/ Thematic,Regular,Growth,2023-07-26,AMFI scheme master,3.2,16.1793,2026-10-06,17.1171,2026-07-21,12.2599,2026-03-31,-0.0547873,737.4,Kuvera (latest month),739.37,Jul-Sep 2026,560.58,0.0288,Jignesh Shah; Sanjeev Sharma; Ankit A. Pande; Sandeep Tandon; Varun Pattani; Sameer Kate; Ayusha Kumbhat; Yug Tibrewal,Very High Risk,-0.0399238,0.237678,0.100273,-0.0301986,0.143715,,,0.165065,NAV history,0.0931059,0.0214778,,0.189262,-0.311729,,0.415905,0.559286,0.444444,55.8,6.5,44,252,,2026-10-07
152190,INF966L01CW0,quant Momentum Fund,quant Mutual Fund,Equity,Sectoral/Thematic,Equity Scheme - Sectoral/ Thematic,Regular,Growth,2023-10-30,AMFI scheme master,2.94,14.8466,2026-10-06,15.6484,2026-08-28,12.5828,2026-03-31,-0.0512385,1354.8,Kuvera (latest month),1347.82,Jul-Sep 2026,853.4,0.0297,Sanjeev Sharma; Ankit A. Pande; Sandeep Tandon; Varun Pattani; Sameer Kate; Ayusha Kumbhat; Yug Tibrewal,Very High Risk,-0.0424637,0.144697,0.0632206,-0.0212854,,,,0.146775,NAV history,0.0560531,,,,,,,,0.375,,,28.8,252,,2026-10-07
152413,INF966L01DQ0,quant PSU Fund,quant Mutual Fund,Equity,Sectoral/Thematic,Equity Scheme - Sectoral/ Thematic,Regular,Growth,2024-02-02,AMFI scheme master,2.68,9.9715,2026-10-06,11.4274,2026-05-07,8.8427,2026-03-31,-0.127404,430.9,Kuvera (latest month),440.36,Jul-Sep 2026,257.2,0.035,Sanjeev Sharma; Ankit A. Pande; Sandeep Tandon; Varun Pattani; Sameer Kate; Ayusha Kumbhat; Yug Tibrewal,Very High Risk,-0.0566761,0.0659462,-0.0286112,-0.0843394,,,,-0.000992331,NAV history,-0.0357787,,,,,,,,0.142857,,,7.1,252,,2026-10-07
148923,INF966L01AH5,quant Quantamental Fund,quant Mutual Fund,Equity,Sectoral/Thematic,Equity Scheme - Sectoral/ Thematic,Regular,Growth,2021-04-13,AMFI scheme master,5.48,24.0479,2026-10-06,25.7001,2026-07-03,20.713,2026-03-31,-0.0642877,1631.9,Kuvera (latest month),1635.14,Jul-Sep 2026,1091.63,0.0288,Sanjeev Sharma; Ankit A. Pande; Sandeep Tandon; Varun Pattani; Sameer Kate; Ayusha Kumbhat; Yug Tibrewal,Very High Risk,-0.060915,0.123881,0.0557465,-0.010051,0.135442,0.168252,,0.17503,NAV history,0.0485791,0.0132051,0.0618568,0.172135,-0.238058,-0.238058,0.409226,0.555425,0.759259,54.3,34.8,83.7,252,,2026-10-07
152070,INF966L01CQ2,quant Teck Fund,quant Mutual Fund,Equity,Sectoral/Thematic,Equity Scheme - Sectoral/ Thematic,Regular,Growth,2023-08-22,AMFI scheme master,3.13,10.6895,2026-10-06,11.9332,2025-10-10,7.9929,2026-03-31,-0.104222,264.1,Kuvera (latest month),262.57,Jul-Sep 2026,179.29,0.0381,Sanjeev Sharma; Ankit A. Pande; Sandeep Tandon; Varun Pattani; Sameer Kate; Ayusha Kumbhat; Yug Tibrewal,Very High Risk,-0.036739,0.25858,-0.0933111,-0.113806,0.0215151,,,0.0215962,NAV history,-0.100479,-0.100722,,0.195518,-0.432943,,-0.222408,-0.300275,0.0769231,5.1,0.7,3.8,252,,2026-10-07
154214,INF2JJD01185,Abakkus Small Cap Fund,Abakkus Mutual Fund,Equity,Small Cap,Equity Scheme - Small Cap Fund,Regular,Growth,2026-02-26,AMFI scheme master,0.61,12.239,2026-10-06,12.68,2026-09-10,9.854,2026-03-30,-0.0347792,2469.48,AMFI AAUM Jul-Sep 2026,2469.48,Jul-Sep 2026,1413.21,0.0251,,,0.00212888,0.219024,,,,,,0.225984,"NAV history (absolute, <1Y)",,,,,,,,,,,,,35,,2026-10-07
105804,INF209K01EN2,Aditya Birla Sun Life Small Cap Fund,Aditya Birla Sun Life Mutual Fund,Equity,Small Cap,Equity Scheme - Small Cap Fund,Regular,Growth,2007-04-09,AMFI scheme master,19.5,98.524,2026-10-06,102.453,2026-09-08,75.8621,2026-03-23,-0.038353,6226.4,Kuvera (latest month),6029.99,Jul-Sep 2026,5012.9,0.0199,Abhinav Khandelwal; Dhaval Joshi,Very High Risk,0.0299146,0.24385,0.164442,0.0376718,0.138282,0.11813,0.119885,0.1248,NAV history,0.0582548,-0.000621659,-0.0208873,0.171675,-0.264286,-0.264286,0.426864,0.569249,0.262295,43.5,26.1,10.7,35,,2026-10-07
125350,INF846K01K01,Axis Small Cap Fund,Axis Mutual Fund,Equity,Small Cap,Equity Schemes - Small Cap Fund,Regular,Growth,2013-11-11,AMFI scheme master,12.9,114.68,2026-10-06,118.49,2026-09-08,92.58,2026-03-23,-0.0321546,31448.3,Kuvera (latest month),30704.9,Jul-Sep 2026,12889.9,0.0168,Tejas Sheth; Mayank Hyanki; Krishnaa N,Very High Risk,0.0121801,0.196702,0.0812748,0.0330478,0.136709,0.138707,0.175886,0.20924,NAV history,-0.0249123,-0.00219442,-0.000309899,0.149607,-0.197997,-0.197997,0.479316,0.646822,0.459016,65.2,100,42.9,35,,2026-10-07
147944,INF194KB1AJ8,BANDHAN Small Cap Fund,Bandhan Mutual Fund,Equity,Small Cap,Equity Scheme - Small Cap Fund,Regular,Growth,2020-02-03,AMFI scheme master,6.67,51.21,2026-10-06,52.515,2026-09-23,40.564,2026-03-30,-0.02485,34176,Kuvera (latest month),32793.8,Jul-Sep 2026,18020.6,0.0172,Manish Gunwani; Kirthi Jain; Ritika Behera; Gaurav Satra,Very High Risk,0.0194088,0.19868,0.0992337,0.0392159,0.214183,0.173921,,0.28035,NAV history,-0.00695332,0.0752793,0.0349033,0.17477,-0.230015,-0.251972,0.853594,1.14785,0.557377,100,73.9,57.1,35,,2026-10-07
145677,INF761K01ER3,BANK OF INDIA SMALL CAP FUND,Bank of India Mutual Fund,Equity,Small Cap,Equity Scheme - Small Cap Fund,Regular,Growth,2018-11-28,AMFI scheme master,7.86,60.03,2026-10-06,60.03,2026-10-06,40,2026-03-23,0,3307.1,Kuvera (latest month),3104.8,Jul-Sep 2026,1791.23,0.0222,Alok Singh; Nav Bhardwaj,Very High Risk,0.099652,0.414134,0.298227,0.104367,0.204169,0.184915,,0.259069,NAV history,0.19204,0.0652657,0.0458972,0.189248,-0.273184,-0.273184,0.735378,0.989323,0.590164,87,8.7,62.5,35,,2026-10-07
153609,INF0QA701BK8,Bajaj Finserv Small Cap Fund,Bajaj Finserv Mutual Fund,Equity,Small Cap,Equity Scheme - Small Cap Fund,Regular,Growth,2025-06-27,AMFI scheme master,1.28,11.045,2026-10-06,11.378,2026-09-08,8.3,2026-03-23,-0.029267,2521.51,AMFI AAUM Jul-Sep 2026,2521.51,Jul-Sep 2026,2308.85,0.0236,,,0.0247727,0.257829,0.15112,,,,,0.0859833,NAV history,0.0449334,,,,,,,,,,,,35,,2026-10-07
152130,INF251K01SO2,Baroda BNP Paribas Small Cap Fund,Baroda BNP Paribas Mutual Fund,Equity,Small Cap,Equity Scheme - Small Cap Fund,Regular,Growth,2023-10-06,AMFI scheme master,3,13.9559,2026-10-06,14.3546,2026-09-11,11.3487,2026-03-23,-0.0277751,1309.2,Kuvera (latest month),1294.06,Jul-Sep 2026,1217.55,0.0244,Paresh Jain; Himanshu Singh,Very High Risk,0.00739163,0.172174,0.0747957,-0.00607071,,,,0.119898,NAV history,-0.0313913,,,,,,,,0.0833333,,,3.6,35,,2026-10-07
146127,INF760K01JF9,Canara Robeco Small Cap Fund,Canara Robeco Mutual Fund,Equity,Small Cap,Equity Schemes - Small Cap Fund,Regular,Growth,2019-01-25,AMFI scheme master,7.7,39.79,2026-10-06,41.71,2026-08-31,33.09,2026-03-23,-0.0460321,14661.1,Kuvera (latest month),14356.4,Jul-Sep 2026,9388.54,0.0187,Pranav Gokhale; Shridatta Bhandwaldar,Very High Risk,-0.0163164,0.144377,0.0297619,-0.0152268,0.103143,0.123585,,0.198325,NAV history,-0.0764251,-0.0357602,-0.0154323,0.163924,-0.239906,-0.239906,0.232688,0.307095,0.311475,13,60.9,16.1,35,,2026-10-07
105989,INF740K01797,DSP Small Cap Fund,DSP Mutual Fund,Equity,Small Cap,Equity Scheme - Small Cap Fund,Regular,Growth,2007-05-04,AMFI scheme master,19.43,226.734,2026-10-06,234.329,2026-08-31,174.029,2026-03-23,-0.0324117,21658.6,Kuvera (latest month),20856.6,Jul-Sep 2026,15279.2,0.0171,Vinit Sambre,Very High Risk,0.0312841,0.237401,0.169498,0.0620399,0.158169,0.161311,0.156598,0.175372,NAV history,0.0633105,0.0192653,0.0222937,0.168921,-0.242936,-0.242936,0.551552,0.74248,0.606557,78.3,52.2,67.9,35,,2026-10-07
146193,INF754K01JJ4,Edelweiss Small Cap Fund,Edelweiss Mutual Fund,Equity,Small Cap,Equity Scheme - Small Cap Fund,Regular,Growth,2019-01-18,AMFI scheme master,7.72,46.352,2026-10-06,48.983,2026-08-31,38.037,2026-03-23,-0.0537125,7259,Kuvera (latest month),6985.56,Jul-Sep 2026,5189.84,0.0195,Dhruv Bhatia; Trideep Bhattacharya; Raj Koradia,Very High Risk,-0.0154421,0.171629,0.0584582,0.00957441,0.130285,0.14314,,0.223054,NAV history,-0.0477288,-0.0086188,0.0041222,0.163321,-0.231094,-0.231094,0.399733,0.532565,0.754098,39.1,69.6,91.1,35,,2026-10-07
103360,INF090I01569,Franklin India Small Cap Fund,Franklin Templeton Mutual Fund,Equity,Small Cap,Equity Scheme - Small Cap Fund,Regular,Growth,2005-11-16,AMFI scheme master,20.89,173.892,2026-10-06,181.934,2026-08-11,144.853,2026-03-31,-0.0442028,14746,Kuvera (latest month),14645.6,Jul-Sep 2026,11281.5,0.0187,R. Janakiraman; Sandeep Manam; Akhil Kalluri,Very High Risk,-0.0209803,0.147316,0.0362285,-0.0229712,0.10781,0.139017,0.13551,0.146516,Launch NAV Rs 10 assumed (pre-2006 NAV not in AMFI history),-0.0699585,-0.0310939,0,0.163251,-0.243949,-0.243949,0.262231,0.348587,0.42623,26.1,47.8,35.7,35,,2026-10-07
154102,INF666M01NM2,Groww Small Cap Fund,Groww Mutual Fund,Equity,Small Cap,Equity Schemes - Small Cap Fund,Regular,Growth,2026-01-08,AMFI scheme master,0.74,12.8457,2026-10-06,13.0643,2026-09-23,9.2054,2026-03-31,-0.0167326,687.95,AMFI AAUM Jul-Sep 2026,687.95,Jul-Sep 2026,565.87,0.0269,,,0.0854359,0.337676,,,,,,0.281686,"NAV history (absolute, <1Y)",,,,,,,,,,,,,35,,2026-10-07
130502,INF179KA1RZ8,HDFC Small Cap Fund,HDFC Mutual Fund,Equity,Small Cap,Equity Scheme - Small Cap Fund,Regular,Growth,2008-02-11,AMFI scheme master,18.65,135.935,2026-10-06,144.9,2025-11-03,118.361,2026-03-31,-0.0618703,41890.8,Kuvera (latest month),41670.4,Jul-Sep 2026,26219.1,0.0156,Chirag Setalvad; Dhruv Muchhal,Very High Risk,-0.020034,0.100448,-0.0416922,-0.013306,0.0869564,0.128196,0.15791,0.163888,NAV history,-0.147879,-0.051947,-0.0108219,0.160362,-0.227582,-0.228746,0.136917,0.182245,0.52459,4.3,78.3,46.4,35,,2026-10-07
153909,INF0R8701350,Helios Small Cap Fund,Helios Mutual Fund,Equity,Small Cap,Equity Schemes - Small Cap Fund,Regular,Growth,2025-11-06,AMFI scheme master,0.92,11.3,2026-10-06,11.67,2026-09-23,8.32,2026-03-23,-0.0317052,1607.44,AMFI AAUM Jul-Sep 2026,1607.44,Jul-Sep 2026,1129.45,0.0243,,,0.0226244,0.298851,,,,,,0.125498,"NAV history (absolute, <1Y)",,,,,,,,,,,,,35,,2026-10-07
106823,INF109K01BI0,ICICI Prudential Small Cap Fund,ICICI Prudential Mutual Fund,Equity,Small Cap,Equity Schemes - Small Cap Fund,Regular,Growth,2007-08-23,AMFI scheme master,19.12,90.81,2026-10-06,92.23,2026-08-21,74.45,2026-03-30,-0.0153963,9820.6,Kuvera (latest month),9651.48,Jul-Sep 2026,7466.4,0.0208,Rajat Chandak; Sharmila D'Silva; Aatur Shah; Sakshat Goel; Gaurav Jain,Very High Risk,0.0127133,0.168876,0.0345181,0.000495909,0.102141,0.122706,0.146607,0.12402,NAV history,-0.0716689,-0.0367621,-0.0163112,0.143315,-0.224815,-0.224815,0.259159,0.345114,0.360656,21.7,91.3,21.4,35,,2026-10-07
147920,INF00XX01713,ITI Small Cap Fund,ITI Mutual Fund,Equity,Small Cap,Equity Scheme - Small Cap Fund,Regular,Growth,2020-01-27,AMFI scheme master,6.69,33.6035,2026-10-06,34.8244,2026-09-08,24.6642,2026-03-23,-0.0350588,3602.8,Kuvera (latest month),3533.26,Jul-Sep 2026,1653.5,0.022,Dhimant Shah; Alok Ranjan,Very High Risk,0.03453,0.303537,0.186083,0.0818959,0.216026,0.1648,,0.20074,NAV history,0.0798956,0.0771227,0.0257829,0.192944,-0.24399,-0.301032,0.782747,1.0327,0.688525,95.7,43.5,83.9,35,,2026-10-07
145139,INF205K011T7,Invesco India Small Cap Fund,Invesco Mutual Fund,Equity,Small Cap,Equity Schemes - Small Cap Fund,Regular,Growth,2018-10-10,AMFI scheme master,7.99,47.11,2026-10-06,48.83,2026-08-28,36.58,2026-03-23,-0.0352242,15744.4,Kuvera (latest month),15128.9,Jul-Sep 2026,9840.2,0.0184,Aditya Khemani; Taher Badshah,Very High Risk,-0.00422744,0.24137,0.129195,0.0623811,0.202397,0.177294,,0.214599,NAV history,0.0230076,0.0634937,0.0382762,0.179171,-0.236331,-0.236331,0.76685,1.03875,0.754098,91.3,65.2,91.1,35,,2026-10-07
152612,INF192K01NE0,JM Small Cap Fund,JM Financial Mutual Fund,Equity,Small Cap,Equity Schemes - Small Cap Fund,Regular,Growth,2024-05-27,AMFI scheme master,2.36,11.5136,2026-10-06,11.7623,2026-09-23,8.2009,2026-03-23,-0.0211438,929.4,Kuvera (latest month),900.01,Jul-Sep 2026,724.32,0.0251,Satish Ramanathan; Asit Bhandarkar; Ruchi Fozdar; Deepak Gupta,Very High Risk,0.0121579,0.346872,0.140536,0.0359338,,,,0.0643053,NAV history,0.0343493,,,,,,,,0.411765,,,30.4,35,,2026-10-07
102875,INF174K01211,Kotak Small Cap Fund,Kotak Mahindra Mutual Fund,Equity,Small Cap,Equity Scheme - Small Cap Fund,Regular,Growth,2004-12-30,AMFI scheme master,21.77,270.499,2026-10-06,279.49,2026-09-23,217.847,2026-03-23,-0.0321693,19678.7,Kuvera (latest month),19241.3,Jul-Sep 2026,13570.7,0.017295,Harish Bihani,Very High Risk,0.00516519,0.194905,0.0458352,-0.0271863,0.108762,0.107967,0.153724,0.163586,Launch NAV Rs 10 assumed (pre-2006 NAV not in AMFI history),-0.0603518,-0.0301418,-0.0310502,0.154383,-0.250302,-0.250302,0.283461,0.374765,0.311475,30.4,30.4,16.1,35,,2026-10-07
152003,INF397L01JW3,LIC MF Small Cap Fund,LIC Mutual Fund,Equity,Small Cap,Equity Scheme - Small Cap Fund,Regular,Growth,2017-06-01,AMFI scheme master,9.35,34.9859,2026-10-06,36.1084,2026-09-08,25.8394,2026-03-23,-0.0310869,831.5,Kuvera (latest month),796.8,Jul-Sep 2026,656.1,0.026,Sudhanshu Asthana; Dikshit Mittal,Very High Risk,0.0350766,0.283768,0.140661,0.0260896,0.162986,,,0.17369,NAV history,0.0344741,0.0240823,,0.193672,-0.272052,,0.505938,0.669194,0.607143,69.6,13,71.4,35,,2026-10-07
150912,INF174V01BH3,Mahindra Manulife Small Cap Fund,Mahindra Manulife Mutual Fund,Equity,Small Cap,Equity Schemes - Small Cap Fund,Regular,Growth,2022-11-21,AMFI scheme master,3.88,22.1188,2026-10-06,23.127,2026-09-08,16.9773,2026-03-23,-0.0435941,5467.6,Kuvera (latest month),5252.38,Jul-Sep 2026,4422.35,0.022,Krishna Sanghavi; Vishal Jajoo; Neelesh Dhamnaskar,Very High Risk,0.0339415,0.245049,0.145743,0.028666,0.17598,,,0.230883,NAV history,0.0395561,0.037077,,0.183579,-0.264412,,0.604539,0.797365,0.685714,82.6,17.4,78.6,35,,2026-10-07
153198,INF769K01NG0,Mirae Asset Small Cap Fund,Mirae Asset Mutual Fund,Equity,Small Cap,Equity Schemes - Small Cap Fund,Regular,Growth,2025-01-10,AMFI scheme master,1.74,12.392,2026-10-06,12.84,2026-09-08,10.098,2026-03-23,-0.034891,5462.91,AMFI AAUM Jul-Sep 2026,5462.91,Jul-Sep 2026,4455.18,0.0209,,,0.0155712,0.181653,0.0847339,,,,,0.132085,NAV history,-0.0214531,,,,,,,,,,,,35,,2026-10-07
152232,INF247L01BV9,Motilal Oswal Small Cap Fund,Motilal Oswal Mutual Fund,Equity,Small Cap,Equity Scheme - Small Cap Fund,Regular,Growth,2023-12-05,AMFI scheme master,2.84,16.7266,2026-10-06,17.2632,2026-09-08,12.1501,2026-03-23,-0.0310835,8150.1,Kuvera (latest month),7882.76,Jul-Sep 2026,4297.26,0.0192,Varun Sharma; Swapnil Mayekar; Ajay Khandelwal; Ankit Agarwal; Rakesh Shetty; Bhalchandra Shinde,Very High Risk,0.0275587,0.316858,0.19568,0.103624,,,,0.200364,NAV history,0.0894925,,,,,,,,0.826087,,,96.4,35,,2026-10-07
113177,INF204K01HY3,Nippon India Small Cap Fund,Nippon India Mutual Fund,Equity,Small Cap,Equity Scheme - Small Cap Fund,Regular,Growth,2010-08-26,AMFI scheme master,16.11,182.314,2026-10-06,186.794,2026-09-08,146.628,2026-03-31,-0.0239842,82580.3,Kuvera (latest month),80840.6,Jul-Sep 2026,54377.1,0.014,Samir Rachh; Kinjal Desai; Amber Singhania,Very High Risk,0.00472179,0.194823,0.0810342,0.0112768,0.13907,0.171699,0.193678,0.198453,NAV history,-0.0251528,0.000166208,0.0326813,0.165493,-0.244578,-0.244578,0.447571,0.590896,0.688525,47.8,39.1,83.9,35,,2026-10-07
149020,INF663L01W30,PGIM India Small Cap Fund,PGIM India Mutual Fund,Equity,Small Cap,Equity Scheme - Small Cap Fund,Regular,Growth,2021-07-09,AMFI scheme master,5.25,18.2,2026-10-06,18.83,2026-08-31,14.02,2026-03-23,-0.0334572,1793.7,Kuvera (latest month),1728.54,Jul-Sep 2026,1553.29,0.0237,Vinay Paharia; Puneet Pal; Utsav Mehta; Vivek Sharma,Very High Risk,0.0382202,0.250859,0.113831,0.0566761,0.138903,0.109606,,0.119824,NAV history,0.00764408,0,-0.0294113,0.155669,-0.219469,-0.252267,0.474747,0.641846,0.411765,60.9,95.7,30.4,35,,2026-10-07
152108,INF082J01440,QUANTUM SMALL CAP FUND,Quantum Mutual Fund,Equity,Small Cap,Equity Scheme - Small Cap Fund,Regular,Growth,2023-10-16,AMFI scheme master,2.98,13.34,2026-10-06,13.8,2026-09-08,10.9,2026-03-23,-0.0333333,265.2,Kuvera (latest month),258.69,Jul-Sep 2026,100.01,0.0231,Chirag Mehta; Abhilasha Satale,Very High Risk,-0.00744048,0.164049,0.0646449,0.040573,,,,0.103577,NAV history,-0.0415422,,,,,,,,0.541667,,,53.6,35,,2026-10-07
100177,INF966L01AA0,Quant Small Cap Fund,quant Mutual Fund,Equity,Small Cap,Equity Scheme - Small Cap Fund,Regular,Growth,1996-09-23,AMFI scheme master,30.04,289.909,2026-10-06,295.783,2026-09-08,219.526,2026-03-31,-0.0198601,35557.2,Kuvera (latest month),35053.7,Jul-Sep 2026,9088,0.0173,Sanjeev Sharma; Ankit A. Pande; Sandeep Tandon; Varun Pattani; Sameer Kate; Ayusha Kumbhat; Yug Tibrewal,Very High Risk,0.00515111,0.262577,0.129608,0.0272363,0.163369,0.175005,0.197327,0.11863,Launch NAV Rs 10 assumed (pre-2006 NAV not in AMFI history),0.0234213,0.0244656,0.0359874,0.178384,-0.247285,-0.256616,0.551446,0.729958,0.655738,73.9,34.8,75,35,,2026-10-07
125494,INF200K01T28,SBI SMALL CAP FUND,SBI Mutual Fund,Equity,Small Cap,Equity Scheme - Small Cap Fund,Regular,Growth,2009-07-27,AMFI scheme master,17.2,180.195,2026-10-06,188.44,2026-08-31,146.954,2026-03-23,-0.0437555,42630.8,Kuvera (latest month),41386.4,Jul-Sep 2026,27207.1,0.0159,R. Srinivasan,Very High Risk,0.00212666,0.185867,0.0510485,-0.0139576,0.10172,0.120391,0.167664,0.226237,NAV history,-0.0551385,-0.0371833,-0.0186266,0.142284,-0.226871,-0.226871,0.258076,0.346977,0.196721,17.4,82.6,7.1,35,,2026-10-07
153869,INF0K1H01305,Samco Small Cap Fund,Samco Mutual Fund,Equity,Small Cap,Equity Schemes - Small Cap Fund,Regular,Growth,2025-11-14,AMFI scheme master,0.9,12.53,2026-10-06,12.87,2026-09-11,8.9,2026-03-23,-0.026418,196.49,AMFI AAUM Jul-Sep 2026,196.49,Jul-Sep 2026,176.75,0.0337,,,0.176526,0.351672,,,,,,0.275967,"NAV history (absolute, <1Y)",,,,,,,,,,,,,35,,2026-10-07
100795,INF903J01470,Sundaram Small Cap Fund,Sundaram Mutual Fund,Equity,Small Cap,Equity Scheme - Small Cap Fund,Regular,Growth,2005-01-03,AMFI scheme master,21.76,290.637,2026-10-06,301.313,2026-09-08,224.179,2026-03-23,-0.0354339,4155.3,Kuvera (latest month),4061.41,Jul-Sep 2026,3527.18,0.0202,Rohit Seksaria; Shalav Saket,Very High Risk,0.00837162,0.22338,0.11314,0.0447522,0.143029,0.144558,0.136314,0.167522,Launch NAV Rs 10 assumed (pre-2006 NAV not in AMFI history),0.00695332,0.0041258,0.00554105,0.166721,-0.241343,-0.241343,0.468023,0.632702,0.590164,52.2,56.5,62.5,35,,2026-10-07
152940,INF0GCD01776,TRUSTMF SMALL CAP FUND,Trust Mutual Fund,Equity,Small Cap,Equity Scheme - Small Cap Fund,Regular,Growth,2024-10-11,AMFI scheme master,1.99,13.51,2026-10-06,13.83,2026-09-08,9.55,2026-03-23,-0.0231381,3438.9,Kuvera (latest month),3204.35,Jul-Sep 2026,1489.85,0.0284,Mihir Vora; Saurabh Kataria; Aakash Manghani,Very High Risk,0.049728,0.359155,0.278146,,,,,0.166322,NAV history,0.171959,,,,,,,,1,,,100,35,,2026-10-07
145208,INF277K015O2,Tata Small Cap Fund,Tata Mutual Fund,Equity,Small Cap,Equity Scheme - Small Cap Fund,Regular,Growth,2018-10-19,AMFI scheme master,7.97,39.8559,2026-10-06,40.5117,2026-09-23,30.2641,2026-03-31,-0.0161879,13093.8,Kuvera (latest month),12995,Jul-Sep 2026,8457.32,0.0168,Chandraprakash Padiyar; Jeetendra Khatri,Very High Risk,0.0437908,0.247364,0.00440512,-0.0400187,0.105404,0.136357,,0.191152,NAV history,-0.101782,-0.0334994,-0.00265989,0.176032,-0.322343,-0.322343,0.229527,0.307078,0.540984,8.7,4.3,50,35,,2026-10-07
154268,INF2F0001503,The Wealth Company Small Cap Fund,The Wealth Company Mutual Fund,Equity,Small Cap,Equity Scheme - Small Cap Fund,Regular,Growth,2026-03-05,AMFI scheme master,0.59,11.722,2026-10-06,11.9147,2026-08-28,9.8657,2026-03-31,-0.0161733,118.27,AMFI AAUM Jul-Sep 2026,118.27,Jul-Sep 2026,112.02,0.0372,,,0.0281194,0.170725,,,,,,0.188085,"NAV history (absolute, <1Y)",,,,,,,,,,,,,35,,2026-10-07
148617,INF789F1AUO6,UTI Small Cap Fund,UTI Mutual Fund,Equity,Small Cap,Equity Schemes - Small Cap Fund,Regular,Growth,2020-12-02,AMFI scheme master,5.85,26.7197,2026-10-06,27.9834,2026-08-26,21.8162,2026-03-23,-0.0451589,5447.6,Kuvera (latest month),5348.15,Jul-Sep 2026,4763.29,0.0201,Nitin Jain,Very High Risk,-0.0217294,0.164739,0.0371628,0.00423905,0.118086,0.128408,,0.185277,NAV history,-0.0690242,-0.0208175,-0.0106098,0.167908,-0.225404,-0.225404,0.316161,0.422057,0.372881,34.8,87,25,35,,2026-10-07
129647,INF582M01BY1,Union Small Cap Fund,Union Mutual Fund,Equity,Small Cap,Equity Scheme - Small Cap Fund,Regular,Growth,2014-05-20,AMFI scheme master,12.38,59.22,2026-10-06,61.48,2026-09-08,44.35,2026-03-23,-0.0367599,2667.4,Kuvera (latest month),2544.4,Jul-Sep 2026,2313.2,0.0217,Pratik Dharmshi; Gaurav Chopra,Very High Risk,0.0394945,0.279879,0.192269,0.0827932,0.153647,0.157104,0.160209,0.154971,NAV history,0.086082,0.0147435,0.0180868,0.188405,-0.264318,-0.264318,0.470513,0.618822,0.442623,56.5,21.7,39.3,35,,2026-10-07
108167,INF209K01LF3,Aditya Birla Sun Life Value Fund,Aditya Birla Sun Life Mutual Fund,Equity,Value,Equity Scheme - Value Fund,Regular,Growth,2008-01-17,AMFI scheme master,18.72,133.427,2026-10-06,139.758,2026-08-28,113.927,2026-03-31,-0.0453053,6806.89,AMFI AAUM Jul-Sep 2026,6806.89,Jul-Sep 2026,5974.23,0.0201,,,-0.0144661,0.130581,0.0811749,-0.000338217,0.12344,0.125395,0.106427,0.150587,NAV history,0.104234,0.0198449,0.0144314,0.167784,-0.225905,-0.229205,0.348302,0.455484,0.491803,71.4,19,42.9,24,,2026-10-07
149167,INF846K013C4,Axis Value Fund,Axis Mutual Fund,Equity,Value,Equity Schemes - Value Fund,Regular,Growth,2021-09-02,AMFI scheme master,5.1,19.47,2026-10-06,20.53,2026-08-31,17.16,2026-03-30,-0.0516318,1879.9,Kuvera (latest month),1804.06,Jul-Sep 2026,1309.35,0.0227,Nitin Arora; Krishnaa N,Very High Risk,-0.00409207,0.107509,0.04062,0.019563,0.156721,0.140725,,0.142129,NAV history,0.0636786,0.0531259,0.0297619,0.141212,-0.176289,-0.208372,0.649524,0.866186,0.86,95.2,71.4,95.2,24,,2026-10-07
154695,INF761K01HN5,BANK OF INDIA VALUE FUND,Bank of India Mutual Fund,Equity,Value,Equity Schemes - Value Fund,Regular,Growth,2026-08-28,AMFI scheme master,0.11,10.07,2026-10-06,10.07,2026-10-06,10.01,2026-09-24,0,39.28,AMFI AAUM Jul-Sep 2026,39.28,Jul-Sep 2026,34.98,0.0279,,,,,,,,,,0.00499002,"NAV history (absolute, <1Y)",,,,,,,,,,,,,24,,2026-10-07
108909,INF194K01342,Bandhan Value Fund,Bandhan Mutual Fund,Equity,Value,Equity Scheme - Value Fund,Regular,Growth,2008-01-09,AMFI scheme master,18.74,143.037,2026-10-06,154.022,2026-01-02,132.262,2026-03-31,-0.071321,9980.6,Kuvera (latest month),9945.36,Jul-Sep 2026,8659.07,0.0199,Daylynn Pinto; Ritika Behera; Gaurav Satra,Very High Risk,-0.035814,0.051387,-0.035814,-0.0358661,0.0860154,0.108581,0.135604,0.159999,NAV history,-0.0127553,-0.0175792,-0.00238202,0.12932,-0.183291,-0.1903,0.162507,0.219412,0.47541,28.6,57.1,38.1,24,,2026-10-07
151747,INF251K01SA1,Baroda BNP Paribas Value Fund,Baroda BNP Paribas Mutual Fund,Equity,Value,Equity Scheme - Value Fund,Regular,Growth,2023-05-17,AMFI scheme master,3.39,13.1916,2026-10-06,14.3992,2026-01-02,12.5057,2026-03-31,-0.0838658,992.9,Kuvera (latest month),992.29,Jul-Sep 2026,968.43,0.0239,Rohan Korde; Ankeet Pandya,Very High Risk,-0.037243,0.0316173,-0.043477,-0.0611162,0.0707222,,,0.086029,NAV history,-0.0204184,-0.0328725,,0.14758,-0.201356,,0.0387736,0.0503209,0,9.5,33.3,4.8,24,,2026-10-07
149088,INF760K01JZ7,Canara Robeco Value Fund,Canara Robeco Mutual Fund,Equity,Value,Equity Schemes - Value Fund,Regular,Growth,2021-08-13,AMFI scheme master,5.15,17.11,2026-10-06,18.83,2026-01-02,16.07,2026-03-30,-0.0913436,1298.6,Kuvera (latest month),1278.15,Jul-Sep 2026,1152.31,0.0228,Vishal Mishra,Very High Risk,-0.0504994,0.0288635,-0.0526024,-0.045243,0.0851501,0.110963,,0.111482,NAV history,-0.0295438,-0.0184446,0,0.138367,-0.194672,-0.194672,0.145628,0.193879,0.36,23.8,42.9,28.6,24,,2026-10-07
148594,INF740KA1PM0,DSP Value Fund,DSP Mutual Fund,Equity,Value,Equity Scheme - Value Fund,Regular,Growth,2020-11-20,AMFI scheme master,5.88,22.894,2026-10-06,24.17,2026-08-05,21.488,2026-03-23,-0.0527927,2220.3,Kuvera (latest month),2166.8,Jul-Sep 2026,1548.29,0.024,Abhishek Singh; Kaivalya Nadkarni,Very High Risk,-0.0423325,0.0583395,0.0258088,0.034753,0.14752,0.11607,,0.152843,NAV history,0.0488674,0.043925,0.00510665,0.110884,-0.140374,-0.167873,0.744198,1.01766,0.40678,100,100,33.3,24,,2026-10-07
135343,INF666M01BH7,Groww Value Fund,Groww Mutual Fund,Equity,Value,Equity Schemes - Value Fund,Regular,Growth,2015-09-03,AMFI scheme master,11.09,26.5175,2026-10-06,28.0185,2025-10-29,23.7163,2026-03-31,-0.0535717,74.4,Kuvera (latest month),75.21,Jul-Sep 2026,19.9,0.0292,Anupam Tiwari; Saptarshee Chatterjee; Nikhil Satam,Very High Risk,-0.0378405,0.0752285,-0.0216533,-0.00235987,0.101795,0.0929232,0.0886851,0.092028,NAV history,0.00140534,-0.00180011,-0.0180402,0.136192,-0.170305,-0.170305,0.270167,0.367753,0.213115,47.6,85.7,9.5,24,,2026-10-07
101764,INF179K01426,HDFC Value Fund,HDFC Mutual Fund,Equity,Value,Equity Scheme - Value Fund,Regular,Growth,1993-12-16,AMFI scheme master,32.81,768.655,2026-10-06,803.174,2026-08-12,671.336,2026-03-31,-0.0429782,8265.9,Kuvera (latest month),8029.76,Jul-Sep 2026,6291.48,0.0188,Anand Laddha; Dhruv Muchhal,Very High Risk,-0.0216654,0.107981,0.0353357,0.0162839,0.143196,0.123161,0.128055,0.141519,Launch NAV Rs 10 assumed (pre-2006 NAV not in AMFI history),0.0583944,0.0396014,0.0121972,0.138297,-0.185197,-0.18703,0.565421,0.769404,0.672131,85.7,47.6,81,24,,2026-10-07
151110,INF677K01023,HSBC Value Fund,HSBC Mutual Fund,Equity,Value,Equity Schemes - Value Fund,Regular,Growth,2009-11-16,AMFI scheme master,16.89,109.931,2026-10-06,116.477,2026-08-26,101.599,2026-03-23,-0.0562006,15372.8,Kuvera (latest month),15095.7,Jul-Sep 2026,11776.1,0.0184,Venugopal Manghat; Mayank Chaturvedi,Very High Risk,-0.0416974,0.0461388,-0.00274598,-0.00074191,0.135887,,,0.163829,NAV history,0.0203127,0.0322926,,0.160875,-0.1993,,0.440634,0.583096,0.944444,76.2,38.1,100,24,,2026-10-07
102594,INF109K01AF8,ICICI Prudential Value Fund (erstwhile Value Discovery Fund),ICICI Prudential Mutual Fund,Equity,Value,Equity Scheme - Value Fund,Regular,Growth,2004-07-09,AMFI scheme master,22.25,438.12,2026-10-06,501.1,2026-01-02,433.14,2026-10-01,-0.125683,61102.2,Kuvera (latest month),60107.5,Jul-Sep 2026,39283.3,0.0155,Sankaran Naren; Dharmesh Kakkad; Sharmila D'Silva; Masoomi Jhurmarvala,Very High Risk,-0.0644059,-0.0140205,-0.0776033,-0.0269029,0.103595,0.120877,0.132396,0.185236,Launch NAV Rs 10 assumed (pre-2006 NAV not in AMFI history),-0.0545446,0,0.00991357,0.11242,-0.142013,-0.142013,0.343309,0.474075,0.639344,61.9,95.2,71.4,24,,2026-10-07
148973,INF00XX01AN3,ITI Value Fund,ITI Mutual Fund,Equity,Value,Equity Scheme - Value Fund,Regular,Growth,2021-05-25,AMFI scheme master,5.37,16.2839,2026-10-06,17.5474,2026-01-02,14.7042,2026-03-31,-0.072005,363.9,Kuvera (latest month),360.23,Jul-Sep 2026,348.23,0.0304,Dhimant Shah; Nilay Dalal,Very High Risk,-0.0518118,0.0632925,-0.0179359,-0.0308053,0.0940627,0.0903963,,0.0964405,NAV history,0.00512278,-0.00953198,-0.0205672,0.173021,-0.222325,-0.239615,0.167972,0.217798,0.584906,33.3,23.8,66.7,24,,2026-10-07
100254,INF137A01037,JM Value Fund,JM Financial Mutual Fund,Equity,Value,Equity Schemes - Value Fund,Regular,Growth,1997-03-25,AMFI scheme master,29.54,95.2966,2026-10-06,99.0478,2025-10-30,80.3193,2026-03-31,-0.0378726,817.2,Kuvera (latest month),809.5,Jul-Sep 2026,622,0.0272,Satish Ramanathan; Asit Bhandarkar; Ruchi Fozdar; Deepak Gupta,Very High Risk,0.00192823,0.139372,-0.0191565,-0.0531939,0.104396,0.132175,0.138108,0.0793238,Launch NAV Rs 10 assumed (pre-2006 NAV not in AMFI history),0.00390218,0.000801703,0.0212118,0.172156,-0.275211,-0.275211,0.228841,0.300141,0.540984,38.1,4.8,54.8,24,,2026-10-07
152016,INF397L01KQ3,LIC MF Value Fund,LIC Mutual Fund,Equity,Value,Equity Scheme - Value Fund,Regular,Growth,2018-07-30,AMFI scheme master,8.19,28.5231,2026-10-06,29.2105,2026-08-13,22.566,2026-03-31,-0.0235326,301.5,Kuvera (latest month),283.29,Jul-Sep 2026,264.24,0.0322,Mahesh Bendre,Very High Risk,0.0200811,0.217942,0.183904,0.050282,0.15946,,,0.160019,NAV history,0.206963,0.0558651,,0.172471,-0.254233,,0.547685,0.733792,0.5,81,9.5,47.6,24,,2026-10-07
153304,INF174V01CF5,Mahindra Manulife Value Fund,Mahindra Manulife Mutual Fund,Equity,Value,Equity Schemes - Value Fund,Regular,Growth,2025-02-07,AMFI scheme master,1.66,12.0281,2026-10-06,12.8403,2026-08-26,10.8348,2026-03-31,-0.063254,983.49,AMFI AAUM Jul-Sep 2026,983.49,Jul-Sep 2026,943.17,0.0256,,,-0.0449644,0.0770436,0.0559116,,,,,0.117306,NAV history,0.0789702,,,,,,,,,,,,24,,2026-10-07
154458,INF0J8L01230,NJ Value Fund,NJ Mutual Fund,Equity,Value,Equity Schemes - Value Fund,Regular,Growth,2026-07-10,AMFI scheme master,0.24,9.19,2026-10-06,10.04,2026-08-03,9.08,2026-10-01,-0.0846614,135.97,AMFI AAUM Jul-Sep 2026,135.97,Jul-Sep 2026,96.73,0.0339,,,,,,,,,,-0.0846614,"NAV history (absolute, <1Y)",,,,,,,,,,,,,24,,2026-10-07
103085,INF204K01GB3,Nippon India Value Fund,Nippon India Mutual Fund,Equity,Value,Equity Scheme - Value Fund,Regular,Growth,2005-05-10,AMFI scheme master,21.41,212.66,2026-10-06,235.441,2025-11-17,201.084,2026-03-31,-0.09676,9042.9,Kuvera (latest month),8975.78,Jul-Sep 2026,7824,0.02,Meenakshi Dawar; Dhrumil Shah; Kinjal Desai; Amber Singhania,Very High Risk,-0.0653195,0.027618,-0.0637418,-0.0387247,0.118093,0.115706,0.137421,0.153507,Launch NAV Rs 10 assumed (pre-2006 NAV not in AMFI history),-0.0406831,0.0144981,0.0047427,0.153319,-0.178494,-0.188705,0.346289,0.458941,0.688525,66.7,66.7,88.1,24,,2026-10-07
149337,INF966L01AQ6,Quant Value Fund,quant Mutual Fund,Equity,Value,Equity Scheme - Value Fund,Regular,Growth,2021-11-10,AMFI scheme master,4.91,21.6744,2026-10-06,23.1721,2026-07-06,17.7805,2026-03-31,-0.0646338,1977.5,Kuvera (latest month),1966.68,Jul-Sep 2026,1406.28,0.0244,Sanjeev Sharma; Ankit A. Pande; Sandeep Tandon; Varun Pattani; Sameer Kate; Ayusha Kumbhat; Yug Tibrewal,Very High Risk,-0.0646338,0.170482,0.110409,0.0111339,0.182762,,,0.17199,NAV history,0.133467,0.0791676,,0.188606,-0.247309,,0.624381,0.836345,0.659574,90.5,14.3,76.2,24,,2026-10-07
141068,INF082J01242,Quantum Value Fund,Quantum Mutual Fund,Equity,Value,Equity Scheme - Value Fund,Regular,Growth,2006-02-08,AMFI scheme master,20.66,112.16,2026-10-06,129.32,2026-01-02,108.57,2026-03-31,-0.132694,1121.9,Kuvera (latest month),1114.2,Jul-Sep 2026,47.01,0.0217,George Thomas; Christy Mathai,Very High Risk,-0.0596915,-0.00115772,-0.103724,-0.0614213,0.0750174,0.0790805,,0.0921886,NAV history,-0.0806652,-0.0285773,-0.031883,0.123153,-0.171538,-0.171538,0.0813411,0.111776,0.278689,19,81,14.3,24,,2026-10-07
101853,INF903J01538,Sundaram Value Fund,Sundaram Mutual Fund,Equity,Value,Equity Scheme - Value Fund,Regular,Growth,1999-11-22,AMFI scheme master,26.87,202.389,2026-10-06,230.086,2026-01-02,194.355,2026-03-31,-0.120377,1284.4,Kuvera (latest month),1284.76,Jul-Sep 2026,880.8,0.0229,S. Bharath; Sandeep Agarwal; Siddarth Mohta; Shalav Saket,Very High Risk,-0.0552931,0.00714244,-0.0819591,-0.0418209,0.052905,0.0648276,0.0898147,0.118427,Launch NAV Rs 10 assumed (pre-2006 NAV not in AMFI history),-0.0589005,-0.0506896,-0.0461359,0.129674,-0.161251,-0.165517,-0.0932718,-0.125092,0.295082,4.8,90.5,19,24,,2026-10-07
101672,INF277K01451,Tata Value Fund,Tata Mutual Fund,Equity,Value,Equity Scheme - Value Fund,Regular,Growth,2004-05-17,AMFI scheme master,22.39,341.657,2026-10-06,366.216,2026-01-02,317.451,2026-03-31,-0.0670602,8655.6,Kuvera (latest month),8499.65,Jul-Sep 2026,6231.92,0.0198,Sonam Udasi,Very High Risk,-0.0244904,0.0454294,-0.024464,-0.0364361,0.113823,0.115708,0.12506,0.170853,Launch NAV Rs 10 assumed (pre-2006 NAV not in AMFI history),-0.00140534,0.0102285,0.00474455,0.155397,-0.212482,-0.212482,0.314184,0.412388,0.688525,57.1,28.6,88.1,24,,2026-10-07
100496,INF090I01296,Templeton India Value Fund,Franklin Templeton Mutual Fund,Equity,Value,Equity Scheme - Value Fund,Regular,Growth,1996-09-10,AMFI scheme master,30.07,656.481,2026-10-06,749.696,2026-01-02,646.361,2026-03-31,-0.124336,1922,Kuvera (latest month),1955.74,Jul-Sep 2026,1560.33,0.0224,Ajay Argal; Sandeep Manam; Rajasa Kakulavarapu,Very High Risk,-0.0719487,-0.0154974,-0.0801293,-0.061757,0.072635,0.106655,0.116416,0.1493,Launch NAV Rs 10 assumed (pre-2006 NAV not in AMFI history),-0.0570706,-0.0309597,-0.00430861,0.131614,-0.183952,-0.183952,0.0580105,0.0773725,0.57377,14.3,52.4,61.9,24,,2026-10-07
103098,INF789F01AG5,UTI Value Fund,UTI Mutual Fund,Equity,Value,Equity Schemes - Value Fund,Regular,Growth,2005-07-16,AMFI scheme master,21.23,157.84,2026-10-06,176.544,2026-01-02,149.348,2026-03-31,-0.105942,9572.5,Kuvera (latest month),9536.71,Jul-Sep 2026,6925.52,0.0187,Amit Premchandani,Very High Risk,-0.0543451,0.0264781,-0.0704773,-0.0424358,0.10357,0.095489,0.119642,0.120445,Since Apr-2006 (earlier NAV not in AMFI history),-0.0474187,-2.42836e-05,-0.0154745,0.133908,-0.175342,-0.175342,0.288037,0.390634,0.311475,52.4,76.2,23.8,24,,2026-10-07
145471,INF582M01EO6,Union Value Fund,Union Mutual Fund,Equity,Value,Equity Scheme - Value Fund,Regular,Growth,2018-11-14,AMFI scheme master,7.9,27.57,2026-10-06,29.52,2026-01-02,25.66,2026-03-30,-0.0660569,398.9,Kuvera (latest month),393.92,Jul-Sep 2026,383.63,0.0271,Vinod Malviya; Gaurav Chopra,Very High Risk,-0.0554985,0.0419501,-0.0261392,-0.015933,0.0997125,0.103356,,0.137087,NAV history,-0.00308052,-0.00388218,-0.007607,0.148168,-0.183123,-0.183146,0.234277,0.310008,0.540984,42.9,61.9,54.8,24,,2026-10-07
154567,INF2VOA01160,ALPHAGREP LIQUID OMNI FOF,AlphaGrep Mutual Fund,FoF,FoF Domestic,Fund of Funds Scheme (Domestic) - Fund of Funds Scheme (Domestic),Regular,Growth,2026-08-04,AMFI scheme master,0.18,1009.61,2026-10-06,1009.61,2026-10-06,1000.81,2026-08-10,0,7.69,AMFI AAUM Jul-Sep 2026,7.69,Jul-Sep 2026,1.13,0.0038,,,,,,,,,,0.00879164,"NAV history (absolute, <1Y)",,,,,,,,,,,,,150,,2026-10-07
153828,INF1J2R01106,ANGEL ONE GOLD ETF FOF,Angel One Mutual Fund,FoF,FoF Domestic,Other Scheme - FoF Domestic,Regular,Growth,2025-08-20,AMFI scheme master,1.13,13.2513,2026-10-06,16.1769,2026-01-29,10.6098,2025-10-28,-0.18085,34.54,AMFI AAUM Jul-Sep 2026,34.54,Jul-Sep 2026,19.81,0.007,,,0.01165,-0.018335,0.215158,,,,,0.301987,NAV history,0.166282,,,,,,,,,,,,150,,2026-10-07
154207,INF1J2R01163,ANGEL ONE SILVER ETF FOF,Angel One Mutual Fund,FoF,FoF Domestic,Other Scheme - FoF Domestic,Regular,Growth,2026-02-09,AMFI scheme master,0.66,7.5972,2026-10-06,9.753,2026-05-14,7.2608,2026-03-23,-0.22104,11.34,AMFI AAUM Jul-Sep 2026,11.34,Jul-Sep 2026,5.25,0.0067,,,-0.0483873,-0.0606012,,,,,,-0.153393,"NAV history (absolute, <1Y)",,,,,,,,,,,,,150,,2026-10-07
132174,INF084M01077,Aditya Birla Sun Life Aggressive Hybrid Omni FOF,Aditya Birla Sun Life Mutual Fund,FoF,FoF Domestic,Other Scheme - FoF Domestic,Regular,Growth,2011-04-19,AMFI scheme master,15.47,42.9104,2026-10-06,44.4736,2026-08-13,39.2308,2026-03-30,-0.0351489,44.8,Kuvera (latest month),44.28,Jul-Sep 2026,33.62,0.0112,Kartikeya Singh,Very High Risk,-0.0207889,0.072023,0.00632494,0.0245415,0.0969273,0.0894374,0.0959675,0.0979464,NAV history,-0.0425516,-0.0194858,-0.00519108,0.0905347,-0.109854,-0.109854,0.352653,0.471097,0.393443,31.9,66.7,28.9,150,,2026-10-07
132178,INF084M01044,Aditya Birla Sun Life Conservative Hybrid Active FOF,Aditya Birla Sun Life Mutual Fund,FoF,FoF Domestic,Other Scheme - FoF Domestic,Regular,Growth,2011-04-19,AMFI scheme master,15.47,35.3753,2026-10-06,35.8408,2026-08-13,33.8172,2026-03-30,-0.012988,18,Kuvera (latest month),18.05,Jul-Sep 2026,11.35,0.0089,Kartikeya Singh,Moderately High Risk,-0.0062783,0.0409735,0.0275542,0.040047,0.088352,0.0815944,0.0825947,0.0845586,NAV history,-0.0213224,-0.0280611,-0.0130341,0.0476374,-0.0460465,-0.0460465,0.490203,0.653253,0.278689,41.7,80.6,22.9,150,,2026-10-07
132180,INF084M01101,Aditya Birla Sun Life Dynamic Asset Allocation Omni FOF,Aditya Birla Sun Life Mutual Fund,FoF,FoF Domestic,Other Scheme - FoF Domestic,Regular,Growth,2011-04-19,AMFI scheme master,15.47,55.1831,2026-10-06,57.045,2026-08-25,50.653,2026-03-30,-0.0326391,246.4,Kuvera (latest month),243.25,Jul-Sep 2026,203.33,0.0118,Kartikeya Singh,Very High Risk,-0.0172007,0.0713626,0.019634,0.0238493,0.115206,0.103339,0.112632,0.115879,NAV history,-0.0292426,-0.00120743,0.00871003,0.105662,-0.139086,-0.139086,0.475155,0.633117,0.52459,40.3,59.7,47,150,,2026-10-07
116796,INF209K01PF4,Aditya Birla Sun Life Gold Fund,Aditya Birla Sun Life Mutual Fund,FoF,FoF Domestic,Other Scheme - FoF Domestic,Regular,Growth,2012-03-01,AMFI scheme master,14.6,42.482,2026-10-06,50.5631,2026-01-29,33.5407,2025-10-28,-0.159822,1843.2,Kuvera (latest month),1770.31,Jul-Sep 2026,1191.34,0.0052,Mehul Dama; Priya Sridhar,High Risk,0.0165857,-0.0125379,0.219892,0.373519,0.352238,0.242179,0.155473,0.104635,NAV history,0.171015,0.235825,0.14755,0.224138,-0.23284,-0.23284,1.28152,1.81192,0.672131,86.1,36.1,61.4,150,,2026-10-07
131896,INF084M01AH5,Aditya Birla Sun Life Income Plus Arbitrage Active FOF,Aditya Birla Sun Life Mutual Fund,FoF,FoF Domestic,Other Scheme - FoF Domestic,Regular,Growth,2006-12-08,AMFI scheme master,19.83,39.9032,2026-10-06,39.9032,2026-10-06,38.0762,2025-10-07,0,1050.4,Kuvera (latest month),1055.79,Jul-Sep 2026,115.76,0.0042,Kaustubh Gupta; Harshil Suvarnkar,Low to Moderate Risk,0.00738945,0.0305392,0.0486244,0.0609146,0.0689083,0.0586761,0.0612513,0.0706271,NAV history,-0.000252132,-0.0475048,-0.0359524,0.01528,-0.00621255,-0.0126824,0.25578,0.383445,0.0655738,23.6,98.6,4.2,150,,2026-10-07
131864,INF084M01AE2,Aditya Birla Sun Life Multi Asset Omni FoF,Aditya Birla Sun Life Mutual Fund,FoF,FoF Domestic,Other Scheme - FoF Domestic,Regular,Growth,2006-07-09,AMFI scheme master,20.25,74.8612,2026-10-06,80.0813,2026-01-29,67.4991,2026-03-23,-0.065185,477.5,Kuvera (latest month),455.95,Jul-Sep 2026,409.87,0.0132,Kartikeya Singh,Moderately High Risk,-0.0111942,0.0793853,0.0748738,0.0781748,0.149398,0.11761,0.118522,0.121301,NAV history,0.0259973,0.0329844,0.0229815,0.115661,-0.157118,-0.157118,0.729697,0.948874,0.622951,59.7,50,55.4,150,,2026-10-07
150690,INF209KB12M7,Aditya Birla Sun Life Multi-Asset Passive FOF,Aditya Birla Sun Life Mutual Fund,FoF,FoF Domestic,Other Scheme - FoF Domestic,Regular,Growth,2022-09-26,AMFI scheme master,4.03,16.9727,2026-10-06,18.6438,2026-01-29,15.5872,2026-03-23,-0.089633,35.9,Kuvera (latest month),34.89,Jul-Sep 2026,16.31,0.0062,Kartikeya Singh,Very High Risk,-0.0261135,0.0613244,0.04344,0.0478493,0.142689,,,0.142613,NAV history,-0.00543651,0.026276,,0.115464,-0.163947,,0.672841,0.878803,0.783784,54.2,48.6,83.7,150,,2026-10-07
149783,INF209KB13F9,Aditya Birla Sun Life Silver ETF FOF,Aditya Birla Sun Life Mutual Fund,FoF,FoF Domestic,Fund of Funds Scheme (Domestic) - Fund of Funds Scheme (Domestic),Regular,Growth,2022-01-13,AMFI scheme master,4.73,33.5412,2026-10-06,56.2622,2026-01-29,21.171,2025-10-28,-0.403841,1295.3,Kuvera (latest month),1254.36,Jul-Sep 2026,767.02,0.0065,Mehul Dama; Priya Sridhar,Very High Risk,-0.0441052,-0.054245,0.449973,0.51911,0.434331,,,0.293306,NAV history,0.401096,0.317918,,0.408047,-0.453297,,0.905119,1.17853,0.755556,68.1,8.3,79.5,150,,2026-10-07
115897,INF846K01AL3,Axis Gold Fund,Axis Mutual Fund,FoF,FoF Domestic,Fund of Funds Scheme (Domestic) - Fund of Funds Scheme (Domestic),Regular,Growth,2011-09-30,AMFI scheme master,15.02,42.4038,2026-10-06,51.6534,2026-01-29,33.6834,2025-10-28,-0.17907,3190.8,Kuvera (latest month),3074.41,Jul-Sep 2026,1394.67,0.0055,Aditya Pagaria; Pratik Tibrewal,High Risk,0.0159324,-0.01406,0.217814,0.369354,0.351646,0.242303,0.154178,0.100413,NAV history,0.168938,0.235233,0.147674,0.240424,-0.258601,-0.258601,1.19225,1.63675,0.704918,84.7,20.8,70.5,150,,2026-10-07
154077,INF846KA1390,Axis Gold and Silver Passive FOF,Axis Mutual Fund,FoF,FoF Domestic,Fund of Funds Scheme (Domestic) - Fund of Funds Scheme (Domestic),Regular,Growth,2025-12-10,AMFI scheme master,0.82,10.5586,2026-10-06,14.4379,2026-01-29,9.5687,2026-03-23,-0.268689,556.94,AMFI AAUM Jul-Sep 2026,556.94,Jul-Sep 2026,386.78,0.0059,,,-0.00952149,-0.0292192,,,,,,0.0477192,"NAV history (absolute, <1Y)",,,,,,,,,,,,,150,,2026-10-07
147890,INF846K01V16,Axis Income Plus Arbitrage Omni FOF,Axis Mutual Fund,FoF,FoF Domestic,Fund of Funds Scheme (Domestic) - Fund of Funds Scheme (Domestic),Regular,Growth,2020-01-10,AMFI scheme master,6.74,15.422,2026-10-06,15.422,2026-10-06,14.6638,2025-10-07,0,2234.4,Kuvera (latest month),2204.66,Jul-Sep 2026,387.65,0.0054,Devang Shah; Hardik Shah; Anagha Darade,Moderate Risk,0.0068617,0.0318342,0.0522437,0.0643837,0.0765807,0.06286,,0.0669126,NAV history,0.0033672,-0.0398324,-0.0317685,0.0160427,-0.00814396,-0.0114495,0.72187,1.03635,0.180328,58.3,97.2,15.7,150,,2026-10-07
153927,INF846KA1275,Axis Income Plus Arbitrage Passive FOF,Axis Mutual Fund,FoF,FoF Domestic,Fund of Funds Scheme (Domestic) - Fund of Funds Scheme (Domestic),Regular,Growth,2025-10-28,AMFI scheme master,0.94,10.5424,2026-10-06,10.5424,2026-10-06,10.0116,2025-11-17,0,109.52,AMFI AAUM Jul-Sep 2026,109.52,Jul-Sep 2026,6.46,0.0041,,,0.0139555,0.0339437,,,,,,0.0530185,"NAV history (absolute, <1Y)",,,,,,,,,,,,,150,,2026-10-07
149844,INF846K014G3,Axis Multi Factor Passive FoF,Axis Mutual Fund,FoF,FoF Domestic,Fund of Funds Scheme (Domestic) - Fund of Funds Scheme (Domestic),Regular,Growth,2022-02-04,AMFI scheme master,4.67,14.6552,2026-10-06,15.9812,2026-02-11,14.0524,2026-03-31,-0.0829725,36.1,Kuvera (latest month),35.94,Jul-Sep 2026,15.2,0.0065,Nandik Malik; Rohit Gautam,Very High Risk,-0.051738,0.0111428,-0.0336296,-0.0595183,0.0706151,,,0.086218,NAV history,-0.0825062,-0.045798,,0.124964,-0.222016,,0.0449341,0.0612437,0.4,5.6,38.9,31.3,150,,2026-10-07
153963,INF846KA1333,Axis Multi-Asset Omni FoF,Axis Mutual Fund,FoF,FoF Domestic,Fund of Funds Scheme (Domestic) - Fund of Funds Scheme (Domestic),Regular,Growth,2025-11-21,AMFI scheme master,0.88,10.5597,2026-10-06,10.9826,2026-08-26,9.5272,2026-03-23,-0.0385064,1370.93,AMFI AAUM Jul-Sep 2026,1370.93,Jul-Sep 2026,1312.17,0.0134,,,-0.00348225,0.0765318,,,,,,0.0489838,"NAV history (absolute, <1Y)",,,,,,,,,,,,,150,,2026-10-07
150617,INF846K018J8,Axis Silver Fund of Fund,Axis Mutual Fund,FoF,FoF Domestic,Fund of Funds Scheme (Domestic) - Fund of Funds Scheme (Domestic),Regular,Growth,2022-09-02,AMFI scheme master,4.1,37.0555,2026-10-06,62.8103,2026-01-29,23.6024,2025-10-28,-0.410041,1280.6,Kuvera (latest month),1235.26,Jul-Sep 2026,595.46,0.0065,Aditya Pagaria; Pratik Tibrewal,Very High Risk,-0.0440275,-0.0510464,0.45448,0.521455,0.440442,,,0.397258,NAV history,0.405604,0.324029,,0.39465,-0.461451,,0.951329,1.23843,0.736842,70.8,1.4,78.3,150,,2026-10-07
149399,INF754K01NV1,BHARAT Bond ETF FOF - April 2032,Edelweiss Mutual Fund,FoF,FoF Domestic,Other Scheme - FoF Domestic,Regular,Growth,2021-12-03,AMFI scheme master,4.84,13.3185,2026-10-06,13.5507,2026-07-06,12.913,2026-03-30,-0.0171356,4209.5,Kuvera (latest month),4257.82,Jul-Sep 2026,1321.1,0.0004,Rahul Dedhia; Hetul Raval,Moderate Risk,-0.0171356,0.0266797,0.032714,0.0559552,0.0698447,,,0.0613314,NAV history,-0.0161625,-0.0465684,,0.0340816,-0.0193502,,0.142149,0.197813,0.212766,16.7,88.9,20.5,150,,2026-10-07
150991,INF754K01QY8,BHARAT Bond ETF FOF - April 2033,Edelweiss Mutual Fund,FoF,FoF Domestic,Other Scheme - FoF Domestic,Regular,Growth,2022-12-02,AMFI scheme master,3.85,13.0251,2026-10-06,13.2365,2026-08-12,12.56,2026-03-30,-0.015971,2089,Kuvera (latest month),2105.83,Jul-Sep 2026,843.89,0.0004,Rahul Dedhia; Hetul Raval,Moderate Risk,-0.0140119,0.0259296,0.0357026,0.0542855,0.0703915,,,0.0712894,NAV history,-0.0131739,-0.0460216,,0.0462268,-0.0434539,,0.116631,0.168815,0.171429,11.1,81.9,14.5,150,,2026-10-07
148452,INF754K01LL6,BHARAT Bond FOF- April 2031,Edelweiss Mutual Fund,FoF,FoF Domestic,Other Scheme - FoF Domestic,Regular,Growth,2020-07-14,AMFI scheme master,6.23,14.2208,2026-10-06,14.4485,2026-07-07,13.7637,2026-02-05,-0.0157594,4587.3,Kuvera (latest month),4615.4,Jul-Sep 2026,1155.08,0.0004,Rahul Dedhia; Hetul Raval,Moderate Risk,-0.0104723,0.0256174,0.0347291,0.0575779,0.0716244,0.0615893,,0.0584915,NAV history,-0.0141474,-0.0447887,-0.0330392,0.0310092,-0.0174714,-0.0377337,0.213626,0.301902,0.147541,20.8,90.3,10.8,150,,2026-10-07
112332,INF194K01953,Bandhan Aggressive Hybrid Passive FOF,Bandhan Mutual Fund,FoF,FoF Domestic,Other Scheme - FoF Domestic,Regular,Growth,2010-01-04,AMFI scheme master,16.76,48.0076,2026-10-06,50.6797,2026-08-13,42.8754,2026-03-30,-0.0527253,22.8,Kuvera (latest month),22.32,Jul-Sep 2026,16.56,0.0034,Karthik Kumar,Very High Risk,-0.0289921,0.0863513,0.0468226,0.0328945,0.111159,0.0888595,0.0922535,0.0986901,NAV history,-0.00205391,-0.00525393,-0.00576902,0.105004,-0.117678,-0.141767,0.439596,0.604201,0.42623,38.9,63.9,36.1,150,,2026-10-07
112327,INF194K01987,Bandhan Conservative Hybrid Passive FOF,Bandhan Mutual Fund,FoF,FoF Domestic,Other Scheme - FoF Domestic,Regular,Growth,2010-01-04,AMFI scheme master,16.76,34.3937,2026-10-06,35.102,2026-08-12,33.5591,2026-03-30,-0.0201783,5.4,Kuvera (latest month),5.48,Jul-Sep 2026,3.57,0.0029,Karthik Kumar,Moderately High Risk,-0.0109306,0.0207815,0.015684,0.0352578,0.0682312,0.0592861,0.0667083,0.0769863,NAV history,-0.0331926,-0.0481819,-0.0353424,0.0325292,-0.0338145,-0.0564032,0.0993322,0.137153,0,9.7,86.1,1.8,150,,2026-10-07
154130,INF194KB1KK5,Bandhan Gold ETF FOF,Bandhan Mutual Fund,FoF,FoF Domestic,Other Scheme - FoF Domestic,Regular,Growth,2026-01-12,AMFI scheme master,0.73,9.5886,2026-10-06,11.5644,2026-01-29,8.6935,2026-03-23,-0.170852,158.77,AMFI AAUM Jul-Sep 2026,158.77,Jul-Sep 2026,124.38,0.0058,,,0.0154618,-0.013214,,,,,,-0.104221,"NAV history (absolute, <1Y)",,,,,,,,,,,,,150,,2026-10-07
108545,INF194K01SE5,Bandhan Income Plus Arbitrage Active FOF,Bandhan Mutual Fund,FoF,FoF Domestic,Other Scheme - FoF Domestic,Regular,Growth,2004-08-09,AMFI scheme master,22.16,46.872,2026-10-06,46.872,2026-10-06,44.4186,2025-10-07,0,1805.4,Kuvera (latest month),1785.89,Jul-Sep 2026,442.55,0.003,Harshal Joshi,Moderate Risk,0.00837299,0.0328256,0.0556353,0.0655201,0.0709742,0.0596262,0.0663617,0.0742663,NAV history,0.00675871,-0.0454389,-0.0350022,0.00811171,-0.00296919,-0.0112845,0.736487,1.13097,0.131148,61.1,100,8.4,150,,2026-10-07
112329,INF194K01AB9,Bandhan Multi-Asset Passive FOF,Bandhan Mutual Fund,FoF,FoF Domestic,Other Scheme - FoF Domestic,Regular,Growth,2010-01-04,AMFI scheme master,16.76,41.0968,2026-10-06,43.6764,2026-01-29,39.7801,2026-03-23,-0.0590616,20.2,Kuvera (latest month),20.13,Jul-Sep 2026,12.22,0.0053,Karthik Kumar,Very High Risk,-0.0164229,0.0130074,0.00836443,0.0219742,0.0844365,0.0707087,0.0783135,0.0885243,NAV history,-0.0405121,-0.0319766,-0.0239197,0.0751852,-0.0892084,-0.102513,0.258515,0.348714,0.196721,25,70.8,18.7,150,,2026-10-07
154135,INF194KB1KM1,Bandhan Silver ETF FOF,Bandhan Mutual Fund,FoF,FoF Domestic,Other Scheme - FoF Domestic,Regular,Growth,2026-01-12,AMFI scheme master,0.73,7.2133,2026-10-06,12.1433,2026-01-29,6.5657,2026-03-23,-0.405985,154.68,AMFI AAUM Jul-Sep 2026,154.68,Jul-Sep 2026,100.08,0.0059,,,-0.0418676,-0.0503193,,,,,,-0.354272,"NAV history (absolute, <1Y)",,,,,,,,,,,,,150,,2026-10-07
153794,INF251K01VE7,Baroda BNP Paribas Gold ETF Fund of Fund,Baroda BNP Paribas Mutual Fund,FoF,FoF Domestic,Fund of Funds Scheme (Domestic) - Fund of Funds Scheme (Domestic),Regular,Growth,2025-08-04,AMFI scheme master,1.17,14.5581,2026-10-06,18.026,2026-01-29,11.5193,2025-10-28,-0.192383,187.21,AMFI AAUM Jul-Sep 2026,187.21,Jul-Sep 2026,162.21,0.0048,,,0.0132167,-0.0166237,0.214086,,,,,0.388009,NAV history,0.165209,,,,,,,,,,,,150,,2026-10-07
153541,INF251K01UR1,Baroda BNP Paribas Income Plus Arbitrage Active Fund of Funds,Baroda BNP Paribas Mutual Fund,FoF,FoF Domestic,Other Scheme - FoF Domestic,Regular,Growth,2025-05-09,AMFI scheme master,1.41,10.7704,2026-10-06,10.7704,2026-10-06,10.2055,2025-10-07,0,80.68,AMFI AAUM Jul-Sep 2026,80.68,Jul-Sep 2026,2.99,0.0023,,,0.00984492,0.0345013,0.0560251,,,,,0.0556474,NAV history,0.00714855,,,,,,,,,,,,150,,2026-10-07
153548,INF251K01UM2,Baroda BNP Paribas Multi Asset Active Fund of Funds,Baroda BNP Paribas Mutual Fund,FoF,FoF Domestic,Fund of Funds Scheme (Domestic) - Fund of Funds Scheme (Domestic),Regular,Growth,2025-05-15,AMFI scheme master,1.4,11.2036,2026-10-06,11.6944,2026-01-29,10.5363,2025-10-28,-0.0419688,114.77,AMFI AAUM Jul-Sep 2026,114.77,Jul-Sep 2026,108.96,0.011,,,-0.00210204,0.0213503,0.0614194,,,,,0.0873383,NAV history,0.0125428,,,,,,,,,,,,150,,2026-10-07
147854,INF754K01KV7,Bharat Bond FOF - April 2030,Edelweiss Mutual Fund,FoF,FoF Domestic,Other Scheme - FoF Domestic,Regular,Growth,2019-12-13,AMFI scheme master,6.82,16.0001,2026-10-06,16.0909,2026-08-05,15.3739,2025-10-08,-0.00564294,8868.2,Kuvera (latest month),8965.15,Jul-Sep 2026,2876,0.0004,Rahul Dedhia; Hetul Raval,Moderate Risk,-0.0014105,0.033685,0.0405757,0.0625824,0.0721123,0.0633546,,0.07181,NAV history,-0.00830085,-0.0443008,-0.0312739,0.0295769,-0.0207735,-0.0338031,0.240469,0.343091,0.163934,22.2,87.5,12,150,,2026-10-07
152182,INF740KA1TH2,DSP Gold ETF Fund of Fund,DSP Mutual Fund,FoF,FoF Domestic,Other Scheme - FoF Domestic,Regular,Growth,2023-11-03,AMFI scheme master,2.93,22.9094,2026-10-06,27.8514,2026-01-29,18.2883,2025-10-28,-0.177442,556.8,Kuvera (latest month),530.01,Jul-Sep 2026,328.39,0.01,Anil Ghelani; Diipesh Shah; Neha Rathi,High Risk,0.0170113,-0.0132404,0.221444,0.371607,,,,0.335717,NAV history,0.172567,,,,,,,,0.958333,,,94,150,,2026-10-07
130492,INF740K01Z27,DSP Income Plus Arbitrage Omni FoF,DSP Mutual Fund,FoF,FoF Domestic,Other Scheme - FoF Domestic,Regular,Growth,2014-08-01,AMFI scheme master,12.18,22.4939,2026-10-06,22.5107,2026-09-10,21.5648,2025-10-07,-0.000746312,1593.2,Kuvera (latest month),1576.71,Jul-Sep 2026,175.46,0.0086,Shantanu Godambe; Kaivalya Nadkarni,Very High Risk,0.00384689,0.0289888,0.0435632,0.0522415,0.106494,0.057852,0.0765488,0.0688325,NAV history,-0.00531337,-0.00991942,-0.0367765,0.0615788,-0.0548942,-0.147074,0.67383,0.97591,0.0655738,55.6,79.2,4.2,150,,2026-10-07
154165,INF740KA1YB5,DSP Multi Asset Omni Fund of Funds,DSP Mutual Fund,FoF,FoF Domestic,Other Scheme - FoF Domestic,Regular,Growth,2026-02-05,AMFI scheme master,0.67,9.7456,2026-10-06,10.2513,2026-08-11,9.3662,2026-03-23,-0.0493303,865.68,AMFI AAUM Jul-Sep 2026,865.68,Jul-Sep 2026,616.61,0.0124,,,-0.025089,0.0130035,,,,,,-0.0282968,"NAV history (absolute, <1Y)",,,,,,,,,,,,,150,,2026-10-07
153486,INF740KA1VW7,DSP Silver ETF Fund of Fund,DSP Mutual Fund,FoF,FoF Domestic,Other Scheme - FoF Domestic,Regular,Growth,2025-04-28,AMFI scheme master,1.44,22.7574,2026-10-06,37.9135,2026-01-29,14.5292,2025-10-28,-0.399755,701.54,AMFI AAUM Jul-Sep 2026,701.54,Jul-Sep 2026,529.11,0.0099,,,-0.0443929,-0.0552862,0.456129,,,,,0.803085,NAV history,0.407252,,,,,,,,,,,,150,,2026-10-07
154209,INF754K01WQ2,Edelweiss Gold ETF Fund of Fund,Edelweiss Mutual Fund,FoF,FoF Domestic,Other Scheme - FoF Domestic,Regular,Growth,2026-02-12,AMFI scheme master,0.65,9.0896,2026-10-06,9.941,2026-08-24,8.3373,2026-03-23,-0.0856453,47.24,AMFI AAUM Jul-Sep 2026,47.24,Jul-Sep 2026,36.38,0.0059,,,0.018865,-0.0130406,,,,,,-0.0722721,"NAV history (absolute, <1Y)",,,,,,,,,,,,,150,,2026-10-07
150579,INF754K01OT3,Edelweiss Gold and Silver ETF FOF,Edelweiss Mutual Fund,FoF,FoF Domestic,Other Scheme - FoF Domestic,Regular,Growth,2022-08-24,AMFI scheme master,4.12,32.452,2026-10-06,45.575,2026-01-29,22.641,2025-10-28,-0.287943,3275.8,Kuvera (latest month),3144.1,Jul-Sep 2026,1965.82,0.0056,Bhavesh Jain; Bharat Lahoti,Very High Risk,-0.0114536,-0.0319482,0.3664,0.462367,0.403352,,,0.343702,NAV history,0.317523,0.286938,,0.287559,-0.34271,,1.17663,1.58745,0.763158,81.9,12.5,80.7,150,,2026-10-07
153713,INF754K01VJ9,Edelweiss Income Plus Arbitrage Omni Fund of Funds,Edelweiss Mutual Fund,FoF,FoF Domestic,Other Scheme - FoF Domestic,Regular,Growth,2025-07-03,AMFI scheme master,1.26,10.6496,2026-10-06,10.6496,2026-10-06,10.1084,2025-10-07,0,124.88,AMFI AAUM Jul-Sep 2026,124.88,Jul-Sep 2026,7.73,0.0029,,,0.0116078,0.0313883,0.0539463,,,,,0.0527672,NAV history,0.00506971,,,,,,,,,,,,150,,2026-10-07
153779,INF754K01VR2,Edelweiss Multi Asset Omni Fund of Fund,Edelweiss Mutual Fund,FoF,FoF Domestic,Other Scheme - FoF Domestic,Regular,Growth,2025-08-12,AMFI scheme master,1.15,11.1384,2026-10-06,12.0053,2026-01-29,10.2308,2026-03-23,-0.0722098,517.33,AMFI AAUM Jul-Sep 2026,517.33,Jul-Sep 2026,486.65,0.015,,,-0.0226216,0.0463602,0.0686059,,,,,0.0937766,NAV history,0.0197294,,,,,,,,,,,,150,,2026-10-07
154075,INF754K01WD0,Edelweiss Silver ETF Fund of Fund,Edelweiss Mutual Fund,FoF,FoF Domestic,Other Scheme - FoF Domestic,Regular,Growth,2025-12-08,AMFI scheme master,0.83,9.5858,2026-10-06,15.9614,2026-01-29,8.9292,2026-03-23,-0.399439,104.35,AMFI AAUM Jul-Sep 2026,104.35,Jul-Sep 2026,68.06,0.0055,,,-0.0407485,-0.0526274,,,,,,-0.0300817,"NAV history (absolute, <1Y)",,,,,,,,,,,,,150,,2026-10-07
101656,INF090I01262,Franklin India Dynamic Asset Allocation Active Fund of Funds,Franklin Templeton Mutual Fund,FoF,FoF Domestic,Other Scheme - FoF Domestic,Regular,Growth,2003-10-31,AMFI scheme master,22.93,162.044,2026-10-06,169.057,2026-08-03,155.449,2026-03-30,-0.0414853,1242.3,Kuvera (latest month),1238.18,Jul-Sep 2026,1104.03,0.019,Venkatesh Sanjeevi; Chandni Gupta; Rajasa Kakulavarapu,Moderately High Risk,-0.032964,0.0245063,-0.0199566,0.00792,0.0702004,0.0866582,0.0902369,0.103017,Since Apr-2006 (earlier NAV not in AMFI history),-0.0688332,-0.0462127,-0.00797025,0.0683514,-0.0792768,-0.0792768,0.0760832,0.103543,0.557377,8.3,73.6,50,150,,2026-10-07
132987,INF090I01LE4,Franklin India Income Plus Arbitrage Active Fund of Funds,Franklin Templeton Mutual Fund,FoF,FoF Domestic,Other Scheme - FoF Domestic,Regular,Growth,2014-11-07,AMFI scheme master,11.92,22.5018,2026-10-06,22.5018,2026-10-06,21.2979,2025-10-07,0,143.3,Kuvera (latest month),141.57,Jul-Sep 2026,79.04,0.0053,Rahul Goswami; Pallab Roy; Rohan Maru,Low to Moderate Risk,0.011335,0.0333825,0.056884,0.0853087,0.126199,0.099212,0.0722768,0.0708058,NAV history,0.00800744,0.00978617,0.0045835,0.0434539,-0.0397972,-0.0540546,1.40837,2.12733,0.606557,97.2,83.3,53.6,150,,2026-10-07
154223,INF666M01OA5,Groww BSE Hospitals ETF FOF,Groww Mutual Fund,FoF,FoF Domestic,Fund of Funds Scheme (Domestic) - Fund of Funds Scheme (Domestic),Regular,Growth,2026-02-11,AMFI scheme master,0.65,9.7006,2026-10-06,11.4225,2026-07-03,9.2178,2026-03-23,-0.150746,35.28,AMFI AAUM Jul-Sep 2026,35.28,Jul-Sep 2026,10.21,0.006,,,-0.145118,0.0385081,,,,,,-0.0250261,"NAV history (absolute, <1Y)",,,,,,,,,,,,,150,,2026-10-07
153748,INF666M01LQ7,Groww BSE Power ETF FOF,Groww Mutual Fund,FoF,FoF Domestic,Fund of Funds Scheme (Domestic) - Fund of Funds Scheme (Domestic),Regular,Growth,2025-07-18,AMFI scheme master,1.22,11.1329,2026-10-06,12.9784,2026-05-27,8.9494,2026-01-23,-0.142198,37.34,AMFI AAUM Jul-Sep 2026,37.34,Jul-Sep 2026,16.89,0.0064,,,-0.0767974,0.0635479,0.0806018,,,,,0.0994815,NAV history,0.0317252,,,,,,,,,,,,150,,2026-10-07
153006,INF666M01JA5,Groww Gold ETF FOF,Groww Mutual Fund,FoF,FoF Domestic,Fund of Funds Scheme (Domestic) - Fund of Funds Scheme (Domestic),Regular,Growth,2024-10-16,AMFI scheme master,1.97,17.9047,2026-10-06,21.8012,2026-01-29,14.3672,2025-10-28,-0.178729,131.1,Kuvera (latest month),125.65,Jul-Sep 2026,21.21,0.0037,Wilfred Gonsalves; Ameya Sakpal,High Risk,0.0153395,-0.0132651,0.206524,,,,,0.367751,NAV history,0.157648,,,,,,,,1,,,98.2,150,,2026-10-07
154057,INF666M01NF6,Groww Multi Asset Omni FOF,Groww Mutual Fund,FoF,FoF Domestic,Fund of Funds Scheme (Domestic) - Fund of Funds Scheme (Domestic),Regular,Growth,2025-12-03,AMFI scheme master,0.84,10.0891,2026-10-06,10.5969,2026-08-26,9.0214,2026-03-23,-0.0479197,77.23,AMFI AAUM Jul-Sep 2026,77.23,Jul-Sep 2026,71.62,0.0124,,,-0.0282123,0.0814539,,,,,,0.00640405,"NAV history (absolute, <1Y)",,,,,,,,,,,,,150,,2026-10-07
153342,INF666M01JT5,Groww Nifty 200 ETF FOF,Groww Mutual Fund,FoF,FoF Domestic,Fund of Funds Scheme (Domestic) - Fund of Funds Scheme (Domestic),Regular,Growth,2025-02-07,AMFI scheme master,1.66,10.9415,2026-10-06,12.1675,2026-01-05,10.3756,2026-03-31,-0.10076,7.5,AMFI AAUM Jul-Sep 2026,7.5,Jul-Sep 2026,1.4,0.0066,,,-0.0594268,0.0224172,-0.0621437,,,,,0.0584152,NAV history,-0.11102,,,,,,,,,,,,150,,2026-10-07
153456,INF666M01KC9,Groww Nifty 500 Momentum 50 ETF FOF,Groww Mutual Fund,FoF,FoF Domestic,Fund of Funds Scheme (Domestic) - Fund of Funds Scheme (Domestic),Regular,Growth,2025-04-03,AMFI scheme master,1.51,10.5398,2026-10-06,11.1642,2026-08-28,9.1025,2026-03-23,-0.0559288,10.34,AMFI AAUM Jul-Sep 2026,10.34,Jul-Sep 2026,2.31,0.0059,,,0.00104475,0.113673,0.0176892,,,,,0.0478588,NAV history,-0.0311873,,,,,,,,,,,,150,,2026-10-07
153918,INF666M01MJ0,Groww Nifty Capital Markets ETF FOF,Groww Mutual Fund,FoF,FoF Domestic,Fund of Funds Scheme (Domestic) - Fund of Funds Scheme (Domestic),Regular,Growth,2025-11-14,AMFI scheme master,0.9,11.2369,2026-10-06,12.1253,2026-05-26,9.1104,2026-03-23,-0.0732683,19.81,AMFI AAUM Jul-Sep 2026,19.81,Jul-Sep 2026,6.93,0.0064,,,-0.042413,0.154314,,,,,,0.127659,"NAV history (absolute, <1Y)",,,,,,,,,,,,,150,,2026-10-07
152773,INF666M01II0,Groww Nifty EV & New Age Automotive ETF FOF,Groww Mutual Fund,FoF,FoF Domestic,Fund of Funds Scheme (Domestic) - Fund of Funds Scheme (Domestic),Regular,Growth,2024-07-24,AMFI scheme master,2.2,9.2007,2026-10-06,10.3828,2026-08-10,7.9879,2026-03-31,-0.113852,183.4,Kuvera (latest month),177.66,Jul-Sep 2026,17.11,0.0044,Nikhil Satam; Aakash Chauhan; Shashi Kumar,Very High Risk,-0.0431685,0.108839,-0.0342298,-0.0611649,,,,-0.0364725,NAV history,-0.0831063,,,,,,,,0.266667,,,21.7,150,,2026-10-07
152927,INF666M01IT7,Groww Nifty India Defence ETF FOF,Groww Mutual Fund,FoF,FoF Domestic,Fund of Funds Scheme (Domestic) - Fund of Funds Scheme (Domestic),Regular,Growth,2024-09-23,AMFI scheme master,2.04,13.7264,2026-10-06,14.616,2026-09-08,10.5627,2026-03-31,-0.0608648,157.4,Kuvera (latest month),152.38,Jul-Sep 2026,39.87,0.0048,Nikhil Satam; Aakash Chauhan; Shashi Kumar,Very High Risk,-0.0294288,0.211263,0.150877,,,,,0.17094,NAV history,0.102001,,,,,,,,0.923077,,,90.4,150,,2026-10-07
153633,INF666M01LF0,Groww Nifty India Internet ETF FOF,Groww Mutual Fund,FoF,FoF Domestic,Fund of Funds Scheme (Domestic) - Fund of Funds Scheme (Domestic),Regular,Growth,2025-06-13,AMFI scheme master,1.32,10.1484,2026-10-06,11.1406,2025-10-28,7.9339,2026-03-31,-0.0890616,15.77,AMFI AAUM Jul-Sep 2026,15.77,Jul-Sep 2026,3.2,0.0067,,,0.0629602,0.220288,-0.0583017,,,,,0.0148449,NAV history,-0.107178,,,,,,,,,,,,150,,2026-10-07
154173,INF666M01NU5,Groww Nifty PSE ETF FOF,Groww Mutual Fund,FoF,FoF Domestic,Fund of Funds Scheme (Domestic) - Fund of Funds Scheme (Domestic),Regular,Growth,2026-01-23,AMFI scheme master,0.7,9.0775,2026-10-06,10.4264,2026-05-07,8.9937,2026-10-01,-0.129374,11.99,AMFI AAUM Jul-Sep 2026,11.99,Jul-Sep 2026,1.07,0.0051,,,-0.0643875,-0.0393468,,,,,,-0.0780145,"NAV history (absolute, <1Y)",,,,,,,,,,,,,150,,2026-10-07
153527,INF666M01KX5,Groww Silver ETF FOF,Groww Mutual Fund,FoF,FoF Domestic,Fund of Funds Scheme (Domestic) - Fund of Funds Scheme (Domestic),Regular,Growth,2025-05-02,AMFI scheme master,1.43,21.2926,2026-10-06,34.619,2026-01-29,13.5653,2025-10-28,-0.384945,87.51,AMFI AAUM Jul-Sep 2026,87.51,Jul-Sep 2026,18.02,0.0052,,,-0.0439273,-0.0525084,0.44383,,,,,0.741085,NAV history,0.394954,,,,,,,,,,,,150,,2026-10-07
153861,INF179KC1JR0,HDFC Diversified Equity All Cap Active FOF,HDFC Mutual Fund,FoF,FoF Domestic,Other Scheme - FoF Domestic,Regular,Growth,2025-09-10,AMFI scheme master,1.07,9.693,2026-10-06,10.3891,2025-10-29,8.9549,2026-03-31,-0.0670029,2654.4,AMFI AAUM Jul-Sep 2026,2654.4,Jul-Sep 2026,2230.6,0.0125,,,-0.043932,0.0521117,-0.0428368,,,,,-0.0313758,NAV history,-0.0917134,,,,,,,,,,,,150,,2026-10-07
154356,INF179KC1KN7,HDFC GOLD SILVER PASSIVE FOF,HDFC Mutual Fund,FoF,FoF Domestic,Fund of Funds Scheme (Domestic) - Fund of Funds Scheme (Domestic),Regular,Growth,2026-08-24,AMFI scheme master,0.12,9.6875,2026-10-06,10.1657,2026-09-04,9.6206,2026-09-29,-0.0470405,14.86,AMFI AAUM Jul-Sep 2026,14.86,Jul-Sep 2026,9.69,0.0056,,,,,,,,,,-0.0306684,"NAV history (absolute, <1Y)",,,,,,,,,,,,,150,,2026-10-07
115934,INF179K01LC5,HDFC Gold ETF Fund of Fund,HDFC Mutual Fund,FoF,FoF Domestic,Other Scheme - FoF Domestic,Regular,Growth,2011-10-07,AMFI scheme master,15,43.6138,2026-10-06,52.7322,2026-01-29,34.7846,2025-10-28,-0.172919,12359.1,Kuvera (latest month),11865.4,Jul-Sep 2026,6444.53,0.0047,Arun Agarwal; Nandita Menezes,High Risk,0.0150605,-0.0119525,0.221518,0.373954,0.355381,0.242612,0.154989,0.103149,NAV history,0.172641,0.238968,0.147984,0.219889,-0.248114,-0.248114,1.32058,1.8143,0.704918,88.9,25,70.5,150,,2026-10-07
154261,INF179KC1KB2,HDFC INCOME PLUS ARBITRAGE OMNI FOF,HDFC Mutual Fund,FoF,FoF Domestic,Other Scheme - FoF Domestic,Regular,Growth,2026-02-27,AMFI scheme master,0.61,10.4056,2026-10-06,10.4056,2026-10-06,9.9906,2026-03-23,0,29.27,AMFI AAUM Jul-Sep 2026,29.27,Jul-Sep 2026,10.13,0.0045,,,0.0126612,0.0400712,,,,,,0.0410493,"NAV history (absolute, <1Y)",,,,,,,,,,,,,150,,2026-10-07
130533,INF179KA1SF8,HDFC Income Plus Arbitrage Active FOF,HDFC Mutual Fund,FoF,FoF Domestic,Other Scheme - FoF Domestic,Regular,Growth,2012-01-17,AMFI scheme master,14.72,41.4203,2026-10-06,41.4233,2026-09-10,39.4711,2025-10-07,-7.2423e-05,2625.6,Kuvera (latest month),2583.39,Jul-Sep 2026,393.9,0.0034,Anil Bamboli,Moderate Risk,0.00620676,0.030943,0.0499283,0.0232151,0.0815908,0.0946285,0.102874,0.104412,NAV history,0.00105172,-0.0348223,0,0.0492371,-0.0759787,-0.089006,0.336957,0.436283,0.557377,30.6,75,50,150,,2026-10-07
148901,INF179KC1BD7,HDFC Multi-Asset Active FOF,HDFC Mutual Fund,FoF,FoF Domestic,Other Scheme - FoF Domestic,Regular,Growth,2021-04-16,AMFI scheme master,5.48,19.055,2026-10-06,19.931,2026-08-25,17.994,2026-03-23,-0.0439516,6200.3,Kuvera (latest month),6106.21,Jul-Sep 2026,4967.92,0.0112,Anil Bamboli; Ihab Dalwai; Bhagyesh Kagalkar,High Risk,-0.0233714,0.035204,0.0149675,0.0540772,0.116253,0.110752,,0.125675,NAV history,-0.033909,-0.00015969,0.0161233,0.0753504,-0.089741,-0.089741,0.680201,0.9291,0.703704,56.9,69.4,68.7,150,,2026-10-07
154506,INF179KC1KR8,HDFC Nifty Metal ETF FOF,HDFC Mutual Fund,FoF,FoF Domestic,Fund of Funds Scheme (Domestic) - Fund of Funds Scheme (Domestic),Regular,Growth,2026-07-20,AMFI scheme master,0.22,9.5519,2026-10-06,10.3579,2026-09-15,9.4492,2026-10-01,-0.077815,69.65,AMFI AAUM Jul-Sep 2026,69.65,Jul-Sep 2026,47.39,0.0073,,,,,,,,,,-0.0487008,"NAV history (absolute, <1Y)",,,,,,,,,,,,,150,,2026-10-07
150736,INF179KC1DV5,HDFC Silver ETF Fund of Fund,HDFC Mutual Fund,FoF,FoF Domestic,Other Scheme - FoF Domestic,Regular,Growth,2022-10-07,AMFI scheme master,4,35.8319,2026-10-06,60.6649,2026-01-29,22.8835,2025-10-28,-0.409347,4698.5,Kuvera (latest month),4555.17,Jul-Sep 2026,2046.99,0.0055,Arun Agarwal; Nandita Menezes,Very High Risk,-0.04623,-0.0575587,0.446871,0.51657,0.440121,,,0.383551,NAV history,0.397994,0.323708,,0.425742,-0.460416,,0.881101,1.14693,0.702703,65.3,2.8,66.9,150,,2026-10-07
129065,INF336L01IA9,HSBC Aggressive Hybrid Active FOF (erstwhile HSBC Managed Solutions India - Growth fund),HSBC Mutual Fund,FoF,FoF Domestic,Fund of Funds Scheme (Domestic) - Fund of Funds Scheme (Domestic),Regular,Growth,2014-04-09,AMFI scheme master,12.5,42.2922,2026-10-06,43.6415,2026-08-31,37.1023,2026-03-23,-0.0309178,48.2,Kuvera (latest month),47.66,Jul-Sep 2026,42.77,0.0146,Gautam Bhupal,Very High Risk,-0.00642069,0.114222,0.0486796,0.0253417,0.111245,0.0942497,0.111179,0.122873,NAV history,-0.000196937,-0.00516844,-0.000378745,0.114291,-0.151088,-0.181891,0.40462,0.543443,0.491803,34.7,55.6,45.8,150,,2026-10-07
154298,INF336L01RY0,HSBC Gold ETF Fund of Fund,HSBC Mutual Fund,FoF,FoF Domestic,Fund of Funds Scheme (Domestic) - Fund of Funds Scheme (Domestic),Regular,Growth,2026-03-19,AMFI scheme master,0.55,10.0904,2026-10-06,11.0076,2026-08-24,9.595,2026-07-01,-0.0833242,377.49,AMFI AAUM Jul-Sep 2026,377.49,Jul-Sep 2026,360.31,0.0044,,,0.0144062,,,,,,,-0.00642989,"NAV history (absolute, <1Y)",,,,,,,,,,,,,150,,2026-10-07
129195,INF336L01IM4,HSBC Income Plus Arbitrage Active FOF (erstwhile HSBC Managed Solution India - Conservative Plan),HSBC Mutual Fund,FoF,FoF Domestic,Fund of Funds Scheme (Domestic) - Fund of Funds Scheme (Domestic),Regular,Growth,2014-04-09,AMFI scheme master,12.5,22.7681,2026-10-06,22.7681,2026-10-06,21.756,2025-10-07,0,530.2,Kuvera (latest month),533.47,Jul-Sep 2026,183.92,0.0051,Mahesh Chhabria; Mohd Asif Rizwi,Moderate Risk,0.00754951,0.0290062,0.0468333,0.0498739,0.0695217,0.0556608,0.0579655,0.0682595,NAV history,-0.00204329,-0.0468914,-0.0389677,0.0160367,-0.0106287,-0.0316154,0.281957,0.385482,0,27.8,94.4,1.8,150,,2026-10-07
129191,INF336L01IG6,HSBC Multi Asset Active FOF (erstwhile HSBC Managed Solutions India - Moderate Fund),HSBC Mutual Fund,FoF,FoF Domestic,Fund of Funds Scheme (Domestic) - Fund of Funds Scheme (Domestic),Regular,Growth,2014-04-09,AMFI scheme master,12.5,41.0574,2026-10-06,42.7394,2026-08-26,36.3682,2026-03-23,-0.0393548,114.9,Kuvera (latest month),110.71,Jul-Sep 2026,99.08,0.014,Gautam Bhupal,Moderate Risk,-0.00706417,0.0866144,0.0955476,0.0854892,0.140652,0.108283,0.111722,0.120195,NAV history,0.0466711,0.0242386,0.0136545,0.113243,-0.125493,-0.151931,0.668049,0.900183,0.57377,52.8,62.5,51.8,150,,2026-10-07
102135,INF109K01852,ICICI Prudential Aggressive Hybrid Active FOF,ICICI Prudential Mutual Fund,FoF,FoF Domestic,Other Scheme - FoF Domestic,Regular,Growth,2003-12-19,AMFI scheme master,22.8,219.283,2026-10-06,233.716,2026-01-02,203.487,2026-03-30,-0.0617532,9431.1,Kuvera (latest month),9349.43,Jul-Sep 2026,8521.14,0.015,Manish Banthia; Ritesh Lunawat; Dharmesh Kakkad,Very High Risk,-0.0261875,0.0515778,-0.0306837,0.00597631,0.116573,0.111939,0.140818,0.117955,Since Apr-2006 (earlier NAV not in AMFI history),-0.0795602,0.00015969,0.01731,0.101397,-0.12934,-0.134873,0.508624,0.706558,0.721311,43.1,61.1,75.9,150,,2026-10-07
149334,INF109KC1V67,ICICI Prudential BSE 500 ETF FOF,ICICI Prudential Mutual Fund,FoF,FoF Domestic,Other Scheme - FoF Domestic,Regular,Growth,2021-11-12,AMFI scheme master,4.9,14.9089,2026-10-06,16.175,2026-01-05,13.7836,2026-03-31,-0.0782751,55.9,Kuvera (latest month),55.78,Jul-Sep 2026,16.04,0.0053,Nishit Patel; Ashwini Bharucha; Venus Ahuja,Very High Risk,-0.0502494,0.0467087,-0.0443442,-0.0326471,0.0832118,,,0.0832923,NAV history,-0.0932207,-0.0332013,,0.135606,-0.19589,,0.1343,0.179691,0.340426,15.3,40.3,25.3,150,,2026-10-07
102141,INF109K01878,ICICI Prudential Diversified Debt Strategy Active FOF,ICICI Prudential Mutual Fund,FoF,FoF Domestic,Other Scheme - FoF Domestic,Regular,Growth,2003-12-19,AMFI scheme master,22.8,47.7644,2026-10-06,48.0782,2026-08-14,45.7438,2025-10-07,-0.00652687,105.5,Kuvera (latest month),102.86,Jul-Sep 2026,62.27,0.0065,Manish Banthia; Ritesh Lunawat,Moderate Risk,-0.00175554,0.0340428,0.0446882,0.0633112,0.0702323,0.0617114,0.0673711,0.0734202,Since Apr-2006 (earlier NAV not in AMFI history),-0.00418831,-0.0461808,-0.0329171,0.0135197,-0.0114295,-0.0114295,0.387011,0.549838,0.196721,33.3,93.1,18.7,150,,2026-10-07
154265,INF109K1A450,ICICI Prudential Diversified Equity All Cap Active FOF,ICICI Prudential Mutual Fund,FoF,FoF Domestic,Other Scheme - FoF Domestic,Regular,Growth,2026-03-02,AMFI scheme master,0.6,10.3678,2026-10-06,11.0911,2026-08-05,9.858,2026-03-30,-0.0652145,916.69,AMFI AAUM Jul-Sep 2026,916.69,Jul-Sep 2026,882.19,0.0145,,,-0.0457967,0.0291846,,,,,,0.0416549,"NAV history (absolute, <1Y)",,,,,,,,,,,,,150,,2026-10-07
148033,INF109KC1I15,ICICI Prudential Diversified Equity All Cap Omni FOF,ICICI Prudential Mutual Fund,FoF,FoF Domestic,Other Scheme - FoF Domestic,Regular,Growth,2020-02-05,AMFI scheme master,6.67,30.3631,2026-10-06,32.3252,2026-01-07,27.5056,2026-03-30,-0.0606988,347.6,Kuvera (latest month),339.98,Jul-Sep 2026,182.06,0.0108,Dharmesh Kakkad; Sharmila D'Silva; Masoomi Jhurmarvala,Very High Risk,-0.0454647,0.0676721,-0.0142715,-0.00301956,0.132558,0.125212,,0.184632,NAV history,-0.063148,0.0161447,0.0305835,0.124518,-0.14998,-0.14998,0.542555,0.739453,0.655738,44.4,56.9,60.2,150,,2026-10-07
102137,INF109K01837,ICICI Prudential Dynamic Asset Allocation Active FOF,ICICI Prudential Mutual Fund,FoF,FoF Domestic,Other Scheme - FoF Domestic,Regular,Growth,2003-12-19,AMFI scheme master,22.8,121.32,2026-10-06,126.665,2026-08-03,115.053,2026-03-30,-0.042191,28660.5,Kuvera (latest month),28503.8,Jul-Sep 2026,25727.2,0.0136,Manish Banthia; Ritesh Lunawat; Dharmesh Kakkad; Sharmila D'Silva,High Risk,-0.0308866,0.0355369,-0.00488614,0.0322592,0.0924884,0.0923584,0.108667,0.10504,Since Apr-2006 (earlier NAV not in AMFI history),-0.0537627,-0.0239247,-0.00227014,0.0628761,-0.0810918,-0.0810918,0.437183,0.612835,0.540984,37.5,72.2,48.2,150,,2026-10-07
147647,INF109KC1F00,ICICI Prudential Global Advantage Fund (FOF),ICICI Prudential Mutual Fund,FoF,FoF Domestic,Other Scheme - FoF Domestic,Regular,Growth,2019-09-16,AMFI scheme master,7.06,22.1929,2026-10-06,22.8013,2026-08-28,19.1423,2025-11-21,-0.0266827,415.6,Kuvera (latest month),406.67,Jul-Sep 2026,126.86,0.0135,Sharmila D'Silva,Very High Risk,0.00462183,0.121335,0.108459,0.15382,0.204854,0.103707,,0.120596,NAV history,0.0595824,0.0884414,0.00907819,0.141353,-0.15374,-0.26364,0.989398,1.38662,0.459016,75,54.2,41,150,,2026-10-07
115833,INF109K01TK8,ICICI Prudential Gold ETF FOF,ICICI Prudential Mutual Fund,FoF,FoF Domestic,Other Scheme - FoF Domestic,Regular,Growth,2011-09-20,AMFI scheme master,15.05,45.1834,2026-10-06,55.0727,2026-01-29,36.1108,2025-10-28,-0.179568,7149,Kuvera (latest month),6849.78,Jul-Sep 2026,3532.25,0.0056,Manish Banthia; Nishit Patel; Ashwini Bharucha; Venus Ahuja,High Risk,0.0154052,-0.0138892,0.222253,0.374094,0.356448,0.242576,0.153687,0.105995,NAV history,0.173377,0.240035,0.147948,0.223441,-0.258395,-0.258395,1.30436,1.80952,0.688525,87.5,22.2,63.9,150,,2026-10-07
102139,INF109K01811,ICICI Prudential Income plus Arbitrage Omni FOF,ICICI Prudential Mutual Fund,FoF,FoF Domestic,Other Scheme - FoF Domestic,Regular,Growth,2003-12-19,AMFI scheme master,22.8,66.9704,2026-10-06,67.0946,2026-09-23,63.4469,2025-10-07,-0.00185112,3277.9,Kuvera (latest month),3228.88,Jul-Sep 2026,768.92,0.0027,Manish Banthia; Ritesh Lunawat,Moderate Risk,0.00561743,0.0310451,0.0559657,0.0559272,0.0879592,0.0888674,0.0860226,0.0851193,Since Apr-2006 (earlier NAV not in AMFI history),0.00708914,-0.0284539,-0.00576105,0.0223447,-0.0123043,-0.029318,1.0275,1.53557,0.42623,77.8,91.7,36.1,150,,2026-10-07
102133,INF109K01795,ICICI Prudential Multi Sector Passive FOF,ICICI Prudential Mutual Fund,FoF,FoF Domestic,Other Scheme - FoF Domestic,Regular,Growth,2003-12-19,AMFI scheme master,22.8,163.372,2026-10-06,173.009,2026-01-07,150.273,2026-03-31,-0.0557045,263.4,Kuvera (latest month),249.42,Jul-Sep 2026,114.77,0.0049,Sankaran Naren; Dharmesh Kakkad; Sharmila D'Silva; Masoomi Jhurmarvala,Very High Risk,-0.0401418,0.0567735,-0.000269863,0.00445353,0.112545,0.102501,0.119455,0.111766,Since Apr-2006 (earlier NAV not in AMFI history),-0.0491464,-0.00386836,0.00787255,0.115636,-0.14841,-0.177267,0.411158,0.571629,0.606557,36.1,58.3,53.6,150,,2026-10-07
154450,INF109K1A542,ICICI Prudential Multi-Asset Active FOF,ICICI Prudential Mutual Fund,FoF,FoF Domestic,Other Scheme - FoF Domestic,Regular,Growth,2026-06-30,AMFI scheme master,0.27,9.8927,2026-10-06,10.2332,2026-08-25,9.8173,2026-10-01,-0.033274,1888.98,AMFI AAUM Jul-Sep 2026,1888.98,Jul-Sep 2026,1814.33,0.0139,,,,,,,,,,-0.0122807,"NAV history (absolute, <1Y)",,,,,,,,,,,,,150,,2026-10-07
148821,INF109KC1P57,ICICI Prudential Nifty 100 Low Volatility 30 ETF FOF,ICICI Prudential Mutual Fund,FoF,FoF Domestic,Other Scheme - FoF Domestic,Regular,Growth,2021-03-23,AMFI scheme master,5.54,16.847,2026-10-06,19.1516,2026-01-07,16.4751,2026-03-23,-0.120335,1240.9,Kuvera (latest month),1256.62,Jul-Sep 2026,309.43,0.0058,Nishit Patel; Ashwini Bharucha; Venus Ahuja,Very High Risk,-0.0686193,0.00445377,-0.072996,-0.0569876,0.0788287,0.0686047,,0.100246,NAV history,-0.121873,-0.0375844,-0.0260237,0.111233,-0.184528,-0.184528,0.124322,0.174857,0.4,12.5,43.1,31.3,150,,2026-10-07
149157,INF109KC1R55,ICICI Prudential Nifty Alpha Low - Volatility 30 ETF FOF,ICICI Prudential Mutual Fund,FoF,FoF Domestic,Other Scheme - FoF Domestic,Regular,Growth,2021-09-01,AMFI scheme master,5.1,13.8455,2026-10-06,15.2332,2026-08-07,13.1992,2026-03-31,-0.0910971,797.4,Kuvera (latest month),797.54,Jul-Sep 2026,83.42,0.0055,Nishit Patel; Ashwini Bharucha; Venus Ahuja,Very High Risk,-0.0647207,0.0286328,-0.053448,-0.0947039,0.0813398,0.0707658,,0.0666363,NAV history,-0.102325,-0.0350733,-0.0238627,0.129447,-0.251983,-0.251983,0.126228,0.172623,0.4,13.9,23.6,31.3,150,,2026-10-07
153396,INF109K1A096,ICICI Prudential Nifty EV & New Age Automotive ETF FOF,ICICI Prudential Mutual Fund,FoF,FoF Domestic,Other Scheme - FoF Domestic,Regular,Growth,2025-03-28,AMFI scheme master,1.53,11.3558,2026-10-06,12.859,2026-08-13,9.9378,2026-03-31,-0.116899,49.45,AMFI AAUM Jul-Sep 2026,49.45,Jul-Sep 2026,18.41,0.006,,,-0.0457391,0.104553,-0.0346498,,,,,0.0749156,NAV history,-0.0835264,,,,,,,,,,,,150,,2026-10-07
149439,INF109KC1X81,ICICI Prudential Passive Multi-Asset Fund of Funds,ICICI Prudential Mutual Fund,FoF,FoF Domestic,Other Scheme - FoF Domestic,Regular,Growth,2021-12-27,AMFI scheme master,4.78,16.4768,2026-10-06,16.9433,2026-08-10,15.4865,2026-03-30,-0.027533,1498.4,Kuvera (latest month),1494.33,Jul-Sep 2026,470.79,0.0059,Manish Banthia; Ritesh Lunawat; Nishit Patel; Sharmila D'Silva,Very High Risk,-0.0130107,0.0457344,0.0442895,0.078775,0.129066,,,0.11091,NAV history,-0.00458703,0.0126533,,0.0659063,-0.0744437,,0.972083,1.38608,0.652174,73.6,76.4,59,150,,2026-10-07
149777,INF109KC1Y64,ICICI Prudential Silver ETF FOF,ICICI Prudential Mutual Fund,FoF,FoF Domestic,Other Scheme - FoF Domestic,Regular,Growth,2022-01-13,AMFI scheme master,4.73,32.9765,2026-10-06,55.3406,2026-01-29,21.104,2025-10-28,-0.404117,6514.1,Kuvera (latest month),6310.63,Jul-Sep 2026,3392.98,0.0066,Manish Banthia; Nishit Patel; Ashwini Bharucha; Venus Ahuja,Very High Risk,-0.0450867,-0.0551363,0.454715,0.516687,0.441183,,,0.290551,NAV history,0.405839,0.324769,,0.392172,-0.455707,,0.959227,1.25291,0.711111,72.2,5.6,72.9,150,,2026-10-07
116077,INF205K01FA4,Invesco India Gold ETF Fund of Fund,Invesco Mutual Fund,FoF,FoF Domestic,Fund of Funds Scheme (Domestic) - Fund of Funds Scheme (Domestic),Regular,Growth,2011-11-15,AMFI scheme master,14.89,41.1069,2026-10-06,49.1497,2026-01-29,32.4025,2025-10-28,-0.163639,510.7,Kuvera (latest month),492.18,Jul-Sep 2026,277.84,0.0056,Abhisek Bahinipati,High Risk,0.0212565,-0.00744173,0.204732,0.366283,0.351895,0.24245,0.155992,0.0992662,NAV history,0.155855,0.235482,0.147821,0.254509,-0.244795,-0.244795,1.12725,1.59075,0.721311,79.2,30.6,75.9,150,,2026-10-07
153695,INF205KA1AX7,Invesco India Income Plus Arbitrage Active Fund of Fund,Invesco Mutual Fund,FoF,FoF Domestic,Fund of Funds Scheme (Domestic) - Fund of Funds Scheme (Domestic),Regular,Growth,2025-07-02,AMFI scheme master,1.26,1058.99,2026-10-06,1059.76,2026-09-23,1010.12,2025-10-07,-0.00073488,196.11,AMFI AAUM Jul-Sep 2026,196.11,Jul-Sep 2026,32.22,0.0043,,,0.00420444,0.0297324,0.0488713,,,,,0.0478128,NAV history,-5.21356e-06,,,,,,,,,,,,150,,2026-10-07
154576,INF174KA1D59,Kotak Diversified Equity All Cap Omni FOF,Kotak Mahindra Mutual Fund,FoF,FoF Domestic,Fund of Funds Scheme (Domestic) - Fund of Funds Scheme (Domestic),Regular,Growth,2026-08-05,AMFI scheme master,0.17,9.547,2026-10-06,10.026,2026-09-03,9.424,2026-10-01,-0.0477758,224.22,AMFI AAUM Jul-Sep 2026,224.22,Jul-Sep 2026,218.41,0.012024,,,,,,,,,,-0.0465395,"NAV history (absolute, <1Y)",,,,,,,,,,,,,150,,2026-10-07
114758,INF174K01AT3,Kotak Gold Fund,Kotak Mahindra Mutual Fund,FoF,FoF Domestic,Other Scheme - FoF Domestic,Regular,Growth,2011-03-04,AMFI scheme master,15.59,56.1145,2026-10-06,67.2222,2026-01-29,44.4742,2025-10-28,-0.165239,7194.9,Kuvera (latest month),6912.88,Jul-Sep 2026,4480.45,0.00453,Abhishek Bisen; Jeetu Sonar,High Risk,0.0158438,-0.0127865,0.223383,0.373451,0.355175,0.239643,0.154991,0.117663,NAV history,0.174506,0.238762,0.145014,0.217932,-0.241611,-0.241611,1.33149,1.83657,0.639344,90.3,33.3,56.6,150,,2026-10-07
153922,INF174KA1XU2,Kotak Gold Silver Passive FOF,Kotak Mahindra Mutual Fund,FoF,FoF Domestic,Other Scheme - FoF Domestic,Regular,Growth,2025-10-06,AMFI scheme master,1,14.623,2026-10-06,20.983,2026-01-29,10.335,2025-11-04,-0.303103,1092.88,AMFI AAUM Jul-Sep 2026,1092.88,Jul-Sep 2026,801.19,0.005353,,,-0.0183271,-0.0349766,,,,,,0.414901,"NAV history (absolute, <1Y)",,,,,,,,,,,,,150,,2026-10-07
150820,INF174KA1KG8,Kotak Income Plus Arbitrage Omni FOF,Kotak Mahindra Mutual Fund,FoF,FoF Domestic,Other Scheme - FoF Domestic,Regular,Growth,2022-10-28,AMFI scheme master,3.94,13.1842,2026-10-06,13.1842,2026-10-06,12.5327,2025-10-07,0,7904.3,Kuvera (latest month),7875.72,Jul-Sep 2026,1431.38,0.003312,Abhishek Bisen,Moderate Risk,0.00746571,0.031676,0.0525131,0.0639056,0.0733627,,,0.0737409,NAV history,0.00363655,-0.0430504,,0.0147467,-0.00986909,,0.567092,0.782911,0.138889,47.2,95.8,9.6,150,,2026-10-07
154319,INF174KA1ZR3,Kotak Multi Asset Active FOF,Kotak Mahindra Mutual Fund,FoF,FoF Domestic,Fund of Funds Scheme (Domestic) - Fund of Funds Scheme (Domestic),Regular,Growth,2026-04-08,AMFI scheme master,0.5,9.94,2026-10-06,10.432,2026-08-25,9.817,2026-06-11,-0.0471626,78.35,AMFI AAUM Jul-Sep 2026,78.35,Jul-Sep 2026,35.81,0.010831,,,-0.0263493,,,,,,,-0.00699301,"NAV history (absolute, <1Y)",,,,,,,,,,,,,150,,2026-10-07
102574,INF174K01468,Kotak Multi Asset Omni FOF,Kotak Mahindra Mutual Fund,FoF,FoF Domestic,Other Scheme - FoF Domestic,Regular,Growth,2004-08-10,AMFI scheme master,22.16,253.267,2026-10-06,276.247,2026-01-29,233.629,2026-03-23,-0.0831864,2644.6,Kuvera (latest month),2601.14,Jul-Sep 2026,1871.21,0.011602,Abhishek Bisen; Devender Singhal,Very High Risk,-0.013239,0.0434921,0.0387543,0.0635274,0.139729,0.135187,0.141711,0.12307,Since Apr-2006 (earlier NAV not in AMFI history),-0.0101222,0.0233159,0.0405589,0.11549,-0.154275,-0.154275,0.64706,0.859163,0.868852,51.4,52.8,89.2,150,,2026-10-07
154276,INF174KA1ZH4,Kotak Multi Factor Passive FOF,Kotak Mahindra Mutual Fund,FoF,FoF Domestic,Other Scheme - FoF Domestic,Regular,Growth,2026-02-27,AMFI scheme master,0.61,10.464,2026-10-06,11.41,2026-08-05,9.962,2026-03-30,-0.0829097,126.13,AMFI AAUM Jul-Sep 2026,126.13,Jul-Sep 2026,23.53,0.004248,,,-0.055084,0.0250784,,,,,,0.0490226,"NAV history (absolute, <1Y)",,,,,,,,,,,,,150,,2026-10-07
154731,INF174KA1F73,Kotak Multi Sector Omni FOF,Kotak Mahindra Mutual Fund,FoF,FoF Domestic,Fund of Funds Scheme (Domestic) - Fund of Funds Scheme (Domestic),Regular,Growth,2026-09-08,AMFI scheme master,0.08,10.016,2026-10-06,10.016,2026-10-06,10.01,2026-10-01,0,0.7,AMFI AAUM Jul-Sep 2026,0.7,Jul-Sep 2026,0.55,0.0094,,,,,,,,,,0.000599401,"NAV history (absolute, <1Y)",,,,,,,,,,,,,150,,2026-10-07
151602,INF174KA1MR1,Kotak Silver ETF Fund of Fund,Kotak Mahindra Mutual Fund,FoF,FoF Domestic,Other Scheme - FoF Domestic,Regular,Growth,2023-03-13,AMFI scheme master,3.57,28.9607,2026-10-06,48.572,2026-01-29,18.3807,2025-10-28,-0.403757,1004.1,Kuvera (latest month),972.2,Jul-Sep 2026,698.01,0.006476,Abhishek Bisen; Jeetu Sonar,Very High Risk,-0.0464954,-0.0535626,0.460184,0.523604,0.44182,,,0.340513,NAV history,0.411307,0.325407,,0.409286,-0.456382,,0.920676,1.20491,0.774194,69.4,4.2,81.9,150,,2026-10-07
151973,INF397L01992,LIC MF Gold ETF Fund of Fund,LIC Mutual Fund,FoF,FoF Domestic,Other Scheme - FoF Domestic,Regular,Growth,2012-07-25,AMFI scheme master,14.2,37.7139,2026-10-06,45.9857,2026-01-29,29.8578,2025-10-28,-0.179878,858.3,Kuvera (latest month),824.57,Jul-Sep 2026,212.34,0.0061,Sumit Bhatnagar; Sasikant Aravamuthan,High Risk,0.00972675,-0.0154314,0.207022,0.365719,0.352916,,,0.310694,NAV history,0.158146,0.236503,,0.242837,-0.245041,,1.18563,1.67518,0.964286,83.3,29.2,95.2,150,,2026-10-07
154006,INF174V01CR0,Mahindra Manulife Income Plus Arbitrage Active FOF,Mahindra Manulife Mutual Fund,FoF,FoF Domestic,Fund of Funds Scheme (Domestic) - Fund of Funds Scheme (Domestic),Regular,Growth,2025-11-21,AMFI scheme master,0.88,10.4428,2026-10-06,10.4454,2026-09-23,10.0004,2025-12-11,-0.000248913,14.37,AMFI AAUM Jul-Sep 2026,14.37,Jul-Sep 2026,11.41,0.0067,,,0.0059338,0.0310821,,,,,,0.043143,"NAV history (absolute, <1Y)",,,,,,,,,,,,,150,,2026-10-07
153382,INF769K01OB9,Mirae Asset BSE 200 Equal Weight ETF Fund of Fund,Mirae Asset Mutual Fund,FoF,FoF Domestic,Fund of Funds Scheme (Domestic) - Fund of Funds Scheme (Domestic),Regular,Growth,2025-02-25,AMFI scheme master,1.61,11.13,2026-10-06,11.944,2026-08-05,10.09,2026-03-30,-0.0681514,7.37,AMFI AAUM Jul-Sep 2026,7.37,Jul-Sep 2026,2.63,0.0064,,,-0.0452089,0.0652757,-0.0102268,,,,,0.0624324,NAV history,-0.0591033,,,,,,,,,,,,150,,2026-10-07
154189,INF769K01QD0,Mirae Asset BSE India Defence ETF FOF,Mirae Asset Mutual Fund,FoF,FoF Domestic,Fund of Funds Scheme (Domestic) - Fund of Funds Scheme (Domestic),Regular,Growth,2026-02-02,AMFI scheme master,0.68,11.512,2026-10-06,12.358,2026-09-08,8.844,2026-03-30,-0.0684577,113.41,AMFI AAUM Jul-Sep 2026,113.41,Jul-Sep 2026,75.67,0.0072,,,-0.0336607,0.22416,,,,,,0.159198,"NAV history (absolute, <1Y)",,,,,,,,,,,,,150,,2026-10-07
154473,INF769K01QW0,Mirae Asset BSE Midcap 150 Momentum 30 ETF FOF,Mirae Asset Mutual Fund,FoF,FoF Domestic,Fund of Funds Scheme (Domestic) - Fund of Funds Scheme (Domestic),Regular,Growth,2026-07-06,AMFI scheme master,0.25,10.176,2026-10-06,10.735,2026-08-26,9.951,2026-10-01,-0.0520727,25.44,AMFI AAUM Jul-Sep 2026,25.44,Jul-Sep 2026,11.6,0.0066,,,,,,,,,,0.0201504,"NAV history (absolute, <1Y)",,,,,,,,,,,,,150,,2026-10-07
153387,INF769K01OH6,Mirae Asset BSE Select IPO ETF Fund of Fund,Mirae Asset Mutual Fund,FoF,FoF Domestic,Fund of Funds Scheme (Domestic) - Fund of Funds Scheme (Domestic),Regular,Growth,2025-02-25,AMFI scheme master,1.61,11.365,2026-10-06,12.225,2025-10-30,9.368,2026-03-30,-0.0703476,8.91,AMFI AAUM Jul-Sep 2026,8.91,Jul-Sep 2026,2.91,0.0064,,,0.0104018,0.175528,-0.0521268,,,,,0.0657553,NAV history,-0.101003,,,,,,,,,,,,150,,2026-10-07
148502,INF769K01GB5,Mirae Asset Diversified Equity Allocator Passive FOF,Mirae Asset Mutual Fund,FoF,FoF Domestic,Fund of Funds Scheme (Domestic) - Fund of Funds Scheme (Domestic),Regular,Growth,2020-09-08,AMFI scheme master,6.08,23.851,2026-10-06,26.189,2026-01-02,22.353,2026-03-30,-0.0892741,966.5,Kuvera (latest month),969.36,Jul-Sep 2026,283.44,0.001,Siddharth Srivastava,Very High Risk,-0.057459,0.0330475,-0.0470273,-0.0274234,0.087376,0.0821631,,0.15687,NAV history,-0.0959039,-0.0290371,-0.0124653,0.139078,-0.18213,-0.18213,0.160888,0.216193,0.459016,19.4,44.4,41,150,,2026-10-07
153009,INF769K01MS7,Mirae Asset Gold ETF Fund of Fund,Mirae Asset Mutual Fund,FoF,FoF Domestic,Fund of Funds Scheme (Domestic) - Fund of Funds Scheme (Domestic),Regular,Growth,2024-10-16,AMFI scheme master,1.97,18.354,2026-10-06,22.118,2026-01-29,14.665,2025-10-28,-0.170178,628.2,Kuvera (latest month),588.54,Jul-Sep 2026,452.28,0.0069,Ritesh Patel; Akshay Udeshi,High Risk,0.0159978,-0.0129074,0.219697,,,,,0.365301,NAV history,0.17082,,,,,,,,1,,,98.2,150,,2026-10-07
153814,INF769K01PP6,Mirae Asset Gold Silver Passive FoF,Mirae Asset Mutual Fund,FoF,FoF Domestic,Fund of Funds Scheme (Domestic) - Fund of Funds Scheme (Domestic),Regular,Growth,2025-08-11,AMFI scheme master,1.16,16.201,2026-10-06,22.428,2026-01-29,11.734,2025-10-28,-0.277644,1405.24,AMFI AAUM Jul-Sep 2026,1405.24,Jul-Sep 2026,1068.48,0.0069,,,-0.0112298,-0.0365723,0.340144,,,,,0.511151,NAV history,0.291267,,,,,,,,,,,,150,,2026-10-07
149380,INF769K01HT5,Mirae Asset Hang Seng TECH ETF Fund of Fund,Mirae Asset Mutual Fund,FoF,FoF Domestic,Fund of Funds Scheme (Domestic) - Fund of Funds Scheme (Domestic),Regular,Growth,2021-11-17,AMFI scheme master,4.89,11.284,2026-10-06,16.186,2025-10-09,10.85,2026-06-30,-0.302854,75.9,Kuvera (latest month),76.11,Jul-Sep 2026,35.03,0.0047,Ekta Gala; Akshay Udeshi,Very High Risk,0.0182278,-0.0172444,-0.351159,0.00635211,0.16661,,,0.0212814,NAV history,-0.400035,0.0501966,,0.345335,-0.376114,,0.294235,0.427286,0.382979,29.2,11.1,27.7,150,,2026-10-07
153640,INF769K01OV7,Mirae Asset Income plus Arbitrage Active FOF,Mirae Asset Mutual Fund,FoF,FoF Domestic,Fund of Funds Scheme (Domestic) - Fund of Funds Scheme (Domestic),Regular,Growth,2025-06-16,AMFI scheme master,1.31,10.634,2026-10-06,10.652,2026-08-14,10.15,2025-10-07,-0.00168982,22.08,AMFI AAUM Jul-Sep 2026,22.08,Jul-Sep 2026,8.58,0.0035,,,0.0029237,0.0255569,0.0478912,,,,,0.0489579,NAV history,-0.000985337,,,,,,,,,,,,150,,2026-10-07
153818,INF769K01PE0,Mirae Asset Multi Factor Passive FOF,Mirae Asset Mutual Fund,FoF,FoF Domestic,Fund of Funds Scheme (Domestic) - Fund of Funds Scheme (Domestic),Regular,Growth,2025-08-11,AMFI scheme master,1.16,10.359,2026-10-06,10.97,2026-08-10,9.418,2026-03-30,-0.0556974,29.16,AMFI AAUM Jul-Sep 2026,29.16,Jul-Sep 2026,13.79,0.0066,,,-0.0352054,0.0566095,0.00553291,,,,,0.019703,NAV history,-0.0433436,,,,,,,,,,,,150,,2026-10-07
148929,INF769K01HG2,Mirae Asset NYSE FANG + ETF Fund of Fund,Mirae Asset Mutual Fund,FoF,FoF Domestic,Fund of Funds Scheme (Domestic) - Fund of Funds Scheme (Domestic),Regular,Growth,2021-04-19,AMFI scheme master,5.47,57.406,2026-10-06,57.406,2026-10-06,31.199,2026-04-01,0,2707.1,Kuvera (latest month),2706.9,Jul-Sep 2026,1405.43,0.0041,Ekta Gala; Akshay Udeshi,Very High Risk,0.438242,0.757201,0.624392,0.705576,0.6383,0.390409,,0.380579,NAV history,0.575515,0.521887,0.295781,0.266187,-0.303461,-0.439483,2.15375,3.43462,0.796296,100,15.3,85.5,150,,2026-10-07
148576,INF769K01GN0,Mirae Asset Nifty 100 ESG Sector Leaders Fund of Fund,Mirae Asset Mutual Fund,FoF,FoF Domestic,Fund of Funds Scheme (Domestic) - Fund of Funds Scheme (Domestic),Regular,Growth,2020-10-27,AMFI scheme master,5.94,16.841,2026-10-06,19.548,2026-01-02,16.448,2026-03-31,-0.13848,80.8,Kuvera (latest month),81.43,Jul-Sep 2026,52.13,0.0047,Ekta Gala; Vishal Singh,Very High Risk,-0.076497,-0.00313721,-0.0925207,-0.0475369,0.0567967,0.0474934,,0.0946678,NAV history,-0.141397,-0.0596164,-0.0471351,0.135518,-0.165963,-0.179248,-0.060533,-0.0828306,0.366667,1.4,47.2,26.5,150,,2026-10-07
149788,INF769K01HW9,Mirae Asset Nifty India Manufacturing ETF Fund of Fund,Mirae Asset Mutual Fund,FoF,FoF Domestic,Fund of Funds Scheme (Domestic) - Fund of Funds Scheme (Domestic),Regular,Growth,2022-01-10,AMFI scheme master,4.74,19.328,2026-10-06,20.895,2026-08-07,17.573,2026-03-30,-0.074994,129.3,Kuvera (latest month),125.99,Jul-Sep 2026,60.25,0.0043,Ekta Gala; Vishal Singh,Very High Risk,-0.045248,0.0812867,0.0267743,0.00708515,0.164045,,,0.148543,NAV history,-0.0221022,0.0476317,,0.16035,-0.231604,,0.617677,0.83607,0.644444,50,37.5,57.8,150,,2026-10-07
153194,INF769K01NM8,Mirae Asset Nifty India New Age Consumption ETF Fund of Fund,Mirae Asset Mutual Fund,FoF,FoF Domestic,Fund of Funds Scheme (Domestic) - Fund of Funds Scheme (Domestic),Regular,Growth,2024-12-12,AMFI scheme master,1.82,9.235,2026-10-06,10.184,2025-10-27,7.972,2026-03-30,-0.0931854,21.9,Kuvera (latest month),21.95,Jul-Sep 2026,6.45,0.0057,Ekta Gala; Vishal Singh,Very High Risk,-0.0427076,0.106518,-0.071766,,,,,-0.049363,NAV history,-0.120643,,,,,,,,,,,,150,,2026-10-07
154218,INF769K01QJ7,Mirae Asset Nifty Metal ETF FOF,Mirae Asset Mutual Fund,FoF,FoF Domestic,Fund of Funds Scheme (Domestic) - Fund of Funds Scheme (Domestic),Regular,Growth,2026-02-10,AMFI scheme master,0.65,10.122,2026-10-06,11.036,2026-05-27,8.729,2026-03-23,-0.0828199,107.95,AMFI AAUM Jul-Sep 2026,107.95,Jul-Sep 2026,76.48,0.0073,,,-0.0112338,0.083842,,,,,,0.0284495,"NAV history (absolute, <1Y)",,,,,,,,,,,,,150,,2026-10-07
152647,INF769K01LK6,Mirae Asset Nifty MidSmallcap400 Momentum Quality 100 ETF Fund of Fund,Mirae Asset Mutual Fund,FoF,FoF Domestic,Fund of Funds Scheme (Domestic) - Fund of Funds Scheme (Domestic),Regular,Growth,2024-05-10,AMFI scheme master,2.41,10.023,2026-10-06,10.514,2026-08-28,8.522,2026-03-23,-0.0466996,293.4,Kuvera (latest month),285.4,Jul-Sep 2026,125.96,0.0062,Ekta Gala; Akshay Udeshi,Very High Risk,-0.01329,0.115402,0.03522,-0.0365098,,,,0.0070043,NAV history,-0.0136566,,,,,,,,0.166667,,,13.3,150,,2026-10-07
152457,INF769K01LD1,Mirae Asset Nifty Smallcap 250 Momentum Quality 100 ETF Fund of Fund,Mirae Asset Mutual Fund,FoF,FoF Domestic,Fund of Funds Scheme (Domestic) - Fund of Funds Scheme (Domestic),Regular,Growth,2024-02-15,AMFI scheme master,2.64,10.565,2026-10-06,10.834,2026-09-08,8.253,2026-03-23,-0.0248292,256.5,Kuvera (latest month),251.29,Jul-Sep 2026,83.81,0.0059,Ekta Gala; Akshay Udeshi,Very High Risk,0.0155724,0.214368,0.0544965,-0.0433423,,,,0.0182707,NAV history,0.00561991,,,,,,,,0.1,,,6,150,,2026-10-07
152720,INF769K01LR1,Mirae Asset Nifty200 Alpha 30 ETF Fund of Fund,Mirae Asset Mutual Fund,FoF,FoF Domestic,Fund of Funds Scheme (Domestic) - Fund of Funds Scheme (Domestic),Regular,Growth,2024-07-08,AMFI scheme master,2.25,8.86,2026-10-06,9.493,2026-08-26,7.63,2026-03-30,-0.0666807,198,Kuvera (latest month),193.72,Jul-Sep 2026,88.57,0.0062,Ekta Gala; Akshay Udeshi,Very High Risk,-0.024444,0.1075,0.016055,-0.0510543,,,,-0.0618076,NAV history,-0.0328215,,,,,,,,0.1875,,,16.9,150,,2026-10-07
149171,INF769K01HQ1,Mirae Asset S&P 500 Top 50 ETF Fund of Fund,Mirae Asset Mutual Fund,FoF,FoF Domestic,Fund of Funds Scheme (Domestic) - Fund of Funds Scheme (Domestic),Regular,Growth,2021-09-01,AMFI scheme master,5.1,38.754,2026-10-06,43.474,2026-09-18,23.453,2026-03-16,-0.108571,846.5,Kuvera (latest month),891.33,Jul-Sep 2026,330.01,0.0042,Ekta Gala; Akshay Udeshi,Very High Risk,0.421852,0.583412,0.602398,0.582753,0.505601,0.313238,,0.306241,NAV history,0.553522,0.389188,0.21861,0.314242,-0.299569,-0.299569,1.40211,2.19876,0.84,95.8,16.7,88,150,,2026-10-07
154281,INF769K01QP4,Mirae Asset Silver ETF FOF,Mirae Asset Mutual Fund,FoF,FoF Domestic,Fund of Funds Scheme (Domestic) - Fund of Funds Scheme (Domestic),Regular,Growth,2026-03-05,AMFI scheme master,0.59,9.823,2026-10-06,12.604,2026-05-14,9.514,2026-07-17,-0.220644,31.24,AMFI AAUM Jul-Sep 2026,31.24,Jul-Sep 2026,22.02,0.0077,,,-0.04091,-0.0597301,,,,,,-0.0506427,"NAV history (absolute, <1Y)",,,,,,,,,,,,,150,,2026-10-07
149241,INF247L01AR9,Motilal Oswal 5 Year G-Sec Fund of Fund,Motilal Oswal Mutual Fund,FoF,FoF Domestic,Other Scheme - FoF Domestic,Regular,Growth,2021-09-24,AMFI scheme master,5.03,13.1512,2026-10-06,13.4166,2026-07-06,12.683,2025-10-31,-0.0197815,61.4,Kuvera (latest month),61.36,Jul-Sep 2026,6.69,0.0025,Rakesh Shetty,Moderate Risk,-0.0197815,0.0306745,0.0391031,0.0641137,0.0694854,,,0.0561782,NAV history,-0.00977349,-0.0469277,,0.0777114,-0.0354462,-0.159035,0.0577189,0.0835417,0.122449,6.9,84.7,7.2,150,,2026-10-07
148749,INF247L01AO6,Motilal Oswal Asset Allocation Fund of Fund- Conservative,Motilal Oswal Mutual Fund,FoF,FoF Domestic,Other Scheme - FoF Domestic,Regular,Growth,2021-02-19,AMFI scheme master,5.63,17.3134,2026-10-06,17.7858,2026-08-24,16.2665,2026-03-23,-0.0265605,76.3,Kuvera (latest month),75.61,Jul-Sep 2026,31.53,0.0058,Swapnil Mayekar; Rakesh Shetty,High Risk,-0.018537,0.0484265,0.0520067,0.0842284,0.125542,0.0961256,,0.105548,NAV history,0.00313014,0.00912879,0.00149707,0.0696061,-0.0650523,-0.123425,0.869779,1.21575,0.428571,63.9,77.8,38.6,150,,2026-10-07
154113,INF247L01GM7,Motilal Oswal Diversified Equity Flexicap Passive Fund of Funds,Motilal Oswal Mutual Fund,FoF,FoF Domestic,Other Scheme - FoF Domestic,Regular,Growth,2026-01-02,AMFI scheme master,0.76,10.2927,2026-10-06,10.8976,2026-08-13,9.0363,2026-03-30,-0.0555076,41.33,AMFI AAUM Jul-Sep 2026,41.33,Jul-Sep 2026,15.65,0.0068,,,-0.0387123,0.100341,,,,,,0.0244755,"NAV history (absolute, <1Y)",,,,,,,,,,,,,150,,2026-10-07
150641,INF247L01BN6,Motilal Oswal Gold and Silver Passive Fund of Funds,Motilal Oswal Mutual Fund,FoF,FoF Domestic,Other Scheme - FoF Domestic,Regular,Growth,2022-09-26,AMFI scheme master,4.03,29.4299,2026-10-06,40.8966,2026-01-29,22.0535,2025-10-28,-0.280383,2914,Kuvera (latest month),2789.13,Jul-Sep 2026,1275.54,0.0046,Swapnil Mayekar; Rakesh Shetty,Very High Risk,-0.00749691,-0.0232036,0.281193,0.41106,0.377747,,,0.318043,NAV history,0.232316,0.261334,,0.269117,-0.342046,,1.16213,1.52523,0.702703,80.6,13.9,66.9,150,,2026-10-07
148641,INF204KB13X3,Nippon India Diversified Equity Flexicap Passive FoF,Nippon India Mutual Fund,FoF,FoF Domestic,Other Scheme - FoF Domestic,Regular,Growth,2020-12-10,AMFI scheme master,5.82,19.8776,2026-10-06,21.6452,2026-01-02,18.4866,2026-03-31,-0.0816624,224.2,Kuvera (latest month),223.06,Jul-Sep 2026,136.04,0.0058,Shirish Guthe,Very High Risk,-0.0523782,0.0432628,-0.0454201,-0.0383338,0.0843462,0.0780588,,0.125064,NAV history,-0.0942966,-0.0320669,-0.0165697,0.128067,-0.187784,-0.187784,0.151063,0.210105,0.413793,18.1,41.7,33.7,150,,2026-10-07
114616,INF204K01KN0,Nippon India Gold Savings Fund,Nippon India Mutual Fund,FoF,FoF Domestic,Other Scheme - FoF Domestic,Regular,Growth,2011-02-14,AMFI scheme master,15.64,55.8378,2026-10-06,67.4562,2026-01-29,44.6633,2025-10-28,-0.172236,7602.4,Kuvera (latest month),7332.16,Jul-Sep 2026,5018.5,0.0025,Himanshu Mange,High Risk,0.015687,-0.0122046,0.219973,0.372783,0.354267,0.241403,0.15258,0.116528,NAV history,0.171096,0.237854,0.146775,0.206819,-0.244319,-0.244319,1.39864,1.95915,0.688525,94.4,31.9,63.9,150,,2026-10-07
153601,INF204KC1FG0,Nippon India Income Plus Arbitrage Active Fund of Fund,Nippon India Mutual Fund,FoF,FoF Domestic,Other Scheme - FoF Domestic,Regular,Growth,2025-06-02,AMFI scheme master,1.35,10.7071,2026-10-06,10.7071,2026-10-06,10.1711,2025-10-07,0,639.77,AMFI AAUM Jul-Sep 2026,639.77,Jul-Sep 2026,95.19,0.0031,,,0.00809709,0.0321589,0.0531332,,,,,0.0530189,NAV history,0.00425666,,,,,,,,,,,,150,,2026-10-07
154649,INF204KC1HM4,Nippon India Income Plus Arbitrage Omni Fund of Fund,Nippon India Mutual Fund,FoF,FoF Domestic,Fund of Funds Scheme (Domestic) - Fund of Funds Scheme (Domestic),Regular,Growth,2026-08-17,AMFI scheme master,0.14,10.048,2026-10-06,10.048,2026-10-06,10.0057,2026-09-04,0,51.53,AMFI AAUM Jul-Sep 2026,51.53,Jul-Sep 2026,28.19,0.0065,,,,,,,,,,0.00418745,"NAV history (absolute, <1Y)",,,,,,,,,,,,,150,,2026-10-07
148663,INF204KB13Y1,Nippon India Multi - Asset Omni FoF,Nippon India Mutual Fund,FoF,FoF Domestic,Other Scheme - FoF Domestic,Regular,Growth,2021-01-18,AMFI scheme master,5.72,23.1862,2026-10-06,24.3295,2026-08-25,21.1055,2026-03-23,-0.0469923,3055.5,Kuvera (latest month),2970.02,Jul-Sep 2026,2460.64,0.0108,Sushil Budhia; Vikram Dhawan; Shirish Guthe,Very High Risk,-0.0224094,0.0579721,0.0453652,0.0745897,0.147796,0.13689,,0.156974,NAV history,-0.00351135,0.0313828,0.0422615,0.106086,-0.117608,-0.117608,0.78046,1.04626,0.947368,62.5,65.3,91.6,150,,2026-10-07
146514,INF204KB1W91,Nippon India Nifty Next 50 Junior BeES FoF,Nippon India Mutual Fund,FoF,FoF Domestic,Other Scheme - FoF Domestic,Regular,Growth,2019-02-18,AMFI scheme master,7.63,26.0421,2026-10-06,27.7772,2026-08-10,22.4137,2026-03-31,-0.0624649,840.3,Kuvera (latest month),828.02,Jul-Sep 2026,125.55,0.003,Himanshu Mange,Very High Risk,-0.0339572,0.119205,0.0257682,-0.0309944,0.164601,0.106671,,0.131277,NAV history,-0.0231084,0.0481881,0.0120421,0.167336,-0.25958,-0.25958,0.595217,0.809134,0.47541,48.6,19.4,44.6,150,,2026-10-07
149759,INF204KC1345,Nippon India Silver ETF FOF,Nippon India Mutual Fund,FoF,FoF Domestic,Other Scheme - FoF Domestic,Regular,Growth,2022-01-13,AMFI scheme master,4.73,32.9904,2026-10-06,55.5767,2026-01-29,21.1781,2025-10-28,-0.406399,4561.4,Kuvera (latest month),4422.55,Jul-Sep 2026,2729.19,0.0049,Jitendra Tolani,Very High Risk,-0.044969,-0.0548869,0.448224,0.516208,0.443498,,,0.289298,NAV history,0.399348,0.327085,,0.381538,-0.435609,,0.992031,1.30216,0.711111,76.4,9.7,72.9,150,,2026-10-07
141063,INF082J01275,Quantum Diversified Equity All Cap Active FOF,Quantum Mutual Fund,FoF,FoF Domestic,Other Scheme - FoF Domestic,Regular,Growth,2009-06-26,AMFI scheme master,17.28,82.061,2026-10-06,86.853,2026-01-02,74.577,2026-03-31,-0.0551737,138.2,Kuvera (latest month),135.13,Jul-Sep 2026,15.77,0.0141,Chirag Mehta; Piyush Singh,Very High Risk,-0.0371591,0.0665168,-0.021254,-0.00869576,0.102063,0.0867793,,0.111084,NAV history,-0.0701306,-0.0143498,-0.00784919,0.133107,-0.168359,-0.193487,0.278448,0.374171,0.42623,26.4,45.8,36.1,150,,2026-10-07
141064,INF082J01358,Quantum Gold ETF FOF,Quantum Mutual Fund,FoF,FoF Domestic,Other Scheme - FoF Domestic,Regular,Growth,2011-04-28,AMFI scheme master,15.44,55.3714,2026-10-06,66.7178,2026-01-29,44.0816,2025-10-28,-0.170066,579.2,Kuvera (latest month),553.22,Jul-Sep 2026,101.97,0.0051,Chirag Mehta,High Risk,0.0160002,-0.011802,0.222348,0.376694,0.357637,0.244121,,0.172615,NAV history,0.173472,0.241224,0.149492,0.215903,-0.245762,-0.245762,1.35541,1.87984,0.688525,91.7,27.8,63.9,150,,2026-10-07
141072,INF082J01341,Quantum Multi Asset Active FOF,Quantum Mutual Fund,FoF,FoF Domestic,Other Scheme - FoF Domestic,Regular,Growth,2012-06-22,AMFI scheme master,14.29,35.4214,2026-10-06,37.7456,2026-01-29,34.1179,2026-03-23,-0.0615754,79.2,Kuvera (latest month),78.43,Jul-Sep 2026,6.03,0.005,Sneha Pandey; Mansi Vasa,High Risk,-0.0215867,0.0129024,0.00686472,0.0546992,0.102209,0.0877141,,0.0867722,NAV history,-0.0420118,-0.0142036,-0.00691435,0.0668159,-0.0961092,-0.0961092,0.556895,0.764166,0.459016,45.8,68.1,41,150,,2026-10-07
150389,INF082J01424,Quantum Nifty 50 ETF FOF,Quantum Mutual Fund,FoF,FoF Domestic,Other Scheme - FoF Domestic,Regular,Growth,2022-07-18,AMFI scheme master,4.22,13.4886,2026-10-06,15.4862,2026-01-02,13.2052,2026-03-30,-0.128992,35.4,Kuvera (latest month),35.54,Jul-Sep 2026,3.7,0.0019,Hitendra Parekh,Very High Risk,-0.0678102,1.48276e-05,-0.0885896,-0.0390848,0.0582335,,,0.0744074,NAV history,-0.137466,-0.0581796,,0.123277,-0.154884,,-0.0548888,-0.0767807,0.307692,2.8,51.4,24.1,150,,2026-10-07
153831,INF200KB1977,SBI Dynamic Asset Allocation Active FoF,SBI Mutual Fund,FoF,FoF Domestic,Other Scheme - FoF Domestic,Regular,Growth,2025-08-25,AMFI scheme master,1.12,10.0662,2026-10-06,10.4193,2026-08-03,9.4398,2026-03-30,-0.033889,2323.64,AMFI AAUM Jul-Sep 2026,2323.64,Jul-Sep 2026,2197.71,0.0134,,,-0.0161079,0.0499844,0.0057249,,,,,0.00296726,NAV history,-0.0431516,,,,,,,,,,,,150,,2026-10-07
115676,INF200K01HA1,SBI GOLD FUND,SBI Mutual Fund,FoF,FoF Domestic,Other Scheme - FoF Domestic,Regular,Growth,2011-08-22,AMFI scheme master,15.13,42.7808,2026-10-06,51.6546,2026-01-29,34.0323,2025-10-28,-0.171791,17647,Kuvera (latest month),16897.4,Jul-Sep 2026,7538.29,0.0042,Viral Chhadva,Very High Risk,0.0158308,-0.0126315,0.223483,0.375823,0.358165,0.243959,0.158053,0.101315,NAV history,0.174607,0.241752,0.149331,0.215158,-0.247151,-0.247151,1.36255,1.89909,0.721311,93.1,26.4,75.9,150,,2026-10-07
153500,INF200KB1720,SBI Income Plus Arbitrage Active FOF,SBI Mutual Fund,FoF,FoF Domestic,Other Scheme - FoF Domestic,Regular,Growth,2025-04-23,AMFI scheme master,1.46,10.7718,2026-10-06,10.7718,2026-10-06,10.2282,2025-10-07,0,1814.24,AMFI AAUM Jul-Sep 2026,1814.24,Jul-Sep 2026,756.86,0.0021,,,0.00886,0.0309817,0.0536623,,,,,0.0532809,NAV history,0.00478571,,,,,,,,,,,,150,,2026-10-07
154523,INF200KB1BR1,SBI Nifty Midcap 150 Momentum 50 ETF FOF,SBI Mutual Fund,FoF,FoF Domestic,Fund of Funds Scheme (Domestic) - Fund of Funds Scheme (Domestic),Regular,Growth,2026-07-27,AMFI scheme master,0.2,9.6268,2026-10-06,10.1724,2026-08-28,9.4245,2026-10-01,-0.0536353,69.29,AMFI AAUM Jul-Sep 2026,69.29,Jul-Sep 2026,51.02,0.0073,,,,,,,,,,-0.0483402,"NAV history (absolute, <1Y)",,,,,,,,,,,,,150,,2026-10-07
152733,INF200KB1266,SBI Silver ETF Fund of Fund,SBI Mutual Fund,FoF,FoF Domestic,Other Scheme - FoF Domestic,Regular,Growth,2024-06-27,AMFI scheme master,2.28,23.3365,2026-10-06,38.6835,2026-01-29,14.7754,2025-10-28,-0.396732,3923.7,Kuvera (latest month),3815.03,Jul-Sep 2026,2296.45,0.0065,Viral Chhadva,Very High Risk,-0.0445611,-0.0548198,0.473636,0.528378,,,,0.468825,NAV history,0.424759,,,,,,,,1,,,98.2,150,,2026-10-07
154724,INF680P01661,Shriram Gold ETF Passive FOF,Shriram Mutual Fund,FoF,FoF Domestic,Fund of Funds Scheme (Domestic) - Fund of Funds Scheme (Domestic),Regular,Growth,2026-09-11,AMFI scheme master,0.07,10.0316,2026-10-06,10.04,2026-09-30,10.0286,2026-10-05,-0.000836653,0.78,AMFI AAUM Jul-Sep 2026,0.78,Jul-Sep 2026,0.71,0.0552,,,,,,,,,,-0.000836653,"NAV history (absolute, <1Y)",,,,,,,,,,,,,150,,2026-10-07
154127,INF903JA1MC4,Sundaram Income Plus Arbitrage Active FoF,Sundaram Mutual Fund,FoF,FoF Domestic,Other Scheme - FoF Domestic,Regular,Growth,2026-01-05,AMFI scheme master,0.75,10.4157,2026-10-06,10.4157,2026-10-06,10.0062,2026-01-14,0,66.66,AMFI AAUM Jul-Sep 2026,66.66,Jul-Sep 2026,5.35,0.0059,,,0.0100465,0.0310124,,,,,,0.0408726,"NAV history (absolute, <1Y)",,,,,,,,,,,,,150,,2026-10-07
152290,INF277KA1901,Tata Gold ETF Fund of Fund,Tata Mutual Fund,FoF,FoF Domestic,Other Scheme - FoF Domestic,Regular,Growth,2024-01-02,AMFI scheme master,2.76,22.2572,2026-10-06,27.0191,2026-01-29,17.883,2025-10-28,-0.176242,1540,Kuvera (latest month),1482.87,Jul-Sep 2026,679.06,0.0064,Tapan Patel; Rakesh Prajapati; Nitin Sharma,High Risk,0.0151563,-0.0114458,0.214137,0.36353,,,,0.342329,NAV history,0.165261,,,,,,,,1,,,98.2,150,,2026-10-07
153511,INF277KA1DQ8,Tata Income Plus Arbitrage Active FOF,Tata Mutual Fund,FoF,FoF Domestic,Other Scheme - FoF Domestic,Regular,Growth,2025-05-05,AMFI scheme master,1.42,10.6601,2026-10-06,10.6601,2026-10-06,10.167,2025-10-07,0,265.45,AMFI AAUM Jul-Sep 2026,265.45,Jul-Sep 2026,78.76,0.0058,,,0.00646739,0.0301704,0.0488818,,,,,0.0468327,NAV history,5.21356e-06,,,,,,,,,,,,150,,2026-10-07
154405,INF277KA1ES2,Tata Multi Sector Passive FOF,Tata Mutual Fund,FoF,FoF Domestic,Fund of Funds Scheme (Domestic) - Fund of Funds Scheme (Domestic),Regular,Growth,2026-06-22,AMFI scheme master,0.29,9.4525,2026-10-06,10.0493,2026-08-25,9.3311,2026-10-01,-0.0593872,72.96,AMFI AAUM Jul-Sep 2026,72.96,Jul-Sep 2026,57.66,0.0068,,,,,,,,,,-0.0465599,"NAV history (absolute, <1Y)",,,,,,,,,,,,,150,,2026-10-07
150345,INF277KA1463,Tata Nifty India Digital ETF Fund of Fund,Tata Mutual Fund,FoF,FoF Domestic,Other Scheme - FoF Domestic,Regular,Growth,2022-03-25,AMFI scheme master,4.54,12.8784,2026-10-06,15.5379,2025-12-23,11.5341,2026-03-31,-0.171162,117.3,Kuvera (latest month),112.47,Jul-Sep 2026,31.55,0.0048,Rakesh Prajapati; Nitin Sharma,Very High Risk,0.0270757,0.0585653,-0.101837,-0.074297,0.0683127,,,0.0628634,NAV history,-0.150714,-0.0481004,,0.172605,-0.282897,,0.0191924,0.0269874,0.465116,4.2,18.1,43.4,150,,2026-10-07
152297,INF277KA1893,Tata Silver ETF Fund of Fund,Tata Mutual Fund,FoF,FoF Domestic,Other Scheme - FoF Domestic,Regular,Growth,2024-01-02,AMFI scheme master,2.76,28.5169,2026-10-06,46.3427,2026-01-29,18.4123,2025-10-28,-0.384652,1094.1,Kuvera (latest month),1068.48,Jul-Sep 2026,543.56,0.0058,Tapan Patel; Rakesh Prajapati; Nitin Sharma,Very High Risk,-0.044628,-0.0557662,0.427429,0.504773,,,,0.481465,NAV history,0.378553,,,,,,,,0.954545,,,92.8,150,,2026-10-07
154133,INF2F0001388,The Wealth Company Gold ETF FOF,The Wealth Company Mutual Fund,FoF,FoF Domestic,Other Scheme - FoF Domestic,Regular,Growth,2026-01-09,AMFI scheme master,0.74,9.3086,2026-10-06,10.703,2026-03-02,8.6196,2026-03-23,-0.130281,15.76,AMFI AAUM Jul-Sep 2026,15.76,Jul-Sep 2026,8.71,0.0068,,,0.0164002,-0.0120986,,,,,,-0.0479863,"NAV history (absolute, <1Y)",,,,,,,,,,,,,150,,2026-10-07
150715,INF789F1AWA1,UTI Gold ETF Fund of Fund,UTI Mutual Fund,FoF,FoF Domestic,Fund of Funds Scheme (Domestic) - Fund of Funds Scheme (Domestic),Regular,Growth,2022-10-10,AMFI scheme master,3.99,27.8139,2026-10-06,33.4754,2026-01-29,22.2293,2025-10-28,-0.169124,1516.9,Kuvera (latest month),1445.72,Jul-Sep 2026,763.34,0.0046,Sharwan Goyal; Ayush Jain; Lokesh Kulthia,High Risk,0.0157249,-0.00984675,0.222385,0.374584,0.359898,,,0.298003,NAV history,0.173508,0.243484,,0.208773,-0.236138,,1.41252,1.96032,0.783784,98.6,34.7,83.7,150,,2026-10-07
153441,INF789F1AB63,UTI Income Plus Arbitrage Active Fund of Fund,UTI Mutual Fund,FoF,FoF Domestic,Fund of Funds Scheme (Domestic) - Fund of Funds Scheme (Domestic),Regular,Growth,2025-03-21,AMFI scheme master,1.55,10.8622,2026-10-06,10.8622,2026-10-06,10.3389,2025-10-07,0,174.72,AMFI AAUM Jul-Sep 2026,174.72,Jul-Sep 2026,67.24,0.0045,,,0.00753177,0.0308138,0.0510925,,,,,0.0562908,NAV history,0.00221594,,,,,,,,,,,,150,,2026-10-07
151732,INF789F1AYM2,UTI Silver ETF Fund of Fund,UTI Mutual Fund,FoF,FoF Domestic,Fund of Funds Scheme (Domestic) - Fund of Funds Scheme (Domestic),Regular,Growth,2023-04-10,AMFI scheme master,3.49,27.8121,2026-10-06,46.3697,2026-01-29,17.7073,2025-10-28,-0.40021,654.5,Kuvera (latest month),626.94,Jul-Sep 2026,410.85,0.0046,Sharwan Goyal; Ayush Jain; Lokesh Kulthia,Very High Risk,-0.0442446,-0.0540231,0.454509,0.518461,0.429248,,,0.322311,NAV history,0.405632,0.312835,,0.40399,-0.455041,,0.901627,1.17962,0.806452,66.7,6.9,86.7,150,,2026-10-07
153822,INF582M01LV6,Union Diversified Equity All Cap Active FOF,Union Mutual Fund,FoF,FoF Domestic,Other Scheme - FoF Domestic,Regular,Growth,2025-09-01,AMFI scheme master,1.1,10.5568,2026-10-06,11.0744,2026-08-31,8.8443,2026-03-23,-0.0467384,198.72,AMFI AAUM Jul-Sep 2026,198.72,Jul-Sep 2026,188.54,0.0146,,,-0.00230598,0.159133,0.070181,,,,,0.0671454,NAV history,0.0213044,,,,,,,,,,,,150,,2026-10-07
153338,INF582M01KT2,Union Gold ETF Fund of Fund,Union Mutual Fund,FoF,FoF Domestic,Other Scheme - FoF Domestic,Regular,Growth,2025-02-10,AMFI scheme master,1.65,16.6538,2026-10-06,20.2736,2026-01-29,13.3954,2025-10-28,-0.178547,166.41,AMFI AAUM Jul-Sep 2026,166.41,Jul-Sep 2026,141.28,0.0057,,,0.0143067,-0.0123766,0.210244,,,,,0.359507,NAV history,0.161367,,,,,,,,,,,,150,,2026-10-07
153573,INF582M01LB8,Union Income Plus Arbitrage Active FOF,Union Mutual Fund,FoF,FoF Domestic,Other Scheme - FoF Domestic,Regular,Growth,2025-05-22,AMFI scheme master,1.38,10.4647,2026-10-06,10.486,2026-08-14,10.0907,2025-10-07,-0.00203128,60.43,AMFI AAUM Jul-Sep 2026,60.43,Jul-Sep 2026,45.02,0.0058,,,0.00254836,0.0312894,0.0372694,,,,,0.0372999,NAV history,-0.0116071,,,,,,,,,,,,150,,2026-10-07
154657,INF966L01EM7,quant Income Plus Arbitrage Active FOF,quant Mutual Fund,FoF,FoF Domestic,Fund of Funds Scheme (Domestic) - Fund of Funds Scheme (Domestic),Regular,Growth,2026-08-17,AMFI scheme master,0.14,10.0485,2026-10-06,10.0485,2026-10-06,10.0057,2026-09-08,0,18.91,AMFI AAUM Jul-Sep 2026,18.91,Jul-Sep 2026,5.58,0.0071,,,,,,,,,,0.0040568,"NAV history (absolute, <1Y)",,,,,,,,,,,,,150,,2026-10-07
132138,INF084M01AT0,Aditya Birla Sun Life Global Emerging Opportunities Fund,Aditya Birla Sun Life Mutual Fund,FoF,FoF Overseas,Other Scheme - FoF Overseas,Regular,Growth,2008-07-29,AMFI scheme master,18.19,34.4903,2026-10-05,35.4219,2026-06-02,26.9525,2025-11-20,-0.0263001,281.9,Kuvera (latest month),286.44,Jul-Sep 2026,214.21,0.0109,Dhaval Joshi,Very High Risk,0.0180076,0.219458,0.20143,0.182797,0.221209,0.113266,0.115274,0.0876552,NAV history,-0.0211482,-0.0335262,-0.0228015,0.182573,-0.198245,-0.228443,0.855596,1.22127,0.42623,34.1,54.5,43.8,49,,2026-10-07
132005,INF084M01AZ7,Aditya Birla Sun Life Global Excellence Equity Fund Of Fund,Aditya Birla Sun Life Mutual Fund,FoF,FoF Overseas,Other Scheme - FoF Overseas,Regular,Growth,2007-11-22,AMFI scheme master,18.87,44.8141,2026-10-05,44.9524,2026-08-13,36.057,2025-11-20,-0.00307659,222.6,Kuvera (latest month),227.31,Jul-Sep 2026,163.87,0.0128,Dhaval Joshi,Very High Risk,0.0240812,0.175822,0.203257,0.180328,0.232295,0.146156,0.098091,0.0905896,NAV history,-0.0193216,-0.0224404,0.0100878,0.155419,-0.188491,-0.291457,1.07641,1.56755,0.57377,52.3,59.1,66.7,49,,2026-10-07
149290,INF209KB15C1,Aditya Birla Sun Life US Equity Passive FOF,Aditya Birla Sun Life Mutual Fund,FoF,FoF Overseas,Overseas Fund of Funds - Fund of Funds investing overseas,Regular,Growth,2021-10-15,AMFI scheme master,4.98,24.3412,2026-10-06,24.3412,2026-10-06,17.4731,2025-11-21,0,523.1,Kuvera (latest month),521.36,Jul-Sep 2026,231.19,0.007,Mehul Dama; Priya Sridhar,Very High Risk,0.0611967,0.348005,0.355799,0.338905,0.341231,,,0.19854,NAV history,0.13322,0.0864964,,0.186803,-0.234021,,1.47873,2.12399,0.854167,100,25,89.6,49,,2026-10-07
152142,INF209KB13W4,Aditya Birla Sun Life US Treasury 1-3 Year Bond ETFs Passive FOF,Aditya Birla Sun Life Mutual Fund,FoF,FoF Overseas,Other Scheme - FoF Overseas,Regular,Growth,2023-10-16,AMFI scheme master,2.98,12.9542,2026-10-06,12.9652,2026-07-24,11.6493,2025-10-24,-0.000848425,71.9,Kuvera (latest month),71.97,Jul-Sep 2026,8.72,0.0018,Bhupesh Bameta; Vighnesh Gupta,Very High Risk,0.00990871,0.0400552,0.104073,0.102554,,,,0.0922307,NAV history,-0.118505,,,,,,,,0.0416667,,,4.2,49,,2026-10-07
152147,INF209KB19W1,Aditya Birla Sun Life US Treasury 3-10 Year Bond ETFs Passive FOF,Aditya Birla Sun Life Mutual Fund,FoF,FoF Overseas,Other Scheme - FoF Overseas,Regular,Growth,2023-10-16,AMFI scheme master,2.98,12.8574,2026-10-06,13.1756,2026-07-17,12.0343,2025-10-16,-0.0241507,135,Kuvera (latest month),135.62,Jul-Sep 2026,18.67,0.0017,Bhupesh Bameta; Vighnesh Gupta,Very High Risk,-0.0153849,0.00738059,0.066199,0.0827858,,,,0.0873192,NAV history,-0.156379,,,,,,,,0.0833333,,,6.2,49,,2026-10-07
148486,INF846K01X30,Axis Global Equity Alpha Fund of Fund,Axis Mutual Fund,FoF,FoF Overseas,Overseas Fund of Funds - Fund of Funds investing overseas,Regular,Growth,2020-09-04,AMFI scheme master,6.09,25.6613,2026-10-06,25.9156,2026-08-28,20.9109,2025-11-21,-0.00981262,2534.9,Kuvera (latest month),2470.62,Jul-Sep 2026,1137.86,0.0159,Krishnaa N,Very High Risk,0.056177,0.2075,0.197498,0.23199,0.253447,0.151926,,0.169456,NAV history,-0.0250807,-0.00128827,0.0158582,0.152099,-0.189675,-0.206447,1.23898,1.76598,0.803279,75,56.8,85.4,49,,2026-10-07
148953,INF846K01Z53,Axis Global Innovation Fund of Fund,Axis Mutual Fund,FoF,FoF Overseas,Overseas Fund of Funds - Fund of Funds investing overseas,Regular,Growth,2021-05-10,AMFI scheme master,5.41,20.22,2026-10-06,20.22,2026-10-06,14.95,2026-04-02,0,925.8,Kuvera (latest month),911.57,Jul-Sep 2026,551.24,0.0159,Krishnaa N,Very High Risk,0.0859291,0.352508,0.262961,0.249074,0.28905,0.147792,,0.140682,NAV history,0.0403822,0.0343149,0.0117237,0.190941,-0.226695,-0.315695,1.1734,1.6462,0.566038,65.9,36.4,60.4,49,,2026-10-07
148701,INF846K01Y62,Axis Greater China Equity Fund of Fund,Axis Mutual Fund,FoF,FoF Overseas,Overseas Fund of Funds - Fund of Funds investing overseas,Regular,Growth,2021-01-29,AMFI scheme master,5.69,12.27,2026-10-06,12.4,2026-05-27,9.43,2025-11-21,-0.0104839,4061.5,Kuvera (latest month),3958.1,Jul-Sep 2026,1433.67,0.0159,Krishnaa N,Very High Risk,0.0586713,0.199413,0.186654,0.20932,0.235882,0.082101,,0.0369742,NAV history,-0.0359247,-0.0188528,-0.0539668,0.226619,-0.229314,-0.383592,0.75405,1.08785,0.421053,22.7,34.1,41.7,49,,2026-10-07
150750,INF846K015K2,Axis NASDAQ 100 US Specific Equity Passive FOF,Axis Mutual Fund,FoF,FoF Overseas,Overseas Fund of Funds - Fund of Funds investing overseas,Regular,Growth,2022-10-07,AMFI scheme master,4,31.5307,2026-10-06,31.5307,2026-10-06,22.4393,2025-11-21,0,219.9,Kuvera (latest month),218.61,Jul-Sep 2026,90.76,0.0064,Krishnaa N,Very High Risk,0.0611645,0.341675,0.35372,0.334772,0.336773,,,0.349844,NAV history,0.131141,0.0820379,,0.186491,-0.230825,,1.45729,2.10031,0.916667,97.7,29.5,95.8,49,,2026-10-07
152239,INF846K013T8,Axis US Specific Treasury Dynamic Debt Passive FOF,Axis Mutual Fund,FoF,FoF Overseas,Overseas Fund of Funds - Fund of Funds investing overseas,Regular,Growth,2023-12-12,AMFI scheme master,2.82,11.9365,2026-10-06,12.4098,2026-07-17,11.3994,2025-10-16,-0.0381392,38.7,Kuvera (latest month),38.59,Jul-Sep 2026,14.28,0.0015,Krishnaa N,Very High Risk,-0.0303254,-0.00965743,0.0478887,0.0701746,,,,0.0647279,NAV history,-0.17469,,,,,,,,0.0869565,,,8.3,49,,2026-10-07
151546,INF194KB1FT6,Bandhan US Treasury Bond 0-1 year specific Debt Passive FOF,Bandhan Mutual Fund,FoF,FoF Overseas,Other Scheme - FoF Overseas,Regular,Growth,2023-03-10,AMFI scheme master,3.58,13.5728,2026-10-06,13.5728,2026-10-06,11.9615,2025-10-20,0,143,Kuvera (latest month),143.27,Jul-Sep 2026,16.93,0.0015,Brijesh Shah,Very High Risk,0.0193004,0.0521795,0.123399,0.111676,0.0947838,,,0.090435,NAV history,-0.099179,-0.159951,,0.0393372,-0.0341822,,0.757143,1.08049,0.03125,25,100,2.1,49,,2026-10-07
149100,INF194KB1CC9,Bandhan US specific Equity Active FOF,Bandhan Mutual Fund,FoF,FoF Overseas,Other Scheme - FoF Overseas,Regular,Growth,2021-07-29,AMFI scheme master,5.19,20.764,2026-10-06,20.764,2026-10-06,16.9,2026-03-30,0,358.4,Kuvera (latest month),362.59,Jul-Sep 2026,250.34,0.0159,Ritika Behera; Gaurav Satra,Very High Risk,0.0423695,0.209248,0.129338,0.204622,0.273138,0.166103,,0.152719,NAV history,-0.0932409,0.0184033,0.0300353,0.201534,-0.226617,-0.276438,1.03277,1.41408,0.647059,50,38.6,81.2,49,,2026-10-07
150284,INF251K01QQ1,Baroda BNP Paribas Aqua Fund of Fund,Baroda BNP Paribas Mutual Fund,FoF,FoF Overseas,Other Scheme - FoF Overseas,Regular,Growth,2021-04-16,AMFI scheme master,5.48,15.3685,2026-10-06,16.1626,2026-08-07,13.2003,2025-11-20,-0.0491319,65.2,Kuvera (latest month),62.55,Jul-Sep 2026,38.26,0.0158,Swapna Shelar; Stuti Singhee,Very High Risk,-0.0377909,0.052911,0.0876504,0.100049,0.154282,,,0.110937,NAV history,-0.134928,-0.100453,,0.147386,-0.153181,,0.605769,0.883592,0.25,11.4,81.8,20.8,49,,2026-10-07
112126,INF740K01284,DSP Global Clean Energy Overseas Equity Omni FoF,DSP Mutual Fund,FoF,FoF Overseas,Other Scheme - FoF Overseas,Regular,Growth,2009-07-10,AMFI scheme master,17.24,28.247,2026-10-06,31.4255,2026-06-03,21.7092,2025-11-21,-0.101144,110,Kuvera (latest month),111.59,Jul-Sep 2026,35.08,0.023,Kaivalya Nadkarni,Very High Risk,-0.0587941,0.0632243,0.249574,0.237267,0.22841,0.108344,0.0836359,0.0634936,NAV history,0.0269958,-0.0263249,-0.0277235,0.203628,-0.249421,-0.268473,0.802493,1.17265,0.540984,27.3,15.9,56.2,49,,2026-10-07
149817,INF740KA1QM8,DSP Global Innovation Overseas Equity Omni FoF,DSP Mutual Fund,FoF,FoF Overseas,Other Scheme - FoF Overseas,Regular,Growth,2022-01-24,AMFI scheme master,4.7,23.1948,2026-10-06,23.1948,2026-10-06,17.478,2025-11-21,0,1447.2,Kuvera (latest month),1421.29,Jul-Sep 2026,1083.84,0.0205,Kaivalya Nadkarni,Very High Risk,0.0556142,0.295386,0.240934,0.258261,0.298967,,,0.197579,NAV history,0.0183559,0.0442319,,0.186305,-0.217201,,1.25583,1.78789,0.866667,77.3,47.7,91.7,49,,2026-10-07
152527,INF740KA1UG2,DSP US Specific Debt Passive FoF,DSP Mutual Fund,FoF,FoF Overseas,Other Scheme - FoF Overseas,Regular,Growth,2024-03-07,AMFI scheme master,2.58,12.2584,2026-10-06,12.7072,2026-07-17,11.6197,2025-10-24,-0.0353186,68.6,Kuvera (latest month),67.02,Jul-Sep 2026,2.76,0.0025,Kaivalya Nadkarni,Very High Risk,-0.027003,-0.00513728,0.0542412,0.074554,,,,0.0827736,NAV history,-0.168337,,,,,,,,0.1,,,10.4,49,,2026-10-07
117691,INF740K01LP6,DSP US Specific Equity Omni FoF,DSP Mutual Fund,FoF,FoF Overseas,Other Scheme - FoF Overseas,Regular,Growth,2012-07-17,AMFI scheme master,14.22,95.8376,2026-10-06,96.1009,2026-05-29,69.9399,2025-10-17,-0.00273983,1270,Kuvera (latest month),1279.47,Jul-Sep 2026,684.32,0.0234,Kaivalya Nadkarni,Very High Risk,0.0221805,0.246313,0.339577,0.317706,0.299051,0.193594,0.184562,0.172374,NAV history,0.116998,0.0443161,0.0575267,0.179636,-0.232627,-0.232627,1.30292,1.86447,0.852459,84.1,27.3,87.5,49,,2026-10-07
106597,INF740K01250,DSP World Gold Mining Overseas Equity Omni FoF,DSP Mutual Fund,FoF,FoF Overseas,Other Scheme - FoF Overseas,Regular,Growth,2007-07-25,AMFI scheme master,19.2,58.0982,2026-10-06,70.6728,2026-03-02,40.7374,2025-10-27,-0.177927,1827.6,Kuvera (latest month),1654.44,Jul-Sep 2026,683,0.0231,Kaivalya Nadkarni,Very High Risk,0.109119,-0.02544,0.258043,0.612266,0.576792,0.290893,0.160999,0.0887624,NAV history,0.0354648,0.322057,0.154826,0.352891,-0.327938,-0.383863,1.45029,2.10459,0.622951,95.5,2.3,76,49,,2026-10-07
112293,INF740K01730,DSP World Mining Overseas Equity Omni FoF,DSP Mutual Fund,FoF,FoF Overseas,Other Scheme - FoF Overseas,Regular,Growth,2009-11-23,AMFI scheme master,16.87,32.6342,2026-10-06,36.4675,2026-08-28,21.9548,2025-11-04,-0.105116,194.5,Kuvera (latest month),180.3,Jul-Sep 2026,114.17,0.0228,Kaivalya Nadkarni,Very High Risk,0.0663064,0.0499422,0.392957,0.365936,0.311085,0.207018,0.178619,0.0700308,NAV history,0.170379,0.0563499,0.07095,0.272076,-0.212108,-0.342954,0.904471,1.29177,0.540984,40.9,52.3,56.2,49,,2026-10-07
140255,INF843K01609,Edelweiss ASEAN Equity Off-shore Fund,Edelweiss Mutual Fund,FoF,FoF Overseas,Other Scheme - FoF Overseas,Regular,Growth,2011-06-10,AMFI scheme master,15.33,37.355,2026-10-06,38.865,2026-08-17,30.555,2025-10-17,-0.0388524,164.7,Kuvera (latest month),160.83,Jul-Sep 2026,40.3,0.0138,Bhavesh Jain; Bharat Lahoti,Very High Risk,0.027111,0.109346,0.176684,0.147782,0.171145,0.0953966,,0.0890533,NAV history,-0.0458948,-0.0835896,-0.0406712,0.127984,-0.166451,-0.166451,0.829367,1.21812,0.377049,31.8,75,34.4,49,,2026-10-07
140328,INF843K01IY6,Edelweiss Emerging Markets Opportunities Equity Offshore Fund,Edelweiss Mutual Fund,FoF,FoF Overseas,Other Scheme - FoF Overseas,Regular,Growth,2014-06-16,AMFI scheme master,12.31,29.2017,2026-10-06,30.1484,2026-06-22,19.606,2025-10-14,-0.0314013,275.4,Kuvera (latest month),268.3,Jul-Sep 2026,109.28,0.0139,Bhavesh Jain; Bharat Lahoti,Very High Risk,0.00732337,0.257843,0.451117,0.350016,0.309693,0.12421,,0.120923,NAV history,0.228539,0.0549578,-0.011858,0.182135,-0.141348,-0.332924,1.34347,1.90984,0.229508,86.4,93.2,16.7,49,,2026-10-07
140295,INF843K01GJ1,Edelweiss Europe Dynamic Equity Offshore Fund,Edelweiss Mutual Fund,FoF,FoF Overseas,Other Scheme - FoF Overseas,Regular,Growth,2014-01-17,AMFI scheme master,12.72,30.5497,2026-10-06,32.0998,2026-08-26,25.3116,2025-10-14,-0.04829,282.8,Kuvera (latest month),277.27,Jul-Sep 2026,79.89,0.0137,Bhavesh Jain; Bharat Lahoti,Very High Risk,-0.0256491,0.0867641,0.182974,0.245925,0.256023,0.153884,,0.12545,NAV history,-0.0396049,0.00128827,0.017816,0.150925,-0.130174,-0.242183,1.26569,1.86129,0.622951,79.5,95.5,76,49,,2026-10-07
140242,INF843K01138,Edelweiss Greater China Equity Off-shore Fund,Edelweiss Mutual Fund,FoF,FoF Overseas,Other Scheme - FoF Overseas,Regular,Growth,2009-07-09,AMFI scheme master,17.25,65.235,2026-10-06,68.332,2026-06-22,48.823,2025-11-21,-0.0453228,3078.8,Kuvera (latest month),3058.61,Jul-Sep 2026,1165.41,0.0158,Bhavesh Jain; Bharat Lahoti,Very High Risk,-0.00264494,0.181751,0.218367,0.241662,0.251806,0.0677081,,0.12625,NAV history,-0.00421192,-0.00292935,-0.0683597,0.22739,-0.212205,-0.452746,0.821519,1.18137,0.393443,29.5,50,38.5,49,,2026-10-07
148064,INF754K01LC5,Edelweiss US Technology Equity Fund of Fund,Edelweiss Mutual Fund,FoF,FoF Overseas,Other Scheme - FoF Overseas,Regular,Growth,2020-02-14,AMFI scheme master,6.64,41.618,2026-10-06,41.618,2026-10-06,28.9399,2026-03-30,0,4348,Kuvera (latest month),4364.66,Jul-Sep 2026,2031.22,0.0154,Bhavesh Jain; Bharat Lahoti,Very High Risk,0.0393717,0.40685,0.250113,0.332327,0.344295,0.176036,,0.256672,NAV history,0.0275342,0.0895596,0.0399678,0.278379,-0.315927,-0.457823,1.00329,1.37824,0.57377,47.7,6.8,66.7,49,,2026-10-07
140273,INF843K01ED9,Edelweiss US Value Equity Offshore Fund,Edelweiss Mutual Fund,FoF,FoF Overseas,Other Scheme - FoF Overseas,Regular,Growth,2013-07-17,AMFI scheme master,13.22,43.7315,2026-10-06,45.0178,2026-08-19,33.9051,2025-10-17,-0.0285731,248.8,Kuvera (latest month),245.82,Jul-Sep 2026,153.65,0.0159,Bhavesh Jain; Bharat Lahoti,Very High Risk,0.00999568,0.16494,0.260982,0.182485,0.212204,0.140721,,0.124912,NAV history,0.0384039,-0.0425311,0.00465301,0.134744,-0.164478,-0.164478,1.09247,1.56618,0.52459,54.5,77.3,52.1,49,,2026-10-07
116633,INF090I01EW1,Franklin U. S. Opportunities Equity Active Fund of Funds,Franklin Templeton Mutual Fund,FoF,FoF Overseas,Other Scheme - FoF Overseas,Regular,Growth,2012-01-17,AMFI scheme master,14.72,97.5134,2026-10-06,97.5134,2026-10-06,74.7014,2026-03-30,0,5954.5,Kuvera (latest month),6003.12,Jul-Sep 2026,3376.37,0.0146,Sandeep Manam,Very High Risk,0.0521787,0.25794,0.199272,0.17855,0.245968,0.110535,0.168168,0.165136,NAV history,-0.0233065,-0.00876672,-0.0255328,0.203256,-0.242404,-0.387795,0.890348,1.27189,0.442623,38.6,20.5,46.9,49,,2026-10-07
127073,INF336L01HC7,HSBC Asia Pacific (Ex Japan) Dividend Yield Fund,HSBC Mutual Fund,FoF,FoF Overseas,Overseas Fund of Funds - Fund of Funds investing overseas,Regular,Growth,2014-02-03,AMFI scheme master,12.67,37.0067,2026-10-06,38.9225,2026-06-03,27.4251,2025-10-17,-0.0492209,85.7,Kuvera (latest month),79.57,Jul-Sep 2026,17.6,0.0138,Prakriti Banka,Very High Risk,0.0118834,0.206652,0.30365,0.262449,0.2823,0.150741,0.126087,0.10963,NAV history,0.0810711,0.0275647,0.0146733,0.182745,-0.183034,-0.255901,1.18908,1.68327,0.540984,68.2,63.6,56.2,49,,2026-10-07
115116,INF336L01164,HSBC Brazil Fund,HSBC Mutual Fund,FoF,FoF Overseas,Overseas Fund of Funds - Fund of Funds investing overseas,Regular,Growth,2011-04-15,AMFI scheme master,15.48,12.3132,2026-10-06,12.4408,2026-10-05,7.9125,2025-10-14,-0.0102566,337.5,Kuvera (latest month),353.14,Jul-Sep 2026,122.44,0.0144,Prakriti Banka,Very High Risk,0.226146,0.140417,0.493903,0.32617,0.241605,0.140897,0.0596603,0.0148374,NAV history,0.271325,-0.0131297,0.00482882,0.250499,-0.291587,-0.291587,0.705014,1.13627,0.459016,20.5,9.1,50,49,,2026-10-07
107988,INF336L01446,HSBC Global Emerging Markets Fund,HSBC Mutual Fund,FoF,FoF Overseas,Overseas Fund of Funds - Fund of Funds investing overseas,Regular,Growth,2008-01-28,AMFI scheme master,18.69,35.5093,2026-10-06,37.4429,2026-06-03,24.3602,2025-10-14,-0.0516413,519.1,Kuvera (latest month),493.42,Jul-Sep 2026,315.32,0.0144,Prakriti Banka,Very High Risk,0.00487591,0.262311,0.410442,0.331624,0.308008,0.129496,0.118269,0.0704943,NAV history,0.187864,0.0532727,-0.00657224,0.199436,-0.147346,-0.282492,1.21847,1.73157,0.327869,72.7,86.4,26,49,,2026-10-07
123651,INF109KA1CB6,ICICI Prudential Global Stable Equity Fund (FOF),ICICI Prudential Mutual Fund,FoF,FoF Overseas,Other Scheme - FoF Overseas,Regular,Growth,2013-08-27,AMFI scheme master,13.11,33.05,2026-10-06,34.65,2026-08-24,28.33,2025-11-06,-0.046176,93.9,Kuvera (latest month),92.23,Jul-Sep 2026,59.79,0.0137,Ritesh Lunawat; Sharmila D'Silva; Venus Ahuja,Very High Risk,0.0225866,0.0713128,0.126833,0.121219,0.14339,0.105235,0.098647,0.0955857,NAV history,-0.0957459,-0.111345,-0.0308325,0.116843,-0.114783,-0.142662,0.670899,0.947398,0.393443,18.2,97.7,38.5,49,,2026-10-07
149456,INF109KC1Z22,ICICI Prudential Strategic Metal and Energy Equity Fund of Fund,ICICI Prudential Mutual Fund,FoF,FoF Overseas,Other Scheme - FoF Overseas,Regular,Growth,2022-01-17,AMFI scheme master,4.72,32.1103,2026-10-06,34.3621,2026-08-21,19.9956,2025-11-04,-0.0655315,328.4,Kuvera (latest month),303.14,Jul-Sep 2026,158.69,0.0098,Sharmila D'Silva; Venus Ahuja,Very High Risk,0.201629,0.0757039,0.487676,0.454221,0.364134,,,0.285846,NAV history,0.265098,0.109399,,0.23614,-0.147059,,1.26677,1.79527,0.577778,81.8,88.6,70.8,49,,2026-10-07
149960,INF205KA1577,Invesco India - Invesco EQQQ Nasdaq-100 ETF Fund of Fund,Invesco Mutual Fund,FoF,FoF Overseas,Overseas Fund of Funds - Fund of Funds investing overseas,Regular,Growth,2022-03-30,AMFI scheme master,4.52,27.9655,2026-10-06,27.9655,2026-10-06,20.0666,2025-10-17,0,468.6,Kuvera (latest month),472.99,Jul-Sep 2026,209.5,0.0069,Abhisek Bahinipati,Very High Risk,0.0615953,0.345543,0.356824,0.342769,0.34321,,,0.271955,NAV history,0.134246,0.0884752,,0.193047,-0.229816,,1.44115,2.08645,1,93.2,31.8,99,49,,2026-10-07
148613,INF205KA1247,Invesco India - Invesco Global Consumer Trends Fund of Fund,Invesco Mutual Fund,FoF,FoF Overseas,Overseas Fund of Funds - Fund of Funds investing overseas,Regular,Growth,2020-12-04,AMFI scheme master,5.84,13.0002,2026-10-06,14.7279,2026-06-03,10.272,2026-03-31,-0.117308,487.3,Kuvera (latest month),519.47,Jul-Sep 2026,232.28,0.0146,Sagar Gandhi,Very High Risk,-0.0327088,0.241745,-0.0346983,0.268964,0.260309,0.0523181,,0.0464233,NAV history,-0.257277,0.00557402,-0.0837497,0.306809,-0.326635,-0.487112,0.636582,0.887168,0.305085,15.9,4.5,22.9,49,,2026-10-07
129187,INF205K01B15,Invesco India - Invesco Global Equity Income Fund of Fund,Invesco Mutual Fund,FoF,FoF Overseas,Overseas Fund of Funds - Fund of Funds investing overseas,Regular,Growth,2014-04-15,AMFI scheme master,12.48,37.0172,2026-10-06,39.3593,2026-08-05,29.8369,2025-11-21,-0.0595056,311.7,Kuvera (latest month),307.68,Jul-Sep 2026,72.96,0.0131,Sagar Gandhi,Very High Risk,-0.0251371,0.150682,0.148123,0.184746,0.231217,0.167697,0.134853,0.111273,NAV history,-0.0744557,-0.0235176,0.0316294,0.144894,-0.148615,-0.208755,1.14717,1.66288,0.770492,61.4,84.1,83.3,49,,2026-10-07
126351,INF205K01ZZ9,Invesco India - Invesco Pan European Equity Fund of Fund,Invesco Mutual Fund,FoF,FoF Overseas,Overseas Fund of Funds - Fund of Funds investing overseas,Regular,Growth,2014-01-15,AMFI scheme master,12.73,26.2946,2026-10-06,27.9616,2026-08-17,20.1407,2025-10-14,-0.0596175,229.9,Kuvera (latest month),226.8,Jul-Sep 2026,86.67,0.0084,Sagar Gandhi,Very High Risk,-0.0153384,0.148025,0.269002,0.247576,0.216702,0.153109,0.114762,0.0792648,NAV history,0.0464231,-0.0380332,0.0170407,0.166569,-0.169558,-0.248692,0.910743,1.30222,0.57377,43.2,70.5,66.7,49,,2026-10-07
106441,INF174K01DV3,Kotak Global Emerging Market Overseas Equity Active FOF,Kotak Mahindra Mutual Fund,FoF,FoF Overseas,Overseas Fund of Funds - Fund of Funds investing overseas,Regular,Growth,2007-07-25,AMFI scheme master,19.2,41.016,2026-10-06,42.489,2026-06-03,28.717,2025-11-21,-0.0346678,1729.5,Kuvera (latest month),1709.16,Jul-Sep 2026,735.32,0.014602,Arjun Khanna,Very High Risk,0.012091,0.249421,0.361934,0.298231,0.284746,0.131415,0.113115,0.0725064,NAV history,0.139355,0.0300112,-0.00465301,0.184124,-0.1678,-0.276786,1.19347,1.66117,0.327869,70.5,72.7,26,49,,2026-10-07
149056,INF174KA1HD1,Kotak Global Innovation Overseas Equity Active FOF,Kotak Mahindra Mutual Fund,FoF,FoF Overseas,Overseas Fund of Funds - Fund of Funds investing overseas,Regular,Growth,2021-07-08,AMFI scheme master,5.25,15.7344,2026-10-06,15.7344,2026-10-06,11.7357,2025-10-10,0,840.3,Kuvera (latest month),830.02,Jul-Sep 2026,560.5,0.015301,Arjun Khanna,Very High Risk,0.0542665,0.279792,0.293033,0.242997,0.269283,0.103904,,0.0911539,NAV history,0.0704544,0.0145481,-0.0321642,0.181084,-0.225343,-0.403817,1.12811,1.63159,0.568627,59.1,40.9,62.5,49,,2026-10-07
148645,INF174KA1FL8,Kotak International REIT Overseas Equity Active FOF,Kotak Mahindra Mutual Fund,FoF,FoF Overseas,Overseas Fund of Funds - Fund of Funds investing overseas,Regular,Growth,2020-12-07,AMFI scheme master,5.83,11.0343,2026-10-06,12.1066,2026-08-05,10.8286,2025-11-21,-0.0885715,103.9,Kuvera (latest month),104.2,Jul-Sep 2026,32.33,0.013541,Arjun Khanna,Very High Risk,-0.0582015,0.0146949,-0.0330713,0.0150082,0.0978603,0.0247314,,0.0175033,NAV history,-0.25565,-0.156875,-0.111336,0.169951,-0.186772,-0.260213,0.193351,0.285319,0.241379,2.3,61.4,18.8,49,,2026-10-07
154286,INF174KA1ZL6,Kotak Quality Overseas Equity Active FOF,Kotak Mahindra Mutual Fund,FoF,FoF Overseas,Overseas Fund of Funds - Fund of Funds investing overseas,Regular,Growth,2026-03-06,AMFI scheme master,0.59,11.716,2026-10-06,11.716,2026-10-06,10.012,2026-03-30,0,396.79,AMFI AAUM Jul-Sep 2026,396.79,Jul-Sep 2026,40.28,0.011202,,,0.0573053,0.169378,,,,,,0.170196,"NAV history (absolute, <1Y)",,,,,,,,,,,,,49,,2026-10-07
148661,INF174KA1FR5,Kotak US Specific Equity Passive FOF,Kotak Mahindra Mutual Fund,FoF,FoF Overseas,Other Scheme - FoF Overseas,Regular,Growth,2021-01-11,AMFI scheme master,5.74,30.0132,2026-10-06,30.0132,2026-10-06,21.2968,2025-11-21,0,4542.3,Kuvera (latest month),4500.34,Jul-Sep 2026,1502.63,0.00722,Abhishek Bisen; Arjun Khanna,Very High Risk,0.0607995,0.347545,0.357474,0.340111,0.342288,0.222231,,0.214333,NAV history,0.134895,0.087553,0.0861627,0.195533,-0.23422,-0.292836,1.41811,2.04498,0.877193,90.9,22.7,93.8,49,,2026-10-07
149228,INF174V01AV6,Mahindra Manulife Asia Pacific REITs FOF,Mahindra Manulife Mutual Fund,FoF,FoF Overseas,Other Scheme - FoF Overseas,Regular,Growth,2021-09-28,AMFI scheme master,5.02,10.2231,2026-10-06,11.0216,2026-07-30,9.7865,2025-11-21,-0.0724486,41.4,Kuvera (latest month),41.37,Jul-Sep 2026,9.91,0.0137,Amit Garg; Krishna Sanghavi,Very High Risk,-0.0396246,0.00459892,0.00664658,0.05053,0.100108,,,0.00267812,NAV history,-0.215932,-0.154627,,0.13439,-0.173795,,0.261242,0.390325,0.183673,4.5,68.2,14.6,49,,2026-10-07
150594,INF769K01IP1,Mirae Asset Global Electric & Autonomous Vehicles Equity Passive FOF,Mirae Asset Mutual Fund,FoF,FoF Overseas,Overseas Fund of Funds - Fund of Funds investing overseas,Regular,Growth,2022-08-16,AMFI scheme master,4.14,15.949,2026-10-06,19.714,2026-06-02,12.402,2025-11-21,-0.190981,66.4,Kuvera (latest month),66.07,Jul-Sep 2026,27.77,0.0043,Siddharth Srivastava,Very High Risk,-0.0923112,0.0766894,0.191469,0.27539,0.190688,,,0.118561,NAV history,-0.0311098,-0.0640473,,0.28008,-0.246018,,0.448756,0.628581,0.368421,6.8,18.2,31.2,49,,2026-10-07
150596,INF769K01IR7,Mirae Asset Global X Artificial Intelligence & Technology ETF Fund of Fund,Mirae Asset Mutual Fund,FoF,FoF Overseas,Overseas Fund of Funds - Fund of Funds investing overseas,Regular,Growth,2022-08-16,AMFI scheme master,4.14,37.716,2026-10-06,38.961,2026-06-02,24.556,2025-11-20,-0.031955,479.8,Kuvera (latest month),470.2,Jul-Sep 2026,179.73,0.0026,Siddharth Srivastava,Very High Risk,0.0606299,0.452291,0.422065,0.427214,0.411664,,,0.384807,NAV history,0.199486,0.156929,,0.256397,-0.272523,,1.35206,1.96282,1,88.6,11.4,99,49,,2026-10-07
152091,INF247L01BS5,Motilal Oswal Developed Market Ex US ETFs Overseas Equity Passive FOF,Motilal Oswal Mutual Fund,FoF,FoF Overseas,Other Scheme - FoF Overseas,Regular,Growth,2023-09-18,AMFI scheme master,3.05,18.4048,2026-10-06,18.9706,2026-08-25,14.3684,2025-11-20,-0.0298251,39,Kuvera (latest month),38.77,Jul-Sep 2026,13.33,0.0057,Swapnil Mayekar; Rakesh Shetty,Very High Risk,-0.000629873,0.113883,0.22679,0.236962,0.232892,,,0.22863,NAV history,0.00421192,-0.0218427,,0.151086,-0.142951,,1.11124,1.65909,0.615385,56.8,90.9,72.9,49,,2026-10-07
138453,INF223J01AY0,PGIM India Emerging Markets Equity Fund of Fund,PGIM India Mutual Fund,FoF,FoF Overseas,Other Scheme - FoF Overseas,Regular,Growth,2007-07-31,AMFI scheme master,19.19,23.72,2026-10-06,25.51,2026-06-22,17.11,2025-11-21,-0.0701686,1414.4,Kuvera (latest month),1399.47,Jul-Sep 2026,370.96,0.0159,Anandha Padmanabhan Anjeneyan; Vivek Sharma,Very High Risk,-0.0083612,0.196771,0.282162,0.226815,0.271094,0.052908,0.0738744,0.0705667,NAV history,0.0595837,0.0163588,-0.0831598,0.232182,-0.220306,-0.463539,0.887639,1.23806,0.442623,36.4,43.2,46.9,49,,2026-10-07
138523,INF223J01AU8,PGIM India Global Equity Opportunities Fund of Fund,PGIM India Mutual Fund,FoF,FoF Overseas,Other Scheme - FoF Overseas,Regular,Growth,2010-04-06,AMFI scheme master,16.5,51.81,2026-10-06,55.29,2026-06-22,41.5,2026-03-30,-0.0629409,1643.8,Kuvera (latest month),1694.1,Jul-Sep 2026,918.85,0.0149,Anandha Padmanabhan Anjeneyan; Vivek Sharma,Very High Risk,-0.0346562,0.199028,0.0753425,0.105802,0.184438,0.0709865,0.144207,0.135562,NAV history,-0.147236,-0.0702965,-0.0650813,0.209959,-0.26168,-0.437772,0.568866,0.798004,0.377049,9.1,13.6,34.4,49,,2026-10-07
149299,INF663L01W97,PGIM India Global Select Real Estate Securities Fund of Fund,PGIM India Mutual Fund,FoF,FoF Overseas,Other Scheme - FoF Overseas,Regular,Growth,2021-11-15,AMFI scheme master,4.89,12.54,2026-10-06,14.03,2026-07-24,11.11,2025-11-20,-0.106201,60.8,Kuvera (latest month),61.66,Jul-Sep 2026,29.52,0.0161,Anandha Padmanabhan Anjeneyan; Vivek Sharma,Very High Risk,-0.0717987,0.0129241,0.0942408,0.0740735,0.149315,,,0.0380837,NAV history,-0.128338,-0.10542,,0.137658,-0.160971,,0.612497,0.892151,0.148936,13.6,79.5,12.5,49,,2026-10-07
148762,INF200KA1T96,SBI US Specific Equity Active FoF,SBI Mutual Fund,FoF,FoF Overseas,Other Scheme - FoF Overseas,Regular,Growth,2021-03-01,AMFI scheme master,5.6,24.9943,2026-10-06,24.9943,2026-10-06,19.6651,2025-10-10,0,1227.4,Kuvera (latest month),1213.72,Jul-Sep 2026,878.14,0.0164,Rohit Shimpi,Very High Risk,0.0278149,0.157492,0.236417,0.232756,0.276147,0.173788,,0.179808,NAV history,0.0138389,0.0214117,0.0377204,0.183632,-0.219062,-0.219062,1.14983,1.70347,0.625,63.6,45.5,79.2,49,,2026-10-07
106370,INF903J01EX1,Sundaram Global Brand Theme-Equity Active FOF,Sundaram Mutual Fund,FoF,FoF Overseas,Other Scheme - FoF Overseas,Regular,Growth,2007-07-16,AMFI scheme master,19.23,43.6291,2026-10-06,44.5511,2026-08-28,37.4572,2025-10-10,-0.0206953,174.4,Kuvera (latest month),170.97,Jul-Sep 2026,125.31,0.0229,Shalav Saket,Very High Risk,0.0165356,0.139834,0.140896,0.186806,0.189426,0.12048,0.118696,0.079939,NAV history,-0.0816829,-0.065309,-0.0155874,0.132303,-0.178383,-0.249525,0.940465,1.34023,0.360656,45.5,65.9,29.2,49,,2026-10-07
103155,INF209K01BT5,Aditya Birla Sun Life Aggressive Hybrid Fund,Aditya Birla Sun Life Mutual Fund,Hybrid,Aggressive Hybrid,Hybrid Schemes - Aggressive Hybrid Fund,Regular,Growth,1995-01-19,AMFI scheme master,31.72,1495.92,2026-10-06,1579.93,2026-01-02,1395.27,2026-03-31,-0.0531732,7209.5,Kuvera (latest month),7142.96,Jul-Sep 2026,5576.89,0.019,Chanchal Khandelwal; Harshil Suvarnkar,Very High Risk,-0.0297197,0.046215,-0.0229514,-0.00487415,0.0839084,0.0670254,0.0866526,0.171068,Launch NAV Rs 10 assumed (pre-2006 NAV not in AMFI history),-0.00262156,-0.00617043,-0.0124344,0.103138,-0.135885,-0.152857,0.183331,0.248455,0.360656,34.5,44.8,34.5,30,,2026-10-07
144393,INF846K01E90,Axis Aggressive Hybrid Fund,Axis Mutual Fund,Hybrid,Aggressive Hybrid,Hybrid Schemes - Aggressive Hybrid Fund,Regular,Growth,2018-07-20,AMFI scheme master,8.22,20.24,2026-10-06,21.17,2026-01-02,18.95,2026-03-30,-0.0439301,1471.3,Kuvera (latest month),1462.07,Jul-Sep 2026,1321.36,0.0223,Devang Shah; Aditya Pagaria; Jayesh Sundar; Krishnaa N,High Risk,-0.0245783,0.0470771,-0.0155642,-0.00466089,0.076376,0.0506443,,0.0903511,NAV history,0.00476566,-0.0137028,-0.0288155,0.102531,-0.134661,-0.177115,0.110951,0.149458,0.229508,24.1,58.6,13.8,30,,2026-10-07
139529,INF761K01DP9,BANK OF INDIA AGGRESSIVE HYBRID FUND,Bank of India Mutual Fund,Hybrid,Aggressive Hybrid,Hybrid Schemes - Aggressive Hybrid Fund,Regular,Growth,2016-06-29,AMFI scheme master,10.27,42.93,2026-10-06,43.69,2026-09-23,35.41,2026-03-23,-0.0173953,2050.5,Kuvera (latest month),1957.89,Jul-Sep 2026,1604.22,0.0224,Alok Singh,Very High Risk,0.0245823,0.169118,0.125885,0.0541881,0.151459,0.133235,0.147978,0.152199,NAV history,0.146215,0.0613803,0.0537752,0.149725,-0.202228,-0.218102,0.577453,0.764065,0.606557,100,3.4,67.2,30,,2026-10-07
150258,INF251K01OW4,BARODA BNP PARIBAS AGGRESSIVE HYBRID FUND,Baroda BNP Paribas Mutual Fund,Hybrid,Aggressive Hybrid,Hybrid Schemes - Aggressive Hybrid Fund,Regular,Growth,2017-03-17,AMFI scheme master,9.56,27.15,2026-10-06,28.6218,2026-01-02,25.6866,2026-03-30,-0.0514223,1259.4,Kuvera (latest month),1245.43,Jul-Sep 2026,1095.99,0.0224,Prashant Pimple; Jitendra Sriram; Kushant Arora,Very High Risk,-0.0316195,0.0358879,-0.0231986,-0.0149419,0.085964,,,0.0970463,NAV history,-0.00286872,-0.00411482,,0.102344,-0.135053,,0.204838,0.273481,0.545455,41.4,55.2,62.1,30,,2026-10-07
140381,INF194KA1U15,Bandhan Aggressive Hybrid Fund,Bandhan Mutual Fund,Hybrid,Aggressive Hybrid,Hybrid Scheme - Aggressive Hybrid Fund,Regular,Growth,2016-12-12,AMFI scheme master,9.82,27.315,2026-10-06,28.449,2026-08-10,24.463,2026-03-31,-0.0398608,2610.4,Kuvera (latest month),2496.1,Jul-Sep 2026,2099.04,0.0224,Harshal Joshi; Brijesh Shah; Prateek Poddar; Ritika Behera; Gaurav Satra,Very High Risk,-0.0140769,0.0912033,0.0362684,0.0433779,0.124223,0.0976859,,0.10832,NAV history,0.0565983,0.0341442,0.0182261,0.118731,-0.139335,-0.159509,0.4988,0.665351,0.606557,93.1,41.4,67.2,30,,2026-10-07
106166,INF760K01050,Canara Robeco Aggressive Hybrid Fund,Canara Robeco Mutual Fund,Hybrid,Aggressive Hybrid,Hybrid Schemes - Aggressive Hybrid Fund,Regular,Growth,1992-12-01,AMFI scheme master,33.85,356.18,2026-10-06,375.64,2026-08-03,332.83,2026-03-30,-0.0518049,11395.6,Kuvera (latest month),11272.8,Jul-Sep 2026,8540.75,0.018,Suman Prasad; Avnish Jain; Shridatta Bhandwaldar; Ennette Fernandes,Very High Risk,-0.0317512,0.0440569,-0.0178409,0.00085741,0.0899555,0.0765407,0.108525,0.118072,NAV history,0.00248897,-0.000123299,-0.00291915,0.106404,-0.133215,-0.145973,0.234536,0.314258,0.393443,48.3,62.1,39.7,30,,2026-10-07
100081,INF740K01318,DSP Aggressive Hybrid Fund,DSP Mutual Fund,Hybrid,Aggressive Hybrid,Hybrid Scheme - Aggressive Hybrid Fund,Regular,Growth,1999-05-03,AMFI scheme master,27.43,338.177,2026-10-06,365.682,2026-01-02,323.586,2026-03-30,-0.0752156,11758.9,Kuvera (latest month),11762.9,Jul-Sep 2026,9348.34,0.0183,Abhishek Singh; Shantanu Godambe; Aniket Pande,High Risk,-0.0468786,0.0262373,-0.0562625,-0.0146321,0.0804762,0.07254,0.1018,0.136977,Launch NAV Rs 10 assumed (pre-2006 NAV not in AMFI history),-0.0359327,-0.00960258,-0.00691986,0.097403,-0.115116,-0.178916,0.158888,0.216626,0.442623,31,89.7,48.3,30,,2026-10-07
112108,INF754K01202,Edelweiss Aggressive Hybrid Fund,Edelweiss Mutual Fund,Hybrid,Aggressive Hybrid,Hybrid Scheme - Aggressive Hybrid Fund,Regular,Growth,2009-06-08,AMFI scheme master,17.33,63.32,2026-10-06,66.18,2026-08-10,58.77,2026-03-30,-0.0432155,3997.7,Kuvera (latest month),3917.95,Jul-Sep 2026,3201.78,0.0208,Kedar Karnik; Bhavesh Jain; Bharat Lahoti; Rahul Dedhia,Very High Risk,-0.0237434,0.05078,-0.010161,0.00605583,0.106735,0.1091,0.115054,0.113751,NAV history,0.0101688,0.0166563,0.0296405,0.106731,-0.126009,-0.126009,0.39103,0.52412,0.967213,79.3,82.8,96.6,30,,2026-10-07
100550,INF090I01817,Franklin India Aggressive Hybrid Fund,Franklin Templeton Mutual Fund,Hybrid,Aggressive Hybrid,Hybrid Scheme - Aggressive Hybrid Fund,Regular,Growth,1999-12-10,AMFI scheme master,26.83,258.011,2026-10-06,277.519,2025-11-20,246.97,2026-03-30,-0.0702956,2364.5,Kuvera (latest month),2353.1,Jul-Sep 2026,2013.66,0.0223,Ajay Argal; Anuj Tagra; Chandni Gupta; Sandeep Manam; Rajasa Kakulavarapu,Very High Risk,-0.0452714,0.023348,-0.0482196,-0.014498,0.0782945,0.0770976,0.0973633,0.12883,Launch NAV Rs 10 assumed (pre-2006 NAV not in AMFI history),-0.0278898,-0.0117843,-0.00236225,0.0981764,-0.110081,-0.139726,0.135415,0.181712,0.622951,27.6,96.6,72.4,30,,2026-10-07
145605,INF666M01FJ4,Groww Aggressive Hybrid Fund,Groww Mutual Fund,Hybrid,Aggressive Hybrid,Hybrid Schemes - Aggressive Hybrid Fund,Regular,Growth,2018-11-22,AMFI scheme master,7.87,19.948,2026-10-06,21.4199,2026-01-02,18.9719,2026-03-31,-0.0687165,53.3,Kuvera (latest month),52.45,Jul-Sep 2026,38.61,0.0286,Kaustubh Sule; Paras Matalia; Wilfred Gonsalves; Nikhil Satam,Very High Risk,-0.0344253,0.0277177,-0.0458424,-0.0226851,0.0689531,0.0640205,,0.0922369,NAV history,-0.0255126,-0.0211257,-0.0154393,0.105583,-0.148694,-0.151274,0.0374406,0.0505965,0.196721,10.3,31,10.3,30,,2026-10-07
102948,INF179K01AS4,HDFC Aggressive Hybrid Fund,HDFC Mutual Fund,Hybrid,Aggressive Hybrid,Hybrid Schemes - Aggressive Hybrid Fund,Regular,Growth,2005-02-28,AMFI scheme master,21.6,110.427,2026-10-06,121.431,2025-11-20,105.896,2026-03-30,-0.0906194,22296.6,Kuvera (latest month),22245.9,Jul-Sep 2026,16423,0.017,Anupam Joshi; Ihab Dalwai; Dhruv Muchhal,Very High Risk,-0.0394228,0.021791,-0.0682131,-0.020931,0.0507311,0.0704625,0.0922489,0.117601,Launch NAV Rs 10 assumed (pre-2006 NAV not in AMFI history),-0.0478832,-0.0393476,-0.00899736,0.0957415,-0.127933,-0.127933,-0.149035,-0.199102,0.47541,3.4,79.3,51.7,30,,2026-10-07
151120,INF917K01LB0,HSBC Aggressive Hybrid Fund,HSBC Mutual Fund,Hybrid,Aggressive Hybrid,Hybrid Schemes - Aggressive Hybrid Fund,Regular,Growth,2011-01-17,AMFI scheme master,15.72,59.0637,2026-10-06,60.5159,2026-08-31,51.2656,2026-03-23,-0.023997,5869.7,Kuvera (latest month),5742.01,Jul-Sep 2026,4846.88,0.0198,Shriram Ramanathan; Gautam Bhupal; Mohd Asif Rizwi; Mayank Chaturvedi,Very High Risk,0.00782354,0.128296,0.0358073,0.0369275,0.120312,,,0.127311,NAV history,0.0561372,0.0302329,,0.136132,-0.197564,,0.406309,0.53617,0.75,82.8,6.9,79.3,30,,2026-10-07
100356,INF109K01480,ICICI Prudential Aggressive Hybrid Fund,ICICI Prudential Mutual Fund,Hybrid,Aggressive Hybrid,Hybrid Schemes - Aggressive Hybrid Fund,Regular,Growth,2000-01-01,AMFI scheme master,26.77,393.22,2026-10-06,414.8,2026-01-02,375.05,2026-03-30,-0.0520251,52432.5,Kuvera (latest month),52108.2,Jul-Sep 2026,34569.5,0.0159,Sankaran Naren; Manish Banthia; Mittul Kalawadia; Akhil Kakkar; Sharmila D'Silva; Nitya Mishra,Very High Risk,-0.0405758,0.0249179,-0.0203299,0.0155904,0.119768,0.127417,0.139484,0.147056,Launch NAV Rs 10 assumed (pre-2006 NAV not in AMFI history),0,0.0296895,0.0479573,0.0993024,-0.114088,-0.114088,0.551531,0.757067,0.983607,96.6,93.1,100,30,,2026-10-07
143536,INF205K011Q3,Invesco India Aggressive Hybrid Fund,Invesco Mutual Fund,Hybrid,Aggressive Hybrid,Hybrid Schemes - Aggressive Hybrid Fund,Regular,Growth,2018-06-11,AMFI scheme master,8.32,20.7872,2026-10-06,22.9081,2025-10-29,19.5029,2026-03-30,-0.092583,776.6,Kuvera (latest month),776.1,Jul-Sep 2026,737.48,0.024,Krishna Cheemalapati; Amey Sathe; Hiten Jain,High Risk,-0.0330321,0.0369801,-0.0799763,-0.0399818,0.0870985,0.0745048,,0.0922829,NAV history,-0.0596464,-0.00298026,-0.00495503,0.109077,-0.162362,-0.162362,0.202596,0.273252,0.393443,37.9,20.7,39.7,30,,2026-10-07
100221,INF192K01544,JM Aggressive Hybrid Fund,JM Financial Mutual Fund,Hybrid,Aggressive Hybrid,Hybrid Schemes - Aggressive Hybrid Fund,Regular,Growth,1995-04-01,AMFI scheme master,31.52,117.748,2026-10-06,123.589,2025-10-27,105.701,2026-03-31,-0.0472584,699.7,Kuvera (latest month),692.06,Jul-Sep 2026,528.02,0.0268,Satish Ramanathan; Asit Bhandarkar; Ruchi Fozdar; Deepak Gupta,Very High Risk,0.00188212,0.0851299,-0.0273712,-0.036002,0.102254,0.109144,0.115579,0.0813889,Launch NAV Rs 10 assumed (pre-2006 NAV not in AMFI history),-0.0070413,0.0121756,0.0296843,0.125627,-0.190308,-0.190308,0.296547,0.398814,0.491803,65.5,13.8,55.2,30,,2026-10-07
133036,INF174K01E92,Kotak Aggressive Hybrid Fund,Kotak Mahindra Mutual Fund,Hybrid,Aggressive Hybrid,Hybrid Scheme - Aggressive Hybrid Fund,Regular,Growth,1999-11-29,AMFI scheme master,26.86,63.354,2026-10-06,66.42,2026-08-06,57.493,2026-03-31,-0.0461608,9334.5,Kuvera (latest month),9212.32,Jul-Sep 2026,7853.33,0.018947,Abhishek Bisen; Atul Bhole,Very High Risk,-0.0302168,0.0744887,-0.00686606,0.0141947,0.108907,0.100419,0.114962,0.112925,NAV history,0.0134638,0.0188283,0.0209593,0.117421,-0.150543,-0.150543,0.373929,0.501729,0.836066,75.9,27.6,89.7,30,,2026-10-07
100323,INF767K01030,LIC MF Aggressive Hybrid Fund,LIC Mutual Fund,Hybrid,Aggressive Hybrid,Hybrid Scheme - Aggressive Hybrid Fund,Regular,Growth,1991-01-01,AMFI scheme master,35.76,201.804,2026-10-06,206.062,2026-09-23,177.446,2026-03-31,-0.0206632,561.8,Kuvera (latest month),550.22,Jul-Sep 2026,425.23,0.0288,Pratik Shroff; Siddharth Panjwani,Very High Risk,0.0133501,0.106767,0.0173588,0.0170843,0.102668,0.0783908,0.0851889,0.0876507,Launch NAV Rs 10 assumed (pre-2006 NAV not in AMFI history),0.0376887,0.0125887,-0.00106901,0.114992,-0.154808,-0.154808,0.327567,0.440064,0.180328,69,24.1,6.9,30,,2026-10-07
147447,INF174V01754,Mahindra Manulife Aggressive Hybrid Fund,Mahindra Manulife Mutual Fund,Hybrid,Aggressive Hybrid,Hybrid Schemes - Aggressive Hybrid Fund,Regular,Growth,2019-06-28,AMFI scheme master,7.28,25.839,2026-10-06,28.1421,2026-01-02,24.8757,2026-03-31,-0.0818382,2790.8,Kuvera (latest month),2694.57,Jul-Sep 2026,2077.93,0.0217,Rahul Pal; Amit Garg; Fatema Pacha; Kirti Dalvi,Very High Risk,-0.0435385,0.0166911,-0.0544793,-0.015422,0.0920756,0.0902972,,0.140786,NAV history,-0.0341495,0.0019968,0.0108374,0.107044,-0.128521,-0.141607,0.25294,0.342208,0.852459,55.2,75.9,93.1,30,,2026-10-07
134815,INF769K01DE6,Mirae Asset Aggressive Hybrid Fund,Mirae Asset Mutual Fund,Hybrid,Aggressive Hybrid,Hybrid Schemes - Aggressive Hybrid Fund,Regular,Growth,2015-07-08,AMFI scheme master,11.25,32.537,2026-10-06,33.8,2026-02-11,30.326,2026-03-30,-0.0373669,9595.7,Kuvera (latest month),9512.39,Jul-Sep 2026,7488.48,0.0193,Vrijesh Kasera; Harshad Borawake; Basant Bafna,Very High Risk,-0.0295284,0.0450633,0.00311382,0.0121744,0.0926671,0.0805288,0.11167,0.111125,NAV history,0.0234437,0.00258834,0.00106901,0.107979,-0.135781,-0.13954,0.256228,0.346349,0.344262,58.6,48.3,31,30,,2026-10-07
143162,INF959L01DI2,Navi Aggressive Hybrid Fund,Navi Mutual Fund,Hybrid,Aggressive Hybrid,Hybrid Scheme - Aggressive Hybrid Fund,Regular,Growth,2018-04-09,AMFI scheme master,8.5,21.9853,2026-10-06,22.5489,2026-08-05,18.7508,2026-03-31,-0.0249946,118.1,Kuvera (latest month),116.29,Jul-Sep 2026,96.04,0.0258,Ashutosh Shirwaikar; Tanmay Sethi,Very High Risk,0.00941681,0.131443,0.0570618,0.036471,0.103475,0.0918206,,0.0979245,NAV history,0.0773917,0.0133967,0.0123608,0.114488,-0.132369,-0.134789,0.336066,0.460508,0.42623,72.4,65.5,44.8,30,,2026-10-07
112936,INF204K01FW1,Nippon India Aggressive Hybrid Fund (Existing Number of Segregated Portfolios - 2),Nippon India Mutual Fund,Hybrid,Aggressive Hybrid,Hybrid Schemes - Aggressive Hybrid Fund,Regular,Growth,2005-05-10,AMFI scheme master,21.41,103.277,2026-10-06,108.957,2026-08-10,97.4319,2026-03-31,-0.0521272,4033.81,AMFI AAUM Jul-Sep 2026,4033.81,Jul-Sep 2026,3401.89,0.0196,,,-0.0399196,0.0364598,-0.022989,-0.00122213,0.0900788,0.0945473,0.0860421,0.104972,NAV history,-0.00265913,0,0.0150874,0.10533,-0.131753,-0.131753,0.238098,0.321749,0.803279,51.7,72.4,84.5,30,,2026-10-07
138382,INF663L01HC4,PGIM India Aggressive Hybrid Equity Fund,PGIM India Mutual Fund,Hybrid,Aggressive Hybrid,Hybrid Scheme - Aggressive Hybrid Fund,Regular,Growth,2004-01-15,AMFI scheme master,22.73,124.58,2026-10-06,133.94,2025-10-29,116.23,2026-03-30,-0.069882,204,Kuvera (latest month),203.37,Jul-Sep 2026,174.96,0.0255,Vinay Paharia; Puneet Pal; Anandha Padmanabhan Anjeneyan; Vivek Sharma,High Risk,-0.0456565,0.0479475,-0.048935,-0.000521345,0.0692798,0.0466159,0.0756342,0.0860154,NAV history,-0.0286052,-0.020799,-0.0328439,0.0986103,-0.132223,-0.212056,0.0434016,0.059265,0.278689,13.8,69,17.2,30,,2026-10-07
101070,INF966L01267,Quant Aggressive Hybrid Fund,quant Mutual Fund,Hybrid,Aggressive Hybrid,Hybrid Scheme - Aggressive Hybrid Fund,Regular,Growth,2001-02-19,AMFI scheme master,25.63,451.273,2026-10-06,476.394,2026-07-21,390.83,2026-03-31,-0.052731,2158.2,Kuvera (latest month),2164.68,Jul-Sep 2026,1318.13,0.0271,Jignesh Shah; Sanjeev Sharma; Ankit A. Pande; Sandeep Tandon; Varun Pattani; Sameer Kate; Ayusha Kumbhat; Yug Tibrewal,Very High Risk,-0.0454241,0.115645,0.0503536,0.0193339,0.118187,0.109867,0.147477,0.160273,Launch NAV Rs 10 assumed (pre-2006 NAV not in AMFI history),0.0706835,0.0281077,0.0304069,0.1303,-0.19054,-0.19054,0.408185,0.558999,0.655738,86.2,10.3,75.9,30,,2026-10-07
102885,INF200K01107,SBI AGGRESSIVE HYBRID FUND,SBI Mutual Fund,Hybrid,Aggressive Hybrid,Hybrid Schemes - Aggressive Hybrid Fund,Regular,Growth,2005-01-01,AMFI scheme master,21.76,307.329,2026-10-06,321.658,2026-08-03,281.494,2026-03-23,-0.0445474,88667.5,Kuvera (latest month),87765.3,Jul-Sep 2026,78413,0.014,R. Srinivasan; Rajeev Radhakrishnan,Very High Risk,-0.029455,0.0607656,0.00943983,0.0449974,0.107937,0.0849826,0.111313,0.116512,Since Apr-2006 (earlier NAV not in AMFI history),0.0297697,0.0178578,0.00552278,0.0982895,-0.100233,-0.13071,0.436838,0.592869,0.508197,89.7,100,58.6,30,,2026-10-07
125713,INF680P01018,Shriram Aggressive Hybrid Fund,Shriram Mutual Fund,Hybrid,Aggressive Hybrid,Hybrid Schemes - Aggressive Hybrid Fund,Regular,Growth,2013-11-08,AMFI scheme master,12.91,30.9348,2026-10-06,32.6823,2026-01-02,29.2568,2026-03-31,-0.0534693,51.3,Kuvera (latest month),50.89,Jul-Sep 2026,41.45,0.0247,Amit Modani; Prateek Nigudkar; Sudip More; Hitesh Savanth,Very High Risk,-0.0329067,0.0326884,-0.0193345,-0.0322567,0.0711495,0.0576377,0.0806063,0.0920506,NAV history,0.000995394,-0.0189293,-0.0218222,0.109954,-0.167855,-0.167855,0.0559279,0.0726288,0.327869,17.2,17.2,27.6,30,,2026-10-07
149599,INF173K01CL8,Sundaram Aggressive Hybrid Fund (Formerly Known as Principal Hybrid Equity Fund),Sundaram Mutual Fund,Hybrid,Aggressive Hybrid,Hybrid Scheme - Aggressive Hybrid Fund,Regular,Growth,1999-12-09,AMFI scheme master,26.83,154.726,2026-10-06,166.889,2025-11-28,147.107,2026-03-30,-0.0728795,9272.4,Kuvera (latest month),9137.19,Jul-Sep 2026,1958.2,0.0213,Kumaresh Ramakrishnan; S. Bharath; Clyton Fernandes; Shalav Saket,High Risk,-0.0328246,0.0277874,-0.0458535,-0.0207033,0.0734222,,,0.0675781,NAV history,-0.0255237,-0.0166566,,0.101108,-0.135384,,0.0832992,0.112644,0.130435,20.7,51.7,3.4,30,,2026-10-07
100414,INF277K01303,Tata Aggressive Hybrid Fund,Tata Mutual Fund,Hybrid,Aggressive Hybrid,Hybrid Scheme - Aggressive Hybrid Fund,Regular,Growth,1995-08-30,AMFI scheme master,31.1,423.498,2026-10-06,456.11,2026-01-02,397.648,2026-03-31,-0.0715003,4069,Kuvera (latest month),3976.95,Jul-Sep 2026,2778.54,0.0211,Murthy Nagarajan; Amit Somani; Satish Mishra,Very High Risk,-0.0394937,0.039486,-0.0308693,-0.0209005,0.0665272,0.0687517,0.0842497,0.127995,Launch NAV Rs 10 assumed (pre-2006 NAV not in AMFI history),-0.0105395,-0.0235516,-0.0107081,0.10437,-0.144851,-0.144851,0.0146322,0.0195445,0.311475,6.9,34.5,20.7,30,,2026-10-07
100684,INF789F01323,UTI Aggressive Hybrid Fund,UTI Mutual Fund,Hybrid,Aggressive Hybrid,Hybrid Scheme - Aggressive Hybrid Fund,Regular,Growth,1995-01-02,AMFI scheme master,31.76,392.37,2026-10-06,422.167,2026-01-02,376.378,2026-03-30,-0.0705809,6740.4,Kuvera (latest month),6714.12,Jul-Sep 2026,4869.3,0.019,V Srivatsa; Jaydeep Bhowal,Very High Risk,-0.0424425,0.0180991,-0.0260282,-0.0129898,0.0916364,0.0952697,0.105448,0.122486,Launch NAV Rs 10 assumed (pre-2006 NAV not in AMFI history),-0.00569834,0.00155761,0.0158098,0.0991967,-0.122454,-0.126347,0.268521,0.362605,0.803279,62.1,86.2,84.5,30,,2026-10-07
148591,INF582M01HC4,Union Aggressive Hybrid Fund,Union Mutual Fund,Hybrid,Aggressive Hybrid,Hybrid Scheme - Aggressive Hybrid Fund,Regular,Growth,2020-11-27,AMFI scheme master,5.86,18.22,2026-10-06,18.89,2026-08-14,16.62,2026-03-30,-0.0354685,776.7,Kuvera (latest month),755.96,Jul-Sep 2026,633.55,0.0282,Parijat Agrawal; Sanjay Bembalkar; Vinod Malviya,Very High Risk,-0.01726,0.0730271,0.00385675,0.0134385,0.0894629,0.075022,,0.108778,NAV history,0.0241866,-0.000615863,-0.00443783,0.107661,-0.140284,-0.155421,0.227223,0.302975,0.322034,44.8,37.9,24.1,30,,2026-10-07
154393,INF03VN01AG6,WhiteOak Capital Aggressive Hybrid Fund,WhiteOak Capital Mutual Fund,Hybrid,Aggressive Hybrid,Hybrid Schemes - Aggressive Hybrid Fund,Regular,Growth,2026-06-08,AMFI scheme master,0.33,10.155,2026-10-06,10.506,2026-08-25,10.034,2026-10-01,-0.0334095,484.23,AMFI AAUM Jul-Sep 2026,484.23,Jul-Sep 2026,470.95,0.0299,,,-0.00704019,,,,,,,0.00734054,"NAV history (absolute, <1Y)",,,,,,,,,,,,,30,,2026-10-07
112088,INF209K01264,ADITYA BIRLA SUN LIFE ARBITRAGE FUND,Aditya Birla Sun Life Mutual Fund,Hybrid,Arbitrage,Hybrid Scheme - Arbitrage Fund,Regular,Growth,2009-07-14,AMFI scheme master,17.23,28.5633,2026-10-06,28.5633,2026-10-06,26.9315,2025-10-07,0,27237.1,Kuvera (latest month),27070.6,Jul-Sep 2026,9086.05,0.0194,Lovelish Solanki; Mohit Sharma; Krina Mehta,Low Risk,0.0140121,0.0299279,0.0607641,0.0632724,0.0665901,0.0606922,0.056908,0.0629219,NAV history,-0.000110743,0.00107989,0.00025928,0.0107952,-0.00478039,-0.00478039,0.147301,0.21769,0.901639,68,36,77.6,38,,2026-10-07
130771,INF846K01QC8,Axis Arbitrage Fund,Axis Mutual Fund,Hybrid,Arbitrage,Hybrid Schemes - Arbitrage Fund,Regular,Growth,2014-07-25,AMFI scheme master,12.2,20.0939,2026-10-06,20.0939,2026-10-06,18.9481,2025-10-07,0,10594.1,Kuvera (latest month),10421.8,Jul-Sep 2026,2866.94,0.0209,Devang Shah; Sachin Jain,Low Risk,0.0138654,0.0297699,0.0605432,0.0626893,0.0664276,0.060912,0.0568288,0.0590623,NAV history,-0.000331601,0.000917362,0.000479075,0.0102628,-0.00445944,-0.00445944,0.139107,0.204133,0.639344,64,52,63.8,38,,2026-10-07
108845,INF194K01649,BANDHAN Arbitrage Fund,Bandhan Mutual Fund,Hybrid,Arbitrage,Hybrid Scheme - Arbitrage Fund,Regular,Growth,2006-11-14,AMFI scheme master,19.9,34.7872,2026-10-06,34.7872,2026-10-06,32.8768,2025-10-07,0,7796.1,Kuvera (latest month),7983.8,Jul-Sep 2026,3105.46,0.0235,Harshal Joshi; Brijesh Shah; Ritika Behera; Gaurav Satra; Kapil Kankonkar,Low Risk,0.013619,0.0290518,0.0582302,0.0612258,0.0654053,0.0600385,0.0560443,0.0631908,NAV history,-0.00264465,-0.000104981,-0.000394476,0.0104119,-0.00427279,-0.00427279,0.0389242,0.0570064,0.52459,48,68,55.2,38,,2026-10-07
143620,INF761K01DW5,BANK OF INDIA ARBITRAGE FUND,Bank of India Mutual Fund,Hybrid,Arbitrage,Hybrid Scheme - Arbitrage Fund,Regular,Growth,2018-05-31,AMFI scheme master,8.35,14.7686,2026-10-06,14.7686,2026-10-06,13.9722,2025-10-07,0,134,Kuvera (latest month),124.98,Jul-Sep 2026,109.15,0.0282,Nilesh Jethani,Low Risk,0.0148078,0.0276454,0.0572486,0.0589291,0.0616292,0.0535063,,0.0479984,NAV history,-0.0036262,-0.00388103,-0.0069267,0.011717,-0.00450836,-0.00450836,-0.287681,-0.416943,0,12,48,12.1,38,,2026-10-07
150250,INF251K01ON3,BARODA BNP PARIBAS ARBITRAGE FUND,Baroda BNP Paribas Mutual Fund,Hybrid,Arbitrage,Hybrid Scheme - Arbitrage Fund,Regular,Growth,2016-12-08,AMFI scheme master,9.83,17.1864,2026-10-06,17.1864,2026-10-06,16.2794,2025-10-07,0,1055.2,Kuvera (latest month),1088.14,Jul-Sep 2026,498.78,0.0224,Vikram Pamnani; Neeraj Saxena; Meenakshi Gururaj,Low Risk,0.012728,0.0269182,0.0561233,0.0588389,0.0641939,,,0.0612316,NAV history,-0.00475151,-0.00131632,,0.0106188,-0.00308094,,-0.0759089,-0.11202,0.340909,24,100,44.8,38,,2026-10-07
152078,INF0QA701490,Bajaj Finserv Arbitrage Fund,Bajaj Finserv Mutual Fund,Hybrid,Arbitrage,Hybrid Scheme - Arbitrage Fund,Regular,Growth,2023-09-08,AMFI scheme master,3.08,12.051,2026-10-06,12.051,2026-10-06,11.374,2025-10-07,0,1408.3,Kuvera (latest month),1285.72,Jul-Sep 2026,249.2,0.02,Siddharth Chaudhary; Ilesh Savla,Low Risk,0.0133703,0.0285056,0.0596149,0.0603632,0.0624646,,,0.0627996,NAV history,-0.00125993,-0.00304561,,0.0107056,-0.00408947,,-0.236824,-0.344822,0,16,84,12.1,38,,2026-10-07
154233,INF226401141,Capitalmind Arbitrage Fund,Capitalmind Mutual Fund,Hybrid,Arbitrage,Hybrid Scheme - Arbitrage Fund,Regular,Growth,2026-02-23,AMFI scheme master,0.62,10.2948,2026-10-06,10.2972,2026-10-05,10.0146,2026-03-20,-0.000233073,22.43,AMFI AAUM Jul-Sep 2026,22.43,Jul-Sep 2026,2.51,0.0197,,,0.0125004,0.0257974,,,,,,0.0279792,"NAV history (absolute, <1Y)",,,,,,,,,,,,,38,,2026-10-07
142282,INF740KA1DI4,DSP Arbitrage fund,DSP Mutual Fund,Hybrid,Arbitrage,Hybrid Scheme - Arbitrage Fund,Regular,Growth,2018-01-15,AMFI scheme master,8.73,16.042,2026-10-06,16.042,2026-10-06,15.143,2025-10-07,0,6672.7,Kuvera (latest month),6692.81,Jul-Sep 2026,1825.82,0.018,Karan Mundhra; Kaivalya Nadkarni,Low Risk,0.0139047,0.029257,0.0595073,0.0616865,0.0651699,0.0598323,,0.0557357,NAV history,-0.00136751,-0.000340321,-0.000600622,0.0106394,-0.00413871,-0.00413871,0.0159722,0.0235792,0.278689,40,80,37.9,38,,2026-10-07
130205,INF754K01EF3,Edelweiss Arbitrage Fund,Edelweiss Mutual Fund,Hybrid,Arbitrage,Hybrid Scheme - Arbitrage Fund,Regular,Growth,2014-06-12,AMFI scheme master,12.32,20.8375,2026-10-06,20.8375,2026-10-06,19.6454,2025-10-07,0,14849.1,Kuvera (latest month),14904,Jul-Sep 2026,4080.23,0.022,Bhavesh Jain; Rahul Dedhia; Amit Vora; Hetul Raval,Low Risk,0.0138472,0.0297751,0.0608213,0.0631029,0.0667945,0.0617568,0.0580097,0.0615831,NAV history,-5.35385e-05,0.00128423,0.0013238,0.0103648,-0.00424248,-0.00424248,0.173133,0.257691,0.901639,76,72,77.6,38,,2026-10-07
153042,INF090I01XP5,Franklin India Arbitrage Fund,Franklin Templeton Mutual Fund,Hybrid,Arbitrage,Hybrid Scheme - Arbitrage Fund,Regular,Growth,2024-11-04,AMFI scheme master,1.92,11.2241,2026-10-06,11.2241,2026-10-06,10.5445,2025-10-07,0,1905.9,Kuvera (latest month),1675.86,Jul-Sep 2026,888.31,0.0197,Pallab Roy; Rohan Maru; Rajasa Kakulavarapu; Mukesh Jain,Low Risk,0.0151493,0.0317596,0.0646122,,,,,0.0634141,NAV history,0.0037374,,,,,,,,1,,,93.1,38,,2026-10-07
154325,INF666M01OQ1,Groww Arbitrage Fund,Groww Mutual Fund,Hybrid,Arbitrage,Hybrid Schemes - Arbitrage Fund,Regular,Growth,2026-04-08,AMFI scheme master,0.5,10.2426,2026-10-06,10.2426,2026-10-06,9.9903,2026-05-06,0,84.76,AMFI AAUM Jul-Sep 2026,84.76,Jul-Sep 2026,46.48,0.0257,,,0.0131057,,,,,,,0.0235333,"NAV history (absolute, <1Y)",,,,,,,,,,,,,38,,2026-10-07
106793,INF179K01343,HDFC Arbitrage Fund,HDFC Mutual Fund,Hybrid,Arbitrage,Hybrid Scheme - Arbitrage Fund,Regular,Growth,2007-09-28,AMFI scheme master,19.03,32.985,2026-10-06,32.985,2026-10-06,31.067,2025-10-07,0,25509.4,Kuvera (latest month),25148.6,Jul-Sep 2026,8367.13,0.0204,Anil Bamboli; Arun Agarwal; Dhruv Muchhal; Nandita Menezes,Low Risk,0.0144549,0.030749,0.0618401,0.0636208,0.0673059,0.0613496,0.055864,0.0649983,NAV history,0.000965266,0.00179562,0.000916598,0.0130043,-0.00815349,-0.00815349,0.177317,0.261073,0.819672,80,4,69,38,,2026-10-07
151134,INF917K01QL8,HSBC Arbitrage Fund,HSBC Mutual Fund,Hybrid,Arbitrage,Hybrid Schemes - Arbitrage Fund,Regular,Growth,2014-06-26,AMFI scheme master,12.28,20.4131,2026-10-06,20.4131,2026-10-06,19.2402,2025-10-07,0,3288.1,Kuvera (latest month),3169.67,Jul-Sep 2026,1744.62,0.0207,Mahesh Chhabria; Praveen Ayathan; Mohd Asif Rizwi,Low Risk,0.0139931,0.0296282,0.061176,0.0622178,0.0655103,,,0.0673875,NAV history,0.000301199,0,,0.0108059,-0.00331585,,0.0472201,0.0687748,0.277778,52,96,34.5,38,,2026-10-07
154258,INF0R8701418,Helios Arbitrage Fund,Helios Mutual Fund,Hybrid,Arbitrage,Hybrid Schemes - Arbitrage Fund,Regular,Growth,2026-03-09,AMFI scheme master,0.58,10.29,2026-10-06,10.29,2026-10-06,10.01,2026-03-23,0,123.29,AMFI AAUM Jul-Sep 2026,123.29,Jul-Sep 2026,91.03,0.0229,,,0.0117994,0.0269461,,,,,,0.027972,"NAV history (absolute, <1Y)",,,,,,,,,,,,,38,,2026-10-07
104683,INF109K01BF6,ICICI Prudential Arbitrage Fund,ICICI Prudential Mutual Fund,Hybrid,Arbitrage,Hybrid Schemes - Arbitrage Fund,Regular,Growth,2006-11-08,AMFI scheme master,19.91,36.931,2026-10-06,36.931,2026-10-06,34.7809,2025-10-07,0,34849.6,Kuvera (latest month),34615.4,Jul-Sep 2026,14747.8,0.0216,Nikhil Kabra; Sharmila D'Silva; Darshil Dedhia; Ajaykumar Solanki; Archana Nair,Low Risk,0.0145071,0.0307745,0.0618886,0.0639819,0.0672223,0.0615741,0.0573175,0.0683449,NAV history,0.00101383,0.00171207,0.00114108,0.0107756,-0.00442116,-0.00442116,0.206237,0.306768,1,88,60,93.1,38,,2026-10-07
147618,INF00XX01416,ITI Arbitrage Fund,ITI Mutual Fund,Hybrid,Arbitrage,Hybrid Scheme - Arbitrage Fund,Regular,Growth,2019-08-20,AMFI scheme master,7.13,13.8973,2026-10-06,13.9179,2026-09-18,13.1349,2025-10-09,-0.00148011,62.9,Kuvera (latest month),67.51,Jul-Sep 2026,56.44,0.018,Laukik Bagwe; Vikas Nathani; Animesh Singh,Low Risk,0.012967,0.0244516,0.058068,0.0614448,0.0649033,0.0542891,,0.0474104,NAV history,-0.0028068,-0.000606906,-0.00614387,0.0119928,-0.00590606,-0.00590606,-0.00805903,-0.0115147,0.229508,36,12,31,38,,2026-10-07
105603,INF205K01122,Invesco India Arbitrage Fund,Invesco Mutual Fund,Hybrid,Arbitrage,Hybrid Schemes - Arbitrage Fund,Regular,Growth,2007-04-10,AMFI scheme master,19.49,34.3761,2026-10-06,34.3761,2026-10-06,32.3575,2025-10-07,0,30617.5,Kuvera (latest month),30062.2,Jul-Sep 2026,8782.92,0.0287,Deepak Gupta; Pradeep Sukte,Low Risk,0.0147687,0.0310706,0.0626273,0.0640894,0.0675485,0.0638126,0.0578103,0.0655656,NAV history,0.00175251,0.00203823,0.0033796,0.010635,-0.00408825,-0.00408825,0.239633,0.352797,0.918033,92,88,82.8,38,,2026-10-07
103780,INF192K01510,JM Arbitrage Fund,JM Financial Mutual Fund,Hybrid,Arbitrage,Hybrid Schemes - Arbitrage Fund,Regular,Growth,2006-06-01,AMFI scheme master,20.35,34.9352,2026-10-06,34.9352,2026-10-06,33.0214,2025-10-07,0,482.4,Kuvera (latest month),421.25,Jul-Sep 2026,58.12,0.0207,Satish Ramanathan; Asit Bhandarkar; Ruchi Fozdar; Deepak Gupta,Low Risk,0.0137369,0.0282196,0.0580781,0.0591743,0.0625523,0.0571956,0.0507435,0.063682,NAV history,-0.00279669,-0.00295793,-0.00323733,0.0112263,-0.00516214,-0.00516214,-0.218029,-0.316627,0,20,28,12.1,38,,2026-10-07
154638,INF22M001259,JioBlackRock Arbitrage Fund,Jio BlackRock Mutual Fund,Hybrid,Arbitrage,Hybrid Schemes - Arbitrage Fund,Regular,Growth,2025-12-09,AMFI scheme master,0.83,10.0706,2026-10-06,10.0706,2026-10-06,9.9692,2026-08-26,0,566.93,AMFI AAUM Jul-Sep 2026,566.93,Jul-Sep 2026,0.12,0.0326,,,,,,,,,,0.0065366,"NAV history (absolute, <1Y)",,,,,,,,,,,,,38,,2026-10-07
105968,INF174K01302,Kotak Arbitrage Fund,Kotak Mahindra Mutual Fund,Hybrid,Arbitrage,Hybrid Scheme - Arbitrage Fund,Regular,Growth,2005-09-12,AMFI scheme master,21.07,40.3443,2026-10-06,40.3443,2026-10-06,37.9928,2025-10-07,0,75712.3,Kuvera (latest month),74962.5,Jul-Sep 2026,28615.2,0.029089,Hiten Shah,Low Risk,0.0143513,0.0303426,0.0620415,0.0641959,0.0682143,0.0632239,0.0587492,0.0676377,NAV history,0.00116665,0.00270406,0.00279096,0.0107992,-0.00462662,-0.00462662,0.297644,0.441325,1,100,40,93.1,38,,2026-10-07
145890,INF767K01PL9,LIC MF Arbitrage Fund,LIC Mutual Fund,Hybrid,Arbitrage,Hybrid Scheme - Arbitrage Fund,Regular,Growth,2019-01-04,AMFI scheme master,7.76,14.8586,2026-10-06,14.8586,2026-10-06,13.997,2025-10-07,0,310.1,Kuvera (latest month),293.38,Jul-Sep 2026,66.65,0.0162,Sumit Bhatnagar; Pratik Shroff; Sasikant Aravamuthan,Low Risk,0.014696,0.0308307,0.061503,0.062179,0.0642558,0.058644,,0.0526532,NAV history,0.000628155,-0.00125443,-0.00178893,0.0106884,-0.00441713,-0.00441713,-0.0696245,-0.102319,0.0983607,28,64,27.6,38,,2026-10-07
148467,INF174V01978,Mahindra Manulife Arbitrage Fund,Mahindra Manulife Mutual Fund,Hybrid,Arbitrage,Hybrid Schemes - Arbitrage Fund,Regular,Growth,2020-08-12,AMFI scheme master,6.15,13.1771,2026-10-06,13.1771,2026-10-06,12.487,2025-10-07,0,134,Kuvera (latest month),134.27,Jul-Sep 2026,123.86,0.0192,Rahul Pal; Navin Matta; Mitul Doshi,Low Risk,0.0126805,0.0264937,0.055088,0.0543099,0.0560613,0.0500814,,0.0461241,NAV history,-0.00578677,-0.00944896,-0.0103515,0.0112384,-0.00520468,-0.00520468,-0.795369,-1.11401,0,4,24,12.1,38,,2026-10-07
148400,INF769K01FP7,Mirae Asset Arbitrage Fund,Mirae Asset Mutual Fund,Hybrid,Arbitrage,Hybrid Schemes - Arbitrage Fund,Regular,Growth,2020-06-03,AMFI scheme master,6.34,13.98,2026-10-06,13.98,2026-10-06,13.195,2025-10-07,0,3838.2,Kuvera (latest month),3787.87,Jul-Sep 2026,1342.87,0.0325,Jignesh Rao; Jigar Shethia; Krishnpal Yadav,Low Risk,0.0138516,0.0289247,0.0597332,0.0612012,0.0652249,0.0596081,,0.0546366,NAV history,-0.00114163,-0.000285311,-0.000824824,0.0113539,-0.00445787,-0.00445787,0.0198121,0.0288799,0.311475,44,56,41.4,38,,2026-10-07
153188,INF247L01EG4,Motilal Oswal Arbitrage Fund,Motilal Oswal Mutual Fund,Hybrid,Arbitrage,Hybrid Scheme - Arbitrage Fund,Regular,Growth,2024-12-16,AMFI scheme master,1.81,11.1412,2026-10-06,11.1412,2026-10-06,10.5036,2025-10-07,0,3486.3,Kuvera (latest month),3318.53,Jul-Sep 2026,1142.32,0.0198,Vishal Ashar; Rakesh Shetty; Atul Mehra,Low Risk,0.0142009,0.0283837,0.0610768,,,,,0.0622063,NAV history,0.000201966,,,,,,,,,,,,38,,2026-10-07
150366,INF0J8L01057,NJ Arbitrage Fund,NJ Mutual Fund,Hybrid,Arbitrage,Hybrid Schemes - Arbitrage Fund,Regular,Growth,2022-07-29,AMFI scheme master,4.19,12.826,2026-10-06,12.826,2026-10-06,12.1307,2025-10-07,0,238.5,Kuvera (latest month),255.15,Jul-Sep 2026,47.22,0.0164,Viral Shah; Dhaval Patel; Jaimin Ilavia,Low Risk,0.0142337,0.0282682,0.0572912,0.0571926,0.0607806,,,0.0612374,NAV history,-0.00358357,-0.00472963,,0.0130723,-0.00693155,,-0.322771,-0.470701,0,8,8,12.1,38,,2026-10-07
113345,INF204K01IY1,Nippon India Arbitrage Fund,Nippon India Mutual Fund,Hybrid,Arbitrage,Hybrid Scheme - Arbitrage Fund,Regular,Growth,2010-09-24,AMFI scheme master,16.04,28.5375,2026-10-06,28.5375,2026-10-06,26.898,2025-10-07,0,17532.6,Kuvera (latest month),17157.3,Jul-Sep 2026,6518.68,0.0203,Kinjal Desai; Vikash Agarwal; Nemish Sheth; Rohit Shah; Amber Singhania,Low Risk,0.0140934,0.0303276,0.0610748,0.0621848,0.0658058,0.0604587,0.0575016,0.0678182,NAV history,0.00019997,0.000295539,2.57277e-05,0.0105112,-0.00459558,-0.00459558,0.0766604,0.11283,0.442623,60,44,51.7,38,,2026-10-07
153977,INF0S5R01091,Old Bridge Arbitrage Fund,Old Bridge Mutual Fund,Hybrid,Arbitrage,Hybrid Scheme - Arbitrage Fund,Regular,Growth,2025-11-06,AMFI scheme master,0.92,10.5064,2026-10-06,10.5064,2026-10-06,10.0015,2025-11-18,0,227.26,AMFI AAUM Jul-Sep 2026,227.26,Jul-Sep 2026,113.97,0.0194,,,0.0141606,0.027561,,,,,,0.0501884,"NAV history (absolute, <1Y)",,,,,,,,,,,,,38,,2026-10-07
152110,INF879O01217,Parag Parikh Arbitrage Fund,PPFAS Mutual Fund,Hybrid,Arbitrage,Hybrid Scheme - Arbitrage Fund,Regular,Growth,2023-10-23,AMFI scheme master,2.96,12.0725,2026-10-06,12.0725,2026-10-06,11.3696,2025-10-07,0,2798.9,Kuvera (latest month),2744.68,Jul-Sep 2026,420.72,0.0139,Raj Mehta; Rajeev Thakkar; Raunak Onkar; Rukun Tarachandani; Tejas Soman; Aishwarya Dhar,Low Risk,0.0145811,0.0301032,0.0618508,0.0631802,,,,0.0660007,NAV history,0.000975967,,,,,,,,0.583333,,,58.6,38,,2026-10-07
104457,INF200K01156,SBI Arbitrage Fund,SBI Mutual Fund,Hybrid,Arbitrage,Hybrid Schemes - Arbitrage Fund,Regular,Growth,2006-09-15,AMFI scheme master,20.06,36.3923,2026-10-06,36.3923,2026-10-06,34.2973,2025-10-07,0,47282.7,Kuvera (latest month),46867,Jul-Sep 2026,21116.8,0.0199,Neeraj Kumar; Ardhendu Bhattacharya,Low Risk,0.0141934,0.0298173,0.0611609,0.064062,0.0672118,0.062663,0.0572727,0.0668509,NAV history,0.000286069,0.00170159,0.00223007,0.0109321,-0.00492091,-0.00492091,0.202325,0.299644,1,84,32,93.1,38,,2026-10-07
153091,INF0K1H01222,Samco Arbitrage Fund,Samco Mutual Fund,Hybrid,Arbitrage,Hybrid Schemes - Arbitrage Fund,Regular,Growth,2024-11-11,AMFI scheme master,1.9,10.77,2026-10-06,10.77,2026-10-06,10.36,2025-10-07,0,27.5,Kuvera (latest month),28.85,Jul-Sep 2026,28.13,0.0254,Nirali Bhansali; Dhawal Dhanani; Umeshkumar Mehta; Vishal Shinde; Manish Naiya,Low Risk,0.00842697,0.0179584,0.0385728,,,,,0.040894,NAV history,-0.022302,,,,,,,,0,,,12.1,38,,2026-10-07
149552,INF173K01NB6,Sundaram Arbitrage Fund(Formerly Known as Prinicpal Arbitrage Fund),Sundaram Mutual Fund,Hybrid,Arbitrage,Hybrid Scheme - Arbitrage Fund,Regular,Growth,2016-03-28,AMFI scheme master,10.53,15.536,2026-10-06,15.536,2026-10-06,14.6343,2025-10-07,0,553.9,Kuvera (latest month),565.89,Jul-Sep 2026,254.66,0.017,Kumaresh Ramakrishnan; Rohit Seksaria,Low Risk,0.0145495,0.0304301,0.0618187,0.0621062,0.0646211,,,0.0596933,NAV history,0.000943873,-0.000889139,,0.0116102,-0.0054109,,-0.0326337,-0.0482798,0.0869565,32,20,24.1,38,,2026-10-07
153805,INF0GCD01867,TRUSTMF ARBITRAGE FUND,Trust Mutual Fund,Hybrid,Arbitrage,Hybrid Scheme - Arbitrage Fund,Regular,Growth,2025-08-18,AMFI scheme master,1.14,10.625,2026-10-06,10.625,2026-10-06,10.0471,2025-10-07,0,141.87,AMFI AAUM Jul-Sep 2026,141.87,Jul-Sep 2026,100.51,0.0219,,,0.0140584,0.0281794,0.0577928,,,,,0.0569188,NAV history,-0.00308198,,,,,,,,,,,,38,,2026-10-07
145723,INF277K015Q7,Tata Arbitrage Fund,Tata Mutual Fund,Hybrid,Arbitrage,Hybrid Scheme - Arbitrage Fund,Regular,Growth,2018-12-10,AMFI scheme master,7.82,15.4468,2026-10-06,15.4468,2026-10-06,14.566,2025-10-07,0,24949.6,Kuvera (latest month),24690.9,Jul-Sep 2026,6217.48,0.0225,Sailesh Jain,Low Risk,0.0137625,0.0294778,0.0605934,0.0630937,0.0664788,0.0604072,,0.0573905,NAV history,-0.000281438,0.0009685,-2.57277e-05,0.00999839,-0.00416827,-0.00416827,0.147899,0.219762,0.639344,72,76,63.8,38,,2026-10-07
153892,INF2F0001305,The Wealth Company Arbitrage Fund,The Wealth Company Mutual Fund,Hybrid,Arbitrage,Hybrid Schemes - Arbitrage Fund,Regular,Growth,2025-09-24,AMFI scheme master,1.03,10.566,2026-10-06,10.566,2026-10-06,10.01,2025-10-17,0,143.69,AMFI AAUM Jul-Sep 2026,143.69,Jul-Sep 2026,32.74,0.0218,,,0.0129616,0.027841,,,,,,0.0555445,"NAV history (absolute, <1Y)",,,,,,,,,,,,,38,,2026-10-07
104075,INF789FB1RJ0,UTI - Arbitrage Fund,UTI Mutual Fund,Hybrid,Arbitrage,Hybrid Schemes - Arbitrage Fund,Regular,Growth,2006-06-09,AMFI scheme master,20.33,37.7274,2026-10-06,37.7274,2026-10-06,35.5424,2025-10-07,0,11131.5,Kuvera (latest month),11248.9,Jul-Sep 2026,4412.69,0.0181,Amit Sharma; Sharwan Goyal; Monish Lotia,Low Risk,0.0144801,0.0302516,0.0616282,0.0644004,0.0678901,0.0615287,0.0577668,0.0676487,NAV history,0.000753398,0.00237983,0.0010957,0.0101811,-0.00376258,-0.00376258,0.283869,0.420847,0.868852,96,92,72.4,38,,2026-10-07
146294,INF582M01EW9,Union Arbitrage Fund,Union Mutual Fund,Hybrid,Arbitrage,Hybrid Scheme - Arbitrage Fund,Regular,Growth,2019-01-30,AMFI scheme master,7.69,15.0829,2026-10-06,15.0829,2026-10-06,14.2159,2025-10-07,0,220.5,Kuvera (latest month),233.22,Jul-Sep 2026,152.12,0.0223,Devesh Thacker; Vishal Thakker,Low Risk,0.015246,0.0306258,0.0609283,0.0618537,0.065668,0.0593733,,0.0552194,NAV history,5.35385e-05,0.000157717,-0.00105972,0.0112153,-0.00585996,-0.00585996,0.0595591,0.0892219,0.377049,56,16,48.3,38,,2026-10-07
152850,INF03VN01928,WhiteOak Capital Arbitrage Fund,WhiteOak Capital Mutual Fund,Hybrid,Arbitrage,Hybrid Schemes - Arbitrage Fund,Regular,Growth,2024-08-28,AMFI scheme master,2.11,11.397,2026-10-06,11.397,2026-10-06,10.706,2025-10-07,0,2254.6,Kuvera (latest month),2146.23,Jul-Sep 2026,1342.86,0.0313,Piyush Baranwal; Ashish Agarwal; Bhavin Patadia; Ramesh Mantri,Low Risk,0.0161377,0.0317762,0.0645432,0.0654386,,,,0.0645985,NAV history,0.00366844,,,,,,,,1,,,93.1,38,,2026-10-07
153428,INF966L01DZ1,quant Arbitrage Fund,quant Mutual Fund,Hybrid,Arbitrage,Hybrid Scheme - Arbitrage Fund,Regular,Growth,2025-03-18,AMFI scheme master,1.56,11.0382,2026-10-06,11.0382,2026-10-06,10.3159,2025-10-07,0,817.4,AMFI AAUM Jul-Sep 2026,817.4,Jul-Sep 2026,212.31,0.0225,,,0.0159224,0.0340234,0.0704228,,,,,0.0675888,NAV history,0.009548,,,,,,,,,,,,38,,2026-10-07
131666,INF084M01AB8,Aditya Birla Sun Life Balanced Advantage Fund,Aditya Birla Sun Life Mutual Fund,Hybrid,Balanced Advantage,Hybrid Scheme - Dynamic Asset Allocation or Balanced Advantage,Regular,Growth,2000-03-15,AMFI scheme master,26.56,110.99,2026-10-06,114.92,2026-08-10,102.25,2026-03-30,-0.0341977,10125.4,Kuvera (latest month),9894.88,Jul-Sep 2026,8128.44,0.0195,Harish Krishnan; Lovelish Solanki; Mohit Sharma; Rohit Karan,Moderately High Risk,-0.010608,0.0653676,0.0392322,0.0391724,0.101625,0.0861306,0.0948926,0.100545,NAV history,0.0443084,0.0224103,0.013657,0.0824195,-0.0913778,-0.0913778,0.44437,0.61659,0.688525,96.7,60,77.1,37,,2026-10-07
141644,INF846K01A52,Axis Balanced Advantage Fund,Axis Mutual Fund,Hybrid,Balanced Advantage,Hybrid Schemes - Balanced Advantage Fund/ Dynamic Asset Allocation,Regular,Growth,2017-07-11,AMFI scheme master,9.24,20.96,2026-10-06,21.85,2026-08-03,20.03,2026-03-30,-0.0407323,3835.9,Kuvera (latest month),3812.11,Jul-Sep 2026,3465.69,0.0215,Devang Shah; Hardik Shah; Jayesh Sundar,Moderately High Risk,-0.02828,0.0309887,-0.00237982,0.011898,0.0964733,0.0793203,,0.0832833,NAV history,0.00269633,0.0172588,0.00684664,0.0805881,-0.0811927,-0.10211,0.390545,0.534461,0.622951,93.3,90,65.7,37,,2026-10-07
131357,INF194KA1UE8,BANDHAN Balanced Advantage Fund,Bandhan Mutual Fund,Hybrid,Balanced Advantage,Hybrid Scheme - Dynamic Asset Allocation or Balanced Advantage,Regular,Growth,2014-09-17,AMFI scheme master,12.05,24.908,2026-10-06,25.579,2026-08-10,22.94,2026-03-31,-0.0262325,2285.8,Kuvera (latest month),2267.44,Jul-Sep 2026,1962.58,0.0231,Manish Gunwani; Brijesh Shah; Vishal Biraia; Ritika Behera; Gaurav Satra,Very High Risk,-0.0135055,0.0645354,0.0238829,0.026295,0.0805974,0.0654678,0.0830945,0.0789547,NAV history,0.0289591,0.00138288,-0.00700586,0.0741129,-0.0855822,-0.121636,0.210454,0.28446,0.360656,56.7,76.7,37.1,37,,2026-10-07
127849,INF761K01BR9,BANK OF INDIA BALANCED ADVANTAGE FUND,Bank of India Mutual Fund,Hybrid,Balanced Advantage,Hybrid Scheme - Dynamic Asset Allocation or Balanced Advantage,Regular,Growth,2014-02-21,AMFI scheme master,12.62,25.4177,2026-10-06,26.5575,2026-08-03,24.5626,2026-03-31,-0.0429182,175.6,Kuvera (latest month),175.38,Jul-Sep 2026,152.43,0.0267,Alok Singh,Very High Risk,-0.0325212,0.016395,0.0178643,0.00690066,0.0750499,0.0899731,0.0645901,0.076861,NAV history,0.0229404,-0.00416463,0.0174995,0.0991101,-0.131897,-0.131897,0.101401,0.136492,0.606557,43.3,16.7,62.9,37,,2026-10-07
152196,INF0QA701680,Bajaj Finserv Balanced Advantage Fund,Bajaj Finserv Mutual Fund,Hybrid,Balanced Advantage,Hybrid Scheme - Dynamic Asset Allocation or Balanced Advantage,Regular,Growth,2023-11-24,AMFI scheme master,2.87,11.389,2026-10-06,11.973,2026-08-03,10.553,2026-03-30,-0.0487764,1276.1,Kuvera (latest month),1256.4,Jul-Sep 2026,1084.33,0.026,Nimesh Chandan; Siddharth Chaudhary; Sorbh Gupta,Very High Risk,-0.0216476,0.0568857,0.00591768,0.000131732,,,,0.0469347,NAV history,0.0109938,,,,,,,,0.304348,,,22.9,37,,2026-10-07
145387,INF955L01HC4,Baroda BNP Paribas Balanced Advantage Fund,Baroda BNP Paribas Mutual Fund,Hybrid,Balanced Advantage,Hybrid Schemes - Balanced Advantage Fund/ Dynamic Asset Allocation,Regular,Growth,2018-10-22,AMFI scheme master,7.96,25.0304,2026-10-06,26.339,2026-08-25,22.9683,2026-03-31,-0.049683,5342.8,Kuvera (latest month),5203.98,Jul-Sep 2026,4643.56,0.0204,Prashant Pimple; Jitendra Sriram; Neeraj Saxena; Kushant Arora,Very High Risk,-0.0275038,0.0726042,0.0229684,0.0300077,0.101016,0.0909141,,0.123252,NAV history,0.0280445,0.0218015,0.0184405,0.105484,-0.116896,-0.125607,0.341434,0.454332,0.918033,80,20,97.1,37,,2026-10-07
152690,INF760K01LA6,Canara Robeco Balanced Advantage Fund,Canara Robeco Mutual Fund,Hybrid,Balanced Advantage,Hybrid Schemes - Balanced Advantage Fund/ Dynamic Asset Allocation,Regular,Growth,2024-07-12,AMFI scheme master,2.24,9.96,2026-10-06,10.57,2025-10-29,9.42,2026-03-30,-0.0577105,1079.2,Kuvera (latest month),1088.05,Jul-Sep 2026,775.47,0.0238,Suman Prasad; Avnish Jain; Pranav Gokhale; Ennette Fernandes; Amit Kadam,Very High Risk,-0.0282927,0.0321244,-0.0339476,-0.0152081,,,,-0.00138778,NAV history,-0.0288715,,,,,,,,0,,,2.9,37,,2026-10-07
126394,INF740K01K57,DSP Dynamic Asset Allocation Fund,DSP Mutual Fund,Hybrid,Balanced Advantage,Hybrid Scheme - Dynamic Asset Allocation or Balanced Advantage,Regular,Growth,2014-01-17,AMFI scheme master,12.72,28.137,2026-10-06,29.108,2026-08-03,26.952,2026-03-30,-0.0333585,3821.1,Kuvera (latest month),3791.95,Jul-Sep 2026,2946.26,0.0226,Rohit Singhania; Preethi S; Shantanu Godambe; Kaivalya Nadkarni,Very High Risk,-0.0257609,0.0321338,0.0128145,0.0300548,0.0871045,0.0716105,0.0780098,0.0849824,NAV history,0.0178907,0.00788999,-0.000863161,0.0577852,-0.0575235,-0.0840032,0.382529,0.518543,0.377049,90,100,42.9,37,,2026-10-07
112117,INF754K01285,Edelweiss Balanced Advantage Fund,Edelweiss Mutual Fund,Hybrid,Balanced Advantage,Hybrid Scheme - Dynamic Asset Allocation or Balanced Advantage,Regular,Growth,2009-08-03,AMFI scheme master,17.18,51.96,2026-10-06,53.95,2026-08-31,48.7,2026-03-23,-0.036886,13445,Kuvera (latest month),13230.4,Jul-Sep 2026,10149.6,0.0193,Kedar Karnik; Bhavesh Jain; Bharat Lahoti; Rahul Dedhia,Very High Risk,-0.0129179,0.0465257,0.0142495,0.0130494,0.0891199,0.0770503,0.103821,0.100943,NAV history,0.0193256,0.00990542,0.00457671,0.092159,-0.115296,-0.115296,0.26172,0.350008,0.655738,66.7,23.3,70,37,,2026-10-07
150480,INF090I01WN2,Franklin India Balanced Advantage Fund,Franklin Templeton Mutual Fund,Hybrid,Balanced Advantage,Hybrid Scheme - Dynamic Asset Allocation or Balanced Advantage,Regular,Growth,2022-08-16,AMFI scheme master,4.14,14.0557,2026-10-06,14.6964,2025-11-20,13.4499,2026-03-30,-0.0435957,2822.5,Kuvera (latest month),2809.91,Jul-Sep 2026,2620.17,0.0222,Rahul Goswami; Venkatesh Sanjeevi; Anuj Tagra; Chandni Gupta; Sandeep Manam; Rajasa Kakulavarapu,High Risk,-0.0352059,0.0271856,-0.0256487,0.00646889,0.0749045,,,0.0869746,NAV history,-0.0205725,-0.00430997,,0.0728923,-0.0848167,,0.135879,0.183624,0.657895,46.7,80,74.3,37,,2026-10-07
100119,INF179K01830,HDFC Balanced Advantage Fund,HDFC Mutual Fund,Hybrid,Balanced Advantage,Hybrid Scheme - Dynamic Asset Allocation or Balanced Advantage,Regular,Growth,2000-07-20,AMFI scheme master,26.21,507.248,2026-10-06,539.055,2026-01-02,483.478,2026-03-30,-0.0590051,107296,Kuvera (latest month),106770,Jul-Sep 2026,54444.1,0.0131,Anil Bamboli; Gopal Agrawal; Arun Agarwal; Ihab Dalwai; Dhruv Muchhal; Nandita Menezes,Very High Risk,-0.037701,0.02845,-0.0273568,-0.000292628,0.0982917,0.126015,0.131058,0.161594,Launch NAV Rs 10 assumed (pre-2006 NAV not in AMFI history),-0.0222807,0.0190772,0.0535416,0.0985993,-0.103101,-0.103101,0.337647,0.444152,0.786885,76.7,43.3,94.3,37,,2026-10-07
151127,INF917K01KY4,HSBC Balanced Advantage Fund,HSBC Mutual Fund,Hybrid,Balanced Advantage,Hybrid Schemes - Balanced Advantage Fund/ Dynamic Asset Allocation,Regular,Growth,2011-01-17,AMFI scheme master,15.72,43.6237,2026-10-06,44.7484,2026-08-06,41.0992,2026-03-30,-0.0251339,1522.1,Kuvera (latest month),1516.91,Jul-Sep 2026,1361.7,0.0247,Mahesh Chhabria; Neelotpal Sahai; Praveen Ayathan; Mohd Asif Rizwi; Mayank Chaturvedi; Prakriti Banka,Very High Risk,-0.00908827,0.0500349,0.000286624,0.0154348,0.0797652,,,0.0868498,NAV history,0.00536277,0.000550675,,0.0710169,-0.0894185,,0.20791,0.27757,0.416667,53.3,70,48.6,37,,2026-10-07
152512,INF0R8701111,Helios Balanced Advantage Fund,Helios Mutual Fund,Hybrid,Balanced Advantage,Hybrid Schemes - Balanced Advantage Fund/ Dynamic Asset Allocation,Regular,Growth,2024-03-11,AMFI scheme master,2.57,11.3,2026-10-06,11.81,2026-01-02,10.48,2026-03-30,-0.0431837,288.3,Kuvera (latest month),287.34,Jul-Sep 2026,261.74,0.0284,Alok Bahl; Pratik Singh; Devesh Bhatt,Very High Risk,-0.0275387,0.0550887,-0.0122378,0.0121653,,,,0.0446595,NAV history,-0.00716161,,,,,,,,0.4,,,45.7,37,,2026-10-07
104685,INF109K01BH2,ICICI Prudential Balanced Advantage Fund,ICICI Prudential Mutual Fund,Hybrid,Balanced Advantage,Hybrid Scheme - Dynamic Asset Allocation or Balanced Advantage,Regular,Growth,2006-11-08,AMFI scheme master,19.91,76.58,2026-10-06,80.38,2026-08-10,71.79,2026-03-30,-0.0472754,75399.1,Kuvera (latest month),74078.8,Jul-Sep 2026,55220.8,0.0156,Rajat Chandak; Manish Banthia; Akhil Kakkar; Sri Sharma; Sharmila D'Silva,High Risk,-0.02421,0.0424721,0.0151113,0.0414905,0.0992725,0.0948458,0.101634,0.108507,NAV history,0.0201875,0.020058,0.0223722,0.0704921,-0.0830247,-0.0830247,0.486189,0.684045,0.737705,100,86.7,82.9,37,,2026-10-07
147787,INF00XX01655,ITI Balanced Advantage Fund,ITI Mutual Fund,Hybrid,Balanced Advantage,Hybrid Scheme - Dynamic Asset Allocation or Balanced Advantage,Regular,Growth,2019-12-09,AMFI scheme master,6.83,14.159,2026-10-06,14.9301,2026-01-02,13.5687,2026-03-31,-0.0516473,348.3,Kuvera (latest month),346.21,Jul-Sep 2026,333.19,0.0324,Laukik Bagwe; Nilay Dalal; Animesh Singh,Very High Risk,-0.014841,0.0340169,-0.0217361,-0.007165,0.0687427,0.0569967,,0.0519125,NAV history,-0.01666,-0.0104717,-0.0154769,0.0924762,-0.0911849,-0.113895,0.0404724,0.0520491,0.311475,30,63.3,27.1,37,,2026-10-07
106317,INF205K01213,Invesco India Balanced Advantage Fund,Invesco Mutual Fund,Hybrid,Balanced Advantage,Hybrid Schemes - Balanced Advantage Fund/ Dynamic Asset Allocation,Regular,Growth,2007-08-16,AMFI scheme master,19.14,51.81,2026-10-06,55.19,2025-11-27,49.18,2026-03-30,-0.061243,937.4,Kuvera (latest month),950.63,Jul-Sep 2026,725.08,0.024,Deepak Gupta; Krishna Cheemalapati; Amey Sathe,Moderately High Risk,-0.0193072,0.0351648,-0.0357342,-0.0117562,0.0719671,0.0683268,0.081579,0.08719,NAV history,-0.0306581,-0.00724742,-0.00414685,0.084092,-0.108897,-0.115992,0.0828505,0.111861,0.52459,40,30,57.1,37,,2026-10-07
144333,INF174KA1186,Kotak Balanced Advantage Fund,Kotak Mahindra Mutual Fund,Hybrid,Balanced Advantage,Hybrid Scheme - Dynamic Asset Allocation or Balanced Advantage,Regular,Growth,2018-07-13,AMFI scheme master,8.24,20.535,2026-10-06,21.411,2026-08-03,19.351,2026-03-30,-0.0409135,17373.3,Kuvera (latest month),17304.4,Jul-Sep 2026,14299.8,0.018926,Abhishek Bisen; Hiten Shah; Rohit Tandon,Very High Risk,-0.0291698,0.0438164,-0.00696359,0.0133881,0.0786638,0.0733368,,0.0919767,NAV history,-0.00188744,-0.000550675,0.000863161,0.0793285,-0.0953079,-0.0953079,0.172243,0.235307,0.655738,50,53.3,70,37,,2026-10-07
149259,INF767K01QV6,LIC MF Balanced Advantage Fund,LIC Mutual Fund,Hybrid,Balanced Advantage,Hybrid Scheme - Dynamic Asset Allocation or Balanced Advantage,Regular,Growth,2021-10-20,AMFI scheme master,4.96,13.5601,2026-10-06,14.1474,2026-08-31,12.5454,2026-03-31,-0.0415129,695.7,Kuvera (latest month),682.5,Jul-Sep 2026,583.5,0.0285,Rahul Singh; Mahesh Bendre,Very High Risk,-0.00372498,0.0611237,-0.00716796,0.0130113,0.0648993,,,0.0638841,NAV history,-0.00209181,-0.0143151,,0.0882493,-0.104079,,-0.00114059,-0.00155572,0.375,26.7,40,40,37,,2026-10-07
149404,INF174V01BB6,Mahindra Manulife Balanced Advantage Fund,Mahindra Manulife Mutual Fund,Hybrid,Balanced Advantage,Hybrid Schemes - Balanced Advantage Fund/ Dynamic Asset Allocation,Regular,Growth,2021-12-09,AMFI scheme master,4.83,14.4773,2026-10-06,15.1255,2026-08-31,13.3879,2026-03-31,-0.0428548,922.9,Kuvera (latest month),911.67,Jul-Sep 2026,892.23,0.0241,Rahul Pal; Amit Garg; Fatema Pacha; Neelesh Dhamnaskar,Very High Risk,-0.0268408,0.0587698,0.000801897,0.00880439,0.0880321,,,0.0807264,NAV history,0.00587804,0.00881762,,0.10192,-0.104132,,0.225981,0.295074,0.543478,60,36.7,60,37,,2026-10-07
150473,INF769K01IK2,Mirae Asset Balanced Advantage Fund,Mirae Asset Mutual Fund,Hybrid,Balanced Advantage,Hybrid Schemes - Balanced Advantage Fund/ Dynamic Asset Allocation,Regular,Growth,2022-07-21,AMFI scheme master,4.21,14.429,2026-10-06,14.83,2026-08-03,13.61,2026-03-30,-0.0270398,2169.2,Kuvera (latest month),2157.25,Jul-Sep 2026,1939.43,0.0227,Harshad Borawake; Basant Bafna,Moderately High Risk,-0.0170981,0.0417298,0.0169862,0.0290817,0.0846347,,,0.0918843,NAV history,0.0220623,0.00542018,,0.0757188,-0.0805335,,0.25931,0.352518,0.692308,63.3,93.3,80,37,,2026-10-07
139870,INF247L01585,Motilal Oswal Balanced Advantage Fund,Motilal Oswal Mutual Fund,Hybrid,Balanced Advantage,Hybrid Scheme - Dynamic Asset Allocation or Balanced Advantage,Regular,Growth,2016-09-06,AMFI scheme master,10.08,19.4179,2026-10-06,20.5599,2025-10-29,16.7748,2026-03-31,-0.055545,743.5,Kuvera (latest month),731.24,Jul-Sep 2026,627.98,0.0281,Varun Sharma; Swapnil Mayekar; Ankit Agarwal; Sandeep Jain; Rakesh Shetty,Very High Risk,0.0421298,0.134289,-0.012239,-0.0733468,0.0153403,0.0450284,0.0675201,0.0680532,NAV history,-0.00716283,-0.0638741,-0.0274453,0.123018,-0.280758,-0.280758,-0.403677,-0.535833,0.262295,3.3,3.3,18.6,37,,2026-10-07
149266,INF0J8L01024,NJ Balanced Advantage Fund,NJ Mutual Fund,Hybrid,Balanced Advantage,Hybrid Schemes - Balanced Advantage Fund/ Dynamic Asset Allocation,Regular,Growth,2021-10-08,AMFI scheme master,5,13.32,2026-10-06,13.93,2026-08-03,12.58,2026-03-30,-0.0437904,3385.3,Kuvera (latest month),3374.73,Jul-Sep 2026,2526.58,0.0238,Viral Shah; Dhaval Patel; Jaimin Ilavia,Very High Risk,-0.0234604,0.0398126,-0.0234604,-0.0287417,0.0639381,,,0.0596828,NAV history,-0.0183843,-0.0152764,,0.0830033,-0.154372,,-0.0127933,-0.0171597,0.333333,23.3,10,31.4,37,,2026-10-07
102846,INF204K01604,Nippon India Balanced Advantage Fund,Nippon India Mutual Fund,Hybrid,Balanced Advantage,Hybrid Schemes - Balanced Advantage Fund/ Dynamic Asset Allocation,Regular,Growth,2004-10-16,AMFI scheme master,21.97,178.977,2026-10-06,186.281,2026-08-03,168.481,2026-03-30,-0.0392106,9917.5,Kuvera (latest month),9855.47,Jul-Sep 2026,8409.56,0.0199,Sushil Budhia; Bhavik Dave; Amber Singhania,Very High Risk,-0.026961,0.0445514,0.00151702,0.0205602,0.0883829,0.079654,0.0935692,0.140302,Launch NAV Rs 10 assumed (pre-2006 NAV not in AMFI history),0.00659316,0.00916841,0.00718041,0.0798378,-0.0903284,-0.0903284,0.29288,0.395897,0.770492,73.3,66.7,91.4,37,,2026-10-07
148657,INF663L01V72,PGIM India Balanced Advantage Fund,PGIM India Mutual Fund,Hybrid,Balanced Advantage,Hybrid Scheme - Dynamic Asset Allocation or Balanced Advantage,Regular,Growth,2021-01-15,AMFI scheme master,5.72,14.51,2026-10-06,15.73,2025-11-26,13.98,2026-03-30,-0.0775588,738.6,Kuvera (latest month),741.49,Jul-Sep 2026,717.08,0.025,Vinay Paharia; Puneet Pal; Anandha Padmanabhan Anjeneyan; Utsav Mehta,Moderately High Risk,-0.042876,0.0196767,-0.0547231,-0.0184301,0.0490046,0.0516511,,0.0648466,NAV history,-0.049647,-0.0302099,-0.0208226,0.0917241,-0.113622,-0.11976,-0.174386,-0.235775,0.210526,10,26.7,11.4,37,,2026-10-07
152464,INF879O01233,Parag Parikh Dynamic Asset Allocation Fund,PPFAS Mutual Fund,Hybrid,Balanced Advantage,Hybrid Scheme - Dynamic Asset Allocation or Balanced Advantage,Regular,Growth,2024-02-20,AMFI scheme master,2.63,11.6668,2026-10-06,11.8116,2026-08-04,11.3796,2026-03-30,-0.0122591,2574.8,Kuvera (latest month),2595.97,Jul-Sep 2026,607.79,0.0076,Raj Mehta; Rajeev Thakkar; Raunak Onkar; Rukun Tarachandani; Tejas Soman; Mansi Kariya,Moderately High Risk,-0.0113468,0.0217275,0.0246439,0.0374837,,,,0.061858,NAV history,0.02972,,,,,,,,0.761905,,,88.6,37,,2026-10-07
149132,INF200KA1Y40,SBI Balanced Advantage Fund,SBI Mutual Fund,Hybrid,Balanced Advantage,Hybrid Scheme - Dynamic Asset Allocation or Balanced Advantage,Regular,Growth,2021-08-12,AMFI scheme master,5.15,15.4115,2026-10-06,16.2192,2026-01-02,14.9902,2026-03-30,-0.049799,41802.8,Kuvera (latest month),41731.3,Jul-Sep 2026,36662.8,0.0167,Rajeev Radhakrishnan; Dinesh Balachandran; Mansi Sajeja,Very High Risk,-0.0364741,0.0140279,-0.00318871,0.0175969,0.0838511,0.0866451,,0.0877939,NAV history,0.00188744,0.00463658,0.0141714,0.0674862,-0.0757744,-0.0757744,0.279332,0.37885,0.92,70,96.7,100,37,,2026-10-07
152187,INF0K1H01099,Samco Dynamic Asset Allocation Fund,Samco Mutual Fund,Hybrid,Balanced Advantage,Hybrid Schemes - Balanced Advantage Fund/ Dynamic Asset Allocation,Regular,Growth,2023-12-07,AMFI scheme master,2.83,10.11,2026-10-06,10.62,2026-01-06,9.64,2026-03-30,-0.0480226,167.9,Kuvera (latest month),172.73,Jul-Sep 2026,156.65,0.0342,Nirali Bhansali; Dhawal Dhanani; Umeshkumar Mehta; Vishal Shinde,Very High Risk,-0.0193986,0.0369231,-0.0260116,-0.0524407,,,,0.00288856,NAV history,-0.0209354,,,,,,,,0.0454545,,,5.7,37,,2026-10-07
147405,INF680P01174,Shriram Balanced Advantage Fund,Shriram Mutual Fund,Hybrid,Balanced Advantage,Hybrid Schemes - Balanced Advantage Fund/ Dynamic Asset Allocation,Regular,Growth,2019-06-14,AMFI scheme master,7.32,16.0743,2026-10-06,17.3211,2026-01-02,15.5658,2026-03-31,-0.0719816,42.9,Kuvera (latest month),42.9,Jul-Sep 2026,37.74,0.0257,Amit Modani; Prateek Nigudkar; Sudip More; Hitesh Savanth,Very High Risk,-0.0344606,0.0141898,-0.0414562,-0.0503796,0.0411182,0.0410121,,0.0677089,NAV history,-0.0363801,-0.0380963,-0.0314615,0.100944,-0.148218,-0.148218,-0.236586,-0.30488,0.262295,6.7,13.3,18.6,37,,2026-10-07
149715,INF173K01585,Sundaram Dynamic Asset Allocation Fund (Formerly Known as Sundaram Balanced Advantage Fund),Sundaram Mutual Fund,Hybrid,Balanced Advantage,Hybrid Schemes - Balanced Advantage Fund/ Dynamic Asset Allocation,Regular,Growth,2010-11-26,AMFI scheme master,15.86,34.1799,2026-10-06,36.298,2025-11-28,32.6209,2026-03-31,-0.0583531,1685.7,Kuvera (latest month),1670.77,Jul-Sep 2026,1437.77,0.0252,Kumaresh Ramakrishnan; S. Bharath; Clyton Fernandes,High Risk,-0.0299116,0.0272965,-0.034627,-0.00878431,0.0634937,,,0.0645481,NAV history,-0.0295508,-0.0157208,,0.0837374,-0.101303,,-0.0179882,-0.0243307,0.173913,16.7,46.7,8.6,37,,2026-10-07
146007,INF277K010S4,Tata Balanced Advantage Fund,Tata Mutual Fund,Hybrid,Balanced Advantage,Hybrid Scheme - Dynamic Asset Allocation or Balanced Advantage,Regular,Growth,2019-01-09,AMFI scheme master,7.74,20.1173,2026-10-06,21.4378,2026-08-03,19.3714,2026-03-30,-0.0615968,8538.5,Kuvera (latest month),8604.01,Jul-Sep 2026,7029.58,0.0186,Murthy Nagarajan; Amit Somani; Rahul Singh; Sailesh Jain,Very High Risk,-0.0561285,0.0220647,-0.0189506,-0.00352548,0.0615225,0.0679567,,0.0951545,NAV history,-0.0138745,-0.017692,-0.00451696,0.075142,-0.0892849,-0.0892849,-0.0462792,-0.0618778,0.508197,13.3,73.3,54.3,37,,2026-10-07
154183,INF2F0001446,The Wealth Company Balanced Advantage Fund,The Wealth Company Mutual Fund,Hybrid,Balanced Advantage,Hybrid Scheme - Dynamic Asset Allocation or Balanced Advantage,Regular,Growth,2026-01-27,AMFI scheme master,0.69,9.6605,2026-10-06,10.1405,2026-08-25,9.3621,2026-03-30,-0.0473349,47.07,AMFI AAUM Jul-Sep 2026,47.07,Jul-Sep 2026,45.89,0.0329,,,-0.0393775,0.00869774,,,,,,-0.0313832,"NAV history (absolute, <1Y)",,,,,,,,,,,,,37,,2026-10-07
153377,INF1MIY01023,UNIFI DYNAMIC ASSET ALLOCATION FUND,Unifi Mutual Fund,Hybrid,Balanced Advantage,Hybrid Scheme - Dynamic Asset Allocation or Balanced Advantage,Regular,Growth,2025-03-03,AMFI scheme master,1.6,11.2651,2026-10-06,11.2651,2026-10-06,10.4272,2025-10-07,0,1390.62,AMFI AAUM Jul-Sep 2026,1390.62,Jul-Sep 2026,269.94,0.0199,,,0.0212035,0.0464561,0.0806162,,,,,0.0793421,NAV history,0.0856924,,,,,,,,,,,,37,,2026-10-07
100646,-,UTI - Unit Linked Insurance Plan,UTI Mutual Fund,Hybrid,Balanced Advantage,Hybrid Scheme - Dynamic Asset Allocation or Balanced Advantage,Regular,Growth,2003-02-01,AMFI scheme master,23.68,42.3355,2026-10-06,43.6309,2026-08-13,39.112,2026-03-30,-0.02969,5076,AMFI AAUM Jul-Sep 2026,5076,Jul-Sep 2026,4923.95,0.0159,,,-0.00489847,0.0666702,0.0028283,0.0239021,0.068681,0.0513006,0.0686056,0.0628427,Launch NAV Rs 10 assumed (pre-2006 NAV not in AMFI history),0.00790445,-0.0105335,-0.0211731,0.0564949,-0.0843712,-0.101196,0.0651555,0.0906845,0.311475,36.7,83.3,27.1,37,,2026-10-07
151882,INF789F1AYT7,UTI Balanced Advantage Fund,UTI Mutual Fund,Hybrid,Balanced Advantage,Hybrid Schemes - Balanced Advantage Fund/ Dynamic Asset Allocation,Regular,Growth,2023-07-21,AMFI scheme master,3.21,12.1856,2026-10-06,13.1283,2026-01-02,11.7167,2026-03-30,-0.0718067,3022.4,Kuvera (latest month),3016.08,Jul-Sep 2026,2688.53,0.0201,Anurag Mittal; Sachin Trivedi,Very High Risk,-0.028943,0.0191441,-0.0417188,-0.00224915,0.063825,,,0.0667442,NAV history,-0.0366426,-0.0153894,,0.0769209,-0.107523,,-0.015275,-0.0210502,0.481481,20,33.3,51.4,37,,2026-10-07
142035,INF582M01DI0,Union Balanced Advantage Fund,Union Mutual Fund,Hybrid,Balanced Advantage,Hybrid Scheme - Dynamic Asset Allocation or Balanced Advantage,Regular,Growth,2017-12-07,AMFI scheme master,8.83,20.19,2026-10-06,20.85,2026-02-18,18.96,2026-03-30,-0.0316547,1240.1,Kuvera (latest month),1222.35,Jul-Sep 2026,1135.84,0.0254,Parijat Agrawal; Vishal Thakker; Sanjay Bembalkar; Gaurav Chopra,Very High Risk,-0.0203785,0.0488312,-0.00980873,0.0105663,0.0685121,0.0616538,,0.0833602,NAV history,-0.00473258,-0.0107024,-0.0108199,0.0858587,-0.0915842,-0.0915842,0.0409055,0.0541673,0.213115,33.3,56.7,14.3,37,,2026-10-07
151268,INF03VN01720,WhiteOak Capital Balanced Advantage Fund,WhiteOak Capital Mutual Fund,Hybrid,Balanced Advantage,Hybrid Schemes - Balanced Advantage Fund/ Dynamic Asset Allocation,Regular,Growth,2023-01-20,AMFI scheme master,3.71,14.518,2026-10-06,15.018,2026-08-25,13.309,2026-03-30,-0.0332934,2302.3,Kuvera (latest month),2273.88,Jul-Sep 2026,2171.58,0.0224,Piyush Baranwal; Ramesh Mantri; Trupti Agrawal; Dheeresh Pathak; Ashish Agrawal,Very High Risk,-0.0110354,0.0679712,0.0086147,0.0302111,0.0962138,,,0.109214,NAV history,0.0136908,0.0169993,,0.083814,-0.100257,,0.372418,0.506977,0.757576,86.7,50,85.7,37,,2026-10-07
151714,INF966L01BO9,quant Dynamic Asset Allocation Fund,quant Mutual Fund,Hybrid,Balanced Advantage,Hybrid Scheme - Dynamic Asset Allocation or Balanced Advantage,Regular,Growth,2023-03-23,AMFI scheme master,3.54,16.086,2026-10-06,16.9273,2025-10-29,14.5316,2026-03-31,-0.0497008,852.3,Kuvera (latest month),865.62,Jul-Sep 2026,694.6,0.0299,Sanjeev Sharma; Ankit A. Pande; Sandeep Tandon; Varun Pattani; Sameer Kate; Ayusha Kumbhat; Yug Tibrewal,Very High Risk,-0.0305434,0.0778251,-0.025522,-0.0251008,0.115241,,,0.14602,NAV history,-0.0204459,0.0360265,,0.142425,-0.189493,,0.352753,0.480866,0.354839,83.3,6.7,34.3,37,,2026-10-07
152075,INF579M01AV5,360 ONE Balanced Hybrid Fund,360 ONE Mutual Fund,Hybrid,Balanced Hybrid,Hybrid Schemes - Balanced Hybrid Fund,Regular,Growth,2023-09-04,AMFI scheme master,3.09,13.0508,2026-10-06,13.3839,2026-08-06,11.9842,2026-03-30,-0.0248881,716.5,Kuvera (latest month),715.59,Jul-Sep 2026,310.73,0.0219,Mayur Patel; Milan Mody; Viral Mehta,High Risk,-0.0152049,0.0739896,0.0235279,0.025369,0.0919652,,,0.090601,NAV history,0.00835008,0,,0.0718967,-0.0724662,,0.375055,0.506596,,,,,4,,2026-10-07
154418,INF109K1A484,ICICI Prudential Balanced Hybrid Fund,ICICI Prudential Mutual Fund,Hybrid,Balanced Hybrid,Hybrid Scheme - Balanced Hybrid Fund,Regular,Growth,2026-06-30,AMFI scheme master,0.27,10,2026-10-06,10.23,2026-08-06,9.92,2026-10-01,-0.0224829,164.95,AMFI AAUM Jul-Sep 2026,164.95,Jul-Sep 2026,148.18,0.0233,,,,,,,,,,0,"NAV history (absolute, <1Y)",,,,,,,,,,,,,4,,2026-10-07
154615,INF200KB1BX9,SBI Balanced Hybrid Fund,SBI Mutual Fund,Hybrid,Balanced Hybrid,Hybrid Schemes - Balanced Hybrid Fund,Regular,Growth,2026-08-10,AMFI scheme master,0.16,9.9565,2026-10-06,10.0386,2026-09-10,9.8974,2026-10-05,-0.00817843,640.06,AMFI AAUM Jul-Sep 2026,640.06,Jul-Sep 2026,616.16,0.0261,,,,,,,,,,-0.00545395,"NAV history (absolute, <1Y)",,,,,,,,,,,,,4,,2026-10-07
152133,INF03VN01811,WhiteOak Capital Balanced Hybrid Fund,WhiteOak Capital Mutual Fund,Hybrid,Balanced Hybrid,Hybrid Schemes - Balanced Hybrid Fund,Regular,Growth,2023-10-05,AMFI scheme master,3.01,13.124,2026-10-06,13.473,2026-08-25,12.188,2026-03-23,-0.0259037,301.3,Kuvera (latest month),297.19,Jul-Sep 2026,256.01,0.0225,Piyush Baranwal; Ramesh Mantri; Trupti Agrawal; Dheeresh Pathak; Ashish Agrawal,Very High Risk,-0.0133814,0.058814,0.00682777,0.0256,,,,0.0962312,NAV history,-0.00835008,,,,,,,,,,,,4,,2026-10-07
101818,INF209K01751,Aditya Birla Sun Life Conservative Hybrid Fund,Aditya Birla Sun Life Mutual Fund,Hybrid,Conservative Hybrid,Hybrid Schemes - Conservative Hybrid Fund,Regular,Growth,2004-04-12,AMFI scheme master,22.49,69.3851,2026-10-06,70.7542,2026-08-14,67.0697,2026-03-30,-0.0193501,1501.5,Kuvera (latest month),1496.61,Jul-Sep 2026,1039.52,0.018,Mohit Sharma; Harshil Suvarnkar,Moderately High Risk,-0.0140353,0.0294709,0.0231467,0.0464191,0.0746997,0.068814,0.0706659,0.0899774,Launch NAV Rs 10 assumed (pre-2006 NAV not in AMFI history),0.0100862,0.00563407,0.00262254,0.0333117,-0.0308631,-0.0503938,0.291181,0.40033,0.655738,72.2,88.9,77.8,18,,2026-10-07
112924,INF846K01693,Axis Conservative Hybrid Fund,Axis Mutual Fund,Hybrid,Conservative Hybrid,Hybrid Schemes - Conservative Hybrid Fund,Regular,Growth,2010-05-24,AMFI scheme master,16.37,30.0696,2026-10-06,30.8111,2026-08-10,29.5106,2026-03-30,-0.024066,219.4,Kuvera (latest month),220.02,Jul-Sep 2026,199.23,0.0218,Devang Shah; Sachin Jain; Jayesh Sundar,Very High Risk,-0.0172819,0.0134955,-0.00218017,0.0202023,0.0509551,0.0440479,0.0587469,0.0700951,NAV history,-0.0152406,-0.0181106,-0.0221435,0.0343482,-0.0375231,-0.0640284,-0.408899,-0.554132,0.147541,11.1,50,22.2,18,,2026-10-07
112353,INF194K01RW9,BANDHAN CONSERVATIVE HYBRID FUND,Bandhan Mutual Fund,Hybrid,Conservative Hybrid,Hybrid Scheme - Conservative Hybrid Fund,Regular,Growth,2010-01-11,AMFI scheme master,16.74,32.5592,2026-10-06,33.3554,2026-08-10,31.5875,2026-03-30,-0.0238702,87.3,Kuvera (latest month),91.1,Jul-Sep 2026,76.78,0.0196,Harshal Joshi; Viraj Kulkarni; Brijesh Shah; Ritika Behera; Gaurav Satra,Moderately High Risk,-0.0102564,0.0221417,0.00985376,0.0208058,0.0597976,0.0461579,0.0563009,0.0734942,NAV history,-0.00320665,-0.00926807,-0.0200336,0.0393681,-0.0526867,-0.0542386,-0.132148,-0.181906,0.0655738,27.8,11.1,5.6,18,,2026-10-07
111712,INF761K01462,BANK OF INDIA CONSERVATIVE HYBRID FUND,Bank of India Mutual Fund,Hybrid,Conservative Hybrid,Hybrid Schemes - Conservative Hybrid Fund,Regular,Growth,2009-01-28,AMFI scheme master,17.69,34.9354,2026-10-06,35.3625,2026-08-25,34.0546,2026-03-30,-0.0120778,65.2,Kuvera (latest month),65.12,Jul-Sep 2026,55.86,0.0225,Alok Singh,Moderately High Risk,-0.00942784,0.0210044,0.0162671,0.0257316,0.0551367,0.0879361,0.0649594,0.0738307,NAV history,0.00320665,-0.0139289,0.0217447,0.0392509,-0.043083,-0.043083,-0.251288,-0.325612,0.393443,22.2,27.8,38.9,18,,2026-10-07
150203,INF251K01845,BARODA BNP PARIBAS CONSERVATIVE HYBRID FUND,Baroda BNP Paribas Mutual Fund,Hybrid,Conservative Hybrid,Hybrid Schemes - Conservative Hybrid Fund,Regular,Growth,2004-08-09,AMFI scheme master,22.16,46.2366,2026-10-06,46.8594,2026-08-13,44.241,2026-03-30,-0.0132908,943.9,Kuvera (latest month),944.24,Jul-Sep 2026,930.17,0.0208,Prashant Pimple; Vikram Pamnani; Paresh Jain; Ankeet Pandya,Moderate Risk,-0.00615396,0.0386909,0.0277975,0.037086,0.0679144,,,0.0654914,NAV history,0.0147371,-0.00115123,,0.0369431,-0.0345768,,0.0788894,0.10547,0.227273,44.4,61.1,27.8,18,,2026-10-07
100601,INF760K01282,Canara Robeco Conservative Hybrid Fund,Canara Robeco Mutual Fund,Hybrid,Conservative Hybrid,Hybrid Schemes - Conservative Hybrid Fund,Regular,Growth,1988-04-24,AMFI scheme master,38.45,98.4625,2026-10-06,100.421,2026-08-10,94.2787,2026-03-30,-0.0195,852.4,Kuvera (latest month),854.9,Jul-Sep 2026,527.66,0.0189,Suman Prasad; Avnish Jain; Amit Kadam,Moderately High Risk,-0.0105415,0.0350419,0.0083639,0.028121,0.0630534,0.0560558,0.0714324,0.0871456,NAV history,-0.00469651,-0.00601228,-0.0101357,0.037,-0.0410323,-0.0440903,-0.0526117,-0.0705253,0.0983607,33.3,38.9,16.7,18,,2026-10-07
102448,INF740K01441,DSP Conservative Hybrid Fund,DSP Mutual Fund,Hybrid,Conservative Hybrid,Hybrid Schemes - Conservative Hybrid Fund,Regular,Growth,2004-04-27,AMFI scheme master,22.44,60.4643,2026-10-06,61.273,2026-08-10,58.2189,2026-03-30,-0.0131983,178.3,Kuvera (latest month),178.28,Jul-Sep 2026,143.94,0.0125,Abhishek Singh; Shantanu Godambe,Moderately High Risk,-0.010707,0.0327992,0.0222682,0.0402712,0.0793311,0.0661915,0.0604366,0.0834848,Launch NAV Rs 10 assumed (pre-2006 NAV not in AMFI history),0.00920776,0.0102655,0,0.0326512,-0.0335364,-0.0459907,0.438917,0.614847,0.622951,88.9,66.7,66.7,18,,2026-10-07
100948,INF090I01EA7,Franklin India Conservative Hybrid Fund,Franklin Templeton Mutual Fund,Hybrid,Conservative Hybrid,Hybrid Scheme - Conservative Hybrid Fund,Regular,Growth,2000-09-25,AMFI scheme master,26.03,92.17,2026-10-06,93.1937,2026-08-10,88.8644,2026-03-30,-0.0109846,209.9,Kuvera (latest month),203.25,Jul-Sep 2026,157.65,0.0139,Rahul Goswami; Pallab Roy; Venkatesh Sanjeevi; Rohan Maru; Sandeep Manam; Rajasa Kakulavarapu,Moderately High Risk,-0.00595542,0.0305198,0.00676896,0.031952,0.068984,0.0634155,0.0645045,0.0890771,Launch NAV Rs 10 assumed (pre-2006 NAV not in AMFI history),-0.00629146,-8.16159e-05,-0.00277596,0.0364109,-0.0404842,-0.0434544,0.109419,0.149135,0.606557,55.6,44.4,58.3,18,,2026-10-07
102147,INF179K01AE4,HDFC Conservative Hybrid Fund,HDFC Mutual Fund,Hybrid,Conservative Hybrid,Hybrid Schemes - Conservative Hybrid Fund,Regular,Growth,2003-11-17,AMFI scheme master,22.89,82.6722,2026-10-06,84.5301,2026-08-13,80.8712,2026-03-30,-0.0219792,3201.3,Kuvera (latest month),3216.98,Jul-Sep 2026,2376.97,0.017,Anupam Joshi; Anand Laddha; Dhruv Muchhal,Moderately High Risk,-0.0207732,0.0178046,0.00135659,0.021012,0.0653171,0.0693996,0.0748454,0.0966913,Launch NAV Rs 10 assumed (pre-2006 NAV not in AMFI history),-0.0117038,-0.0037485,0.0032081,0.0372503,-0.0368394,-0.0414332,0.00851389,0.011392,0.590164,38.9,55.6,50,18,,2026-10-07
102262,INF336L01099,HSBC Conservative Hybrid Fund,HSBC Mutual Fund,Hybrid,Conservative Hybrid,Hybrid Schemes - Conservative Hybrid Fund,Regular,Growth,2004-01-22,AMFI scheme master,22.71,62.6397,2026-10-06,64.0566,2026-08-14,60.1081,2026-03-30,-0.0221195,156.3,Kuvera (latest month),154.04,Jul-Sep 2026,119.6,0.0219,Mahesh Chhabria; Cheenu Gupta; Abhishek Gupta; Mohd Asif Rizwi; Mayank Chaturvedi,Moderately High Risk,-0.0202075,0.0349923,0.00412134,0.0341923,0.0778958,0.0635963,0.0668589,0.084166,Launch NAV Rs 10 assumed (pre-2006 NAV not in AMFI history),-0.00893907,0.00883012,-0.00259512,0.0484766,-0.0624631,-0.0635449,0.266021,0.363741,0.557377,66.7,5.6,44.4,18,,2026-10-07
102330,INF109K01902,ICICI Prudential Conservative Hybrid Fund,ICICI Prudential Mutual Fund,Hybrid,Conservative Hybrid,Hybrid Schemes - Conservative Hybrid Fund,Regular,Growth,2004-03-30,AMFI scheme master,22.52,78.3439,2026-10-06,79.6929,2026-08-03,75.7263,2026-03-30,-0.0169275,3329.1,Kuvera (latest month),3338.82,Jul-Sep 2026,2420.2,0.0173,Manish Banthia; Akhil Kakkar; Roshan Chutkey; Sharmila D'Silva,High Risk,-0.0141937,0.0279746,0.0173343,0.0436498,0.0788766,0.0734943,0.0833966,0.0957219,Launch NAV Rs 10 assumed (pre-2006 NAV not in AMFI history),0.00427392,0.00981091,0.00730286,0.0320067,-0.0311585,-0.0323523,0.433552,0.598192,0.918033,83.3,83.3,88.9,18,,2026-10-07
114859,INF174K01393,Kotak Conservative Hybrid Fund,Kotak Mahindra Mutual Fund,Hybrid,Conservative Hybrid,Hybrid Schemes - Conservative Hybrid Fund,Regular,Growth,2003-12-02,AMFI scheme master,22.85,59.1098,2026-10-06,60.3669,2026-08-13,57.246,2026-03-30,-0.0208243,2832.7,Kuvera (latest month),2839.1,Jul-Sep 2026,1658.13,0.017563,Abhishek Bisen; Shibani Kurian,Moderately High Risk,-0.0151896,0.0269678,0.000987274,0.020521,0.0717614,0.0680515,0.0801179,0.0899835,NAV history,-0.0120731,0.00269574,0.00186007,0.0445999,-0.0441272,-0.049632,0.151601,0.203737,0.704918,61.1,22.2,83.3,18,,2026-10-07
101869,INF767K01808,LIC MF Conservative Hybrid Fund,LIC Mutual Fund,Hybrid,Conservative Hybrid,Hybrid Scheme - Conservative Hybrid Fund,Regular,Growth,2003-06-01,AMFI scheme master,23.35,83.4921,2026-10-06,85.2496,2026-08-10,81.1383,2026-03-30,-0.0206159,46.8,Kuvera (latest month),46.7,Jul-Sep 2026,35.96,0.0224,Pratik Shroff; Siddharth Panjwani,Moderate Risk,-0.0117746,0.0247963,0.017886,0.0256764,0.0548028,0.045282,0.0553703,0.09515,Launch NAV Rs 10 assumed (pre-2006 NAV not in AMFI history),0.0048256,-0.0142628,-0.0209095,0.034352,-0.0325303,-0.0504304,-0.296845,-0.420834,0.0819672,16.7,72.2,11.1,18,,2026-10-07
102172,INF204K01FD1,Nippon India Conservative Hybrid Fund (Existing number of Segregated Portfolios - 1),Nippon India Mutual Fund,Hybrid,Conservative Hybrid,Hybrid Scheme - Conservative Hybrid Fund,Regular,Growth,2003-12-10,AMFI scheme master,22.83,61.9546,2026-10-06,62.3541,2026-08-14,58.977,2025-10-07,-0.00640696,978.51,AMFI AAUM Jul-Sep 2026,978.51,Jul-Sep 2026,647.52,0.0179,,,0.00191474,0.0353826,0.0514895,0.0661762,0.0771325,0.0733324,0.0511365,0.0831921,Launch NAV Rs 10 assumed (pre-2006 NAV not in AMFI history),0.038429,0.00806681,0.00714093,0.0196423,-0.0184909,-0.0221694,0.61767,0.878386,0.606557,94.4,100,58.3,18,,2026-10-07
148959,INF879O01209,Parag Parikh Conservative Hybrid Fund,PPFAS Mutual Fund,Hybrid,Conservative Hybrid,Hybrid Scheme - Conservative Hybrid Fund,Regular,Growth,2021-05-07,AMFI scheme master,5.42,15.7505,2026-10-06,15.9666,2026-08-13,15.2913,2025-10-14,-0.0135345,3481.4,Kuvera (latest month),3475.14,Jul-Sep 2026,809.54,0.0067,Raj Mehta; Rajeev Thakkar; Raunak Onkar; Rukun Tarachandani; Tejas Soman; Mansi Kariya,Moderately High Risk,-0.0092405,0.0250495,0.0314602,0.0483783,0.0887207,0.0862034,,0.0884264,NAV history,0.0183998,0.0196551,0.020012,0.0274497,-0.0223743,-0.0237983,0.864153,1.21029,0.981481,100,94.4,100,18,,2026-10-07
100968,INF200K01859,SBI CONSERVATIVE HYBRID FUND,SBI Mutual Fund,Hybrid,Conservative Hybrid,Hybrid Scheme - Conservative Hybrid Fund,Regular,Growth,2001-02-22,AMFI scheme master,25.62,76.4038,2026-10-06,77.1278,2026-08-13,72.6018,2026-03-30,-0.00938702,10226.2,Kuvera (latest month),10195,Jul-Sep 2026,8554.34,0.0149,Saurabh Pant; Mansi Sajeja,Moderately High Risk,-0.00372801,0.0455389,0.0399206,0.0454188,0.078437,0.0799379,0.0804259,0.0826108,Launch NAV Rs 10 assumed (pre-2006 NAV not in AMFI history),0.0268602,0.00937132,0.0137464,0.036408,-0.0319176,-0.0379395,0.369066,0.504092,0.934426,77.8,77.8,94.4,18,,2026-10-07
112868,INF903J01HB0,Sundaram Conservative Hybrid Fund (Formerly Known as Sundaram Debt Oriented Hybrid Fund),Sundaram Mutual Fund,Hybrid,Conservative Hybrid,Hybrid Scheme - Conservative Hybrid Fund,Regular,Growth,2010-01-21,AMFI scheme master,16.71,29.0456,2026-10-06,30.01,2026-01-02,28.7287,2026-03-30,-0.032136,18.9,Kuvera (latest month),18.84,Jul-Sep 2026,13.63,0.019,Kumaresh Ramakrishnan; S. Bharath,Moderate Risk,-0.0129642,0.00624277,-0.0165535,0.00570858,0.0434861,0.0422614,0.0524802,0.0664884,NAV history,-0.0296139,-0.0255795,-0.0239301,0.034189,-0.0426958,-0.0426958,-0.629263,-0.82458,0.229508,5.6,33.3,33.3,18,,2026-10-07
102535,INF789F01893,UTI Conservative Hybrid Fund,UTI Mutual Fund,Hybrid,Conservative Hybrid,Hybrid Schemes - Conservative Hybrid Fund,Regular,Growth,2003-12-01,AMFI scheme master,22.85,69.8277,2026-10-06,71.4795,2026-08-10,67.5434,2026-03-30,-0.0231087,1646.1,Kuvera (latest month),1650.59,Jul-Sep 2026,1207.48,0.0186,Amit Premchandani; Jaydeep Bhowal,Moderately High Risk,-0.0186495,0.0276547,-0.0003121,0.0222973,0.0691473,0.0620852,0.0707118,0.0887847,Launch NAV Rs 10 assumed (pre-2006 NAV not in AMFI history),-0.0133725,8.16159e-05,-0.00410623,0.0388878,-0.0459258,-0.0517766,0.106647,0.145174,0.639344,50,16.7,72.2,18,,2026-10-07
132998,INF209KA1TS3,Aditya Birla Sun Life Equity Savings Fund,Aditya Birla Sun Life Mutual Fund,Hybrid,Equity Savings,Hybrid Scheme - Equity Savings,Regular,Growth,2014-11-11,AMFI scheme master,11.9,23.18,2026-10-06,23.52,2026-08-03,22.35,2025-10-07,-0.0144558,1129.8,Kuvera (latest month),1126.13,Jul-Sep 2026,633.31,0.0167,Lovelish Solanki; Harshil Suvarnkar; Rohit Karan,Moderate Risk,-0.00429553,0.0306803,0.0371365,0.0531339,0.0715461,0.0574657,0.0684107,0.0735441,NAV history,0.0134678,0.000662948,-0.00709875,0.0286334,-0.0261438,-0.101449,0.228616,0.320256,0.409836,70,90,35,23,,2026-10-07
135122,INF846K01VO3,Axis Equity Savings Fund,Axis Mutual Fund,Hybrid,Equity Savings,Hybrid Schemes - Equity Savings Fund,Regular,Growth,2015-07-27,AMFI scheme master,11.2,22.89,2026-10-06,23.4,2026-08-03,21.72,2026-03-30,-0.0217949,885.9,Kuvera (latest month),880.97,Jul-Sep 2026,720.14,0.027,Devang Shah; Hardik Shah; Mayank Hyanki; Krishnaa N,Moderately High Risk,-0.00607903,0.0466392,0.0255376,0.0289518,0.0768646,0.0626818,0.0798219,0.077053,NAV history,0.001869,0.00598151,-0.00188272,0.0524471,-0.0563636,-0.092539,0.226221,0.303806,0.442623,65,35,50,23,,2026-10-07
108995,INF194K01581,BANDHAN EQUITY SAVINGS FUND,Bandhan Mutual Fund,Hybrid,Equity Savings,Hybrid Scheme - Equity Savings,Regular,Growth,2008-05-05,AMFI scheme master,18.42,32.26,2026-10-06,32.828,2026-08-03,31.281,2026-03-30,-0.0173023,409.3,Kuvera (latest month),400.92,Jul-Sep 2026,250.42,0.0154,Harshal Joshi; Viraj Kulkarni; Brijesh Shah; Ritika Behera; Gaurav Satra; Kapil Kankonkar,Low to Moderate Risk,-0.00484314,0.0267019,0.0247451,0.0380734,0.0586743,0.0555414,0.0609575,0.0659594,NAV history,0.00107645,-0.0122088,-0.00902311,0.02336,-0.0239329,-0.0378335,-0.270792,-0.364205,0.229508,15,95,12.5,23,,2026-10-07
153769,INF0QA701BQ5,Bajaj Finserv Equity Savings Fund,Bajaj Finserv Mutual Fund,Hybrid,Equity Savings,Hybrid Scheme - Equity Savings,Regular,Growth,2025-07-28,AMFI scheme master,1.19,10.402,2026-10-06,10.491,2026-08-05,10.037,2025-10-07,-0.00848346,39.86,AMFI AAUM Jul-Sep 2026,39.86,Jul-Sep 2026,35.82,0.0223,,,0.000962279,0.024323,0.0363654,,,,,0.0342678,NAV history,0.0126968,,,,,,,,,,,,23,,2026-10-07
147494,INF955L01II9,Baroda BNP Paribas Equity Savings Fund,Baroda BNP Paribas Mutual Fund,Hybrid,Equity Savings,Hybrid Schemes - Equity Savings Fund,Regular,Growth,2019-07-04,AMFI scheme master,7.26,17.1547,2026-10-06,17.5513,2026-08-12,16.2679,2026-03-30,-0.0225966,288.7,Kuvera (latest month),284.77,Jul-Sep 2026,235.34,0.0284,Jitendra Sriram; Vikram Pamnani; Neeraj Saxena; Kushant Arora,Moderately High Risk,-0.0060605,0.044916,0.0261707,0.0348383,0.0787881,0.0694944,,0.0776854,NAV history,0.00250201,0.007905,0.00492996,0.0554503,-0.0560786,-0.0653625,0.248657,0.333765,0.491803,75,40,55,23,,2026-10-07
136563,INF740KA1439,DSP Equity Savings Fund,DSP Mutual Fund,Hybrid,Equity Savings,Hybrid Scheme - Equity Savings,Regular,Growth,2016-03-08,AMFI scheme master,10.58,22.094,2026-10-06,22.5,2026-08-03,21.672,2026-04-01,-0.0180444,3306.2,Kuvera (latest month),3334.43,Jul-Sep 2026,1590.47,0.0195,Abhishek Singh; Shantanu Godambe; Kaivalya Nadkarni,Moderately High Risk,-0.0154628,0.0158628,0.00701914,0.0252776,0.0743721,0.0645645,0.0710582,0.0777634,NAV history,-0.0166495,0.00348897,0,0.0343897,-0.0292932,-0.0458328,0.272526,0.385669,0.409836,80,85,35,23,,2026-10-07
140351,INF843K01KG9,Edelweiss Equity Savings Fund,Edelweiss Mutual Fund,Hybrid,Equity Savings,Hybrid Scheme - Equity Savings,Regular,Growth,2014-09-22,AMFI scheme master,12.04,27.2988,2026-10-06,27.5228,2026-08-25,25.333,2026-03-30,-0.00813871,1659.5,Kuvera (latest month),1592.44,Jul-Sep 2026,923.05,0.021,Kedar Karnik; Bhavesh Jain; Bharat Lahoti; Rahul Dedhia,Moderate Risk,0.0128748,0.0672557,0.0637996,0.068228,0.099864,0.0828251,,0.0935899,NAV history,0.040131,0.0289809,0.0182606,0.0393388,-0.0354,-0.0547017,0.886249,1.22955,0.688525,100,75,75,23,,2026-10-07
144461,INF090I01PA3,Franklin India Equity Savings Fund,Franklin Templeton Mutual Fund,Hybrid,Equity Savings,Hybrid Scheme - Equity Savings,Regular,Growth,2018-08-03,AMFI scheme master,8.18,16.9199,2026-10-06,17.1406,2026-08-03,16.4903,2026-03-30,-0.0128759,587.2,Kuvera (latest month),589.87,Jul-Sep 2026,537.25,0.0161,Venkatesh Sanjeevi; Rohan Maru; Anuj Tagra; Sandeep Manam; Rajasa Kakulavarapu,Low to Moderate Risk,-0.00344555,0.0223134,0.0220602,0.0370277,0.0625334,0.0577116,,0.0669994,NAV history,-0.00160844,-0.00834971,-0.00685288,0.0259425,-0.0219044,-0.06687,-0.0950792,-0.129135,0.409836,20,100,35,23,,2026-10-07
101585,INF179K01AM7,HDFC Equity Savings Fund,HDFC Mutual Fund,Hybrid,Equity Savings,Hybrid Scheme - Equity Savings,Regular,Growth,2004-08-20,AMFI scheme master,22.13,66.898,2026-10-06,68.636,2026-08-03,64.93,2026-03-30,-0.025322,5758.1,Kuvera (latest month),5698.5,Jul-Sep 2026,3674.96,0.0218,Anil Bamboli; Arun Agarwal; Anand Laddha; Dhruv Muchhal; Nandita Menezes,Moderately High Risk,-0.0126485,0.0227019,0.00470076,0.0214727,0.0702202,0.0695535,0.0819313,0.0896899,Launch NAV Rs 10 assumed (pre-2006 NAV not in AMFI history),-0.0189679,-0.000662948,0.00498898,0.0471198,-0.0497989,-0.0560938,0.110785,0.148816,0.655738,55,60,70,23,,2026-10-07
151058,INF917K01AA5,HSBC Equity Savings Fund,HSBC Mutual Fund,Hybrid,Equity Savings,Hybrid Schemes - Equity Savings Fund,Regular,Growth,2011-09-27,AMFI scheme master,15.03,36.4864,2026-10-06,37.1158,2026-08-31,33.5924,2026-01-21,-0.0169577,1475.3,Kuvera (latest month),1388.17,Jul-Sep 2026,930.53,0.024,Mahesh Chhabria; Praveen Ayathan; Cheenu Gupta; Mohd Asif Rizwi; Mayank Chaturvedi,Moderate Risk,-0.00634542,0.0726436,0.0584082,0.0587124,0.115037,,,0.120435,NAV history,0.0347396,0.0441542,,0.0723155,-0.116583,,0.691931,0.921543,0.805556,95,5,95,23,,2026-10-07
146456,INF205KA1023,Invesco India Equity Savings Fund,Invesco Mutual Fund,Hybrid,Equity Savings,Hybrid Schemes - Equity Savings Fund,Regular,Growth,2019-02-14,AMFI scheme master,7.64,16.5972,2026-10-06,17.0902,2025-10-29,15.8311,2026-03-30,-0.0288469,280,Kuvera (latest month),283.92,Jul-Sep 2026,234.22,0.0297,Deepak Gupta; Krishna Cheemalapati; Amey Sathe,Moderate Risk,-0.00414012,0.0355775,-0.0194663,-3.01242e-05,0.0676427,0.0570269,,0.069148,NAV history,-0.0431349,-0.00324044,-0.00753761,0.0534619,-0.0751295,-0.086464,0.049431,0.067,0.344262,30,15,25,23,,2026-10-07
131372,INF174K01C78,Kotak Equity Savings Fund,Kotak Mahindra Mutual Fund,Hybrid,Equity Savings,Hybrid Scheme - Equity Savings,Regular,Growth,2014-09-17,AMFI scheme master,12.05,27.2945,2026-10-06,27.7946,2026-08-13,25.8953,2026-03-30,-0.0179927,10683.9,Kuvera (latest month),10517.8,Jul-Sep 2026,6241.25,0.021201,Abhishek Bisen; Devender Singhal; Hiten Shah,Moderate Risk,-0.00490357,0.0413853,0.0181096,0.0367207,0.0863707,0.0866209,0.0876762,0.0873882,NAV history,-0.00555905,0.0154876,0.0220564,0.0567309,-0.0621294,-0.0621294,0.376704,0.503559,0.803279,85,30,90,23,,2026-10-07
151950,INF397L01315,LIC MF Equity Savings Fund,LIC Mutual Fund,Hybrid,Equity Savings,Hybrid Scheme - Equity Savings,Regular,Growth,2011-02-14,AMFI scheme master,15.64,28.3202,2026-10-06,28.8304,2026-08-31,26.6551,2026-03-31,-0.0176966,38.7,Kuvera (latest month),37.97,Jul-Sep 2026,25.05,0.0283,Pratik Shroff; Siddharth Panjwani,Moderate Risk,0.00581393,0.0477321,0.0103099,0.0406504,0.071998,,,0.0721879,NAV history,-0.0133587,0.00111487,,0.0688949,-0.0766875,,0.101575,0.137569,0.428571,50,10,45,23,,2026-10-07
140447,INF174V01150,Mahindra Manulife Equity Savings Fund,Mahindra Manulife Mutual Fund,Hybrid,Equity Savings,Hybrid Schemes - Equity Savings Fund,Regular,Growth,2017-01-10,AMFI scheme master,9.74,21.4179,2026-10-06,21.756,2026-09-01,20.3862,2026-03-31,-0.0155405,530.3,Kuvera (latest month),531.32,Jul-Sep 2026,500.14,0.0282,Rahul Pal; Kush Sonigara; Renjith Radhakrishnan; Navin Matta,Moderately High Risk,-0.00754838,0.0421829,0.0281842,0.0341892,0.0738524,0.0661306,,0.0813693,NAV history,0.00451559,0.00296924,0.00156613,0.0521979,-0.0510125,-0.0865667,0.169592,0.22519,0.606557,60,50,65,23,,2026-10-07
145695,INF769K01EI5,Mirae Asset Equity Savings Fund,Mirae Asset Mutual Fund,Hybrid,Equity Savings,Hybrid Schemes - Equity Savings Fund,Regular,Growth,2018-11-26,AMFI scheme master,7.86,21.12,2026-10-06,21.45,2026-08-03,19.994,2026-03-30,-0.0153846,2040.6,Kuvera (latest month),2018.48,Jul-Sep 2026,1076.62,0.0173,Bharti Sawant; Vrijesh Kasera; Harshad Borawake; Basant Bafna,Moderately High Risk,-0.00611765,0.043169,0.0330659,0.0447358,0.0871745,0.0775659,,0.100142,NAV history,0.0093973,0.0162914,0.0130014,0.056929,-0.0547274,-0.0732525,0.389511,0.534324,0.967213,90,45,100,23,,2026-10-07
134593,INF204KA1V94,Nippon India Equity Savings Fund (Existing number of Segregated Portfolios - 2),Nippon India Mutual Fund,Hybrid,Equity Savings,Hybrid Scheme - Equity Savings,Regular,Growth,2015-05-12,AMFI scheme master,11.41,16.1739,2026-10-06,16.6444,2026-08-03,15.9236,2026-03-30,-0.0282678,771,Kuvera (latest month),789.17,Jul-Sep 2026,495.51,0.02,Ashutosh Bhargava; Herin Visaria; Sushil Budhia; Amber Singhania,Moderate Risk,-0.0193119,0.00941771,0.00539563,0.0216854,0.0544265,0.0552834,0.0395509,0.0432078,NAV history,-0.018273,-0.0164566,-0.00928111,0.0370092,-0.0355938,-0.0575374,-0.285698,-0.384439,0.229508,10,70,12.5,23,,2026-10-07
138372,INF223J01FB7,PGIM India Equity Savings Fund,PGIM India Mutual Fund,Hybrid,Equity Savings,Hybrid Scheme - Equity Savings,Regular,Growth,2004-01-15,AMFI scheme master,22.73,50.5818,2026-10-06,51.5688,2026-08-03,48.9776,2026-03-30,-0.0191395,59,Kuvera (latest month),59.05,Jul-Sep 2026,48.5,0.0177,Vinay Paharia; Puneet Pal; Anandha Padmanabhan Anjeneyan; Vivek Sharma,Moderate Risk,-0.00862571,0.0287628,0.0194922,0.0354722,0.0551662,0.0506214,0.0635822,0.068027,NAV history,-0.00417643,-0.0157169,-0.0139431,0.0273792,-0.0317532,-0.0317532,-0.35917,-0.487675,0.311475,5,80,20,23,,2026-10-07
134644,INF200KA1DA4,SBI EQUITY SAVINGS FUND,SBI Mutual Fund,Hybrid,Equity Savings,Hybrid Scheme - Equity Savings,Regular,Growth,2015-05-11,AMFI scheme master,11.41,24.5242,2026-10-06,24.847,2026-08-03,23.8205,2026-03-23,-0.0129915,5485.5,Kuvera (latest month),5539.41,Jul-Sep 2026,4301.38,0.02,Neeraj Kumar; Nidhi Chawla; Mohit Jain; Vandna Soni,Moderate Risk,-0.00573671,0.0204598,0.0194544,0.0295928,0.0693354,0.0741743,0.0799843,0.0826885,NAV history,-0.00421419,-0.00154769,0.00960981,0.0481895,-0.0649699,-0.0729212,0.0899662,0.120961,0.590164,40,25,60,23,,2026-10-07
149674,INF173K01213,Sundaram Equity Savings Fund (Formerly Known as Principal Equity Savings Fund),Sundaram Mutual Fund,Hybrid,Equity Savings,Hybrid Scheme - Equity Savings,Regular,Growth,2002-04-22,AMFI scheme master,24.46,70.1184,2026-10-06,72.383,2026-01-02,67.6547,2026-03-31,-0.0312864,1002.4,Kuvera (latest month),1011.65,Jul-Sep 2026,849.7,0.0278,Kumaresh Ramakrishnan; Rohit Seksaria; Clyton Fernandes,Moderate Risk,-0.0142496,0.0235262,-0.0129966,0.0153898,0.0687262,,,0.071896,NAV history,-0.0366652,-0.00215687,,0.0553502,-0.0653233,,0.0673212,0.0900748,0.695652,35,20,80,23,,2026-10-07
144484,INF789F1A744,UTI - Equity Savings Fund,UTI Mutual Fund,Hybrid,Equity Savings,Hybrid Schemes - Equity Savings Fund,Regular,Growth,2018-08-10,AMFI scheme master,8.16,18.5929,2026-10-06,19.1442,2026-02-11,18.1835,2026-03-30,-0.0287972,816.2,Kuvera (latest month),832.66,Jul-Sep 2026,541.98,0.0206,V Srivatsa; Anurag Mittal,Moderately High Risk,-0.0180982,0.0115392,0.0106045,0.0260293,0.0691166,0.0733105,,0.0794895,NAV history,-0.0130641,-0.00176655,0.00874598,0.0443,-0.0501823,-0.0524921,0.0929248,0.129004,0.721311,45,55,85,23,,2026-10-07
144310,INF582M01EG2,Union Equity Savings Fund,Union Mutual Fund,Hybrid,Equity Savings,Hybrid Scheme - Equity Savings,Regular,Growth,2018-07-19,AMFI scheme master,8.22,17.3,2026-10-06,17.55,2026-08-03,16.47,2026-03-30,-0.014245,115.1,Kuvera (latest month),119.39,Jul-Sep 2026,95.34,0.026,Parijat Agrawal; Sanjay Bembalkar; Gaurav Chopra,Moderately High Risk,-0.00745841,0.0427969,0.0236686,0.0286418,0.0620859,0.0547901,,0.0692894,NAV history,0,-0.00879723,-0.00977439,0.0465483,-0.0457706,-0.0609665,-0.0626041,-0.0829251,0.0327869,25,65,5,23,,2026-10-07
153356,INF03VN01AC5,WhiteOak Capital Equity Savings Fund,WhiteOak Capital Mutual Fund,Hybrid,Equity Savings,Hybrid Schemes - Equity Savings Fund,Regular,Growth,2025-02-25,AMFI scheme master,1.61,11.459,2026-10-06,11.601,2026-09-01,10.91,2026-03-23,-0.0122403,271.48,AMFI AAUM Jul-Sep 2026,271.48,Jul-Sep 2026,245.97,0.0299,,,0.000436529,0.0421062,0.0403087,,,,,0.0913455,NAV history,0.01664,,,,,,,,,,,,23,,2026-10-07
153707,INF966L01EF1,quant Equity Savings Fund,quant Mutual Fund,Hybrid,Equity Savings,Hybrid Scheme - Equity Savings,Regular,Growth,2025-07-07,AMFI scheme master,1.25,10.7346,2026-10-06,10.9438,2026-09-08,9.709,2026-03-23,-0.0191158,56.71,AMFI AAUM Jul-Sep 2026,56.71,Jul-Sep 2026,23.11,0.0374,,,0.00970709,0.0889227,0.0648665,,,,,0.0601791,NAV history,0.0411979,,,,,,,,,,,,23,,2026-10-07
153772,INF579M01BJ8,360 ONE Multi Asset Allocation Fund,360 ONE Mutual Fund,Hybrid,Multi Asset Allocation,Hybrid Schemes - Multi Asset Allocation Fund,Regular,Growth,2025-07-30,AMFI scheme master,1.19,12.0122,2026-10-06,12.5369,2026-08-24,10.8068,2025-10-07,-0.0418525,500.19,AMFI AAUM Jul-Sep 2026,500.19,Jul-Sep 2026,429.22,0.0215,,,-0.00938479,0.0306036,0.0959637,,,,,0.176489,NAV history,0.0410964,,,,,,,,,,,,37,,2026-10-07
151309,INF209KB12R6,Aditya Birla Sun Life Multi Asset Allocation Fund,Aditya Birla Sun Life Mutual Fund,Hybrid,Multi Asset Allocation,Hybrid Scheme - Multi Asset Allocation,Regular,Growth,2023-01-11,AMFI scheme master,3.74,16.4648,2026-10-06,17.3572,2026-08-25,15.0524,2026-03-23,-0.0514138,7618.2,Kuvera (latest month),7410.43,Jul-Sep 2026,6791.72,0.0178,Dhaval Gala; Bhupesh Bameta; Sachin Wankhede,Very High Risk,-0.027271,0.0547665,0.0654415,0.0777505,0.139128,,,0.145601,NAV history,0.0105742,0.00403822,,0.10459,-0.129844,,0.708751,0.957494,0.727273,46.7,20,75,37,,2026-10-07
154440,INF2VOA01046,AlphaGrep Multi Asset Allocation Fund,AlphaGrep Mutual Fund,Hybrid,Multi Asset Allocation,Hybrid Schemes - Multi Asset Allocation Fund,Regular,Growth,2026-07-06,AMFI scheme master,0.25,10.1935,2026-10-06,10.3978,2026-08-25,10.0064,2026-07-29,-0.0196484,58.88,AMFI AAUM Jul-Sep 2026,58.88,Jul-Sep 2026,40.68,0.0319,,,,,,,,,,0.0182096,"NAV history (absolute, <1Y)",,,,,,,,,,,,,37,,2026-10-07
113064,INF846K01768,Axis Multi Asset Allocation Fund,Axis Mutual Fund,Hybrid,Multi Asset Allocation,Hybrid Schemes - Multi Asset Allocation Fund,Regular,Growth,2010-06-30,AMFI scheme master,16.27,44.0381,2026-10-06,46.7317,2026-01-29,41.0052,2026-03-23,-0.0576397,2611.1,Kuvera (latest month),2553.34,Jul-Sep 2026,1731.47,0.0228,Devang Shah; Aditya Pagaria; Ashish Naik; Hardik Shah; Pratik Tibrewal; Krishnaa N,Very High Risk,-0.0195257,0.0476756,0.0448766,0.0619017,0.12175,0.0744333,0.101056,0.0962992,NAV history,-0.00999067,-0.0133405,-0.0432217,0.107069,-0.12254,-0.178996,0.530028,0.699928,0.278689,33.3,40,29.2,37,,2026-10-07
152326,INF194KB1HJ3,BANDHAN MULTI ASSET ALLOCATION FUND,Bandhan Mutual Fund,Hybrid,Multi Asset Allocation,Hybrid Scheme - Multi Asset Allocation,Regular,Growth,2024-01-10,AMFI scheme master,2.74,13.9575,2026-10-06,14.506,2026-08-21,12.8061,2026-03-23,-0.0378119,3744.8,Kuvera (latest month),3670.33,Jul-Sep 2026,3461.67,0.0215,Gautam Kaul; Daylynn Pinto; Viraj Kulkarni; Brijesh Shah; Ritika Behera; Gaurav Satra; Kapil Kankonkar,Very High Risk,-0.0195011,0.0609147,0.0801765,0.0877453,,,,0.132138,NAV history,0.0253092,,,,,,,,0.904762,,,87.5,37,,2026-10-07
152642,INF0QA701797,Bajaj Finserv Multi Asset Allocation Fund,Bajaj Finserv Mutual Fund,Hybrid,Multi Asset Allocation,Hybrid Scheme - Multi Asset Allocation,Regular,Growth,2024-05-13,AMFI scheme master,2.4,11.8798,2026-10-06,12.9773,2026-01-29,11.2412,2026-03-23,-0.0845708,1984.9,Kuvera (latest month),1949.78,Jul-Sep 2026,1847.58,0.022,Siddharth Chaudhary; Anup Kulkarni; Sabyasachi Mukerji; Cheragh Sidhwa,Very High Risk,-0.0265252,0.0193141,0.0420329,0.0472835,,,,0.0749504,NAV history,-0.0128344,,,,,,,,0.411765,,,41.7,37,,2026-10-07
152398,INF761K01FW0,Bank of India Multi Asset Allocation Fund,Bank of India Mutual Fund,Hybrid,Multi Asset Allocation,Hybrid Scheme - Multi Asset Allocation,Regular,Growth,2024-02-07,AMFI scheme master,2.66,12.688,2026-10-06,13.0477,2026-08-28,11.6044,2026-03-23,-0.0275681,379.3,Kuvera (latest month),371.76,Jul-Sep 2026,359.6,0.0218,Mithraem Bharucha; Nilesh Jethani,Very High Risk,0.000954567,0.0649835,0.0878754,0.0720475,,,,0.0951701,NAV history,0.0330082,,,,,,,,0.2,,,16.7,37,,2026-10-07
150863,INF251K01RC9,Baroda BNP Paribas Multi Asset Fund,Baroda BNP Paribas Mutual Fund,Hybrid,Multi Asset Allocation,Hybrid Scheme - Multi Asset Allocation,Regular,Growth,2022-11-28,AMFI scheme master,3.86,15.6726,2026-10-06,16.6275,2026-08-25,14.7119,2026-03-23,-0.057429,1486.4,Kuvera (latest month),1464.02,Jul-Sep 2026,1418.77,0.0206,Jitendra Sriram; Vikram Pamnani; Kushant Arora,High Risk,-0.029332,0.0347478,0.0246409,0.0367354,0.124846,,,0.127113,NAV history,-0.0302263,-0.0102445,,0.109068,-0.123649,,0.548701,0.747494,0.285714,40,33.3,33.3,37,,2026-10-07
153466,INF760K01LG3,Canara Robeco Multi Asset Allocation Fund,Canara Robeco Mutual Fund,Hybrid,Multi Asset Allocation,Hybrid Schemes - Multi Asset Allocation Fund,Regular,Growth,2025-05-09,AMFI scheme master,1.41,10.94,2026-10-06,11.55,2026-08-25,10.1,2026-03-23,-0.0528139,1377.84,AMFI AAUM Jul-Sep 2026,1377.84,Jul-Sep 2026,1285.63,0.0233,,,-0.0144144,0.0519231,0.0458891,,,,,0.0684649,NAV history,-0.00897816,,,,,,,,,,,,37,,2026-10-07
154231,INF226401083,Capitalmind Multi Asset Allocation Fund,Capitalmind Mutual Fund,Hybrid,Multi Asset Allocation,Hybrid Scheme - Multi Asset Allocation,Regular,Growth,2026-02-23,AMFI scheme master,0.62,9.5918,2026-10-06,10.2999,2026-05-25,9.5408,2026-10-01,-0.0687482,38.59,AMFI AAUM Jul-Sep 2026,38.59,Jul-Sep 2026,13.81,0.0238,,,-0.0250551,-0.0431356,,,,,,-0.0411268,"NAV history (absolute, <1Y)",,,,,,,,,,,,,37,,2026-10-07
152053,INF740KA1TB5,DSP Multi Asset Allocation Fund,DSP Mutual Fund,Hybrid,Multi Asset Allocation,Hybrid Schemes - Multi Asset Allocation Fund,Regular,Growth,2023-09-07,AMFI scheme master,3.08,15.7218,2026-10-06,16.5413,2026-01-29,14.6869,2025-10-07,-0.0495427,10989.9,Kuvera (latest month),10741.5,Jul-Sep 2026,8572.48,0.0158,Aparna Karnik; Ravi Gehani; Shantanu Godambe,Very High Risk,-0.0302668,0.0254507,0.0709527,0.102528,0.164292,,,0.161756,NAV history,0.0160855,0.0292023,,0.0883627,-0.0985594,,1.12369,1.55276,1,86.7,66.7,97.9,37,,2026-10-07
151795,INF754K01RO7,Edelweiss Multi Asset Allocation Fund,Edelweiss Mutual Fund,Hybrid,Multi Asset Allocation,Hybrid Scheme - Multi Asset Allocation,Regular,Growth,2023-06-05,AMFI scheme master,3.34,12.5479,2026-10-06,12.5612,2026-09-30,11.7962,2026-01-29,-0.00105882,2953.7,Kuvera (latest month),2931.03,Jul-Sep 2026,589.41,0.0112,Kedar Karnik; Bhavesh Jain; Bharat Lahoti; Rahul Dedhia; Amit Vora,High Risk,0.0107862,0.0321119,0.0596904,0.0678063,0.0723511,,,0.0713488,NAV history,0.00482314,-0.0627391,,0.0198199,-0.0180226,,0.370895,0.549837,0.172414,13.3,100,12.5,37,,2026-10-07
153733,INF090I01YM0,Franklin India Multi Asset Allocation Fund,Franklin Templeton Mutual Fund,Hybrid,Multi Asset Allocation,Hybrid Scheme - Multi Asset Allocation,Regular,Growth,2025-07-11,AMFI scheme master,1.24,10.5677,2026-10-06,11.3736,2026-01-29,10.0365,2026-03-23,-0.0708571,2883.54,AMFI AAUM Jul-Sep 2026,2883.54,Jul-Sep 2026,2770.61,0.0195,,,-0.0417392,0.016428,0.0284366,,,,,0.0477922,NAV history,-0.0264307,,,,,,,,,,,,37,,2026-10-07
153851,INF666M01MD3,Groww Multi Asset Allocation Fund,Groww Mutual Fund,Hybrid,Multi Asset Allocation,Hybrid Schemes - Multi Asset Allocation Fund,Regular,Growth,2025-09-10,AMFI scheme master,1.07,9.8957,2026-10-06,10.7909,2026-01-29,9.4284,2026-03-23,-0.0829588,386.83,AMFI AAUM Jul-Sep 2026,386.83,Jul-Sep 2026,359.9,0.0266,,,-0.0295479,0.0185582,-0.013616,,,,,-0.0116179,NAV history,-0.0684833,,,,,,,,,,,,37,,2026-10-07
103131,INF179K01AP0,HDFC Multi Asset Allocation Fund,HDFC Mutual Fund,Hybrid,Multi Asset Allocation,Hybrid Schemes - Multi Asset Allocation Fund,Regular,Growth,2005-07-11,AMFI scheme master,21.24,72.969,2026-10-06,77.53,2026-01-29,70.524,2026-03-23,-0.0588288,6031.2,Kuvera (latest month),5967.78,Jul-Sep 2026,4943.88,0.02,Anil Bamboli; Arun Agarwal; Ihab Dalwai; Bhagyesh Kagalkar; Dhruv Muchhal; Nandita Menezes,Very High Risk,-0.0271578,0.0137258,-0.007724,0.0345015,0.103153,0.0923589,0.10036,0.0981007,Launch NAV Rs 10 assumed (pre-2006 NAV not in AMFI history),-0.0625913,-0.0319375,-0.0252961,0.0759349,-0.090365,-0.090365,0.50244,0.681266,0.213115,26.7,80,20.8,37,,2026-10-07
152378,INF336L01RF9,HSBC Multi Asset Allocation Fund,HSBC Mutual Fund,Hybrid,Multi Asset Allocation,Hybrid Schemes - Multi Asset Allocation Fund,Regular,Growth,2024-02-08,AMFI scheme master,2.66,13.5448,2026-10-06,14.2134,2026-08-26,12.3193,2026-03-23,-0.0470401,3259.6,Kuvera (latest month),3161.26,Jul-Sep 2026,3030.78,0.0227,Mahesh Chhabria; Praveen Ayathan; Cheenu Gupta; Mohd Asif Rizwi; Dipan Parikh; Mayank Chaturvedi,Moderate Risk,-0.0228193,0.0684715,0.060167,0.0717977,,,,0.122779,NAV history,0.00529977,,,,,,,,0.5,,,47.9,37,,2026-10-07
101144,INF109K01761,ICICI Prudential Multi Asset Allocation Fund,ICICI Prudential Mutual Fund,Hybrid,Multi Asset Allocation,Hybrid Schemes - Multi Asset Allocation Fund,Regular,Growth,2002-10-07,AMFI scheme master,24,784.893,2026-10-06,832.117,2026-02-11,752.412,2026-03-23,-0.056752,87833,Kuvera (latest month),86743.7,Jul-Sep 2026,63606.6,0.0143,Sankaran Naren; Manish Banthia; Akhil Kakkar; Gaurav Chikane; Sharmila D'Silva; Masoomi Jhurmarvala; Antariksha Banerjee,Very High Risk,-0.0370843,0.0131439,-0.00117178,0.0459179,0.129706,0.137537,0.141711,0.199387,Launch NAV Rs 10 assumed (pre-2006 NAV not in AMFI history),-0.056039,-0.00538399,0.0198823,0.082496,-0.0957862,-0.0957862,0.784356,1.09029,0.836066,66.7,73.3,83.3,37,,2026-10-07
154500,INF00XX01DP2,ITI Multi Asset Allocation Fund,ITI Mutual Fund,Hybrid,Multi Asset Allocation,Hybrid Schemes - Multi Asset Allocation Fund,Regular,Growth,2026-08-17,AMFI scheme master,0.14,9.8834,2026-10-06,10.0272,2026-09-23,9.8038,2026-10-01,-0.014341,37.4,AMFI AAUM Jul-Sep 2026,37.4,Jul-Sep 2026,36.22,0.0362,,,,,,,,,,-0.0110666,"NAV history (absolute, <1Y)",,,,,,,,,,,,,37,,2026-10-07
153046,INF205KA1999,Invesco India Multi Asset Allocation Fund,Invesco Mutual Fund,Hybrid,Multi Asset Allocation,Hybrid Schemes - Multi Asset Allocation Fund,Regular,Growth,2024-11-27,AMFI scheme master,1.86,12.11,2026-10-06,12.82,2026-01-29,11.4,2026-03-23,-0.0553822,1233.7,Kuvera (latest month),1202.45,Jul-Sep 2026,1054.79,0.0168,Krishna Cheemalapati; Taher Badshah; Amey Sathe,Very High Risk,-0.0257442,0.0315162,0.0594926,,,,,0.119355,NAV history,0.00462531,,,,,,,,,,,,37,,2026-10-07
154424,INF192K01NT8,JM Multi Asset Allocation Fund,JM Financial Mutual Fund,Hybrid,Multi Asset Allocation,Hybrid Schemes - Multi Asset Allocation Fund,Regular,Growth,2026-06-24,AMFI scheme master,0.29,10.0899,2026-10-06,10.4992,2026-08-26,9.8837,2026-07-24,-0.0389839,133.93,AMFI AAUM Jul-Sep 2026,133.93,Jul-Sep 2026,125.99,0.0273,,,,,,,,,,0.0110424,"NAV history (absolute, <1Y)",,,,,,,,,,,,,37,,2026-10-07
152065,INF174KA1PA0,Kotak Multi Asset Allocation Fund,Kotak Mahindra Mutual Fund,Hybrid,Multi Asset Allocation,Hybrid Scheme - Multi Asset Allocation,Regular,Growth,2023-08-31,AMFI scheme master,3.1,15.666,2026-10-06,16.812,2026-01-29,14.373,2025-11-07,-0.0681656,15282.8,Kuvera (latest month),15047.6,Jul-Sep 2026,13200.5,0.017701,Abhishek Bisen; Devender Singhal; Hiten Shah; Jeetu Sonar,High Risk,-0.0149648,0.0498593,0.0879922,0.0933534,0.160059,,,0.159781,NAV history,0.033125,0.0249693,,0.122113,-0.139305,,0.778455,1.0292,0.68,60,13.3,62.5,37,,2026-10-07
153248,INF767K01RW2,LIC MF Multi Asset Allocation Fund,LIC Mutual Fund,Hybrid,Multi Asset Allocation,Hybrid Scheme - Multi Asset Allocation,Regular,Growth,2025-01-24,AMFI scheme master,1.7,11.9859,2026-10-06,12.5389,2026-01-29,10.8247,2026-03-23,-0.0441028,987.11,AMFI AAUM Jul-Sep 2026,987.11,Jul-Sep 2026,905.42,0.0238,,,-0.00942157,0.063853,0.0128616,,,,,0.117672,NAV history,-0.0420057,,,,,,,,,,,,37,,2026-10-07
152441,INF174V01BT8,Mahindra Manulife Multi Asset Allocation Fund,Mahindra Manulife Mutual Fund,Hybrid,Multi Asset Allocation,Hybrid Schemes - Multi Asset Allocation Fund,Regular,Growth,2024-02-20,AMFI scheme master,2.63,13.5505,2026-10-06,14.1182,2026-08-26,12.5824,2026-03-23,-0.0402105,1234.8,Kuvera (latest month),1209.52,Jul-Sep 2026,1159.61,0.0188,Rahul Pal; Kush Sonigara; Renjith Radhakrishnan,Very High Risk,-0.0193588,0.0505485,0.0652825,0.0923243,,,,0.12518,NAV history,0.0104152,,,,,,,,0.95,,,91.7,37,,2026-10-07
152347,INF769K01KW3,Mirae Asset Multi Asset Allocation Fund,Mirae Asset Mutual Fund,Hybrid,Multi Asset Allocation,Hybrid Schemes - Multi Asset Allocation Fund,Regular,Growth,2024-01-10,AMFI scheme master,2.74,13.296,2026-10-06,13.8,2026-08-25,12.433,2026-03-23,-0.0365217,3690.6,Kuvera (latest month),3621.56,Jul-Sep 2026,3411.7,0.0214,Harshad Borawake; Siddharth Srivastava; Basant Bafna; Ritesh Patel,High Risk,-0.0146732,0.0375341,0.0611333,0.0807671,,,,0.111346,NAV history,0.00626602,,,,,,,,0.809524,,,79.2,37,,2026-10-07
148459,INF204KB16V0,Nippon India Multi Asset Allocation Fund,Nippon India Mutual Fund,Hybrid,Multi Asset Allocation,Hybrid Scheme - Multi Asset Allocation,Regular,Growth,2020-08-07,AMFI scheme master,6.17,24.4455,2026-10-06,25.6503,2026-08-25,22.5719,2026-03-23,-0.0469702,17983.9,Kuvera (latest month),17454.3,Jul-Sep 2026,13433.4,0.0144,Vinay Sharma; Kinjal Desai; Sushil Budhia; Vikram Dhawan; Amber Singhania,Very High Risk,-0.0149934,0.0534719,0.0656742,0.0939466,0.173997,0.135719,,0.1594,NAV history,0.0108069,0.0389065,0.0180645,0.100162,-0.109207,-0.109207,1.08821,1.47366,0.704918,80,53.3,66.7,37,,2026-10-07
153988,INF663L013A7,PGIM India Multi Asset Allocation Fund,PGIM India Mutual Fund,Hybrid,Multi Asset Allocation,Hybrid Scheme - Multi Asset Allocation,Regular,Growth,2025-11-11,AMFI scheme master,0.9,10.24,2026-10-06,10.9,2026-01-29,9.56,2026-03-23,-0.0605505,305.47,AMFI AAUM Jul-Sep 2026,305.47,Jul-Sep 2026,291.57,0.0257,,,-0.0210325,0.0353893,,,,,,0.025025,"NAV history (absolute, <1Y)",,,,,,,,,,,,,37,,2026-10-07
101072,INF966L01200,Quant Multi Asset Allocation Fund,quant Mutual Fund,Hybrid,Multi Asset Allocation,Hybrid Scheme - Multi Asset Allocation,Regular,Growth,2001-02-19,AMFI scheme master,25.63,165.306,2026-10-06,171.719,2026-07-21,147.063,2025-10-07,-0.0373454,6527.7,Kuvera (latest month),6467.35,Jul-Sep 2026,3132.91,0.0228,Sanjeev Sharma; Ankit A. Pande; Sandeep Tandon; Varun Pattani; Sameer Kate; Ayusha Kumbhat; Yug Tibrewal,High Risk,-0.0293652,0.0698761,0.122517,0.0942037,0.20871,0.175074,0.174453,0.115682,Launch NAV Rs 10 assumed (pre-2006 NAV not in AMFI history),0.0676499,0.0736195,0.0574191,0.114198,-0.129666,-0.161654,1.25842,1.76922,0.721311,93.3,26.7,70.8,37,,2026-10-07
152475,INF082J01465,Quantum Multi Asset Allocation Fund,Quantum Mutual Fund,Hybrid,Multi Asset Allocation,Hybrid Scheme - Multi Asset Allocation,Regular,Growth,2024-02-19,AMFI scheme master,2.63,11.44,2026-10-06,12.59,2026-01-29,11.24,2026-03-23,-0.0913423,59.2,Kuvera (latest month),58.3,Jul-Sep 2026,26.61,0.0203,Sneha Pandey; Mansi Vasa,Very High Risk,-0.0313294,-0.00608167,-0.032967,0.0221296,,,,0.053489,NAV history,-0.0878343,,,,,,,,0.15,,,8.3,37,,2026-10-07
103408,INF200K01800,SBI MULTI ASSET ALLOCATION FUND,SBI Mutual Fund,Hybrid,Multi Asset Allocation,Hybrid Scheme - Multi Asset Allocation,Regular,Growth,2005-11-09,AMFI scheme master,20.91,65.501,2026-10-06,68.0656,2026-01-29,61.8071,2025-10-07,-0.0376784,20935,Kuvera (latest month),20580.4,Jul-Sep 2026,17050.2,0.0139,Dinesh Balachandran; Mansi Sajeja; Vandna Soni,High Risk,-0.022592,0.0313348,0.0607449,0.0754939,0.13509,0.118813,0.108322,0.0940654,Launch NAV Rs 10 assumed (pre-2006 NAV not in AMFI history),0.00587768,0,0.00115807,0.0799281,-0.086925,-0.086925,0.876915,1.20017,0.622951,73.3,86.7,58.3,37,,2026-10-07
153093,INF0K1H01248,Samco Multi Asset Allocation Fund,Samco Mutual Fund,Hybrid,Multi Asset Allocation,Hybrid Schemes - Multi Asset Allocation Fund,Regular,Growth,2024-12-04,AMFI scheme master,1.84,11.95,2026-10-06,13.07,2026-01-29,11.43,2026-03-23,-0.0856924,400.1,Kuvera (latest month),396.86,Jul-Sep 2026,376.3,0.0378,Nirali Bhansali; Dhawal Dhanani; Umeshkumar Mehta; Vishal Shinde,Very High Risk,-0.0188834,0.0248714,0.0178876,,,,,0.103816,NAV history,-0.0369797,,,,,,,,,,,,37,,2026-10-07
152052,INF680P01414,Shriram Multi Asset Allocation Fund,Shriram Mutual Fund,Hybrid,Multi Asset Allocation,Hybrid Schemes - Multi Asset Allocation Fund,Regular,Growth,2023-08-18,AMFI scheme master,3.14,12.7879,2026-10-06,13.7196,2026-01-29,12.1675,2026-03-23,-0.0679101,145.8,Kuvera (latest month),144.24,Jul-Sep 2026,121.95,0.0248,Amit Modani; Prateek Nigudkar; Sudip More; Hitesh Savanth,Very High Risk,-0.0275361,0.0222469,0.024573,0.00813309,0.0890342,,,0.082849,NAV history,-0.0302943,-0.046056,,0.120093,-0.163185,,0.20013,0.258493,0,6.7,6.7,4.2,37,,2026-10-07
152311,INF903JA1LH5,Sundaram Multi Asset Allocation Fund,Sundaram Mutual Fund,Hybrid,Multi Asset Allocation,Hybrid Scheme - Multi Asset Allocation,Regular,Growth,2024-01-05,AMFI scheme master,2.75,12.7843,2026-10-06,13.9758,2026-01-29,12.1205,2026-03-23,-0.0852545,3406.5,Kuvera (latest month),3337.7,Jul-Sep 2026,3171.39,0.021,Kumaresh Ramakrishnan; Rohit Seksaria; Arjun Nagarajan; Clyton Fernandes; Shalav Saket,Very High Risk,-0.0288586,0.0169514,-0.0013826,0.0516945,,,,0.0950869,NAV history,-0.0562499,,,,,,,,0.5,,,47.9,37,,2026-10-07
148050,INF277K012Z5,Tata Multi Asset Allocation Fund,Tata Mutual Fund,Hybrid,Multi Asset Allocation,Hybrid Scheme - Multi Asset Allocation,Regular,Growth,2020-02-14,AMFI scheme master,6.64,24.5465,2026-10-06,25.8474,2026-08-25,23.1045,2026-03-23,-0.05033,5241.6,Kuvera (latest month),5218.71,Jul-Sep 2026,4615.76,0.0195,Murthy Nagarajan; Amit Somani; Rahul Singh; Sailesh Jain; Tapan Patel,Very High Risk,-0.0394789,0.0354726,0.0132547,0.0403466,0.108071,0.100779,,0.154686,NAV history,-0.0416126,-0.0270194,-0.0168761,0.0921579,-0.104602,-0.104602,0.467358,0.626632,0.245902,20,60,25,37,,2026-10-07
154002,INF2F0001313,The Wealth Company Multi Asset Allocation Fund,The Wealth Company Mutual Fund,Hybrid,Multi Asset Allocation,Hybrid Scheme - Multi Asset Allocation,Regular,Growth,2025-11-19,AMFI scheme master,0.88,10.7013,2026-10-06,11.017,2026-08-26,9.7038,2026-03-23,-0.0286557,201.61,AMFI AAUM Jul-Sep 2026,201.61,Jul-Sep 2026,195.97,0.0284,,,-0.00777918,0.0681113,,,,,,0.0654527,"NAV history (absolute, <1Y)",,,,,,,,,,,,,37,,2026-10-07
111599,INF789F01AP6,UTI Multi Asset Allocation Fund,UTI Mutual Fund,Hybrid,Multi Asset Allocation,Hybrid Schemes - Multi Asset Allocation Fund,Regular,Growth,2008-10-21,AMFI scheme master,17.96,76.247,2026-10-06,80.9616,2026-01-29,71.9108,2026-03-23,-0.0582325,7062.5,Kuvera (latest month),6967.88,Jul-Sep 2026,5940.63,0.0181,Sharwan Goyal; Jaydeep Bhowal; Lokesh Kulthia,High Risk,-0.0329336,0.0272581,0.00646406,0.0204668,0.135396,0.116497,0.0975615,0.120273,NAV history,-0.0484032,0.000306228,-0.00115807,0.0963463,-0.111791,-0.118074,0.730661,0.997731,0.377049,53.3,46.7,37.5,37,,2026-10-07
152786,INF582M01JU2,Union Multi Asset Allocation Fund,Union Mutual Fund,Hybrid,Multi Asset Allocation,Hybrid Scheme - Multi Asset Allocation,Regular,Growth,2024-08-20,AMFI scheme master,2.13,11.92,2026-10-06,12.67,2026-01-29,11.08,2026-03-23,-0.0591949,1020.1,Kuvera (latest month),1003.67,Jul-Sep 2026,980.17,0.0241,Anindya Sarkar; Sanjay Bembalkar; Vinod Malviya,Very High Risk,-0.0245499,0.0401396,0.0548673,0.0896105,,,,0.0852482,NAV history,0,,,,,,,,1,,,97.9,37,,2026-10-07
151746,INF03VN01779,WhiteOak Capital Multi Asset Allocation Fund,WhiteOak Capital Mutual Fund,Hybrid,Multi Asset Allocation,Hybrid Schemes - Multi Asset Allocation Fund,Regular,Growth,2023-05-03,AMFI scheme master,3.43,15.885,2026-10-06,16.309,2026-08-25,14.704,2026-03-23,-0.0259979,8777.5,Kuvera (latest month),8526.61,Jul-Sep 2026,6866.61,0.0167,Piyush Baranwal; Ramesh Mantri; Trupti Agrawal; Dheeresh Pathak; Ashish Agrawal,High Risk,0.00176578,0.0516385,0.0776067,0.112966,0.154276,,,0.145713,NAV history,0.0227394,0.0191858,,0.0579974,-0.061347,,1.53931,2.17094,0.6,100,93.3,54.2,37,,2026-10-07
149872,INF846K010H9,Axis CRISIL IBX SDL May 2027 Index Fund,Axis Mutual Fund,Index Funds,Index - Debt,Index Funds - Debt Funds,Regular,Growth,2022-02-07,AMFI scheme master,4.66,13.1998,2026-10-06,13.2016,2026-10-05,12.4839,2025-10-07,-0.000136347,1704.6,Kuvera (latest month),1768.27,Jul-Sep 2026,315.21,0.0028,Aditya Pagaria; Hardik Shah,Low to Moderate Risk,0.0111767,0.029738,0.0584735,0.0680017,0.0749973,,,0.062677,NAV history,0.00543543,0.00173091,,0.00787068,-0.00169285,,1.27019,2.07921,0.583333,100,78.6,73.3,22,,2026-10-07
153050,INF846K014Y6,Axis CRISIL-IBX AAA Bond Financial Services - Sep 2027 Index Fund,Axis Mutual Fund,Index Funds,Index - Debt,Index Funds - Debt Funds,Regular,Growth,2024-11-08,AMFI scheme master,1.91,11.3612,2026-09-11,11.3629,2026-09-10,10.7149,2025-09-12,-0.00014961,5.3,Kuvera (latest month),4.63,Jul-Sep 2026,0.97,0.0106,Aditya Pagaria,Low to Moderate Risk,0.0177824,0.0317202,0.0603871,,,,,0.0733654,NAV history,0.00734905,,,,,,,,,,,,22,,2026-10-07
152886,INF846K016X3,Axis CRISIL-IBX AAA Bond NBFC - Jun 2027 Index Fund,Axis Mutual Fund,Index Funds,Index - Debt,Index Funds - Debt Funds,Regular,Growth,2024-09-13,AMFI scheme master,2.06,11.5362,2026-10-06,11.5383,2026-10-05,10.8969,2025-10-07,-0.000182003,2295.1,Kuvera (latest month),2269.24,Jul-Sep 2026,414.66,0.0048,Aditya Pagaria,Low to Moderate Risk,0.013806,0.0354726,0.0593291,0.0722084,,,,0.0726852,NAV history,0.00629102,,,,,,,,1,,,100,22,,2026-10-07
153174,INF846K016Z8,Axis CRISIL-IBX AAA Bond NBFC-HFC - Jun 2027 Index Fund,Axis Mutual Fund,Index Funds,Index - Debt,Index Funds - Debt Funds,Regular,Growth,2024-12-06,AMFI scheme master,1.83,11.3074,2026-09-11,11.3074,2026-09-11,10.6481,2025-09-15,0,7.6,Kuvera (latest month),7.48,Jul-Sep 2026,1.03,0.0107,Aditya Pagaria,Low to Moderate Risk,0.0183728,0.0321491,0.0620169,,,,,0.0730012,NAV history,0.00897879,,,,,,,,,,,,22,,2026-10-07
153880,INF846KA1218,Axis CRISIL-IBX Financial Services 3-6 Months Debt Index Fund,Axis Mutual Fund,Index Funds,Index - Debt,Index Funds - Debt Funds,Regular,Growth,2025-09-18,AMFI scheme master,1.05,10.693,2026-10-06,10.693,2026-10-06,10.0267,2025-10-07,0,250.79,AMFI AAUM Jul-Sep 2026,250.79,Jul-Sep 2026,20.42,0.0027,,,0.0155567,0.0362137,0.0665909,,,,,0.0668667,NAV history,0.0135528,,,,,,,,,,,,22,,2026-10-07
151433,INF846K015O4,Axis Crisil IBX 50:50 Gilt Plus SDL September 2027 Index Fund,Axis Mutual Fund,Index Funds,Index - Debt,Index Funds - Debt Funds,Regular,Growth,2023-02-08,AMFI scheme master,3.66,12.8974,2026-10-06,12.8991,2026-10-05,12.2562,2025-10-07,-0.000131792,36.2,Kuvera (latest month),36.15,Jul-Sep 2026,6.32,,Aditya Pagaria; Sachin Jain,Low to Moderate Risk,0.0109502,0.0293052,0.0530381,0.0663095,0.0732077,,,0.0730867,NAV history,0,-5.86444e-05,,0.00782824,-0.00266932,,1.04847,1.67146,0.3125,78.6,57.1,26.7,22,,2026-10-07
150851,INF846K011L9,Axis Nifty SDL September 2026 Debt Index Fund,Axis Mutual Fund,Index Funds,Index - Debt,Index Funds - Debt Funds,Regular,Growth,2022-11-04,AMFI scheme master,3.92,13.0089,2026-09-30,13.0089,2026-09-30,12.3164,2025-10-01,0,65.6,Kuvera (latest month),64.91,Jul-Sep 2026,12.51,0.0032,Aditya Pagaria; Sachin Jain,Low Risk,0.0130911,0.0283553,0.0564145,0.0661261,0.0713819,,,0.0705012,NAV history,0.00337645,-0.00188445,,0.00615289,-0.00169157,,1.01637,1.73336,0.257143,71.4,92.9,13.3,22,,2026-10-07
151576,INF251K01RO4,Baroda BNP Paribas NIFTY SDL December 2028 Index Fund,Baroda BNP Paribas Mutual Fund,Index Funds,Index - Debt,Index Funds - Debt Funds,Regular,Growth,2023-03-14,AMFI scheme master,3.57,12.7909,2026-10-06,12.8183,2026-09-10,12.2329,2025-10-09,-0.00213757,116.7,Kuvera (latest month),68.81,Jul-Sep 2026,37.6,0.0052,Vikram Pamnani; Ayan Nandy,Low to Moderate Risk,0.00498134,0.0273815,0.0455036,0.0623241,0.071964,,,0.0719531,NAV history,-0.00753451,-0.00130234,,0.0157401,-0.012,,0.442437,0.65105,0.5,28.6,28.6,40,22,,2026-10-07
149963,INF336L01QK1,HSBC CRISIL IBX 50:50 Gilt Plus SDL Apr 2028 Index Fund,HSBC Mutual Fund,Index Funds,Index - Debt,Index Funds - Debt Funds,Regular,Growth,2022-03-15,AMFI scheme master,4.56,13.2776,2026-10-06,13.2789,2026-09-22,12.6482,2025-10-07,-9.78997e-05,1749.4,Kuvera (latest month),1757.75,Jul-Sep 2026,727.49,,Mahesh Chhabria; Mohd Asif Rizwi,Low to Moderate Risk,0.00918923,0.0307175,0.0504929,0.0658161,0.0737271,,,0.0649001,NAV history,-0.00254519,0.000460795,,0.009803,-0.00714534,,0.890251,1.36258,0.527778,57.1,42.9,53.3,22,,2026-10-07
151480,INF336L01QW6,HSBC CRISIL IBX Gilt June 2027 Index Fund,HSBC Mutual Fund,Index Funds,Index - Debt,Index Funds - Debt Funds,Regular,Growth,2023-03-06,AMFI scheme master,3.59,12.7116,2026-10-06,12.7116,2026-10-06,12.103,2025-10-09,0,180.7,Kuvera (latest month),181.19,Jul-Sep 2026,165.33,0.0035,Mahesh Chhabria; Mohd Asif Rizwi,Low to Moderate Risk,0.0108066,0.026669,0.0509971,0.0651854,0.0720514,,,0.0694667,NAV history,-0.00204097,-0.00121497,,0.00822122,-0.0023187,,0.857704,1.34678,0.1875,50,64.3,6.7,22,,2026-10-07
151590,INF205KA1759,Invesco India Nifty G-sec Jul 2027 Index Fund,Invesco Mutual Fund,Index Funds,Index - Debt,Index Funds - Debt Funds,Regular,Growth,2023-03-16,AMFI scheme master,3.56,1275.53,2026-10-06,1275.53,2026-10-06,1213.56,2025-10-09,0,81,Kuvera (latest month),80.85,Jul-Sep 2026,7.3,0.0029,Krishna Cheemalapati; Gaurav Jakhotia,Low to Moderate Risk,0.0110019,0.0271152,0.051791,0.0662347,0.073325,,,0.071234,NAV history,-0.00124709,5.86444e-05,,0.00820205,-0.00220574,,1.01499,1.6146,0.4375,64.3,71.4,33.3,22,,2026-10-07
151594,INF205KA1791,Invesco India Nifty G-sec Sep 2032 Index Fund,Invesco Mutual Fund,Index Funds,Index - Debt,Index Funds - Debt Funds,Regular,Growth,2023-03-16,AMFI scheme master,3.56,1276.68,2026-10-06,1301.88,2026-08-06,1239.15,2026-04-02,-0.0193577,52.8,Kuvera (latest month),51.18,Jul-Sep 2026,2.81,0.0029,Krishna Cheemalapati; Gaurav Jakhotia,Moderate Risk,-0.00944594,0.0266822,0.0302357,0.058352,0.073533,,,0.0716502,NAV history,-0.0228024,0.000266671,,0.0224372,-0.0203906,,0.380307,0.538627,0.65625,21.4,21.4,93.3,22,,2026-10-07
154642,INF22M001333,JioBlackRock Nifty 8-13 yr G-Sec Index Fund,Jio BlackRock Mutual Fund,Index Funds,Index - Debt,Index Funds - Debt Funds,Regular,Growth,2025-08-05,AMFI scheme master,1.17,9.8368,2026-10-06,9.9898,2026-08-25,9.8223,2026-10-01,-0.0153156,31.42,AMFI AAUM Jul-Sep 2026,31.42,Jul-Sep 2026,0,0.0027,,,,,,,,,,-0.0139733,"NAV history (absolute, <1Y)",,,,,,,,,,,,,22,,2026-10-07
150790,INF769K01IU1,Mirae Asset CRISIL IBX Gilt Index - April 2033 Index Fund,Mirae Asset Mutual Fund,Index Funds,Index - Debt,Index Funds - Debt Funds,Regular,Growth,2022-10-10,AMFI scheme master,3.99,13.1874,2026-10-06,13.4492,2026-08-14,12.8089,2026-04-02,-0.0194658,209.1,Kuvera (latest month),209.87,Jul-Sep 2026,47.68,0.0045,Pranavi Kulkarni,Moderate Risk,-0.0116023,0.0254987,0.0251081,0.0548554,0.0711571,,,0.072449,NAV history,-0.02793,-0.00210929,,0.0228614,-0.0233248,,0.269321,0.383374,0.611111,14.3,7.1,83.3,22,,2026-10-07
153636,INF769K01OP9,Mirae Asset CRISIL-IBX Financial Services 9-12 Months Debt Index Fund,Mirae Asset Mutual Fund,Index Funds,Index - Debt,Index Funds - Debt Funds,Regular,Growth,2025-06-17,AMFI scheme master,1.31,10.7807,2026-10-06,10.7807,2026-10-06,10.1787,2025-10-07,0,139.02,AMFI AAUM Jul-Sep 2026,139.02,Jul-Sep 2026,23.9,0.0031,,,0.0133951,0.0340505,0.059268,,,,,0.0603658,NAV history,0.0062299,,,,,,,,,,,,22,,2026-10-07
150360,INF769K01IE5,Mirae Asset Nifty SDL Jun 2027 Index Fund,Mirae Asset Mutual Fund,Index Funds,Index - Debt,Index Funds - Debt Funds,Regular,Growth,2022-03-25,AMFI scheme master,4.54,13.2048,2026-10-06,13.2066,2026-10-05,12.4983,2025-10-07,-0.000136295,474.9,Kuvera (latest month),474.44,Jul-Sep 2026,114.86,0.0038,Pranavi Kulkarni,Low to Moderate Risk,0.0110254,0.0294374,0.0576701,0.0674341,0.0745838,,,0.0633039,NAV history,0.00463203,0.00131742,,0.00792842,-0.00169172,,1.20879,1.97405,0.611111,92.9,85.7,83.3,22,,2026-10-07
151694,INF769K01JW5,Mirae Asset Nifty SDL June 2028 Index Fund,Mirae Asset Mutual Fund,Index Funds,Index - Debt,Index Funds - Debt Funds,Regular,Growth,2023-03-20,AMFI scheme master,3.55,12.7225,2026-10-06,12.7327,2026-09-21,12.1238,2025-10-07,-0.000801087,80.4,Kuvera (latest month),80.22,Jul-Sep 2026,44.06,0.0055,Pranavi Kulkarni,Moderate Risk,0.00931369,0.0314648,0.0503092,0.0644028,0.0726212,,,0.0707961,NAV history,-0.00272893,-0.000645191,,0.0127975,-0.00944427,,0.595517,0.864648,0.516129,35.7,35.7,46.7,22,,2026-10-07
154468,INF200KB1BL4,SBI Crisil - IBX SDL Index - June 2034 Index Fund,SBI Mutual Fund,Index Funds,Index - Debt,Index Funds - Debt Funds,Regular,Growth,2026-07-07,AMFI scheme master,0.25,9.8999,2026-10-06,10.0737,2026-08-19,9.8999,2026-10-06,-0.0172528,27.2,AMFI AAUM Jul-Sep 2026,27.2,Jul-Sep 2026,24.13,0.0041,,,,,,,,,,-0.0106432,"NAV history (absolute, <1Y)",,,,,,,,,,,,,22,,2026-10-07
154744,INF277KA1EY0,Tata CRISIL-IBX Financial Services 3-6 Months Debt Index Fund,Tata Mutual Fund,Index Funds,Index - Debt,Index Funds - Debt Funds,Regular,Growth,2026-09-15,AMFI scheme master,0.06,10.0244,2026-10-06,10.0244,2026-10-06,10.0033,2026-09-25,0,46.71,AMFI AAUM Jul-Sep 2026,46.71,Jul-Sep 2026,0.03,0.0044,,,,,,,,,,0.0021093,"NAV history (absolute, <1Y)",,,,,,,,,,,,,22,,2026-10-07
151184,INF789F1AWW5,UTI CRISIL SDL Maturity April 2033 Index Fund,UTI Mutual Fund,Index Funds,Index - Debt,Index Funds - Debt Funds,Regular,Growth,2022-12-12,AMFI scheme master,3.82,12.8262,2026-10-06,13.0566,2026-08-13,12.408,2025-10-10,-0.0176462,269.1,Kuvera (latest month),270.1,Jul-Sep 2026,63.79,0.004,Jaydeep Bhowal,Moderate Risk,-0.00795112,0.0301672,0.0366952,0.0502953,0.0670526,,,0.0677838,NAV history,-0.0163429,-0.00621374,,0.0235597,-0.0222203,,0.0871234,0.12143,0.542857,7.1,14.3,66.7,22,,2026-10-07
151238,INF789F1AWY1,UTI CRISIL SDL Maturity June 2027 Index Fund,UTI Mutual Fund,Index Funds,Index - Debt,Index Funds - Debt Funds,Regular,Growth,2023-01-02,AMFI scheme master,3.76,12.9195,2026-10-06,12.9209,2026-10-05,12.2361,2025-10-07,-0.000108352,65.4,Kuvera (latest month),65.43,Jul-Sep 2026,31.64,0.0042,Jaydeep Bhowal,Low to Moderate Risk,0.01105,0.0287127,0.0569481,0.0665319,0.0735255,,,0.0710447,NAV history,0.00391005,0.000259132,,0.00770455,-0.00153182,,1.10655,1.81854,0.294118,85.7,100,20,22,,2026-10-07
151488,INF789F1AXQ5,UTI NIFTY SDL Plus AAA PSU Bond Apr 2028- 75:25 Index Fund,UTI Mutual Fund,Index Funds,Index - Debt,Index Funds - Debt Funds,Regular,Growth,2023-02-24,AMFI scheme master,3.62,12.8922,2026-10-06,12.896,2026-09-21,12.2699,2025-10-07,-0.000294665,32.4,Kuvera (latest month),32.75,Jul-Sep 2026,15.17,,Jaydeep Bhowal,Low to Moderate Risk,0.0097828,0.0325076,0.0514546,0.0660617,0.0733653,,,0.0732213,NAV history,-0.00158352,9.89459e-05,,0.0110652,-0.00693953,,0.756002,1.12976,0.53125,42.9,50,60,22,,2026-10-07
151164,INF579M01AL6,360 ONE ELSS Tax Saver Nifty 50 Index Fund,360 ONE Mutual Fund,Index Funds,Index - Equity,Index Funds - Equity Funds,Regular,Growth,2022-12-01,AMFI scheme master,3.85,12.8327,2026-10-06,14.7438,2026-01-02,12.5258,2026-03-31,-0.129621,68.8,Kuvera (latest month),68.74,Jul-Sep 2026,16.18,0.0062,Viral Mehta; Pranav Mise,Very High Risk,-0.0664683,-0.00373424,-0.0862308,-0.0393108,0.0571,,,0.0676694,NAV history,-0.10245,-0.016548,,0.131737,-0.154799,,-0.0599679,-0.0823323,0.411765,12.7,62.7,31,341,,2026-10-07
153530,INF1J2R01080,ANGEL ONE NIFTY 50 INDEX FUND,Angel One Mutual Fund,Index Funds,Index - Equity,Other Scheme - Index Funds,Regular,Growth,2025-05-05,AMFI scheme master,1.42,9.3236,2026-10-06,10.7376,2026-01-02,9.101,2026-03-31,-0.131687,33.04,AMFI AAUM Jul-Sep 2026,33.04,Jul-Sep 2026,26.34,0.0075,,,-0.0666506,-0.00377181,-0.088709,,,,,-0.0542266,NAV history,-0.104928,,,,,,,,,,,,341,,2026-10-07
153331,INF1J2R01031,ANGEL ONE NIFTY TOTAL MARKET INDEX FUND,Angel One Mutual Fund,Index Funds,Index - Equity,Other Scheme - Index Funds,Regular,Growth,2025-02-10,AMFI scheme master,1.65,11.2372,2026-10-06,12.0842,2026-01-02,10.2758,2026-03-31,-0.0700915,61.83,AMFI AAUM Jul-Sep 2026,61.83,Jul-Sep 2026,40.11,0.011,,,-0.0485496,0.0582961,-0.0363929,,,,,0.063481,NAV history,-0.0526117,,,,,,,,,,,,341,,2026-10-07
153955,INF1J2R01130,ANGEL ONE NIFTY TOTAL MARKET MOMENTUM QUALITY 50 INDEX FUND,Angel One Mutual Fund,Index Funds,Index - Equity,Other Scheme - Index Funds,Regular,Growth,2025-11-03,AMFI scheme master,0.93,9.9266,2026-10-06,10.4631,2026-05-27,8.7045,2026-03-23,-0.0512754,36.44,AMFI AAUM Jul-Sep 2026,36.44,Jul-Sep 2026,26.45,0.0136,,,-0.0155991,0.087227,,,,,,-0.00760795,"NAV history (absolute, <1Y)",,,,,,,,,,,,,341,,2026-10-07
153735,INF209KC1605,Aditya Birla Sun Life BSE 500 Momentum 50 Index Fund,Aditya Birla Sun Life Mutual Fund,Index Funds,Index - Equity,Index Funds - Equity Funds,Regular,Growth,2025-07-21,AMFI scheme master,1.21,10.6535,2026-10-06,11.1773,2026-08-28,9.1202,2026-03-31,-0.0468628,79,AMFI AAUM Jul-Sep 2026,79,Jul-Sep 2026,41.99,0.0153,,,0.00300331,0.127641,0.0366453,,,,,0.0494676,NAV history,0.0204265,,,,,,,,,,,,341,,2026-10-07
153742,INF209KC1639,Aditya Birla Sun Life BSE 500 Quality 50 Index Fund,Aditya Birla Sun Life Mutual Fund,Index Funds,Index - Equity,Index Funds - Equity Funds,Regular,Growth,2025-07-21,AMFI scheme master,1.21,10.2831,2026-10-06,11.0788,2026-08-10,9.4205,2026-03-31,-0.0718219,71.61,AMFI AAUM Jul-Sep 2026,71.61,Jul-Sep 2026,31.76,0.0116,,,-0.0425597,0.0486539,-0.0102125,,,,,0.0211852,NAV history,-0.0264313,,,,,,,,,,,,341,,2026-10-07
153080,INF209KC1357,Aditya Birla Sun Life BSE India Infrastructure Index Fund,Aditya Birla Sun Life Mutual Fund,Index Funds,Index - Equity,Index Funds - Equity Funds,Regular,Growth,2024-11-14,AMFI scheme master,1.89,8.6471,2026-10-06,9.9165,2026-05-07,8.3735,2026-03-23,-0.128009,30,Kuvera (latest month),31.25,Jul-Sep 2026,17.98,0.0113,Mehul Dama; Priya Sridhar,Very High Risk,-0.0941841,-0.0134287,-0.0710733,,,,,-0.0782534,NAV history,-0.087292,,,,,,,,,,,,341,,2026-10-07
151428,INF209KB12S4,Aditya Birla Sun Life CRISIL IBX SDL Jun 2032 Index Fund,Aditya Birla Sun Life Mutual Fund,Index Funds,Index - Equity,Other Scheme - Index Funds,Regular,Growth,2023-02-06,AMFI scheme master,3.67,12.7932,2026-10-06,13.0019,2026-08-10,12.3613,2025-10-08,-0.0160515,149.7,Kuvera (latest month),147.67,Jul-Sep 2026,41.59,0.0057,Mohit Sharma; Bhupesh Bameta,Moderate Risk,-0.00807915,0.0302391,0.0361971,0.0537759,0.0680421,,,0.0696358,NAV history,0.0199783,-0.00560597,,0.0224986,-0.022345,,0.135211,0.194013,0.424242,32.7,69.3,33.5,341,,2026-10-07
150703,INF209KB12N5,Aditya Birla Sun Life Crisil IBX 50:50 Gilt Plus SDL Apr 2028 Index Fund,Aditya Birla Sun Life Mutual Fund,Index Funds,Index - Equity,Other Scheme - Index Funds,Regular,Growth,2022-09-28,AMFI scheme master,4.02,13.3099,2026-10-06,13.3104,2026-09-22,12.6945,2025-10-07,-3.75646e-05,405.4,Kuvera (latest month),405.82,Jul-Sep 2026,196.54,,Mohit Sharma; Sanjay Godambe,Low to Moderate Risk,0.00928917,0.030505,0.0491554,0.0658949,0.0741233,,,0.0737482,NAV history,0.0329366,0.000475278,,0.00984612,-0.00818027,,0.92659,1.41363,0.540541,84.7,80,62.9,341,,2026-10-07
150351,INF209KB17H6,Aditya Birla Sun Life Crisil IBX 60:40 SDL+AAA PSU-APR 2027 Index Fund,Aditya Birla Sun Life Mutual Fund,Index Funds,Index - Equity,Other Scheme - Index Funds,Regular,Growth,2022-03-25,AMFI scheme master,4.54,13.1237,2026-10-06,13.1237,2026-10-06,12.3999,2025-10-07,0,1324.7,Kuvera (latest month),1323.75,Jul-Sep 2026,246.72,,Mohit Sharma,Low Risk,0.0133975,0.0308622,0.058918,0.0686838,0.0731867,,,0.0619336,NAV history,0.0426992,-0.000461332,,0.00558754,-0.00146668,,1.46517,2.62551,0.454545,99.3,96,38.4,341,,2026-10-07
150777,INF209KB10O7,Aditya Birla Sun Life Crisil IBX Gilt -Apr 2029 Index Fund,Aditya Birla Sun Life Mutual Fund,Index Funds,Index - Equity,Other Scheme - Index Funds,Regular,Growth,2022-10-11,AMFI scheme master,3.99,13.3235,2026-10-06,13.3915,2026-09-03,12.8116,2025-10-09,-0.00507785,610.1,Kuvera (latest month),613.09,Jul-Sep 2026,267.16,0.0038,Harshil Suvarnkar; Sanjay Godambe,Low to Moderate Risk,0.000991713,0.0260922,0.0398342,0.0635744,0.0747459,,,0.0757753,NAV history,0.0236155,0.0010979,,0.0152223,-0.00983802,,0.640241,0.95635,0.513514,74.7,76,56,341,,2026-10-07
151583,INF209KB19T7,Aditya Birla Sun Life Crisil IBX Gilt Apr 2028 Index Fund,Aditya Birla Sun Life Mutual Fund,Index Funds,Index - Equity,Other Scheme - Index Funds,Regular,Growth,2023-03-08,AMFI scheme master,3.58,12.6062,2026-10-06,12.6066,2026-10-05,12.0662,2025-10-07,-3.17294e-05,21.3,Kuvera (latest month),21.16,Jul-Sep 2026,10.64,0.0079,Bhupesh Bameta; Sanjay Godambe,Low to Moderate Risk,0.00822983,0.0269984,0.0451082,0.0616797,0.0692218,,,0.0671157,NAV history,0.0288895,-0.00442625,,0.00977967,-0.0064984,,0.431689,0.6534,0.53125,57.3,82,61.4,341,,2026-10-07
152268,INF209KB17Y1,Aditya Birla Sun Life Crisil IBX Gilt April 2033 Index Fund,Aditya Birla Sun Life Mutual Fund,Index Funds,Index - Equity,Other Scheme - Index Funds,Regular,Growth,2023-12-15,AMFI scheme master,2.81,12.0191,2026-10-06,12.262,2026-08-14,11.6617,2025-10-31,-0.0198092,27.4,Kuvera (latest month),27.26,Jul-Sep 2026,2.45,0.0045,Bhupesh Bameta; Sanjay Godambe,Moderate Risk,-0.0114164,0.0265102,0.0309921,0.0563797,,,,0.0679477,NAV history,0.0147734,,,,,,,,0.73913,,,84.8,341,,2026-10-07
152660,INF209KC1050,Aditya Birla Sun Life Crisil IBX Gilt June 2027 Index Fund,Aditya Birla Sun Life Mutual Fund,Index Funds,Index - Equity,Other Scheme - Index Funds,Regular,Growth,2024-05-22,AMFI scheme master,2.38,11.6522,2026-10-06,11.6522,2026-10-06,11.1179,2025-10-09,0,12.7,Kuvera (latest month),12.81,Jul-Sep 2026,2.33,0.0061,Bhupesh Bameta; Sanjay Godambe,Low to Moderate Risk,0.00988898,0.025785,0.0487085,0.0636482,,,,0.0673458,NAV history,0.0324897,,,,,,,,0.823529,,,92,341,,2026-10-07
153033,INF209KC1316,Aditya Birla Sun Life Crisil-IBX AAA Financial Services Index-Sep 2027 Fund,Aditya Birla Sun Life Mutual Fund,Index Funds,Index - Equity,Other Scheme - Index Funds,Regular,Growth,2024-11-04,AMFI scheme master,1.92,11.4168,2026-10-06,11.4168,2026-10-06,10.7778,2025-10-07,0,10.1,Kuvera (latest month),10.41,Jul-Sep 2026,1.15,0.0043,Harshil Suvarnkar; Vighnesh Gupta,Moderate Risk,0.0135383,0.0370707,0.0594753,,,,,0.0723671,NAV history,0.0432566,,,,,,,,0.916667,,,96.4,341,,2026-10-07
152945,INF209KC1233,Aditya Birla Sun Life Crisil-IBX AAA NBFC-HFC INDEX-Sep 2026 Fund,Aditya Birla Sun Life Mutual Fund,Index Funds,Index - Equity,Other Scheme - Index Funds,Regular,Growth,2024-09-30,AMFI scheme master,2.02,11.4894,2026-09-30,11.4894,2026-09-30,10.8021,2025-10-01,0,79.9,Kuvera (latest month),97.96,Jul-Sep 2026,12.34,0.0044,Harshil Suvarnkar; Vighnesh Gupta,Low to Moderate Risk,0.0147764,0.0342239,0.0641585,,,,,0.0725411,NAV history,0.0479397,,,,,,,,0.916667,,,96.4,341,,2026-10-07
153177,INF209KC1472,Aditya Birla Sun Life Crisil-IBX Financial Services 3 to 6 months Debt Index Fund,Aditya Birla Sun Life Mutual Fund,Index Funds,Index - Equity,Other Scheme - Index Funds,Regular,Growth,2024-12-09,AMFI scheme master,1.83,11.3054,2026-10-06,11.3054,2026-10-06,10.598,2025-10-07,0,2164.4,Kuvera (latest month),2484.77,Jul-Sep 2026,297.44,0.0038,Sanjay Pawar; Harshil Suvarnkar,Low to Moderate Risk,0.0160422,0.0369263,0.0669297,,,,,0.0704006,NAV history,0.0507109,,,,,,,,,,,,341,,2026-10-07
153445,INF209KC1514,Aditya Birla Sun Life Crisil-IBX Financial Services 9-12 Months Debt Index Fund,Aditya Birla Sun Life Mutual Fund,Index Funds,Index - Equity,Other Scheme - Index Funds,Regular,Growth,2025-03-18,AMFI scheme master,1.56,11.0699,2026-10-06,11.0704,2026-10-05,10.4432,2025-10-07,-4.51655e-05,1190.07,AMFI AAUM Jul-Sep 2026,1190.07,Jul-Sep 2026,252.71,0.0036,,,0.0142937,0.0352377,0.0601829,,,,,0.0678466,NAV history,0.0439642,,,,,,,,,,,,341,,2026-10-07
148965,INF209KB1Z48,Aditya Birla Sun Life Nifty 50 Equal Weight index Fund,Aditya Birla Sun Life Mutual Fund,Index Funds,Index - Equity,Index Funds - Equity Funds,Regular,Growth,2021-05-19,AMFI scheme master,5.39,17.3967,2026-10-06,19.0894,2026-08-03,16.5685,2026-03-31,-0.0886722,534.8,Kuvera (latest month),523.68,Jul-Sep 2026,324.69,0.0106,Mehul Dama; Priya Sridhar,Very High Risk,-0.0634045,0.0199275,-0.0364235,-0.0214221,0.0961086,0.0938968,,0.10965,NAV history,-0.0526422,0.0224606,0.0328074,0.136399,-0.182384,-0.182384,0.228071,0.312938,0.773585,36,42.7,87.9,341,,2026-10-07
101314,INF209K01LB2,Aditya Birla Sun Life Nifty 50 Index Fund,Aditya Birla Sun Life Mutual Fund,Index Funds,Index - Equity,Other Scheme - Index Funds,Regular,Growth,2002-09-10,AMFI scheme master,24.07,232.028,2026-10-06,266.779,2026-01-02,226.318,2026-03-31,-0.130259,1488.1,Kuvera (latest month),1478.16,Jul-Sep 2026,289.11,0.0057,Mehul Dama; Priya Sridhar,Very High Risk,-0.0662203,-0.0031847,-0.0863398,-0.039336,0.0572843,0.0588435,0.104928,0.0957916,Since Apr-2006 (earlier NAV not in AMFI history),-0.102559,-0.0163637,-0.0022459,0.132373,-0.156047,-0.16774,-0.0582875,-0.0800033,0.57377,14,56.7,70.8,341,,2026-10-07
152800,INF209KC1159,Aditya Birla Sun Life Nifty India Defence Index Fund,Aditya Birla Sun Life Mutual Fund,Index Funds,Index - Equity,Index Funds - Equity Funds,Regular,Growth,2024-08-09,AMFI scheme master,2.16,13.1768,2026-10-06,14.1043,2026-09-08,10.2106,2026-03-31,-0.0657601,1398.1,Kuvera (latest month),1349.28,Jul-Sep 2026,834.49,0.0115,Mehul Dama; Priya Sridhar,Very High Risk,-0.0316517,0.206402,0.13927,0.195537,,,,0.144758,NAV history,0.123052,,,,,,,,1,,,99.1,341,,2026-10-07
148805,INF209KB1W41,Aditya Birla Sun Life Nifty Midcap 150 Index Fund,Aditya Birla Sun Life Mutual Fund,Index Funds,Index - Equity,Index Funds - Equity Funds,Regular,Growth,2021-03-15,AMFI scheme master,5.56,24.0475,2026-10-06,25.7741,2026-08-13,21.2819,2026-03-31,-0.0669897,503.1,Kuvera (latest month),488.68,Jul-Sep 2026,122.36,0.0104,Mehul Dama; Priya Sridhar,Very High Risk,-0.0435594,0.0928893,0.0167646,0.00214641,0.131049,0.135473,,0.171993,NAV history,0.000545872,0.0574009,0.0743833,0.171838,-0.212794,-0.215669,0.384367,0.506994,0.727273,52.7,30.7,83.5,341,,2026-10-07
149837,INF209KB12G9,Aditya Birla Sun Life Nifty Next 50 Index Fund,Aditya Birla Sun Life Mutual Fund,Index Funds,Index - Equity,Index Funds - Equity Funds,Regular,Growth,2022-01-31,AMFI scheme master,4.68,16.9485,2026-10-06,18.1065,2026-08-10,14.6036,2026-03-31,-0.0639549,287.2,Kuvera (latest month),277.53,Jul-Sep 2026,94.63,0.0103,Mehul Dama; Priya Sridhar,Very High Risk,-0.0357679,0.114263,0.0213262,-0.0322572,0.156327,,,0.124805,NAV history,0.00510747,0.0826785,,0.185264,-0.268649,,0.492952,0.652948,0.511111,60,8,54.9,341,,2026-10-07
149792,INF209KB19E9,Aditya Birla Sun Life Nifty SDL Apr 2027 Index Fund,Aditya Birla Sun Life Mutual Fund,Index Funds,Index - Equity,Other Scheme - Index Funds,Regular,Growth,2022-01-14,AMFI scheme master,4.73,13.1911,2026-10-06,13.1911,2026-10-06,12.5127,2025-10-07,0,3285.5,Kuvera (latest month),3271.54,Jul-Sep 2026,328.61,0.0051,Bhupesh Bameta; Harshil Suvarnkar,Low Risk,0.0119056,0.0267925,0.0549589,0.0645724,0.0712373,,,0.0607135,NAV history,0.0387401,-0.00241077,,0.00584853,-0.00104438,,1.06647,1.89739,0.413043,91.3,98.7,31.7,341,,2026-10-07
149198,INF209KB16B1,Aditya Birla Sun Life Nifty SDL Plus PSU Bond SEP 2026 60:40 Index Fund,Aditya Birla Sun Life Mutual Fund,Index Funds,Index - Equity,Other Scheme - Index Funds,Regular,Growth,2021-09-15,AMFI scheme master,5.06,13.2563,2026-09-30,13.2563,2026-09-30,12.5405,2025-10-01,0,6821.8,Kuvera (latest month),6809,Jul-Sep 2026,1454.82,,Mohit Sharma,Low Risk,0.0132539,0.0294476,0.0573236,0.0667878,0.0705969,0.0578765,,0.0578884,NAV history,0.0411048,-0.00305113,-0.00321293,0.00495733,-0.00156321,-0.0329962,1.0997,1.93073,0.367347,93.3,94.7,25,341,,2026-10-07
151560,INF209KB14T8,Aditya Birla Sun Life Nifty SDL SEP 2027 Index Fund,Aditya Birla Sun Life Mutual Fund,Index Funds,Index - Equity,Other Scheme - Index Funds,Regular,Growth,2023-03-06,AMFI scheme master,3.59,12.9019,2026-10-06,12.9043,2026-10-05,12.2508,2025-10-07,-0.000185985,40.5,Kuvera (latest month),40.59,Jul-Sep 2026,5.5,0.0048,Harshil Suvarnkar,Low to Moderate Risk,0.0113664,0.0308078,0.0537238,0.0666131,0.0738611,,,0.0730811,NAV history,0.0375051,0.000213048,,0.00843161,-0.00321308,,1.05094,1.67829,0.625,90.7,86.7,78.1,341,,2026-10-07
148811,INF209KB1V83,Aditya Birla Sun Life Nifty Smallcap 50 Index Fund,Aditya Birla Sun Life Mutual Fund,Index Funds,Index - Equity,Index Funds - Equity Funds,Regular,Growth,2021-03-15,AMFI scheme master,5.56,22.8826,2026-10-06,23.8471,2026-09-08,17.5638,2026-03-23,-0.0404452,367,Kuvera (latest month),358.84,Jul-Sep 2026,83.02,0.012,Mehul Dama; Priya Sridhar,Very High Risk,0.00864391,0.247246,0.123839,0.0294333,0.170473,0.118486,,0.159985,NAV history,0.10762,0.0968252,0.0573969,0.204232,-0.251352,-0.370279,0.516438,0.688974,0.527273,69.3,22,60.3,341,,2026-10-07
154170,INF846KA1416,Axis BSE India Sector Leaders Index Fund,Axis Mutual Fund,Index Funds,Index - Equity,Index Funds - Equity Funds,Regular,Growth,2026-01-23,AMFI scheme master,0.7,9.0649,2026-10-06,9.8896,2026-02-18,8.593,2026-03-31,-0.0833906,30.8,AMFI AAUM Jul-Sep 2026,30.8,Jul-Sep 2026,19.49,0.0119,,,-0.0607878,0.0208911,,,,,,-0.0778894,"NAV history (absolute, <1Y)",,,,,,,,,,,,,341,,2026-10-07
152421,INF846K014V2,Axis BSE Sensex Index Fund,Axis Mutual Fund,Index Funds,Index - Equity,Index Funds - Equity Funds,Regular,Growth,2024-02-08,AMFI scheme master,2.66,10.1392,2026-10-06,11.8484,2025-11-27,9.9417,2026-03-31,-0.144256,54,Kuvera (latest month),53.9,Jul-Sep 2026,16.83,0.0083,Nandik Malik; Rohit Gautam,Very High Risk,-0.0659075,-0.00968901,-0.10213,-0.049684,,,,0.00824318,NAV history,-0.118348,,,,,,,,0.333333,,,21.9,341,,2026-10-07
151297,INF846K013N1,Axis CRISIL IBX 50:50 Gilt Plus SDL June 2028 Index Fund,Axis Mutual Fund,Index Funds,Index - Equity,Other Scheme - Index Funds,Regular,Growth,2023-01-05,AMFI scheme master,3.75,12.894,2026-10-06,12.8994,2026-09-10,12.2895,2025-10-07,-0.000418624,337.3,Kuvera (latest month),336.57,Jul-Sep 2026,38.61,,Hardik Shah,Low to Moderate Risk,0.00894387,0.0310746,0.0499487,0.0655116,0.0737106,,,0.0715449,NAV history,0.03373,6.25331e-05,,0.0105655,-0.00822523,,0.824436,1.23859,0.558824,80,79.3,68.3,341,,2026-10-07
147665,INF846K01S52,Axis Nifty 100 Index Fund,Axis Mutual Fund,Index Funds,Index - Equity,Other Scheme - Index Funds,Regular,Growth,2019-09-27,AMFI scheme master,7.03,20.319,2026-10-06,22.8655,2026-01-02,19.414,2026-03-31,-0.111369,2100.7,Kuvera (latest month),2077.25,Jul-Sep 2026,588.97,0.0098,Nandik Malik; Rohit Gautam,Very High Risk,-0.0616081,0.0156047,-0.0713012,-0.040804,0.0701518,0.0609118,,0.107966,NAV history,-0.08752,-0.00349625,-0.000177578,0.136406,-0.175204,-0.175204,0.037768,0.0511823,0.377049,22.7,44.7,25.7,341,,2026-10-07
149371,INF846K016D5,Axis Nifty 50 Index Fund,Axis Mutual Fund,Index Funds,Index - Equity,Index Funds - Equity Funds,Regular,Growth,2021-11-15,AMFI scheme master,4.89,13.6663,2026-10-06,15.7009,2026-01-02,13.3255,2026-03-31,-0.129585,1031.3,Kuvera (latest month),1024.37,Jul-Sep 2026,203.56,0.0048,Nandik Malik; Rohit Gautam,Very High Risk,-0.0660758,-0.00267097,-0.0858968,-0.0388883,0.0577368,,,0.063808,NAV history,-0.102116,-0.0159112,,0.131409,-0.155317,,-0.0552712,-0.075877,0.744681,15.3,62,85.5,341,,2026-10-07
152730,INF846K018W1,Axis Nifty 500 Index Fund,Axis Mutual Fund,Index Funds,Index - Equity,Index Funds - Equity Funds,Regular,Growth,2024-06-26,AMFI scheme master,2.28,9.5685,2026-10-06,10.4074,2026-01-02,8.8421,2026-03-31,-0.0806061,322,Kuvera (latest month),319.47,Jul-Sep 2026,107.69,0.0112,Nandik Malik; Rohit Gautam,Very High Risk,-0.0525769,0.048327,-0.044812,-0.0299705,,,,-0.0209872,NAV history,-0.0610308,,,,,,,,0.0625,,,5.1,341,,2026-10-07
152632,INF846K012W4,Axis Nifty Bank Index Fund,Axis Mutual Fund,Index Funds,Index - Equity,Index Funds - Equity Funds,Regular,Growth,2024-05-03,AMFI scheme master,2.43,11.1787,2026-10-06,12.4838,2026-02-18,10.1857,2026-03-31,-0.104543,184.2,Kuvera (latest month),181.3,Jul-Sep 2026,59.76,0.0112,Nandik Malik; Rohit Gautam,Very High Risk,-0.0549751,0.0491309,-0.0216779,0.0319998,,,,0.0528419,NAV history,-0.0378966,,,,,,,,0.611111,,,76.8,341,,2026-10-07
154597,INF846KA1572,Axis Nifty Energy Index Fund,Axis Mutual Fund,Index Funds,Index - Equity,Index Funds - Equity Funds,Regular,Growth,2026-08-07,AMFI scheme master,0.17,9.7046,2026-10-06,10.0831,2026-09-09,9.5675,2026-10-01,-0.0375381,36.61,AMFI AAUM Jul-Sep 2026,36.61,Jul-Sep 2026,26.9,0.0261,,,,,,,,,,-0.0282962,"NAV history (absolute, <1Y)",,,,,,,,,,,,,341,,2026-10-07
151787,INF846K010S6,Axis Nifty IT Index Fund,Axis Mutual Fund,Index Funds,Index - Equity,Index Funds - Equity Funds,Regular,Growth,2023-06-27,AMFI scheme master,3.28,9.6771,2026-10-06,13.5135,2025-12-22,8.8681,2026-07-01,-0.283894,137.2,Kuvera (latest month),130,Jul-Sep 2026,45.35,0.0117,Nandik Malik; Rohit Gautam,Very High Risk,0.031278,-0.0787926,-0.180906,-0.171876,-0.0354268,,,-0.0238294,NAV history,-0.197125,-0.109075,,0.22104,-0.429308,,-0.454338,-0.63657,0.392857,0.7,1.3,27.2,341,,2026-10-07
154327,INF846KA1515,Axis Nifty India Defence Index Fund,Axis Mutual Fund,Index Funds,Index - Equity,Index Funds - Equity Funds,Regular,Growth,2026-04-10,AMFI scheme master,0.49,10.324,2026-10-06,11.0537,2026-09-08,9.7468,2026-06-11,-0.0660141,329.51,AMFI AAUM Jul-Sep 2026,329.51,Jul-Sep 2026,231.22,0.0146,,,-0.0324999,,,,,,,0.0189096,"NAV history (absolute, <1Y)",,,,,,,,,,,,,341,,2026-10-07
149938,INF846K012I3,Axis Nifty Midcap 50 Index Fund,Axis Mutual Fund,Index Funds,Index - Equity,Index Funds - Equity Funds,Regular,Growth,2022-03-10,AMFI scheme master,4.58,20.1452,2026-10-06,21.7724,2026-08-31,17.6744,2026-03-31,-0.0747368,771.5,Kuvera (latest month),744.04,Jul-Sep 2026,120.23,0.0118,Nandik Malik; Rohit Gautam,Low Risk,-0.0419912,0.101589,0.0385997,0.016774,0.133708,,,0.167528,NAV history,0.022381,0.0600597,,0.178668,-0.205371,,0.384556,0.514844,0.863636,54,34.7,95.1,341,,2026-10-07
149467,INF846K012F9,Axis Nifty Next 50 Index Fund,Axis Mutual Fund,Index Funds,Index - Equity,Index Funds - Equity Funds,Regular,Growth,2022-01-07,AMFI scheme master,4.75,16.827,2026-10-06,17.9997,2026-08-10,14.5357,2026-03-31,-0.0651511,548.7,Kuvera (latest month),537.27,Jul-Sep 2026,95.31,0.0117,Nandik Malik; Rohit Gautam,Very High Risk,-0.0371256,0.111676,0.0183986,-0.0327909,0.155803,,,0.112285,NAV history,0.00217985,0.0821554,,0.183533,-0.265866,,0.494752,0.654996,0.488889,61.3,14.7,50,341,,2026-10-07
149896,INF846K016H6,Axis Nifty Smallcap 50 Index Fund,Axis Mutual Fund,Index Funds,Index - Equity,Index Funds - Equity Funds,Regular,Growth,2022-02-21,AMFI scheme master,4.62,19.8906,2026-10-06,20.7259,2026-09-08,15.2807,2026-03-23,-0.0403022,783.4,Kuvera (latest month),757.5,Jul-Sep 2026,132.27,0.0124,Nandik Malik; Rohit Gautam,Very High Risk,0.00858463,0.246809,0.122938,0.027264,0.166905,,,0.164016,NAV history,0.106719,0.0932565,,0.20259,-0.250595,,0.503009,0.670846,0.659091,63.3,24,80.4,341,,2026-10-07
154459,INF846KA1556,Axis Nifty50 Equal Weight Index Fund,Axis Mutual Fund,Index Funds,Index - Equity,Index Funds - Equity Funds,Regular,Growth,2026-07-03,AMFI scheme master,0.26,9.4932,2026-10-06,10.4178,2026-08-03,9.3577,2026-10-01,-0.0887519,75.48,AMFI AAUM Jul-Sep 2026,75.48,Jul-Sep 2026,55.53,0.0207,,,,,,,,,,-0.0596044,"NAV history (absolute, <1Y)",,,,,,,,,,,,,341,,2026-10-07
154739,INF846KA1606,Axis Nifty500 Low Volatility 50 Index Fund,Axis Mutual Fund,Index Funds,Index - Equity,Index Funds - Equity Funds,Regular,Growth,2026-09-09,AMFI scheme master,0.08,9.8249,2026-10-06,9.8249,2026-10-06,9.7852,2026-10-05,0,0.96,AMFI AAUM Jul-Sep 2026,0.96,Jul-Sep 2026,0.85,0.1638,,,,,,,,,,0.00405715,"NAV history (absolute, <1Y)",,,,,,,,,,,,,341,,2026-10-07
153245,INF846KA1036,Axis Nifty500 Momentum 50 Index Fund,Axis Mutual Fund,Index Funds,Index - Equity,Index Funds - Equity Funds,Regular,Growth,2025-01-24,AMFI scheme master,1.7,10.9493,2026-10-06,11.4297,2026-08-28,9.3882,2026-03-23,-0.0420308,171.35,AMFI AAUM Jul-Sep 2026,171.35,Jul-Sep 2026,47.35,0.0146,,,0.00722118,0.119606,0.0207234,,,,,0.0780784,NAV history,0.00450466,,,,,,,,,,,,341,,2026-10-07
153830,INF846KA1192,Axis Nifty500 Quality 50 Index Fund,Axis Mutual Fund,Index Funds,Index - Equity,Index Funds - Equity Funds,Regular,Growth,2025-08-21,AMFI scheme master,1.13,9.4996,2026-10-06,10.3698,2026-08-11,8.5947,2026-03-31,-0.0839168,81,AMFI AAUM Jul-Sep 2026,81,Jul-Sep 2026,32.85,0.0121,,,-0.062194,0.0454976,-0.0363367,,,,,-0.0494834,NAV history,-0.0525555,,,,,,,,,,,,341,,2026-10-07
152950,INF846K012Y0,Axis Nifty500 Value 50 Index Fund,Axis Mutual Fund,Index Funds,Index - Equity,Index Funds - Equity Funds,Regular,Growth,2024-10-04,AMFI scheme master,2.01,10.659,2026-10-06,11.927,2026-02-26,10.1658,2025-10-14,-0.106313,235.5,Kuvera (latest month),232.4,Jul-Sep 2026,70.84,0.0126,Nandik Malik; Rohit Gautam,Very High Risk,-0.0637434,-0.0141327,0.0374732,,,,,0.0321967,NAV history,0.0212545,,,,,,,,0.846154,,,94.2,341,,2026-10-07
150873,INF194KB1EQ5,BANDHAN CRISIL IBX 90:10 SDL PLUS GILT - APRIL 2032 INDEX FUND,Bandhan Mutual Fund,Index Funds,Index - Equity,Other Scheme - Index Funds,Regular,Growth,2022-11-14,AMFI scheme master,3.9,13.0447,2026-10-06,13.2514,2026-08-10,12.5625,2025-10-08,-0.0155984,392.4,Kuvera (latest month),391.93,Jul-Sep 2026,165.4,,Gautam Kaul; Harshal Joshi,Moderate Risk,-0.0073131,0.0309408,0.0398077,0.0565491,0.0708979,,,0.0712212,NAV history,0.023589,-0.00275017,,0.0222114,-0.0226675,,0.265533,0.381804,0.472222,41.3,68.7,43.3,341,,2026-10-07
150869,INF194KB1EW3,BANDHAN CRISIL IBX 90:10 SDL PLUS GILT - NOV 2026 INDEX FUND,Bandhan Mutual Fund,Index Funds,Index - Equity,Other Scheme - Index Funds,Regular,Growth,2022-11-14,AMFI scheme master,3.9,12.9978,2026-10-06,12.9978,2026-10-06,12.3235,2025-10-07,0,89.7,Kuvera (latest month),89.82,Jul-Sep 2026,37.84,,Gautam Kaul; Harshal Joshi,Low Risk,0.0129208,0.0274291,0.0551875,0.0653827,0.0716143,,,0.0699272,NAV history,0.0389688,-0.00203376,,0.00584876,-0.000953904,,1.13088,2.00254,0.472222,95.3,99.3,43.3,341,,2026-10-07
150890,INF194KB1FC2,BANDHAN CRISIL IBX 90:10 SDL PLUS GILT - SEPTEMBER 2027 INDEX FUND,Bandhan Mutual Fund,Index Funds,Index - Equity,Other Scheme - Index Funds,Regular,Growth,2022-11-21,AMFI scheme master,3.88,13.0788,2026-10-06,13.0823,2026-10-05,12.4001,2025-10-07,-0.000267537,143.9,Kuvera (latest month),143.55,Jul-Sep 2026,46.69,,Gautam Kaul; Harshal Joshi,Low to Moderate Risk,0.0123772,0.0315731,0.0551163,0.0671606,0.0740832,,,0.0717645,NAV history,0.0388976,0.000435173,,0.00923771,-0.00386966,,0.983275,1.50786,0.555556,87.3,85.3,67.4,341,,2026-10-07
148790,INF194KB1BS7,BANDHAN CRISIL IBX GILT APRIL 2028 INDEX FUND,Bandhan Mutual Fund,Index Funds,Index - Equity,Other Scheme - Index Funds,Regular,Growth,2021-03-12,AMFI scheme master,5.57,13.8312,2026-10-06,13.8314,2026-10-05,13.1989,2025-10-07,-1.44599e-05,3397.5,Kuvera (latest month),3399.65,Jul-Sep 2026,1123.46,0.0045,Gautam Kaul; Harshil Joshi,Low to Moderate Risk,0.00937771,0.0278682,0.048398,0.0649915,0.0728672,0.058541,,0.0601378,NAV history,0.0321792,-0.000780784,-0.0025484,0.00970617,-0.00577013,-0.0296132,0.810541,1.25309,0.446429,79.3,84,37.1,341,,2026-10-07
151409,INF194KB1FI9,BANDHAN CRISIL IBX GILT APRIL 2032 INDEX FUND,Bandhan Mutual Fund,Index Funds,Index - Equity,Other Scheme - Index Funds,Regular,Growth,2023-02-06,AMFI scheme master,3.67,12.8822,2026-10-06,13.1304,2026-08-06,12.5059,2026-04-02,-0.0189027,413.7,Kuvera (latest month),416.31,Jul-Sep 2026,163.94,0.0046,Gautam Kaul; Harshil Joshi,Moderate Risk,-0.00874891,0.0274853,0.0307162,0.0577748,0.0726386,,,0.0720425,NAV history,0.0144974,-0.00100943,,0.0221781,-0.020052,,0.34442,0.491348,0.515152,49.3,71.3,58,341,,2026-10-07
148786,INF194KB1BL2,BANDHAN CRISIL IBX GILT JUNE 2027 INDEX FUND,Bandhan Mutual Fund,Index Funds,Index - Equity,Other Scheme - Index Funds,Regular,Growth,2021-03-12,AMFI scheme master,5.57,13.7604,2026-10-06,13.7604,2026-10-06,13.1073,2025-10-09,0,5261.5,Kuvera (latest month),5281.38,Jul-Sep 2026,2069.73,0.0045,Gautam Kaul; Harshal Joshi,Low to Moderate Risk,0.010865,0.0265202,0.0505726,0.0647448,0.0718699,0.057632,,0.0590905,NAV history,0.0343539,-0.00177809,-0.00345744,0.00791997,-0.00216385,-0.031108,0.86742,1.37353,0.410714,82.7,91.3,30.1,341,,2026-10-07
149833,INF194KB1CO4,BANDHAN NIFTY 100 INDEX FUND,Bandhan Mutual Fund,Index Funds,Index - Equity,Other Scheme - Index Funds,Regular,Growth,2022-02-07,AMFI scheme master,4.66,14.0298,2026-10-06,15.7555,2026-01-02,13.3858,2026-03-31,-0.10953,265.6,Kuvera (latest month),258.13,Jul-Sep 2026,108.89,0.0068,Abhishek Jain; Mayuresh Nagvekar,Very High Risk,-0.0609991,0.0169912,-0.0687217,-0.0383496,0.072871,,,0.0830543,NAV history,-0.0849405,-0.000776993,,0.13648,-0.174427,,0.0576717,0.0782023,0.355556,25.3,46,23,341,,2026-10-07
152792,INF194KB1IN3,BANDHAN NIFTY BANK INDEX FUND,Bandhan Mutual Fund,Index Funds,Index - Equity,Other Scheme - Index Funds,Regular,Growth,2024-08-08,AMFI scheme master,2.16,10.658,2026-10-06,11.914,2026-02-18,9.716,2026-03-31,-0.105422,20.3,Kuvera (latest month),20.81,Jul-Sep 2026,11.27,0.0111,Abhishek Jain; Mayuresh Nagvekar,Very High Risk,-0.0553847,0.0484688,-0.0226233,0.030687,,,,0.0320892,NAV history,-0.038842,,,,,,,,0.533333,,,62.1,341,,2026-10-07
152717,INF194KB1IH5,BANDHAN NIFTY TOTAL MARKET INDEX FUND,Bandhan Mutual Fund,Index Funds,Index - Equity,Other Scheme - Index Funds,Regular,Growth,2024-06-24,AMFI scheme master,2.29,9.6712,2026-10-06,10.4197,2026-01-02,8.8557,2026-03-31,-0.0718351,45.2,Kuvera (latest month),47.8,Jul-Sep 2026,30.71,0.0136,Abhishek Jain; Mayuresh Nagvekar,Very High Risk,-0.0491304,0.0568578,-0.0384187,-0.0285828,,,,-0.0153722,NAV history,-0.0546375,,,,,,,,0.0625,,,5.1,341,,2026-10-07
150592,INF194KB1DS3,BANDHAN NIFTY200 MOMENTUM 30 INDEX FUND,Bandhan Mutual Fund,Index Funds,Index - Equity,Other Scheme - Index Funds,Regular,Growth,2022-08-19,AMFI scheme master,4.13,14.8966,2026-10-06,16.1589,2025-11-27,13.5129,2026-03-31,-0.0781179,123.4,Kuvera (latest month),121.48,Jul-Sep 2026,84.5,0.0143,Abhishek Jain; Mayuresh Nagvekar,Very High Risk,-0.0268303,0.0572388,-0.0341559,-0.100258,0.083231,,,0.100826,NAV history,-0.0503746,0.00958298,,0.196094,-0.319663,,0.0929709,0.124179,0.447368,27.3,3.3,37.5,341,,2026-10-07
112877,INF194K01920,BANDHAN Nifty 50 Index Fund,Bandhan Mutual Fund,Index Funds,Index - Equity,Other Scheme - Index Funds,Regular,Growth,2010-04-12,AMFI scheme master,16.49,49.2655,2026-10-06,56.6982,2026-01-02,48.0749,2026-03-31,-0.131092,2813.2,Kuvera (latest month),2777.63,Jul-Sep 2026,366.71,0.0066,Abhishek Jain; Mayuresh Nagvekar,Very High Risk,-0.0664338,-0.0034993,-0.0878415,-0.040826,0.0554335,0.0583141,0.108522,0.102721,NAV history,-0.10406,-0.0182146,-0.00277528,0.131626,-0.157082,-0.165643,-0.0726797,-0.0996866,0.393443,8.7,53.3,27.7,341,,2026-10-07
152266,INF194KB1HD6,BANDHAN Nifty Smallcap 250 Index Fund,Bandhan Mutual Fund,Index Funds,Index - Equity,Other Scheme - Index Funds,Regular,Growth,2023-12-12,AMFI scheme master,2.82,12.7301,2026-10-06,13.1998,2026-09-08,10.1581,2026-03-23,-0.0355839,99.2,Kuvera (latest month),100.16,Jul-Sep 2026,33.33,0.0108,Abhishek Jain; Mayuresh Nagvekar,Very High Risk,-0.0113081,0.199391,0.0442897,-0.0105075,,,,0.0898063,NAV history,0.0280709,,,,,,,,0.217391,,,12.9,341,,2026-10-07
150633,INF194KB1DY1,BANDHAN Nifty100 Low Volatility 30 Index Fund,Bandhan Mutual Fund,Index Funds,Index - Equity,Other Scheme - Index Funds,Regular,Growth,2022-09-15,AMFI scheme master,4.06,14.4632,2026-10-06,16.3739,2026-01-07,14.0113,2026-03-31,-0.116692,1604.2,Kuvera (latest month),1614.87,Jul-Sep 2026,208.07,0.0108,Abhishek Jain; Mayuresh Nagvekar,Very High Risk,-0.065256,0.00816952,-0.0666434,-0.0467046,0.0789565,,,0.0973243,NAV history,-0.0828622,0.00530843,,0.115263,-0.184795,,0.121084,0.168677,0.594595,30,38,75.2,341,,2026-10-07
153508,INF0QA701AY1,Bajaj Finserv Nifty 50 Index Fund,Bajaj Finserv Mutual Fund,Index Funds,Index - Equity,Other Scheme - Index Funds,Regular,Growth,2025-04-25,AMFI scheme master,1.45,9.2204,2026-10-06,10.6184,2025-11-27,9.0175,2026-03-31,-0.131658,38.3,AMFI AAUM Jul-Sep 2026,38.3,Jul-Sep 2026,9.22,0.0109,,,-0.0673653,-0.00555442,-0.0931141,,,,,-0.0623131,NAV history,-0.109333,,,,,,,,,,,,341,,2026-10-07
153480,INF0QA701BD3,Bajaj Finserv Nifty Next 50 Index Fund,Bajaj Finserv Mutual Fund,Index Funds,Index - Equity,Other Scheme - Index Funds,Regular,Growth,2025-04-22,AMFI scheme master,1.46,11.0529,2026-10-06,11.8159,2026-08-10,9.5466,2026-03-31,-0.064574,32.06,AMFI AAUM Jul-Sep 2026,32.06,Jul-Sep 2026,11.3,0.0118,,,-0.0362636,0.111962,0.0123187,,,,,0.042776,NAV history,-0.00390009,,,,,,,,,,,,341,,2026-10-07
152843,INF194KB1IR4,Bandhan BSE Healthcare Index Fund,Bandhan Mutual Fund,Index Funds,Index - Equity,Other Scheme - Index Funds,Regular,Growth,2024-08-21,AMFI scheme master,2.13,11.3291,2026-10-06,11.846,2026-09-23,9.3221,2026-01-29,-0.043635,21,Kuvera (latest month),22.09,Jul-Sep 2026,10.02,0.0115,Abhishek Jain; Mayuresh Nagvekar,Very High Risk,-0.00539046,0.198048,0.126713,0.0637285,,,,0.0636112,NAV history,0.110494,,,,,,,,0.571429,,,69.9,341,,2026-10-07
153839,INF194KB1KA6,Bandhan BSE India Sector Leaders Index Fund,Bandhan Mutual Fund,Index Funds,Index - Equity,Other Scheme - Index Funds,Regular,Growth,2025-09-03,AMFI scheme master,1.09,9.1211,2026-10-06,10.2361,2025-10-29,8.6406,2026-03-31,-0.108928,25.46,AMFI AAUM Jul-Sep 2026,25.46,Jul-Sep 2026,15.55,0.0111,,,-0.0607649,0.0213998,-0.0759232,,,,,-0.0720722,NAV history,-0.092142,,,,,,,,,,,,341,,2026-10-07
153391,INF194KB1JO9,Bandhan CRISIL-IBX 10:90 Gilt Plus SDL Index - Dec 2029 Fund,Bandhan Mutual Fund,Index Funds,Index - Equity,Other Scheme - Index Funds,Regular,Growth,2025-02-25,AMFI scheme master,1.61,10.974,2026-09-11,11.0041,2026-08-14,10.4464,2025-09-17,-0.00273534,0.28,AMFI AAUM Jul-Sep 2026,0.28,Jul-Sep 2026,0.07,,,,0.011615,0.0215024,0.0510588,,,,,0.0633841,NAV history,0.0348401,,,,,,,,,,,,341,,2026-10-07
153408,INF194KB1JS0,Bandhan CRISIL-IBX Financial Services 3-6 Months Debt Index Fund,Bandhan Mutual Fund,Index Funds,Index - Equity,Other Scheme - Index Funds,Regular,Growth,2025-03-06,AMFI scheme master,1.59,11.0306,2026-10-06,11.0306,2026-10-06,10.4135,2025-10-07,0,331.74,AMFI AAUM Jul-Sep 2026,331.74,Jul-Sep 2026,196.58,0.0102,,,0.014448,0.0336794,0.059341,,,,,0.0643952,NAV history,0.0431223,,,,,,,,,,,,341,,2026-10-07
153113,INF194KB1IZ7,Bandhan Nifty 200 Quality 30 Index Fund,Bandhan Mutual Fund,Index Funds,Index - Equity,Other Scheme - Index Funds,Regular,Growth,2024-11-18,AMFI scheme master,1.88,8.9557,2026-10-06,10.1471,2026-01-07,8.5272,2026-03-31,-0.117413,14.3,Kuvera (latest month),13.46,Jul-Sep 2026,6.15,0.0114,Abhishek Jain; Mayuresh Nagvekar,Very High Risk,-0.0494199,0.00955935,-0.0757124,,,,,-0.0616498,NAV history,-0.0919311,,,,,,,,,,,,341,,2026-10-07
153002,INF194KB1IX2,Bandhan Nifty 500 Momentum 50 Index Fund,Bandhan Mutual Fund,Index Funds,Index - Equity,Other Scheme - Index Funds,Regular,Growth,2024-10-14,AMFI scheme master,1.98,8.8776,2026-10-06,9.2675,2026-08-28,7.6105,2026-03-23,-0.0420718,37.4,Kuvera (latest month),37.1,Jul-Sep 2026,17.78,0.0145,Abhishek Jain; Mayuresh Nagvekar,Very High Risk,0.00709011,0.11999,0.0197457,,,,,-0.0593497,NAV history,0.00352694,,,,,,,,0.307692,,,19.9,341,,2026-10-07
152991,INF194KB1IV6,Bandhan Nifty 500 Value 50 Index Fund,Bandhan Mutual Fund,Index Funds,Index - Equity,Other Scheme - Index Funds,Regular,Growth,2024-10-14,AMFI scheme master,1.98,10.5826,2026-10-06,11.873,2026-02-26,10.1141,2025-10-14,-0.108684,35.5,Kuvera (latest month),37.43,Jul-Sep 2026,14.73,0.0131,Abhishek Jain; Mayuresh Nagvekar,Very High Risk,-0.0644471,-0.0151965,0.035206,,,,,0.030182,NAV history,0.0189872,,,,,,,,0.846154,,,94.2,341,,2026-10-07
152179,INF194KB1GX6,Bandhan Nifty Alpha 50 Index Fund,Bandhan Mutual Fund,Index Funds,Index - Equity,Other Scheme - Index Funds,Regular,Growth,2023-10-25,AMFI scheme master,2.95,14.1683,2026-10-06,14.91,2026-08-28,11.5206,2026-03-31,-0.0497451,628.8,Kuvera (latest month),599.98,Jul-Sep 2026,214.67,0.0138,Abhishek Jain; Mayuresh Nagvekar,Very High Risk,0.0170705,0.179591,0.0792182,-0.0415235,,,,0.125076,NAV history,0.0629994,,,,,,,,0.291667,,,17.4,341,,2026-10-07
153212,INF194KB1JB6,Bandhan Nifty Alpha Low Volatility 30 Index Fund,Bandhan Mutual Fund,Index Funds,Index - Equity,Other Scheme - Index Funds,Regular,Growth,2025-01-08,AMFI scheme master,1.74,9.5345,2026-10-06,10.5361,2026-08-03,9.0656,2026-03-31,-0.0950636,9,Kuvera (latest month),9.24,Jul-Sep 2026,4.67,0.0128,Abhishek Jain; Mayuresh Nagvekar,Very High Risk,-0.0634362,0.0334157,-0.050254,,,,,-0.021737,NAV history,-0.0664728,,,,,,,,,,,,341,,2026-10-07
152043,INF194KB1GH9,Bandhan Nifty IT Index Fund,Bandhan Mutual Fund,Index Funds,Index - Equity,Other Scheme - Index Funds,Regular,Growth,2023-08-18,AMFI scheme master,3.14,9.3863,2026-10-06,13.1292,2025-12-22,8.5998,2026-07-01,-0.285082,34.1,Kuvera (latest month),32.75,Jul-Sep 2026,16.22,0.0119,Abhishek Jain; Mayuresh Nagvekar,Very High Risk,0.0313482,-0.0798557,-0.182513,-0.172337,-0.0322809,,,-0.023573,NAV history,-0.198732,-0.105929,,0.221995,-0.430141,,-0.438213,-0.615845,0.346154,2,0.7,22.3,341,,2026-10-07
152856,INF194KB1IU8,Bandhan Nifty Midcap 150 Index Fund,Bandhan Mutual Fund,Index Funds,Index - Equity,Other Scheme - Index Funds,Regular,Growth,2024-09-03,AMFI scheme master,2.09,9.8641,2026-10-06,10.5742,2026-08-13,8.7502,2026-03-31,-0.067154,92.8,Kuvera (latest month),94.68,Jul-Sep 2026,24.44,0.0141,Abhishek Jain; Mayuresh Nagvekar,Very High Risk,-0.0445004,0.0903654,0.0140218,-0.00108298,,,,-0.013368,NAV history,-0.00219693,,,,,,,,0.714286,,,82.8,341,,2026-10-07
153349,INF194KB1JJ9,Bandhan Nifty Next 50 Index Fund,Bandhan Mutual Fund,Index Funds,Index - Equity,Other Scheme - Index Funds,Regular,Growth,2025-02-13,AMFI scheme master,1.65,12.2046,2026-10-06,13.0538,2026-08-10,10.5322,2026-03-30,-0.0650539,35.46,AMFI AAUM Jul-Sep 2026,35.46,Jul-Sep 2026,20.8,0.0125,,,-0.0370592,0.112513,0.0179577,,,,,0.126907,NAV history,0.00173893,,,,,,,,,,,,341,,2026-10-07
152331,INF251K01SV7,Baroda BNP Paribas Nifty 50 Index Fund,Baroda BNP Paribas Mutual Fund,Index Funds,Index - Equity,Other Scheme - Index Funds,Regular,Growth,2024-01-08,AMFI scheme master,2.75,10.6546,2026-10-06,12.2569,2026-01-02,10.3893,2026-03-31,-0.130726,54,Kuvera (latest month),53.95,Jul-Sep 2026,30.58,0.0078,Neeraj Saxena; Meenakshi Gururaj,Very High Risk,-0.0659022,-0.00265843,-0.0870485,-0.0409212,,,,0.0271955,NAV history,-0.103267,,,,,,,,0.363636,,,24.6,341,,2026-10-07
153001,INF251K01UB5,Baroda BNP Paribas Nifty Midcap 150 Index Fund,Baroda BNP Paribas Mutual Fund,Index Funds,Index - Equity,Other Scheme - Index Funds,Regular,Growth,2024-10-14,AMFI scheme master,1.98,10.4336,2026-10-06,11.2009,2026-08-13,9.2769,2026-03-31,-0.0685034,10.5,Kuvera (latest month),10.27,Jul-Sep 2026,6.34,0.0125,Neeraj Saxena; Meenakshi Gururaj,Very High Risk,-0.0455123,0.0880687,0.0107041,,,,,0.00908856,NAV history,-0.0055146,,,,,,,,0.833333,,,92.9,341,,2026-10-07
152930,INF251K01TZ6,Baroda BNP Paribas Nifty200 Momentum 30 Index Fund,Baroda BNP Paribas Mutual Fund,Index Funds,Index - Equity,Other Scheme - Index Funds,Regular,Growth,2024-09-25,AMFI scheme master,2.03,7.8094,2026-10-06,8.4934,2025-11-27,7.0915,2026-03-31,-0.0805331,22.1,Kuvera (latest month),21.75,Jul-Sep 2026,13.36,0.0164,Neeraj Saxena; Meenakshi Gururaj,Very High Risk,-0.0273024,0.0561664,-0.0368753,,,,,-0.115665,NAV history,-0.0530941,,,,,,,,0.0769231,,,6.7,341,,2026-10-07
154302,INF2KCX01038,Choice Nifty 50 Index Fund,Choice Mutual Fund,Index Funds,Index - Equity,Other Scheme - Index Funds,Regular,Growth,2026-03-19,AMFI scheme master,0.55,9.8432,2026-10-06,10.7122,2026-08-03,9.6911,2026-10-01,-0.0811225,15.9,AMFI AAUM Jul-Sep 2026,15.9,Jul-Sep 2026,10.51,0.0098,,,-0.0672163,,,,,,,-0.0374152,"NAV history (absolute, <1Y)",,,,,,,,,,,,,341,,2026-10-07
154303,INF2KCX01053,Choice Nifty Next 50 Index Fund,Choice Mutual Fund,Index Funds,Index - Equity,Other Scheme - Index Funds,Regular,Growth,2026-03-19,AMFI scheme master,0.55,10.8611,2026-10-06,11.6067,2026-08-10,10.3034,2026-04-09,-0.0642388,19.79,AMFI AAUM Jul-Sep 2026,19.79,Jul-Sep 2026,11.98,0.0112,,,-0.0357603,,,,,,,0.0541278,"NAV history (absolute, <1Y)",,,,,,,,,,,,,341,,2026-10-07
153216,INF740KA1UY5,DSP BSE SENSEX Next 30 Index Fund,DSP Mutual Fund,Index Funds,Index - Equity,Other Scheme - Index Funds,Regular,Growth,2025-01-10,AMFI scheme master,1.74,11.4544,2026-10-06,12.4989,2026-08-10,10.6212,2026-03-23,-0.0835674,25.85,AMFI AAUM Jul-Sep 2026,25.85,Jul-Sep 2026,8.67,0.011,,,-0.0545431,0.0520012,0.0200367,,,,,0.0845934,NAV history,0.00381794,,,,,,,,,,,,341,,2026-10-07
151327,INF740KA1RY1,DSP CRISIL-IBX 50:50 Gilt Plus SDL - April 2033 Index Fund,DSP Mutual Fund,Index Funds,Index - Equity,Other Scheme - Index Funds,Regular,Growth,2023-01-10,AMFI scheme master,3.74,12.8596,2026-10-06,13.1071,2026-08-13,12.4793,2025-10-10,-0.0188829,276.9,Kuvera (latest month),279.1,Jul-Sep 2026,97.67,,Shantanu Godambe,Moderate Risk,-0.00935213,0.0273051,0.0322363,0.0535802,0.0699105,,,0.070578,NAV history,0.0160176,-0.00373757,,0.0200312,-0.0188829,,0.24514,0.350394,0.5,40,72,52.7,341,,2026-10-07
141875,INF740KA1CO4,DSP Nifty 50 Equal Weight Index Fund,DSP Mutual Fund,Index Funds,Index - Equity,Other Scheme - Index Funds,Regular,Growth,2017-09-29,AMFI scheme master,9.02,24.8246,2026-10-06,27.2242,2026-08-03,23.6154,2026-03-31,-0.0881422,2671.4,Kuvera (latest month),2647.34,Jul-Sep 2026,1022.64,0.0105,Anil Ghelani; Diipesh Shah; Neha Rathi,Very High Risk,-0.062593,0.0211136,-0.0349822,-0.020023,0.0975085,0.0962678,,0.10685,NAV history,-0.051201,0.0238605,0.0351784,0.13632,-0.182126,-0.182126,0.238472,0.32741,0.819672,38.7,43.3,90.8,341,,2026-10-07
146379,INF740KA1MJ3,DSP Nifty 50 Index Fund,DSP Mutual Fund,Index Funds,Index - Equity,Other Scheme - Index Funds,Regular,Growth,2019-02-11,AMFI scheme master,7.65,22.1722,2026-10-06,25.4524,2026-01-02,21.5979,2026-03-31,-0.128876,1108.8,Kuvera (latest month),1104.05,Jul-Sep 2026,224.24,0.0043,Anil Ghelani; Diipesh Shah; Neha Rathi,Very High Risk,-0.0655405,-0.00171093,-0.0848031,-0.0378726,0.0584842,0.0604081,,0.110217,NAV history,-0.101022,-0.0151638,-0.000681321,0.132296,-0.155529,-0.166813,-0.0492516,-0.0676466,0.803279,18,60,89.7,341,,2026-10-07
154090,INF740KA1XV5,DSP Nifty 500 Index Fund,DSP Mutual Fund,Index Funds,Index - Equity,Other Scheme - Index Funds,Regular,Growth,2025-12-19,AMFI scheme master,0.8,9.2219,2026-10-06,9.9963,2026-01-05,8.5245,2026-03-31,-0.0774687,15.95,AMFI AAUM Jul-Sep 2026,15.95,Jul-Sep 2026,8.62,0.0106,,,-0.0520835,0.0485986,,,,,,-0.0774687,"NAV history (absolute, <1Y)",,,,,,,,,,,,,341,,2026-10-07
152653,INF740KA1UN8,DSP Nifty Bank Index Fund,DSP Mutual Fund,Index Funds,Index - Equity,Other Scheme - Index Funds,Regular,Growth,2024-05-15,AMFI scheme master,2.4,11.1977,2026-10-06,12.4963,2026-02-18,10.1969,2026-03-31,-0.103919,65.3,Kuvera (latest month),63.51,Jul-Sep 2026,22.06,0.0099,Anil Ghelani; Diipesh Shah; Neha Rathi,Very High Risk,-0.0544559,0.0497516,-0.0203323,0.0329355,,,,0.0498132,NAV history,-0.036551,,,,,,,,0.666667,,,81,341,,2026-10-07
153592,INF740KA1WC7,DSP Nifty Healthcare Index Fund,DSP Mutual Fund,Index Funds,Index - Equity,Other Scheme - Index Funds,Regular,Growth,2025-06-02,AMFI scheme master,1.35,11.3597,2026-10-06,11.964,2026-08-31,9.7458,2026-02-02,-0.0505099,24.41,AMFI AAUM Jul-Sep 2026,24.41,Jul-Sep 2026,8.77,0.0108,,,-0.0227206,0.1512,0.107907,,,,,0.103326,NAV history,0.091688,,,,,,,,,,,,341,,2026-10-07
153588,INF740KA1WI4,DSP Nifty IT Index Fund,DSP Mutual Fund,Index Funds,Index - Equity,Other Scheme - Index Funds,Regular,Growth,2025-06-02,AMFI scheme master,1.35,7.324,2026-10-06,10.1903,2025-12-22,6.6989,2026-07-01,-0.281277,103.4,AMFI AAUM Jul-Sep 2026,103.4,Jul-Sep 2026,59.42,0.0115,,,0.033354,-0.0762905,-0.179117,,,,,-0.213741,NAV history,-0.195336,,,,,,,,,,,,341,,2026-10-07
154012,INF740KA1WY1,DSP Nifty Midcap 150 Index Fund,DSP Mutual Fund,Index Funds,Index - Equity,Other Scheme - Index Funds,Regular,Growth,2025-11-24,AMFI scheme master,0.87,9.9763,2026-10-06,10.703,2026-08-13,8.8532,2026-03-31,-0.0678969,17.2,AMFI AAUM Jul-Sep 2026,17.2,Jul-Sep 2026,8.02,0.0115,,,-0.0446445,0.0904371,,,,,,-0.00206064,"NAV history (absolute, <1Y)",,,,,,,,,,,,,341,,2026-10-07
150427,INF740KA1QY3,DSP Nifty Midcap 150 Quality 50 Index Fund,DSP Mutual Fund,Index Funds,Index - Equity,Other Scheme - Index Funds,Regular,Growth,2022-07-18,AMFI scheme master,4.22,13.7914,2026-10-06,14.9453,2026-08-10,12.3791,2026-03-31,-0.0772082,433.9,Kuvera (latest month),426.87,Jul-Sep 2026,99.02,0.0108,Anil Ghelani; Diipesh Shah; Neha Rathi,Very High Risk,-0.0417515,0.0776636,-0.0481534,-0.0466932,0.0696799,,,0.0794241,NAV history,-0.0643722,-0.00396812,,0.154854,-0.215946,,0.0302214,0.0408301,0.487179,21.3,28,49.6,341,,2026-10-07
146380,INF740KA1MD6,DSP Nifty Next 50 Index Fund,DSP Mutual Fund,Index Funds,Index - Equity,Other Scheme - Index Funds,Regular,Growth,2019-02-11,AMFI scheme master,7.65,27.0618,2026-10-06,28.9162,2026-08-10,23.3348,2026-03-31,-0.0641301,1406.8,Kuvera (latest month),1385.39,Jul-Sep 2026,378.71,0.0104,Anil Ghelani; Diipesh Shah; Neha Rathi,Very High Risk,-0.0352643,0.113728,0.0214351,-0.0300538,0.159618,0.104923,,0.138542,NAV history,0.00521638,0.0859697,0.043834,0.185088,-0.266932,-0.266932,0.511204,0.677343,0.540984,67.3,10.7,64.5,341,,2026-10-07
153347,INF740KA1VK2,DSP Nifty Private Bank Index Fund,DSP Mutual Fund,Index Funds,Index - Equity,Other Scheme - Index Funds,Regular,Growth,2025-02-14,AMFI scheme master,1.64,11.0397,2026-10-06,11.9069,2026-02-18,9.8379,2026-03-31,-0.0728317,103.28,AMFI AAUM Jul-Sep 2026,103.28,Jul-Sep 2026,27.87,0.0119,,,-0.0435773,0.0757635,-0.0196258,,,,,0.0647342,NAV history,-0.0358445,,,,,,,,,,,,341,,2026-10-07
149968,INF740KA1QS5,DSP Nifty SDL Plus G-Sec Jun 2028 30:70 Index Fund,DSP Mutual Fund,Index Funds,Index - Equity,Other Scheme - Index Funds,Regular,Growth,2022-03-11,AMFI scheme master,4.57,13.3004,2026-10-06,13.3007,2026-10-05,12.6757,2025-10-07,-2.25552e-05,1649.4,Kuvera (latest month),1649.09,Jul-Sep 2026,419,,Shantanu Godambe,Low to Moderate Risk,0.00896664,0.029626,0.0500205,0.0661563,0.0741979,,,0.0647308,NAV history,0.0338018,0.00054982,,0.00936424,-0.0066137,,0.982232,1.53876,0.522727,86.7,81.3,58.5,341,,2026-10-07
151370,INF740KA1SE1,DSP Nifty SDL Plus G-Sec Sep 2027 50:50 Index Fund,DSP Mutual Fund,Index Funds,Index - Equity,Other Scheme - Index Funds,Regular,Growth,2023-01-25,AMFI scheme master,3.7,12.9355,2026-10-06,12.9372,2026-10-05,12.288,2025-10-07,-0.000131404,87.9,Kuvera (latest month),87.64,Jul-Sep 2026,34.65,,Shantanu Godambe,Low to Moderate Risk,0.0115501,0.029331,0.053328,0.0664459,0.0736259,,,0.0726675,NAV history,0.0371093,-2.21725e-05,,0.00801317,-0.00281227,,1.07646,1.72057,0.575758,92,88,71.9,341,,2026-10-07
154016,INF740KA1XE1,DSP Nifty Smallcap 250 Index Fund,DSP Mutual Fund,Index Funds,Index - Equity,Other Scheme - Index Funds,Regular,Growth,2025-11-24,AMFI scheme master,0.87,10.932,2026-10-06,11.3361,2026-09-08,8.7257,2026-03-23,-0.0356472,16.47,AMFI AAUM Jul-Sep 2026,16.47,Jul-Sep 2026,8.21,0.0131,,,-0.0108041,0.197909,,,,,,0.0938782,"NAV history (absolute, <1Y)",,,,,,,,,,,,,341,,2026-10-07
152245,INF740KA1TT7,DSP Nifty Smallcap250 Quality 50 Index Fund,DSP Mutual Fund,Index Funds,Index - Equity,Other Scheme - Index Funds,Regular,Growth,2023-12-05,AMFI scheme master,2.84,10.6681,2026-10-06,11.7171,2025-10-27,9.4186,2026-03-31,-0.0895273,316.4,Kuvera (latest month),313.9,Jul-Sep 2026,75.83,0.0114,Anil Ghelani; Diipesh Shah; Neha Rathi,Very High Risk,-0.0226561,0.0831218,-0.0672618,-0.0956397,,,,0.0232143,NAV history,-0.0834805,,,,,,,,0.0434783,,,4,341,,2026-10-07
152813,INF740KA1UP3,DSP Nifty Top 10 Equal Weight Index Fund,DSP Mutual Fund,Index Funds,Index - Equity,Other Scheme - Index Funds,Regular,Growth,2024-08-16,AMFI scheme master,2.14,8.4805,2026-10-06,10.427,2025-12-22,8.3183,2026-10-01,-0.186679,1139.6,Kuvera (latest month),1127.34,Jul-Sep 2026,484.55,0.0109,Anil Ghelani; Diipesh Shah; Neha Rathi,Very High Risk,-0.047595,-0.0275214,-0.133121,-0.0692603,,,,-0.0704474,NAV history,-0.14934,,,,,,,,0.0714286,,,5.8,341,,2026-10-07
153802,INF740KA1WO2,DSP Nifty500 Flexicap Quality 30 Index Fund,DSP Mutual Fund,Index Funds,Index - Equity,Other Scheme - Index Funds,Regular,Growth,2025-08-08,AMFI scheme master,1.16,9.1385,2026-10-06,10.5478,2025-11-17,8.6273,2026-03-31,-0.133611,199.5,AMFI AAUM Jul-Sep 2026,199.5,Jul-Sep 2026,127.67,0.0139,,,-0.0337401,0.0219292,-0.095592,,,,,-0.0780713,NAV history,-0.111811,,,,,,,,,,,,341,,2026-10-07
153495,INF754K01VB6,Edelweiss BSE Internet Economy Index Fund,Edelweiss Mutual Fund,Index Funds,Index - Equity,Other Scheme - Index Funds,Regular,Growth,2025-04-25,AMFI scheme master,1.45,11.0715,2026-10-06,11.9111,2026-08-26,8.9824,2026-03-31,-0.0704889,38.22,AMFI AAUM Jul-Sep 2026,38.22,Jul-Sep 2026,23.94,0.0116,,,0.037765,0.185056,0.0162187,,,,,0.0707467,NAV history,0,,,,,,,,,,,,341,,2026-10-07
150720,INF754K01PB8,Edelweiss CRISIL IBX 50:50 Gilt Plus SDL April 2037 Index Fund,Edelweiss Mutual Fund,Index Funds,Index - Equity,Other Scheme - Index Funds,Regular,Growth,2022-09-27,AMFI scheme master,4.03,13.1713,2026-10-06,13.4639,2026-08-17,12.7677,2026-04-02,-0.0217322,890.9,Kuvera (latest month),896.16,Jul-Sep 2026,325.87,,Dhawal Dalal; Hetul Raval,Moderate Risk,-0.0168617,0.0267938,0.0247965,0.0458394,0.0680534,,,0.0714329,NAV history,0.00857779,-0.00559468,,0.0259209,-0.029155,,0.117795,0.163167,0.405405,28.7,66,28.6,341,,2026-10-07
150771,INF754K01PJ1,Edelweiss CRISIL IBX 50:50 Gilt Plus SDL June 2027 Index Fund,Edelweiss Mutual Fund,Index Funds,Index - Equity,Other Scheme - Index Funds,Regular,Growth,2022-10-06,AMFI scheme master,4,13.1593,2026-10-06,13.1593,2026-10-06,12.508,2025-10-07,0,93.8,Kuvera (latest month),93.64,Jul-Sep 2026,31.84,,Dhawal Dalal; Hetul Raval,Low to Moderate Risk,0.0108231,0.0270914,0.0530304,0.0653774,0.0723648,,,0.0716684,NAV history,0.0368117,-0.00128322,,0.00705207,-0.00164856,,1.04435,1.72644,0.513514,89.3,93.3,56,341,,2026-10-07
150848,INF754K01PR4,Edelweiss CRISIL IBX 50:50 Gilt Plus SDL Sep 2028 Index Fund,Edelweiss Mutual Fund,Index Funds,Index - Equity,Other Scheme - Index Funds,Regular,Growth,2022-11-01,AMFI scheme master,3.93,13.1763,2026-10-06,13.1791,2026-09-10,12.591,2025-10-07,-0.000212458,128.6,Kuvera (latest month),126.54,Jul-Sep 2026,34.54,,Dhawal Dalal; Hetul Raval,Low to Moderate Risk,0.0076166,0.0289322,0.0474922,0.0646842,0.0734236,,,0.0720322,NAV history,0.0312735,-0.000224451,,0.0105832,-0.00838368,,0.795937,1.24841,0.5,78.7,78.7,52.7,341,,2026-10-07
151398,INF754K01RG3,Edelweiss CRISIL IBX 50:50 Gilt Plus SDL Short Duration Index Fund,Edelweiss Mutual Fund,Index Funds,Index - Equity,Other Scheme - Index Funds,Regular,Growth,2023-01-27,AMFI scheme master,3.69,12.6679,2026-10-06,12.7392,2026-08-14,12.181,2025-10-07,-0.0055969,145.8,Kuvera (latest month),145.01,Jul-Sep 2026,8.83,,Dhawal Dalal; Hetul Raval,Moderate Risk,0.0011222,0.0244137,0.040459,0.0585731,0.0670562,,,0.0666943,NAV history,0.0242402,-0.0065918,,0.0100226,-0.00885077,,0.205159,0.309416,0.484848,34.7,78,46.9,341,,2026-10-07
153334,INF754K01UK9,Edelweiss CRISIL IBX AAA Bond NBFC HFC Jun 2027 Index Fund,Edelweiss Mutual Fund,Index Funds,Index - Equity,Other Scheme - Index Funds,Regular,Growth,2025-02-10,AMFI scheme master,1.65,11.239,2026-10-06,11.2411,2026-10-05,10.5932,2025-10-07,-0.000186814,81.17,AMFI AAUM Jul-Sep 2026,81.17,Jul-Sep 2026,9.24,0.0032,,,0.0147257,0.0368081,0.0614546,,,,,0.0742316,NAV history,0.0452359,,,,,,,,,,,,341,,2026-10-07
153130,INF754K01TT2,Edelweiss CRISIL IBX AAA Financial Services Bond - Jan 2028 Index Fund,Edelweiss Mutual Fund,Index Funds,Index - Equity,Other Scheme - Index Funds,Regular,Growth,2024-11-21,AMFI scheme master,1.88,11.378,2026-10-06,11.378,2026-10-06,10.776,2025-10-07,0,103.3,Kuvera (latest month),103.96,Jul-Sep 2026,4.84,0.0035,Dhawal Dalal; Hetul Raval,Low to Moderate Risk,0.0120975,0.035399,0.0565512,,,,,0.0720108,NAV history,0.0403325,,,,,,,,0.916667,,,96.4,341,,2026-10-07
148557,INF754K01LR3,Edelweiss MSCI India Domestic & World Healthcare 45 Index Fund,Edelweiss Mutual Fund,Index Funds,Index - Equity,Other Scheme - Index Funds,Regular,Growth,2020-10-06,AMFI scheme master,6,23.4101,2026-10-06,24.3827,2026-08-31,20.0598,2026-04-06,-0.0398889,199.6,Kuvera (latest month),195.18,Jul-Sep 2026,115.49,0.011,Bhavesh Jain; Amit Vora; Manasi Jalgaonkar,Very High Risk,-0.00206747,0.167016,0.164734,0.0846137,0.18534,0.131397,,0.154513,NAV history,0.148515,0.111692,0.0703078,0.115943,-0.123882,-0.163466,1.03793,1.46674,0.616667,88.7,63.3,77.2,341,,2026-10-07
149341,INF754K01NN8,Edelweiss NIFTY Large Midcap 250 Index Fund,Edelweiss Mutual Fund,Index Funds,Index - Equity,Other Scheme - Index Funds,Regular,Growth,2021-11-15,AMFI scheme master,4.89,16.0402,2026-10-06,17.2692,2026-01-02,14.7529,2026-03-31,-0.0711672,354,Kuvera (latest month),345.33,Jul-Sep 2026,85.03,0.0108,Bhavesh Jain; Manasi Jalgaonkar,Very High Risk,-0.0529212,0.053419,-0.0285849,-0.0189014,0.0999464,,,0.104205,NAV history,-0.0448037,0.0262984,,0.149502,-0.1908,,0.233753,0.310653,0.595745,38,36,75.9,341,,2026-10-07
149249,INF754K01MP5,Edelweiss NIFTY PSU Bond Plus SDL Apr 2027 50:50 Index Fund,Edelweiss Mutual Fund,Index Funds,Index - Equity,Other Scheme - Index Funds,Regular,Growth,2021-09-30,AMFI scheme master,5.02,13.338,2026-10-06,13.338,2026-10-06,12.6215,2025-10-07,0,2121.7,Kuvera (latest month),2120.13,Jul-Sep 2026,369.11,,Dhawal Dalal; Hetul Raval,Low to Moderate Risk,0.0134103,0.0316263,0.057363,0.0681416,0.0731164,,,0.0596547,NAV history,0.0411443,-0.000531638,,0.00644068,-0.00228443,,1.26018,2.13405,0.408163,97.3,90.7,29,341,,2026-10-07
149256,INF754K01NF4,Edelweiss Nifty 100 Quality 30 Index Fund,Edelweiss Mutual Fund,Index Funds,Index - Equity,Other Scheme - Index Funds,Regular,Growth,2021-10-07,AMFI scheme master,5,13.5823,2026-10-06,15.1454,2026-01-07,12.7723,2026-03-31,-0.103206,118.5,Kuvera (latest month),120.57,Jul-Sep 2026,30.24,0.0121,Bhavesh Jain; Bharat Lahoti; Manasi Jalgaonkar,Very High Risk,-0.0367095,0.0275998,-0.0497835,-0.0593833,0.0684924,,,0.0602349,NAV history,-0.0660022,-0.00515564,,0.125323,-0.212366,-0.212366,0.027867,0.0380421,0.469388,20.7,34,42.4,341,,2026-10-07
149252,INF754K01MX9,Edelweiss Nifty 50 Index Fund,Edelweiss Mutual Fund,Index Funds,Index - Equity,Other Scheme - Index Funds,Regular,Growth,2021-10-07,AMFI scheme master,5,13.0461,2026-10-06,14.9769,2026-01-02,12.7067,2026-03-30,-0.128919,286.5,Kuvera (latest month),292.59,Jul-Sep 2026,20.08,0.0054,Bhavesh Jain; Bharat Lahoti; Manasi Jalgaonkar,Very High Risk,-0.06497,-0.0015154,-0.0851455,-0.0392319,0.0562004,,,0.0541949,NAV history,-0.101364,-0.0174477,,0.132043,-0.156511,-0.169045,-0.0666425,-0.0914194,0.306122,10,55.3,18.8,341,,2026-10-07
152617,INF754K01SO5,Edelweiss Nifty Alpha Low Volatility 30 Index Fund,Edelweiss Mutual Fund,Index Funds,Index - Equity,Other Scheme - Index Funds,Regular,Growth,2024-04-26,AMFI scheme master,2.45,9.3322,2026-10-06,10.3126,2026-08-03,8.875,2026-03-31,-0.0950682,92.3,Kuvera (latest month),91.97,Jul-Sep 2026,65.12,0.0129,Bhavesh Jain; Manasi Jalgaonkar,Very High Risk,-0.0635305,0.0333518,-0.0503801,-0.0912405,,,,-0.0318428,NAV history,-0.0665988,,,,,,,,0,,,2,341,,2026-10-07
154312,INF754K01WV2,Edelweiss Nifty LargeMidcap250 Plus 8-13yr G-Sec 70:30 Index Fund,Edelweiss Mutual Fund,Index Funds,Index - Equity,Other Scheme - Index Funds,Regular,Growth,2026-03-18,AMFI scheme master,0.56,10.3968,2026-10-06,10.9877,2026-08-10,10.2733,2026-04-09,-0.0537783,53.84,AMFI AAUM Jul-Sep 2026,53.84,Jul-Sep 2026,19.41,,,,-0.0423345,,,,,,,0.0120215,"NAV history (absolute, <1Y)",,,,,,,,,,,,,341,,2026-10-07
150900,INF754K01PZ7,Edelweiss Nifty Midcap150 Momentum 50 Index Fund,Edelweiss Mutual Fund,Index Funds,Index - Equity,Other Scheme - Index Funds,Regular,Growth,2022-11-10,AMFI scheme master,3.91,17.7076,2026-10-06,18.7936,2026-08-31,15.6709,2026-03-31,-0.0577856,1833.8,Kuvera (latest month),1762.28,Jul-Sep 2026,526.18,0.0138,Bhavesh Jain; Bharat Lahoti; Manasi Jalgaonkar,Very High Risk,-0.0165613,0.0884794,0.00515988,-0.03908,0.13045,,,0.155434,NAV history,-0.0110589,0.0568021,,0.198753,-0.260124,,0.329303,0.438545,0.514286,48,21.3,57.4,341,,2026-10-07
150897,INF754K01QH3,Edelweiss Nifty Next 50 Index Fund,Edelweiss Mutual Fund,Index Funds,Index - Equity,Other Scheme - Index Funds,Regular,Growth,2022-11-10,AMFI scheme master,3.91,15.9357,2026-10-06,17.0091,2026-08-10,13.7259,2026-03-31,-0.0631074,302.8,Kuvera (latest month),294.24,Jul-Sep 2026,27.25,0.0093,Bhavesh Jain; Manasi Jalgaonkar,Very High Risk,-0.0344926,0.115172,0.0215258,-0.0309991,0.157358,,,0.12663,NAV history,0.00530703,0.0837102,,0.184649,-0.266463,,0.500182,0.662438,0.628571,62.7,11.3,78.6,341,,2026-10-07
154561,INF754K01XN7,Edelweiss Nifty REITs & Realty Index Fund,Edelweiss Mutual Fund,Index Funds,Index - Equity,Index Funds - Equity Funds,Regular,Growth,2026-08-05,AMFI scheme master,0.17,9.5548,2026-10-06,10.048,2026-09-03,9.5409,2026-10-01,-0.0490844,63,AMFI AAUM Jul-Sep 2026,63,Jul-Sep 2026,39.26,0.0277,,,,,,,,,,-0.0413661,"NAV history (absolute, <1Y)",,,,,,,,,,,,,341,,2026-10-07
150894,INF754K01QP6,Edelweiss Nifty Smallcap 250 Index Fund,Edelweiss Mutual Fund,Index Funds,Index - Equity,Other Scheme - Index Funds,Regular,Growth,2022-11-10,AMFI scheme master,3.91,18.1943,2026-10-06,18.8367,2026-09-08,14.4781,2026-03-23,-0.0341036,284.5,Kuvera (latest month),271.81,Jul-Sep 2026,26.57,0.0094,Bhavesh Jain; Bharat Lahoti; Manasi Jalgaonkar,Very High Risk,-0.00919235,0.202039,0.0481735,-0.0072765,0.12807,,,0.165479,NAV history,0.0319547,0.0544218,,0.190852,-0.263472,,0.330465,0.431832,0.485714,48.7,18.7,47.5,341,,2026-10-07
152988,INF754K01TJ3,Edelweiss Nifty500 Multicap Momentum Quality 50 Index Fund,Edelweiss Mutual Fund,Index Funds,Index - Equity,Other Scheme - Index Funds,Regular,Growth,2024-10-11,AMFI scheme master,1.99,8.7914,2026-10-06,9.4078,2026-05-27,7.9202,2026-03-23,-0.0655201,625.9,Kuvera (latest month),607.51,Jul-Sep 2026,130.02,0.0137,Bhavesh Jain; Bharat Lahoti; Manasi Jalgaonkar,Very High Risk,-0.0253221,0.0580703,-0.0291324,,,,,-0.0640012,NAV history,-0.0453512,,,,,,,,0,,,2,341,,2026-10-07
100484,INF090I01890,Franklin India NSE Nifty 50 Index Fund,Franklin Templeton Mutual Fund,Index Funds,Index - Equity,Other Scheme - Index Funds,Regular,Growth,2000-08-04,AMFI scheme master,26.17,184.793,2026-10-06,212.543,2026-01-02,180.256,2026-03-31,-0.130563,715.2,Kuvera (latest month),712.27,Jul-Sep 2026,371.45,0.0067,Sandeep Manam; Shyam Sriram,Very High Risk,-0.0661069,-0.00317777,-0.0866442,-0.0399193,0.056383,0.0579737,0.103383,0.0973663,Since Apr-2006 (earlier NAV not in AMFI history),-0.102863,-0.017265,-0.00311572,0.131867,-0.155376,-0.166554,-0.0653457,-0.089723,0.360656,10.7,60.7,23.9,341,,2026-10-07
153710,INF666M01KW7,Groww Nifty 50 Index Fund,Groww Mutual Fund,Index Funds,Index - Equity,Index Funds - Equity Funds,Regular,Growth,2025-07-02,AMFI scheme master,1.26,9.0648,2026-10-06,10.4673,2026-01-02,8.8673,2026-03-31,-0.133989,26.67,AMFI AAUM Jul-Sep 2026,26.67,Jul-Sep 2026,4.42,0.0114,,,-0.067417,-0.00581281,-0.092331,,,,,-0.0768635,NAV history,-0.10855,,,,,,,,,,,,341,,2026-10-07
153232,INF666M01JN8,Groww Nifty India Railways PSU Index Fund,Groww Mutual Fund,Index Funds,Index - Equity,Index Funds - Equity Funds,Regular,Growth,2025-01-16,AMFI scheme master,1.72,7.053,2026-10-06,9.8463,2025-12-26,6.9964,2026-10-05,-0.28369,59.21,AMFI AAUM Jul-Sep 2026,59.21,Jul-Sep 2026,15.49,0.0118,,,-0.107193,-0.106638,-0.264692,,,,,-0.182645,NAV history,-0.280911,,,,,,,,,,,,341,,2026-10-07
153953,INF666M01MS1,Groww Nifty Midcap 150 Index Fund,Groww Mutual Fund,Index Funds,Index - Equity,Index Funds - Equity Funds,Regular,Growth,2025-10-28,AMFI scheme master,0.94,9.7803,2026-10-06,10.4976,2026-08-13,8.6786,2026-03-31,-0.0683299,15.39,AMFI AAUM Jul-Sep 2026,15.39,Jul-Sep 2026,4.51,0.0118,,,-0.0451443,0.0900914,,,,,,-0.0278418,"NAV history (absolute, <1Y)",,,,,,,,,,,,,341,,2026-10-07
153798,INF666M01LW5,Groww Nifty Next 50 Index Fund,Groww Mutual Fund,Index Funds,Index - Equity,Index Funds - Equity Funds,Regular,Growth,2025-08-06,AMFI scheme master,1.17,10.3018,2026-10-06,11.0031,2026-08-10,8.8959,2026-03-31,-0.0637366,10.77,AMFI AAUM Jul-Sep 2026,10.77,Jul-Sep 2026,2.47,0.0121,,,-0.0357009,0.112253,0.0185784,,,,,0.040107,NAV history,0.00235965,,,,,,,,,,,,341,,2026-10-07
152633,INF666M01IB5,Groww Nifty Non-Cyclical Consumer Index Fund,Groww Mutual Fund,Index Funds,Index - Equity,Index Funds - Equity Funds,Regular,Growth,2024-05-02,AMFI scheme master,2.43,9.8452,2026-10-06,11.2685,2025-10-20,8.9954,2026-03-31,-0.126308,40.6,Kuvera (latest month),41.2,Jul-Sep 2026,3.09,0.0111,Nikhil Satam; Aakash Chauhan; Shashi Kumar,Very High Risk,-0.0551722,0.0527599,-0.100879,-0.0840249,,,,-0.0065366,NAV history,-0.117097,,,,,,,,0,,,2,341,,2026-10-07
154284,INF666M01OK4,Groww Nifty PSU Bank Index Fund,Groww Mutual Fund,Index Funds,Index - Equity,Index Funds - Equity Funds,Regular,Growth,2026-03-06,AMFI scheme master,0.59,9.4786,2026-10-06,10.7486,2026-04-22,9.396,2026-10-01,-0.118155,4.93,AMFI AAUM Jul-Sep 2026,4.93,Jul-Sep 2026,1.58,0.0183,,,-0.0479319,-0.0453621,,,,,,-0.0378326,"NAV history (absolute, <1Y)",,,,,,,,,,,,,341,,2026-10-07
154350,INF666M01OX7,Groww Nifty Private Bank Index Fund,Groww Mutual Fund,Index Funds,Index - Equity,Index Funds - Equity Funds,Regular,Growth,2026-05-06,AMFI scheme master,0.42,10.069,2026-10-06,10.5964,2026-07-17,9.6576,2026-06-02,-0.0497716,5.52,AMFI AAUM Jul-Sep 2026,5.52,Jul-Sep 2026,2.08,0.0177,,,-0.0442607,,,,,,,0.0178624,"NAV history (absolute, <1Y)",,,,,,,,,,,,,341,,2026-10-07
152433,INF666M01HV5,Groww Nifty Smallcap 250 Index Fund,Groww Mutual Fund,Index Funds,Index - Equity,Index Funds - Equity Funds,Regular,Growth,2024-02-09,AMFI scheme master,2.66,11.7926,2026-10-06,12.2067,2026-09-08,9.3775,2026-03-23,-0.033924,139.2,Kuvera (latest month),137.59,Jul-Sep 2026,6.31,0.0115,Nikhil Satam; Aakash Chauhan; Shashi Kumar,Very High Risk,-0.00938316,0.201904,0.0485294,-0.00742956,,,,0.0630844,NAV history,0.0323106,,,,,,,,0.2,,,12.3,341,,2026-10-07
154387,INF666M01PD6,Groww Nifty Smallcap 250 Momentum Quality 100 Index Fund,Groww Mutual Fund,Index Funds,Index - Equity,Index Funds - Equity Funds,Regular,Growth,2026-05-29,AMFI scheme master,0.36,10.5004,2026-10-06,10.7814,2026-09-08,10.045,2026-06-29,-0.0260634,8.12,AMFI AAUM Jul-Sep 2026,8.12,Jul-Sep 2026,2.07,0.0195,,,0.0151984,,,,,,,0.0397774,"NAV history (absolute, <1Y)",,,,,,,,,,,,,341,,2026-10-07
152127,INF666M01HJ0,Groww Nifty Total Market Index Fund,Groww Mutual Fund,Index Funds,Index - Equity,Index Funds - Equity Funds,Regular,Growth,2023-10-03,AMFI scheme master,3.01,13.1662,2026-10-06,14.1647,2026-01-02,12.0363,2026-03-31,-0.0704921,373.9,Kuvera (latest month),370.29,Jul-Sep 2026,13.07,0.0109,Nikhil Satam; Aakash Chauhan; Shashi Kumar,Very High Risk,-0.048575,0.0584528,-0.0368051,-0.0275857,,,,0.0998604,NAV history,-0.0530238,,,,,,,,0.16,,,9.8,341,,2026-10-07
151729,INF179KC1GH7,HDFC BSE 500 Index Fund,HDFC Mutual Fund,Index Funds,Index - Equity,Other Scheme - Index Funds,Regular,Growth,2023-04-06,AMFI scheme master,3.5,14.726,2026-10-06,16.0077,2026-01-02,13.6198,2026-03-31,-0.0800677,326.8,Kuvera (latest month),322.63,Jul-Sep 2026,133.61,0.0083,Arun Agarwal; Nandita Menezes,Very High Risk,-0.0513554,0.0473237,-0.0443992,-0.0309168,0.0821853,,,0.118726,NAV history,-0.0606179,0.00853722,,0.142007,-0.190022,,0.121017,0.161327,0.322581,29.3,36.7,21.4,341,,2026-10-07
153958,INF179KC1JX8,HDFC BSE India Sector Leaders Index Fund,HDFC Mutual Fund,Index Funds,Index - Equity,Other Scheme - Index Funds,Regular,Growth,2025-11-07,AMFI scheme master,0.91,8.9765,2026-10-06,10.0065,2026-01-02,8.4892,2026-03-31,-0.102933,176.35,AMFI AAUM Jul-Sep 2026,176.35,Jul-Sep 2026,90.29,0.0079,,,-0.0598949,0.0230679,,,,,,-0.101739,"NAV history (absolute, <1Y)",,,,,,,,,,,,,341,,2026-10-07
154752,INF179KC1KU2,HDFC BSE REITS and Commercial Real Estate Index Fund,HDFC Mutual Fund,Index Funds,Index - Equity,Index Funds - Equity Funds,Regular,Growth,2026-09-15,AMFI scheme master,0.06,9.7202,2026-10-06,9.9987,2026-09-23,9.7202,2026-10-06,-0.0278536,3.06,AMFI AAUM Jul-Sep 2026,3.06,Jul-Sep 2026,1.52,0.0098,,,,,,,,,,-0.0264905,"NAV history (absolute, <1Y)",,,,,,,,,,,,,341,,2026-10-07
101281,INF179K01LA9,HDFC BSE Sensex Index Fund,HDFC Mutual Fund,Index Funds,Index - Equity,Other Scheme - Index Funds,Regular,Growth,2002-07-03,AMFI scheme master,24.26,681.643,2026-10-06,795.598,2026-01-02,667.176,2026-03-31,-0.143232,8495.5,Kuvera (latest month),8484.1,Jul-Sep 2026,1732.81,0.0038,Arun Agarwal; Nandita Menezes,Very High Risk,-0.0650816,-0.00801007,-0.101036,-0.0474246,0.0423071,0.0512715,0.10807,0.0943487,Since Apr-2006 (earlier NAV not in AMFI history),-0.117255,-0.0313409,-0.00981792,0.132651,-0.161416,-0.162914,-0.171072,-0.234877,0.409836,6,50,29.5,341,,2026-10-07
153518,INF179KC1JJ7,HDFC CRISIL-IBX Financial Services 3-6 Months Debt Index Fund,HDFC Mutual Fund,Index Funds,Index - Equity,Other Scheme - Index Funds,Regular,Growth,2025-04-28,AMFI scheme master,1.44,10.9991,2026-10-06,10.9991,2026-10-06,10.2889,2025-10-07,0,2212.63,AMFI AAUM Jul-Sep 2026,2212.63,Jul-Sep 2026,385.55,0.0025,,,0.0160644,0.0375531,0.0691505,,,,,0.0692642,NAV history,0.0529318,,,,,,,,,,,,341,,2026-10-07
154309,INF179KC1KH9,HDFC CRISIL-IBX Financial Services 9-12 Months Debt Index Fund,HDFC Mutual Fund,Index Funds,Index - Equity,Other Scheme - Index Funds,Regular,Growth,2026-03-19,AMFI scheme master,0.55,10.3927,2026-10-06,10.3927,2026-10-06,10.0017,2026-03-24,0,946.17,AMFI AAUM Jul-Sep 2026,946.17,Jul-Sep 2026,98.2,0.003,,,0.015041,0.0363578,,,,,,0.0390934,"NAV history (absolute, <1Y)",,,,,,,,,,,,,341,,2026-10-07
149871,INF179KC1CB9,HDFC NIFTY 100 Equal Weight Index Fund,HDFC Mutual Fund,Index Funds,Index - Equity,Other Scheme - Index Funds,Regular,Growth,2022-02-11,AMFI scheme master,4.65,16.3897,2026-10-06,17.7521,2026-08-03,14.8053,2026-03-31,-0.0767458,534.4,Kuvera (latest month),526.3,Jul-Sep 2026,179.33,0.0099,Arun Agarwal; Nandita Menezes,Very High Risk,-0.0520815,0.0676216,-0.0113405,-0.019575,0.1246,,,0.113271,NAV history,-0.0275593,0.0509519,,0.154029,-0.217386,,0.386939,0.516857,0.555556,56,27.3,67.4,341,,2026-10-07
149869,INF179KC1BZ0,HDFC NIFTY 100 Index Fund,HDFC Mutual Fund,Index Funds,Index - Equity,Other Scheme - Index Funds,Regular,Growth,2022-02-11,AMFI scheme master,4.65,13.9493,2026-10-06,15.6771,2026-01-02,13.3163,2026-03-31,-0.110212,473.6,Kuvera (latest month),469.19,Jul-Sep 2026,202.93,0.008,Arun Agarwal; Nandita Menezes,Very High Risk,-0.0611463,0.0165572,-0.069811,-0.0394554,0.0714222,,,0.0750236,NAV history,-0.0860298,-0.00222584,,0.137137,-0.174931,,0.0468304,0.0634618,0.355556,23.3,45.3,23,341,,2026-10-07
152890,INF179KC1IP6,HDFC NIFTY LargeMidcap 250 Index Fund,HDFC Mutual Fund,Index Funds,Index - Equity,Other Scheme - Index Funds,Regular,Growth,2024-09-20,AMFI scheme master,2.05,9.6123,2026-10-06,10.3318,2026-08-03,8.8262,2026-03-31,-0.0696394,466.1,Kuvera (latest month),459.22,Jul-Sep 2026,209.34,0.007,Arun Agarwal; Nandita Menezes,Very High Risk,-0.051976,0.0550561,-0.025912,,,,,-0.0196404,NAV history,-0.0421308,,,,,,,,0.461538,,,40.8,341,,2026-10-07
151725,INF179KC1GD6,HDFC NIFTY Midcap 150 Index Fund,HDFC Mutual Fund,Index Funds,Index - Equity,Other Scheme - Index Funds,Regular,Growth,2023-04-06,AMFI scheme master,3.5,18.4242,2026-10-06,19.7434,2026-08-13,16.307,2026-03-31,-0.0668173,725.9,Kuvera (latest month),700.43,Jul-Sep 2026,165.03,0.0082,Arun Agarwal; Nandita Menezes,Very High Risk,-0.0432913,0.0932751,0.0171305,0.00284259,0.129313,,,0.193589,NAV history,0.000911744,0.0556653,,0.171626,-0.212582,,0.37473,0.494091,0.677419,51.3,32,81.7,341,,2026-10-07
149287,INF179KC1BR7,HDFC NIFTY Next 50 index Fund,HDFC Mutual Fund,Index Funds,Index - Equity,Other Scheme - Index Funds,Regular,Growth,2021-10-22,AMFI scheme master,4.96,16.2224,2026-10-06,17.3386,2026-08-10,13.9797,2026-03-31,-0.0643766,2708.9,Kuvera (latest month),2656.92,Jul-Sep 2026,561.37,0.0071,Arun Agarwal; Nandita Menezes,Very High Risk,-0.0359132,0.114306,0.0215553,-0.0309869,0.158272,,,0.103516,NAV history,0.00533653,0.0846236,,0.185373,-0.267847,,0.503156,0.666197,0.5,64,9.3,52.7,341,,2026-10-07
152522,INF179KC1ID2,HDFC NIFTY Realty Index Fund,HDFC Mutual Fund,Index Funds,Index - Equity,Other Scheme - Index Funds,Regular,Growth,2024-03-07,AMFI scheme master,2.58,9.2961,2026-10-06,10.8005,2025-11-03,7.238,2026-03-31,-0.13929,144.2,Kuvera (latest month),154.39,Jul-Sep 2026,57.78,0.0092,Arun Agarwal; Nandita Menezes,Very High Risk,-0.0752634,0.217596,-0.0555335,-0.103668,,,,-0.0282635,NAV history,-0.0717523,,,,,,,,0,,,2,341,,2026-10-07
151571,INF179KC1GB0,HDFC NIFTY SDL Plus G-Sec Jun 2027 40:60 Index Fund,HDFC Mutual Fund,Index Funds,Index - Equity,Other Scheme - Index Funds,Regular,Growth,2023-03-13,AMFI scheme master,3.57,12.7699,2026-10-06,12.7699,2026-10-06,12.1274,2025-10-07,0,48.7,Kuvera (latest month),48.65,Jul-Sep 2026,9.59,,Anupam Joshi; Sankalp Baid,Low to Moderate Risk,0.0110848,0.0274113,0.0539526,0.0665025,0.0734901,,,0.0715158,NAV history,0.0377338,-0.000157882,,0.00702762,-0.00170111,,1.20811,2.03254,0.5625,96,92.7,69,341,,2026-10-07
151726,INF179KC1GF1,HDFC NIFTY Smallcap 250 Index Fund,HDFC Mutual Fund,Index Funds,Index - Equity,Other Scheme - Index Funds,Regular,Growth,2023-04-06,AMFI scheme master,3.5,19.1248,2026-10-06,19.8376,2026-09-08,15.2548,2026-03-23,-0.0359318,774.7,Kuvera (latest month),752.22,Jul-Sep 2026,156.81,0.008,Arun Agarwal; Nandita Menezes,Very High Risk,-0.0110658,0.200131,0.0458597,-0.00797682,0.125952,,,0.206611,NAV history,0.029641,0.0523044,,0.191076,-0.263497,,0.318997,0.416536,0.419355,46,18,32.6,341,,2026-10-07
152714,INF179KC1IL5,HDFC NIFTY100 Low Volatility 30 Index Fund,HDFC Mutual Fund,Index Funds,Index - Equity,Other Scheme - Index Funds,Regular,Growth,2024-06-21,AMFI scheme master,2.29,9.6904,2026-10-06,10.954,2026-01-07,9.3775,2026-03-31,-0.115355,219.6,Kuvera (latest month),219.29,Jul-Sep 2026,108.4,0.0094,Arun Agarwal; Nandita Menezes,Very High Risk,-0.064299,0.00924846,-0.064922,-0.0448765,,,,-0.0144065,NAV history,-0.0811408,,,,,,,,0.3125,,,21,341,,2026-10-07
152429,INF179KC1IB6,HDFC NIFTY200 Momentum 30 Index Fund,HDFC Mutual Fund,Index Funds,Index - Equity,Other Scheme - Index Funds,Regular,Growth,2024-02-09,AMFI scheme master,2.66,9.8977,2026-10-06,10.718,2025-11-27,8.9719,2026-03-31,-0.0765348,608.8,Kuvera (latest month),602.33,Jul-Sep 2026,269.36,0.0128,Arun Agarwal; Nandita Menezes,Very High Risk,-0.0264015,0.0580457,-0.0322275,-0.0987755,,,,-0.00369653,NAV history,-0.0484462,,,,,,,,0.047619,,,4.5,341,,2026-10-07
149106,INF179KC1BN6,HDFC NIFTY50 Equal Weight Index Fund,HDFC Mutual Fund,Index Funds,Index - Equity,Other Scheme - Index Funds,Regular,Growth,2021-08-04,AMFI scheme master,5.17,17.1332,2026-10-06,18.7948,2026-08-03,16.3117,2026-03-31,-0.0884074,1808.7,Kuvera (latest month),1790.83,Jul-Sep 2026,579.72,0.0092,Arun Agarwal; Nandita Menezes,Very High Risk,-0.0630581,0.0202402,-0.0356186,-0.0201853,0.0980282,0.0957861,,0.110919,NAV history,-0.0518373,0.0243801,0.0346967,0.136449,-0.181869,-0.181869,0.242056,0.332361,0.803922,39.3,44,90.2,341,,2026-10-07
152779,INF179KC1IN1,HDFC NIFTY500 Multicap 50:25:25 Index Fund,HDFC Mutual Fund,Index Funds,Index - Equity,Other Scheme - Index Funds,Regular,Growth,2024-08-06,AMFI scheme master,2.17,9.6382,2026-10-06,10.2415,2026-08-10,8.6266,2026-03-31,-0.0589074,517.9,Kuvera (latest month),509.38,Jul-Sep 2026,191.43,,Arun Agarwal; Nandita Menezes,Very High Risk,-0.0442086,0.0803946,-0.0188529,-0.0193544,,,,-0.0170771,NAV history,-0.0350717,,,,,,,,0.133333,,,8.7,341,,2026-10-07
101525,INF179K01KZ8,HDFC Nifty 50 Index Fund,HDFC Mutual Fund,Index Funds,Index - Equity,Other Scheme - Index Funds,Regular,Growth,2002-07-03,AMFI scheme master,24.26,217.632,2026-10-06,250.059,2026-01-02,212.156,2026-03-31,-0.129677,23783.9,Kuvera (latest month),23710.1,Jul-Sep 2026,5284.55,0.0044,Arun Agarwal; Nandita Menezes,Very High Risk,-0.0660485,-0.00254323,-0.0857674,-0.0385325,0.0582772,0.0602261,0.108799,0.0942978,Since Apr-2006 (earlier NAV not in AMFI history),-0.101986,-0.0153708,-0.000863315,0.132468,-0.155783,-0.166867,-0.05075,-0.0696924,0.786885,16.7,58.7,88.4,341,,2026-10-07
154428,INF179KC1KP2,HDFC Nifty Auto Index Fund,HDFC Mutual Fund,Index Funds,Index - Equity,Index Funds - Equity Funds,Regular,Growth,2026-06-22,AMFI scheme master,0.29,9.3476,2026-10-06,10.8676,2026-08-07,9.2913,2026-10-01,-0.139865,150.54,AMFI AAUM Jul-Sep 2026,150.54,Jul-Sep 2026,94.14,0.0187,,,,,,,,,,-0.0645571,"NAV history (absolute, <1Y)",,,,,,,,,,,,,341,,2026-10-07
151496,INF179KC1FR8,HDFC Nifty G-Sec Apr 2029 Index Fund,HDFC Mutual Fund,Index Funds,Index - Equity,Other Scheme - Index Funds,Regular,Growth,2023-02-27,AMFI scheme master,3.61,12.9282,2026-10-06,12.9913,2026-09-07,12.4283,2025-10-09,-0.0048571,152.5,Kuvera (latest month),155.94,Jul-Sep 2026,72.86,0.0037,Anupam Joshi; Sankalp Baid,Low to Moderate Risk,0.00134771,0.0262187,0.040139,0.0638557,0.0747313,,,0.0746194,NAV history,0.0239203,0.00108322,,0.014816,-0.00956791,,0.656809,0.986089,0.5625,75.3,76.7,69,341,,2026-10-07
150844,INF179KC1EG4,HDFC Nifty G-Sec Dec 2026 Index Fund,HDFC Mutual Fund,Index Funds,Index - Equity,Other Scheme - Index Funds,Regular,Growth,2022-11-01,AMFI scheme master,3.93,13.0183,2026-10-06,13.0183,2026-10-06,12.3611,2025-10-07,0,931.8,Kuvera (latest month),935.48,Jul-Sep 2026,236.13,0.0035,Anupam Joshi; Sankalp Baid,Low Risk,0.0128293,0.0274253,0.0534565,0.064217,0.0709889,,,0.0697314,NAV history,0.0372378,-0.0026591,,0.00630879,-0.00137363,,0.949299,1.57624,0.416667,85.3,96.7,32.1,341,,2026-10-07
150846,INF179KC1EI0,HDFC Nifty G-Sec July 2031 Index Fund,HDFC Mutual Fund,Index Funds,Index - Equity,Other Scheme - Index Funds,Regular,Growth,2022-11-01,AMFI scheme master,3.93,13.1709,2026-10-06,13.3932,2026-08-06,12.737,2026-04-02,-0.016598,637.5,Kuvera (latest month),635.98,Jul-Sep 2026,152.03,0.0033,Anupam Joshi; Sankalp Baid,Moderate Risk,-0.00680934,0.031402,0.0326149,0.0596725,0.0747417,,,0.0729018,NAV history,0.0163962,0.00109371,,0.0224537,-0.0219536,,0.43386,0.638005,0.472222,58,70,43.3,341,,2026-10-07
151180,INF179KC1EK6,HDFC Nifty G-Sec Jun 2027 Index Fund,HDFC Mutual Fund,Index Funds,Index - Equity,Other Scheme - Index Funds,Regular,Growth,2022-12-02,AMFI scheme master,3.85,12.978,2026-10-06,12.978,2026-10-06,12.3559,2025-10-09,0,567.5,Kuvera (latest month),574.46,Jul-Sep 2026,230.41,0.0035,Anupam Joshi; Sankalp Baid,Low to Moderate Risk,0.0107162,0.0268299,0.0510885,0.0658002,0.0730274,,,0.0705012,NAV history,0.0348698,-0.000620673,,0.00836464,-0.00232648,,0.959678,1.52499,0.542857,86,90,65.6,341,,2026-10-07
151490,INF179KC1FT4,HDFC Nifty G-Sec Jun 2036 Index Fund,HDFC Mutual Fund,Index Funds,Index - Equity,Other Scheme - Index Funds,Regular,Growth,2023-02-27,AMFI scheme master,3.61,12.9165,2026-10-06,13.2053,2026-08-14,12.454,2026-04-02,-0.02187,859.3,Kuvera (latest month),850.16,Jul-Sep 2026,178,0.0035,Anupam Joshi; Sankalp Baid,Moderate Risk,-0.0170391,0.0275084,0.0282118,0.0532842,0.0741045,,,0.0743358,NAV history,0.0119931,0.000456471,,0.0312722,-0.0318869,,0.291137,0.411525,0.53125,43.3,64,61.4,341,,2026-10-07
151182,INF179KC1EM2,HDFC Nifty G-Sec Sep 2032 Index Fund,HDFC Mutual Fund,Index Funds,Index - Equity,Other Scheme - Index Funds,Regular,Growth,2022-12-02,AMFI scheme master,3.85,13.0184,2026-10-06,13.2959,2026-08-06,12.6032,2026-04-02,-0.0208711,625.8,Kuvera (latest month),626.87,Jul-Sep 2026,160.24,0.0034,Anupam Joshi; Sankalp Baid,Moderate Risk,-0.0105118,0.0272386,0.028529,0.0572174,0.073384,,,0.0713715,NAV history,0.0123102,-0.00026402,,0.0240233,-0.0229169,,0.348995,0.499989,0.485714,50,68,47.5,341,,2026-10-07
154180,INF179KC1JZ3,HDFC Nifty India Consumption Index Fund,HDFC Mutual Fund,Index Funds,Index - Equity,Other Scheme - Index Funds,Regular,Growth,2026-02-04,AMFI scheme master,0.67,9.3043,2026-10-06,10.2979,2026-08-03,8.6598,2026-03-31,-0.0964857,119.69,AMFI AAUM Jul-Sep 2026,119.69,Jul-Sep 2026,66.88,0.0088,,,-0.0652515,0.0421716,,,,,,-0.069058,"NAV history (absolute, <1Y)",,,,,,,,,,,,,341,,2026-10-07
153096,INF179KC1JA6,HDFC Nifty India Digital Index Fund,HDFC Mutual Fund,Index Funds,Index - Equity,Other Scheme - Index Funds,Regular,Growth,2024-11-22,AMFI scheme master,1.87,8.1578,2026-10-06,9.7198,2025-12-22,7.2721,2026-03-31,-0.160703,157.8,Kuvera (latest month),152.06,Jul-Sep 2026,82.76,0.0086,Arun Agarwal; Nandita Menezes,Very High Risk,0.0344399,0.0714633,-0.0928722,,,,,-0.105903,NAV history,-0.109091,,,,,,,,,,,,341,,2026-10-07
151455,INF179KC1FJ5,HDFC Nifty SDL Oct 2026 Index Fund,HDFC Mutual Fund,Index Funds,Index - Equity,Other Scheme - Index Funds,Regular,Growth,2023-02-16,AMFI scheme master,3.64,12.8425,2026-10-06,12.8425,2026-10-06,12.1824,2025-10-07,0,177.4,Kuvera (latest month),178.92,Jul-Sep 2026,63.49,0.0035,Anupam Joshi; Sankalp Baid,Low Risk,0.0128314,0.0271288,0.0544184,0.0647137,0.0712312,,,0.0715879,NAV history,0.0381997,-0.00241681,,0.00564743,-0.000909375,,1.10337,1.95086,0.454545,94,100,38.4,341,,2026-10-07
153404,INF179KC1JH1,HDFC Nifty Top 20 Equal Weight Index Fund,HDFC Mutual Fund,Index Funds,Index - Equity,Other Scheme - Index Funds,Regular,Growth,2025-03-07,AMFI scheme master,1.59,9.5446,2026-10-06,11.0954,2025-12-05,9.2972,2026-03-31,-0.13977,91.16,AMFI AAUM Jul-Sep 2026,91.16,Jul-Sep 2026,40.88,0.0086,,,-0.045244,-0.00288335,-0.0972581,,,,,-0.0297783,NAV history,-0.113477,,,,,,,,,,,,341,,2026-10-07
153265,INF179KC1JE8,HDFC Nifty100 Quality 30 Index Fund,HDFC Mutual Fund,Index Funds,Index - Equity,Other Scheme - Index Funds,Regular,Growth,2025-01-31,AMFI scheme master,1.68,10.239,2026-10-06,11.4116,2026-01-07,9.6292,2026-03-31,-0.102755,141.3,AMFI AAUM Jul-Sep 2026,141.3,Jul-Sep 2026,72.54,0.0089,,,-0.0367464,0.0277747,-0.0491535,,,,,0.0145978,NAV history,-0.0653723,,,,,,,,,,,,341,,2026-10-07
151158,INF917K01D38,HSBC NIFTY 50 Index Fund,HSBC Mutual Fund,Index Funds,Index - Equity,Index Funds - Equity Funds,Regular,Growth,2020-03-24,AMFI scheme master,6.54,26.4819,2026-10-06,30.3898,2026-01-02,25.8066,2026-03-30,-0.128592,392.1,Kuvera (latest month),389.06,Jul-Sep 2026,224.01,0.0039,Praveen Ayathan; Rajeesh Nair,Very High Risk,-0.0656569,-0.00218163,-0.0845202,-0.0384175,0.0580717,,,0.0616958,NAV history,-0.100739,-0.0155763,,0.132329,-0.156025,,-0.0523563,-0.0719114,0.694444,16,57.3,82.1,341,,2026-10-07
151162,INF917K01D95,HSBC NIFTY NEXT 50 Index Fund,HSBC Mutual Fund,Index Funds,Index - Equity,Index Funds - Equity Funds,Regular,Growth,2020-03-24,AMFI scheme master,6.54,29.8719,2026-10-06,31.9239,2026-08-10,25.8031,2026-03-31,-0.0642779,182.4,Kuvera (latest month),177.08,Jul-Sep 2026,76.23,0.0081,Praveen Ayathan; Rajeesh Nair,Very High Risk,-0.0361945,0.111595,0.0190805,-0.0326954,0.156503,,,0.132403,NAV history,0.00286179,0.0828548,,0.185499,-0.267339,,0.493278,0.653067,0.666667,60.7,10,81,341,,2026-10-07
153409,INF109K1A039,ICICI Prudential CRISIL-IBX Financial Services 3-6 Months Debt Index Fund,ICICI Prudential Mutual Fund,Index Funds,Index - Equity,Other Scheme - Index Funds,Regular,Growth,2025-03-10,AMFI scheme master,1.58,11.1102,2026-10-06,11.1102,2026-10-06,10.4042,2025-10-07,0,512.69,AMFI AAUM Jul-Sep 2026,512.69,Jul-Sep 2026,47.5,0.0022,,,0.0159383,0.0368248,0.0680523,,,,,0.0702064,NAV history,0.0518335,,,,,,,,,,,,341,,2026-10-07
149218,INF109KC1U27,ICICI Prudential NASDAQ 100 Index Fund,ICICI Prudential Mutual Fund,Index Funds,Index - Equity,Other Scheme - Index Funds,Regular,Growth,2021-09-27,AMFI scheme master,5.03,25.57,2026-10-06,25.57,2026-10-06,18.2197,2025-11-20,0,3581.4,Kuvera (latest month),3571.6,Jul-Sep 2026,857.88,0.0106,Sharmila D'Silva; Nitya Mishra; Venus Ahuja,Very High Risk,0.0604282,0.33218,0.349148,0.331147,0.335679,,,0.206512,NAV history,0.332929,0.262031,,0.210759,-0.238836,,1.28431,1.88389,0.836735,98,24.7,93.3,341,,2026-10-07
150454,INF109KC18C5,ICICI Prudential Nifty 200 Momentum 30 Index Fund,ICICI Prudential Mutual Fund,Index Funds,Index - Equity,Other Scheme - Index Funds,Regular,Growth,2022-07-22,AMFI scheme master,4.21,15.8604,2026-10-06,17.1861,2025-11-27,14.3828,2026-03-31,-0.0771379,568.2,Kuvera (latest month),555.29,Jul-Sep 2026,171.9,0.0141,Nishit Patel; Ashwini Bharucha; Venus Ahuja,Very High Risk,-0.0265871,0.0575856,-0.0329142,-0.0995805,0.0849632,,,0.11438,NAV history,-0.049133,0.0113151,,0.196327,-0.320318,,0.101683,0.136047,0.461538,28,2.7,40.8,341,,2026-10-07
153162,INF109KC13Y0,ICICI Prudential Nifty 500 Index Fund,ICICI Prudential Mutual Fund,Index Funds,Index - Equity,Other Scheme - Index Funds,Regular,Growth,2024-12-10,AMFI scheme master,1.82,9.9262,2026-10-06,10.79,2026-01-02,9.1867,2026-03-31,-0.0800556,104.5,Kuvera (latest month),100.16,Jul-Sep 2026,37.33,0.0101,Nishit Patel; Ashwini Bharucha; Venus Ahuja,Very High Risk,-0.0530694,0.0475648,-0.0447494,,,,,-0.00601058,NAV history,-0.0609681,,,,,,,,,,,,341,,2026-10-07
150645,INF109KC13J1,ICICI Prudential Nifty Auto Index Fund,ICICI Prudential Mutual Fund,Index Funds,Index - Equity,Other Scheme - Index Funds,Regular,Growth,2022-09-22,AMFI scheme master,4.04,20.2073,2026-10-06,23.4894,2026-08-07,18.7456,2026-03-31,-0.139727,253.2,Kuvera (latest month),241.22,Jul-Sep 2026,104.28,0.0096,Nishit Patel; Ashwini Bharucha; Venus Ahuja,Very High Risk,-0.0654114,0.05248,-0.0480738,-0.0073874,0.167226,,,0.19101,NAV history,-0.0642925,0.0935783,,0.192602,-0.285147,,0.530764,0.749864,0.756757,70,6,86.6,341,,2026-10-07
149859,INF109KC1Z89,ICICI Prudential Nifty Bank Index Fund,ICICI Prudential Mutual Fund,Index Funds,Index - Equity,Other Scheme - Index Funds,Regular,Growth,2022-02-10,AMFI scheme master,4.65,15.4535,2026-10-06,17.2306,2026-02-18,14.0656,2026-03-31,-0.103136,793.5,Kuvera (latest month),778.25,Jul-Sep 2026,175.64,0.0082,Nishit Patel; Ajaykumar Solanki; Ashwini Bharucha; Venus Ahuja,Very High Risk,-0.054346,0.0502226,-0.0191617,0.0337863,0.0746505,,,0.102233,NAV history,-0.0353804,0.00100244,,0.160382,-0.183685,,0.0601717,0.083069,0.477273,26,40.7,45.3,341,,2026-10-07
150732,INF109KC15K4,ICICI Prudential Nifty G-Sec Dec 2030 Index Fund,ICICI Prudential Mutual Fund,Index Funds,Index - Equity,Other Scheme - Index Funds,Regular,Growth,2022-10-04,AMFI scheme master,4.01,13.26,2026-10-06,13.4181,2026-08-14,12.8205,2025-10-13,-0.0117826,813.8,Kuvera (latest month),814.82,Jul-Sep 2026,283.9,0.0038,Darshil Dedhia; Rohit Lakhotia; Venus Ahuja,Moderate Risk,-0.00487058,0.031746,0.0324047,0.0616815,0.0741111,,,0.0733099,NAV history,0.016186,0.000463033,,0.0198822,-0.0186037,,0.458252,0.665712,0.540541,58.7,72.7,62.9,341,,2026-10-07
150466,INF109KC10E8,ICICI Prudential Nifty IT Index Fund,ICICI Prudential Mutual Fund,Index Funds,Index - Equity,Other Scheme - Index Funds,Regular,Growth,2022-07-28,AMFI scheme master,4.19,9.779,2026-10-06,13.6309,2025-12-22,8.9549,2026-07-01,-0.282586,467.6,Kuvera (latest month),442.82,Jul-Sep 2026,98.81,0.0102,Nishit Patel; Ajaykumar Solanki; Ashwini Bharucha; Venus Ahuja,Very High Risk,0.0322478,-0.0777226,-0.179304,-0.169632,-0.0336544,,,-0.00536094,NAV history,-0.195523,-0.107302,,0.222344,-0.426762,,-0.443702,-0.622014,0.461538,1.3,2,40.8,341,,2026-10-07
152481,INF109KC15U3,ICICI Prudential Nifty LargeMidcap 250 Index Fund,ICICI Prudential Mutual Fund,Index Funds,Index - Equity,Other Scheme - Index Funds,Regular,Growth,2024-02-22,AMFI scheme master,2.62,11.7594,2026-10-06,12.6434,2026-08-03,10.8036,2026-03-31,-0.0699179,301.6,Kuvera (latest month),295.34,Jul-Sep 2026,97.87,0.0083,Nishit Patel; Ashwini Bharucha; Venus Ahuja,Very High Risk,-0.0523033,0.0544845,-0.0264511,-0.0176274,,,,0.0594564,NAV history,-0.0426698,,,,,,,,0.3,,,18.1,341,,2026-10-07
149390,INF109KC1W25,ICICI Prudential Nifty Midcap 150 Index Fund,ICICI Prudential Mutual Fund,Index Funds,Index - Equity,Other Scheme - Index Funds,Regular,Growth,2021-12-03,AMFI scheme master,4.84,19.0225,2026-10-06,20.3888,2026-08-13,16.8522,2026-03-31,-0.0670123,1328.4,Kuvera (latest month),1280.52,Jul-Sep 2026,220.91,0.0113,Nishit Patel; Ajaykumar Solanki; Ashwini Bharucha; Venus Ahuja,Very High Risk,-0.043663,0.0919669,0.0161158,0.00185559,0.12865,,,0.142054,NAV history,-0.000102982,0.0550023,,0.171693,-0.212996,,0.370721,0.488729,0.744681,50.7,30,85.5,341,,2026-10-07
112957,INF109K01IF1,ICICI Prudential Nifty Next 50 Index Fund,ICICI Prudential Mutual Fund,Index Funds,Index - Equity,Other Scheme - Index Funds,Regular,Growth,2010-06-10,AMFI scheme master,16.33,61.4942,2026-10-06,65.7412,2026-08-10,53.0649,2026-03-31,-0.0646018,10116.6,Kuvera (latest month),9921.25,Jul-Sep 2026,2542.19,0.008,Nishit Patel; Ajaykumar Solanki; Ashwini Bharucha; Venus Ahuja,Very High Risk,-0.0360806,0.112959,0.0205388,-0.0318625,0.158573,0.10299,0.114866,0.118127,NAV history,0.00432008,0.0849248,0.0419007,0.185224,-0.267879,-0.267879,0.505186,0.669246,0.540984,64.7,8.7,64.5,341,,2026-10-07
149208,INF109KC1S13,ICICI Prudential Nifty PSU Bond Plus SDL Sep 2027 40:60 Index Fund,ICICI Prudential Mutual Fund,Index Funds,Index - Equity,Other Scheme - Index Funds,Regular,Growth,2021-09-16,AMFI scheme master,5.06,13.3087,2026-10-06,13.31,2026-10-05,12.6174,2025-10-07,-9.76709e-05,7968.7,Kuvera (latest month),8061.28,Jul-Sep 2026,1679.56,,Darshil Dedhia; Rohit Lakhotia,Moderate Risk,0.0127693,0.0330997,0.0550988,0.0681333,0.073648,0.0589762,,0.0585734,NAV history,0.0388801,0,-0.0021132,0.00797441,-0.00253388,-0.0357462,1.08447,1.72145,0.46,92.7,89.3,39.7,341,,2026-10-07
150929,INF109KC18L6,ICICI Prudential Nifty Pharma Index Fund,ICICI Prudential Mutual Fund,Index Funds,Index - Equity,Other Scheme - Index Funds,Regular,Growth,2022-11-25,AMFI scheme master,3.87,20.0634,2026-10-06,20.5641,2026-08-31,16.3191,2026-02-02,-0.0243483,156.8,Kuvera (latest month),150.77,Jul-Sep 2026,45.52,0.0118,Nishit Patel; Ashwini Bharucha; Venus Ahuja,Very High Risk,0.0261297,0.213155,0.212444,0.0676888,0.199403,,,0.202452,NAV history,0.196225,0.125755,,0.15006,-0.167766,,0.895662,1.28045,0.828571,84,47.3,92.4,341,,2026-10-07
153676,INF109K1A351,ICICI Prudential Nifty Private Bank Index Fund,ICICI Prudential Mutual Fund,Index Funds,Index - Equity,Other Scheme - Index Funds,Regular,Growth,2025-07-01,AMFI scheme master,1.27,9.6741,2026-10-06,10.4165,2026-02-18,8.6263,2026-03-31,-0.0712715,49.48,AMFI AAUM Jul-Sep 2026,49.48,Jul-Sep 2026,19.12,0.012,,,-0.0435509,0.0754616,-0.0189137,,,,,-0.0272677,NAV history,-0.0351324,,,,,,,,,,,,341,,2026-10-07
150728,INF109KC11L1,ICICI Prudential Nifty SDL Dec 2028 Index Fund,ICICI Prudential Mutual Fund,Index Funds,Index - Equity,Other Scheme - Index Funds,Regular,Growth,2022-10-04,AMFI scheme master,4.01,13.3174,2026-10-06,13.3444,2026-09-10,12.7205,2025-10-09,-0.00202332,908.6,Kuvera (latest month),879.79,Jul-Sep 2026,263.56,0.0036,Darshil Dedhia; Rohit Lakhotia,Low to Moderate Risk,0.00492752,0.0278944,0.0470148,0.0638142,0.0736823,,,0.074657,NAV history,0.030796,3.4247e-05,,0.015533,-0.011736,,0.558957,0.825778,0.486486,71.3,73.3,48.7,341,,2026-10-07
151208,INF109KC10P4,ICICI Prudential Nifty SDL Sep 2026 Index Fund,ICICI Prudential Mutual Fund,Index Funds,Index - Equity,Other Scheme - Index Funds,Regular,Growth,2022-12-15,AMFI scheme master,3.81,12.859,2026-09-30,12.859,2026-09-30,12.1942,2025-10-01,0,220.2,Kuvera (latest month),216.32,Jul-Sep 2026,51.27,0.004,Darshil Dedhia; Rohit Lakhotia,Low Risk,0.0128148,0.0270767,0.0546561,0.0643223,0.0697784,,,0.0688546,NAV history,0.0384374,-0.00386967,,0.00547934,-0.00107495,,0.850387,1.47816,0.411765,81.3,98,31,341,,2026-10-07
149998,INF109KC11B2,ICICI Prudential Nifty SDL Sep 2027 Index Fund,ICICI Prudential Mutual Fund,Index Funds,Index - Equity,Other Scheme - Index Funds,Regular,Growth,2022-03-22,AMFI scheme master,4.54,13.2315,2026-10-06,13.2357,2026-10-05,12.5332,2025-10-07,-0.000317324,1448.3,Kuvera (latest month),1419.58,Jul-Sep 2026,342.43,0.0033,Darshil Dedhia; Rohit Lakhotia,Moderate Risk,0.0124108,0.032203,0.0561289,0.0677851,0.0748667,,,0.063771,NAV history,0.0399102,0.00121863,,0.00940864,-0.00388197,,1.04868,1.62029,0.477273,90,84.7,45.3,341,,2026-10-07
149281,INF109KC1U84,ICICI Prudential Nifty Smallcap 250 Index Fund,ICICI Prudential Mutual Fund,Index Funds,Index - Equity,Other Scheme - Index Funds,Regular,Growth,2021-10-12,AMFI scheme master,4.99,17.8125,2026-10-06,18.4847,2026-09-08,14.2292,2026-03-23,-0.0363652,788.9,Kuvera (latest month),774.95,Jul-Sep 2026,146,0.0103,Nishit Patel; Ajaykumar Solanki; Ashwini Bharucha; Venus Ahuja,Very High Risk,-0.0117234,0.198188,0.0440845,-0.00929475,0.125558,,,0.124301,NAV history,0.0278658,0.0519097,,0.19111,-0.263448,,0.316873,0.413688,0.5,45.3,20,52.7,341,,2026-10-07
153613,INF109K1A286,ICICI Prudential Nifty Top 15 Equal Weight Index Fund,ICICI Prudential Mutual Fund,Index Funds,Index - Equity,Other Scheme - Index Funds,Regular,Growth,2025-06-10,AMFI scheme master,1.33,8.7991,2026-10-06,10.5905,2025-12-05,8.6417,2026-10-01,-0.169152,30.34,AMFI AAUM Jul-Sep 2026,30.34,Jul-Sep 2026,7.89,0.0102,,,-0.0679611,-0.0238082,-0.126475,,,,,-0.0969053,NAV history,-0.142694,,,,,,,,,,,,341,,2026-10-07
153544,INF109K1A229,ICICI Prudential Nifty200 Quality 30 Index Fund,ICICI Prudential Mutual Fund,Index Funds,Index - Equity,Other Scheme - Index Funds,Regular,Growth,2025-05-21,AMFI scheme master,1.38,9.2173,2026-10-06,10.4303,2026-01-07,8.7764,2026-03-31,-0.116296,25.58,AMFI AAUM Jul-Sep 2026,25.58,Jul-Sep 2026,9.26,0.0092,,,-0.0491159,0.00989372,-0.0739081,,,,,-0.0635234,NAV history,-0.0901269,,,,,,,,,,,,341,,2026-10-07
152934,INF109KC10X8,ICICI Prudential Nifty200 Value 30 Index Fund,ICICI Prudential Mutual Fund,Index Funds,Index - Equity,Other Scheme - Index Funds,Regular,Growth,2024-09-30,AMFI scheme master,2.02,10.2848,2026-10-06,11.8649,2026-02-26,9.7716,2025-10-14,-0.133174,190.1,Kuvera (latest month),195.12,Jul-Sep 2026,70.64,0.0108,Nishit Patel; Ashwini Bharucha; Venus Ahuja,Very High Risk,-0.0735917,-0.0297816,0.0468416,,,,,0.0218133,NAV history,0.0306229,,,,,,,,1,,,99.1,341,,2026-10-07
150637,INF109KC17I4,ICICI Prudential Nifty50 Equal Weight Index Fund-,ICICI Prudential Mutual Fund,Index Funds,Index - Equity,Other Scheme - Index Funds,Regular,Growth,2022-09-14,AMFI scheme master,4.06,15.7951,2026-10-06,17.335,2026-08-03,15.0535,2026-03-31,-0.0888318,267.7,Kuvera (latest month),263.91,Jul-Sep 2026,72.35,,Nishit Patel; Ashwini Bharucha; Venus Ahuja,Very High Risk,-0.0636501,0.0191439,-0.0374417,-0.0214959,0.0956652,,,0.115493,NAV history,-0.0536605,0.0220172,,0.135977,-0.182779,,0.225518,0.309711,0.594595,35.3,41.3,75.2,341,,2026-10-07
152366,INF109KC19T7,ICICI Prudential Nifty50 Value 20 Index Fund,ICICI Prudential Mutual Fund,Index Funds,Index - Equity,Other Scheme - Index Funds,Regular,Growth,2024-01-15,AMFI scheme master,2.73,9.4853,2026-10-06,11.2775,2026-01-07,9.3824,2026-10-01,-0.158918,98.8,Kuvera (latest month),99.38,Jul-Sep 2026,28.46,0.0088,Nishit Patel; Ashwini Bharucha; Venus Ahuja,Very High Risk,-0.0706426,-0.0581571,-0.115169,-0.104476,,,,-0.0194,NAV history,-0.131388,,,,,,,,0,,,2,341,,2026-10-07
154342,INF205KA1BL0,Invesco India BSE Sensex Index Fund,Invesco Mutual Fund,Index Funds,Index - Equity,Index Funds - Equity Funds,Regular,Growth,2026-04-23,AMFI scheme master,0.46,9.5582,2026-10-06,10.3555,2026-08-06,9.407,2026-10-01,-0.0769929,18.34,AMFI AAUM Jul-Sep 2026,18.34,Jul-Sep 2026,9.56,0.0126,,,-0.067811,,,,,,,-0.0271849,"NAV history (absolute, <1Y)",,,,,,,,,,,,,341,,2026-10-07
154344,INF205KA1BN6,Invesco India Nifty Bank Index Fund,Invesco Mutual Fund,Index Funds,Index - Equity,Index Funds - Equity Funds,Regular,Growth,2026-04-23,AMFI scheme master,0.46,10.1695,2026-10-06,10.7879,2026-07-17,9.832,2026-05-19,-0.0573235,31.27,AMFI AAUM Jul-Sep 2026,31.27,Jul-Sep 2026,11.38,0.0127,,,-0.0537095,,,,,,,0.0286041,"NAV history (absolute, <1Y)",,,,,,,,,,,,,341,,2026-10-07
154633,INF22M001200,JioBlackRock Nifty 50 Index Fund,Jio BlackRock Mutual Fund,Index Funds,Index - Equity,Index Funds - Equity Funds,Regular,Growth,2025-08-05,AMFI scheme master,1.17,9.3745,2026-10-06,10.0178,2026-08-25,9.2295,2026-10-01,-0.0642157,271,AMFI AAUM Jul-Sep 2026,271,Jul-Sep 2026,0.01,0.0066,,,,,,,,,,-0.0574034,"NAV history (absolute, <1Y)",,,,,,,,,,,,,341,,2026-10-07
154643,INF22M001341,JioBlackRock Nifty Midcap 150 Index Fund,Jio BlackRock Mutual Fund,Index Funds,Index - Equity,Index Funds - Equity Funds,Regular,Growth,2025-08-05,AMFI scheme master,1.17,9.3973,2026-10-06,10.0719,2026-08-31,9.2542,2026-10-01,-0.0669784,283.3,AMFI AAUM Jul-Sep 2026,283.3,Jul-Sep 2026,0.03,0.0136,,,,,,,,,,-0.0578109,"NAV history (absolute, <1Y)",,,,,,,,,,,,,341,,2026-10-07
154644,INF22M001358,JioBlackRock Nifty Next 50 Index Fund,Jio BlackRock Mutual Fund,Index Funds,Index - Equity,Index Funds - Equity Funds,Regular,Growth,2025-08-05,AMFI scheme master,1.17,9.425,2026-10-06,10.0416,2026-08-25,9.2925,2026-10-01,-0.0614046,221.57,AMFI AAUM Jul-Sep 2026,221.57,Jul-Sep 2026,0.05,0.013,,,,,,,,,,-0.0549294,"NAV history (absolute, <1Y)",,,,,,,,,,,,,341,,2026-10-07
154634,INF22M001218,JioBlackRock Nifty Smallcap 250 Index Fund,Jio BlackRock Mutual Fund,Index Funds,Index - Equity,Index Funds - Equity Funds,Regular,Growth,2025-08-05,AMFI scheme master,1.17,9.7288,2026-10-06,10.095,2026-09-08,9.5596,2026-10-01,-0.0362754,399.28,AMFI AAUM Jul-Sep 2026,399.28,Jul-Sep 2026,0.05,0.0177,,,,,,,,,,-0.0209421,"NAV history (absolute, <1Y)",,,,,,,,,,,,,341,,2026-10-07
153659,INF174KA1WQ2,KOTAK NIFTY 200 QUALITY 30 INDEX FUND,Kotak Mahindra Mutual Fund,Index Funds,Index - Equity,Other Scheme - Index Funds,Regular,Growth,2025-06-23,AMFI scheme master,1.29,9.267,2026-10-06,10.46,2026-01-07,8.8,2026-03-30,-0.114054,17.26,AMFI AAUM Jul-Sep 2026,17.26,Jul-Sep 2026,5.64,0.007187,,,-0.0477805,0.0123443,-0.0713498,,,,,-0.060185,NAV history,-0.0875686,,,,,,,,,,,,341,,2026-10-07
152038,INF174KA1OU1,Kotak BSE Housing Index Fund,Kotak Mahindra Mutual Fund,Index Funds,Index - Equity,Other Scheme - Index Funds,Regular,Growth,2023-08-07,AMFI scheme master,3.17,12.105,2026-10-06,13.876,2025-10-29,10.954,2026-03-23,-0.12763,12.7,Kuvera (latest month),12.89,Jul-Sep 2026,3.13,0.007975,Abhishek Bisen; Satish Dondapati; Jeetu Sonar,Very High Risk,-0.0844112,0.0713337,-0.105322,-0.0825385,0.0556757,,,0.0536108,NAV history,-0.12154,-0.0179723,,0.188735,-0.271433,,-0.049404,-0.0660145,0.192308,17.3,6.7,11.6,341,,2026-10-07
153284,INF174KA1US2,Kotak BSE Sensex Index Fund,Kotak Mahindra Mutual Fund,Index Funds,Index - Equity,Other Scheme - Index Funds,Regular,Growth,2025-01-27,AMFI scheme master,1.69,9.739,2026-10-06,11.375,2026-01-02,9.538,2026-03-30,-0.143824,23.97,AMFI AAUM Jul-Sep 2026,23.97,Jul-Sep 2026,5.89,0.004718,,,-0.0651757,-0.00855136,-0.101651,,,,,-0.0137257,NAV history,-0.11787,,,,,,,,,,,,341,,2026-10-07
153311,INF174KA1VA8,Kotak CRISIL- IBX AAA Bond Financial Services Index - Dec 2026 Fund,Kotak Mahindra Mutual Fund,Index Funds,Index - Equity,Other Scheme - Index Funds,Regular,Growth,2025-01-31,AMFI scheme master,1.68,11.2174,2026-10-06,11.2174,2026-10-06,10.5468,2025-10-07,0,112.62,AMFI AAUM Jul-Sep 2026,112.62,Jul-Sep 2026,17.6,0.003015,,,0.0166306,0.0368624,0.063896,,,,,0.0725964,NAV history,0.0476772,,,,,,,,,,,,341,,2026-10-07
152866,INF174KA1SW8,Kotak CRISIL-IBX AAA Financial Services Index-Sep 2027 Fund,Kotak Mahindra Mutual Fund,Index Funds,Index - Equity,Other Scheme - Index Funds,Regular,Growth,2024-08-30,AMFI scheme master,2.1,11.5864,2026-10-06,11.5867,2026-10-05,10.9582,2025-10-07,-2.58918e-05,467.9,Kuvera (latest month),494.17,Jul-Sep 2026,38.26,0.003924,Abhishek Bisen,Low to Moderate Risk,0.0133553,0.0358688,0.0575006,0.0726696,,,,0.073324,NAV history,0.0412819,,,,,,,,0.928571,,,97.8,341,,2026-10-07
153375,INF174KA1VN1,Kotak CRISIL-IBX Financial Services 3-6 Months Debt Index Fund,Kotak Mahindra Mutual Fund,Index Funds,Index - Equity,Other Scheme - Index Funds,Regular,Growth,2025-02-21,AMFI scheme master,1.62,11.0984,2026-10-06,11.0984,2026-10-06,10.4246,2025-10-07,0,290.81,AMFI AAUM Jul-Sep 2026,290.81,Jul-Sep 2026,140.77,0.003548,,,0.0152214,0.035569,0.0647684,,,,,0.067945,NAV history,0.0485496,,,,,,,,,,,,341,,2026-10-07
153877,INF174KA1XP2,Kotak CRISIL-IBX Financial Services 9 to 12 Months Debt Index Fund,Kotak Mahindra Mutual Fund,Index Funds,Index - Equity,Other Scheme - Index Funds,Regular,Growth,2025-09-17,AMFI scheme master,1.05,10.6358,2026-10-06,10.6358,2026-10-06,10.031,2025-10-07,0,1001.22,AMFI AAUM Jul-Sep 2026,1001.22,Jul-Sep 2026,68.38,0.00324,,,0.0144889,0.0354469,0.0604411,,,,,0.0610497,NAV history,0.0442223,,,,,,,,,,,,341,,2026-10-07
152664,INF174KA1RW0,Kotak NIFTY 100 Low Volatility 30 Index Fund,Kotak Mahindra Mutual Fund,Index Funds,Index - Equity,Other Scheme - Index Funds,Regular,Growth,2024-05-22,AMFI scheme master,2.38,10.0746,2026-10-06,11.3901,2026-01-07,9.7407,2026-03-31,-0.115495,113.5,Kuvera (latest month),112.09,Jul-Sep 2026,31.92,0.010062,Abhishek Bisen; Satish Dondapati; Jeetu Sonar,Very High Risk,-0.0643771,0.0100964,-0.0652886,-0.0456733,,,,0.000836814,NAV history,-0.0815073,,,,,,,,0.235294,,,13.4,341,,2026-10-07
153145,INF174KA1UB8,Kotak Nifty 100 Equal Weight Index Fund,Kotak Mahindra Mutual Fund,Index Funds,Index - Equity,Other Scheme - Index Funds,Regular,Growth,2024-12-02,AMFI scheme master,1.85,10.5,2026-10-06,11.362,2026-08-03,9.465,2026-03-30,-0.0758669,48.3,Kuvera (latest month),47.46,Jul-Sep 2026,8.33,0.008443,Abhishek Bisen; Satish Dondapati; Jeetu Sonar,Very High Risk,-0.0509761,0.0699001,-0.00924703,,,,,0.0294138,NAV history,-0.0254658,,,,,,,,,,,,341,,2026-10-07
151783,INF174KA1NY5,Kotak Nifty 200 Momentum 30 Index Fund,Kotak Mahindra Mutual Fund,Index Funds,Index - Equity,Other Scheme - Index Funds,Regular,Growth,2023-05-25,AMFI scheme master,3.37,14.067,2026-10-06,15.198,2025-11-27,12.734,2026-03-30,-0.0744177,601.4,Kuvera (latest month),587.48,Jul-Sep 2026,146.88,0.012458,Abhishek Bisen; Satish Dondapati; Jeetu Sonar,Very High Risk,-0.0257636,0.0594216,-0.0299959,-0.0950975,0.0889419,,,0.104998,NAV history,-0.0462146,0.0152939,,0.196526,-0.317729,,0.121826,0.162784,0.275862,30.7,4,15.8,341,,2026-10-07
153148,INF174KA1UH5,Kotak Nifty 50 Equal Weight Index Fund,Kotak Mahindra Mutual Fund,Index Funds,Index - Equity,Other Scheme - Index Funds,Regular,Growth,2024-12-02,AMFI scheme master,1.85,10.537,2026-10-06,11.517,2026-08-03,9.988,2026-03-30,-0.0850916,67.4,Kuvera (latest month),67.14,Jul-Sep 2026,23.69,0.009155,Abhishek Bisen; Satish Dondapati; Jeetu Sonar,Very High Risk,-0.0593644,0.0245017,-0.0324151,,,,,0.0313493,NAV history,-0.0486338,,,,,,,,,,,,341,,2026-10-07
148974,INF174KA1GX1,Kotak Nifty 50 Index Fund,Kotak Mahindra Mutual Fund,Index Funds,Index - Equity,Other Scheme - Index Funds,Regular,Growth,2021-05-31,AMFI scheme master,5.35,14.907,2026-10-06,17.118,2026-01-02,14.523,2026-03-30,-0.129162,1156.6,Kuvera (latest month),1155.95,Jul-Sep 2026,278.23,0.003804,Abhishek Bisen; Satish Dondapati; Jeetu Sonar,Very High Risk,-0.0656847,-0.00174111,-0.0850672,-0.0393129,0.0568627,0.0587933,,0.0781174,NAV history,-0.101286,-0.0167854,-0.00229613,0.132281,-0.157658,-0.166311,-0.0615154,-0.084388,0.433962,12,52.7,34.8,341,,2026-10-07
153683,INF174KA1WV2,Kotak Nifty AAA Bond Financial Services Mar 2028 Index Fund,Kotak Mahindra Mutual Fund,Index Funds,Index - Equity,Other Scheme - Index Funds,Regular,Growth,2025-06-27,AMFI scheme master,1.28,10.6854,2026-10-06,10.6854,2026-10-06,10.1547,2025-10-07,0,244.06,AMFI AAUM Jul-Sep 2026,244.06,Jul-Sep 2026,38.81,0.003424,,,0.0107934,0.0338342,0.0527903,,,,,0.054765,NAV history,0.0365715,,,,,,,,,,,,341,,2026-10-07
153784,INF174KA1XJ5,Kotak Nifty Alpha 50 Index Fund,Kotak Mahindra Mutual Fund,Index Funds,Index - Equity,Other Scheme - Index Funds,Regular,Growth,2025-07-28,AMFI scheme master,1.19,10.571,2026-10-06,11.132,2026-08-28,8.615,2026-03-30,-0.0503953,46.12,AMFI AAUM Jul-Sep 2026,46.12,Jul-Sep 2026,10.63,0.013806,,,0.0163446,0.177434,0.0777936,,,,,0.0502447,NAV history,0.0615749,,,,,,,,,,,,341,,2026-10-07
154389,INF174KA1A52,Kotak Nifty Alpha Low Volatility 30 Index Fund,Kotak Mahindra Mutual Fund,Index Funds,Index - Equity,Other Scheme - Index Funds,Regular,Growth,2026-05-29,AMFI scheme master,0.36,9.608,2026-10-06,10.611,2026-08-03,9.515,2026-10-01,-0.0945245,7.07,AMFI AAUM Jul-Sep 2026,7.07,Jul-Sep 2026,2.43,0.018517,,,-0.0629084,,,,,,,-0.0435994,"NAV history (absolute, <1Y)",,,,,,,,,,,,,341,,2026-10-07
154570,INF174KA1C92,Kotak Nifty Bank Index Fund,Kotak Mahindra Mutual Fund,Index Funds,Index - Equity,Index Funds - Equity Funds,Regular,Growth,2026-08-03,AMFI scheme master,0.18,9.547,2026-10-06,10.057,2026-08-31,9.399,2026-09-29,-0.0507109,3.04,AMFI AAUM Jul-Sep 2026,3.04,Jul-Sep 2026,1.23,0.049078,,,,,,,,,,-0.0468251,"NAV history (absolute, <1Y)",,,,,,,,,,,,,341,,2026-10-07
153351,INF174KA1VH3,Kotak Nifty Commodities Index Fund,Kotak Mahindra Mutual Fund,Index Funds,Index - Equity,Other Scheme - Index Funds,Regular,Growth,2025-02-17,AMFI scheme master,1.63,11.544,2026-10-06,13.064,2026-05-27,11.234,2025-10-08,-0.11635,295.65,AMFI AAUM Jul-Sep 2026,295.65,Jul-Sep 2026,9.42,0.005563,,,-0.0686567,-0.00198842,0.0199682,,,,,0.0826586,NAV history,0.00374945,,,,,,,,,,,,341,,2026-10-07
151909,INF174KA1OO4,Kotak Nifty Financial Services Ex-Bank Index Fund,Kotak Mahindra Mutual Fund,Index Funds,Index - Equity,Other Scheme - Index Funds,Regular,Growth,2023-07-24,AMFI scheme master,3.21,15.243,2026-10-06,17.043,2026-08-03,13.849,2026-03-31,-0.105615,99.1,Kuvera (latest month),97.69,Jul-Sep 2026,34.93,0.008297,Abhishek Bisen; Satish Dondapati; Jeetu Sonar,Very High Risk,-0.0766295,0.0483494,-0.0208133,0.0459548,0.120885,,,0.144405,NAV history,-0.037032,0.0472365,,0.20151,-0.171611,,0.27733,0.381883,0.888889,42,46.7,95.5,341,,2026-10-07
152100,INF174KA1PG7,Kotak Nifty G-Sec July 2033 Index Fund,Kotak Mahindra Mutual Fund,Index Funds,Index - Equity,Other Scheme - Index Funds,Regular,Growth,2023-09-25,AMFI scheme master,3.03,12.2746,2026-10-06,12.5214,2026-08-14,11.9154,2026-04-02,-0.0197103,21.5,Kuvera (latest month),21.6,Jul-Sep 2026,7.22,0.003905,Abhishek Bisen,Moderate Risk,-0.0109743,0.026373,0.0291267,0.0559888,,,,0.0707654,NAV history,0.012908,,,0.0227367,-0.0213475,,0.233741,0.33417,0.64,37.3,70.7,79.9,341,,2026-10-07
152872,INF174KA1TC8,Kotak Nifty India Tourism Index Fund,Kotak Mahindra Mutual Fund,Index Funds,Index - Equity,Other Scheme - Index Funds,Regular,Growth,2024-09-02,AMFI scheme master,2.09,8.188,2026-10-06,9.698,2025-10-30,6.964,2026-03-30,-0.155702,37.4,Kuvera (latest month),38.13,Jul-Sep 2026,14.59,0.011426,Abhishek Bisen; Satish Dondapati; Jeetu Sonar,Very High Risk,-0.0631579,0.101722,-0.142438,-0.0637491,,,,-0.0827186,NAV history,-0.158657,,,,,,,,0.142857,,,9.4,341,,2026-10-07
153399,INF174KA1VT8,Kotak Nifty Midcap 150 Index Fund,Kotak Mahindra Mutual Fund,Index Funds,Index - Equity,Other Scheme - Index Funds,Regular,Growth,2025-03-03,AMFI scheme master,1.6,11.223,2026-10-06,12.024,2026-08-13,9.925,2026-03-30,-0.0666168,44.46,AMFI AAUM Jul-Sep 2026,44.46,Jul-Sep 2026,15.52,0.00857,,,-0.0428961,0.0938596,0.0168524,,,,,0.0832895,NAV history,0.000633659,,,,,,,,,,,,341,,2026-10-07
152918,INF174KA1TP0,Kotak Nifty Midcap 150 Momentum 50 Index Fund,Kotak Mahindra Mutual Fund,Index Funds,Index - Equity,Other Scheme - Index Funds,Regular,Growth,2024-09-19,AMFI scheme master,2.05,9.191,2026-10-06,9.756,2026-08-31,8.153,2026-03-30,-0.0579131,473.9,Kuvera (latest month),450.77,Jul-Sep 2026,72.42,0.013768,Abhishek Bisen; Satish Dondapati; Jeetu Sonar,Very High Risk,-0.0166898,0.0858932,0.00492018,,,,,-0.0482517,NAV history,-0.0112986,,,,,,,,0.307692,,,19.9,341,,2026-10-07
152765,INF174KA1SO5,Kotak Nifty Midcap 50 Index Fund,Kotak Mahindra Mutual Fund,Index Funds,Index - Equity,Other Scheme - Index Funds,Regular,Growth,2024-07-25,AMFI scheme master,2.2,10.398,2026-10-06,11.241,2026-08-31,9.12,2026-03-30,-0.0749933,86.4,Kuvera (latest month),83.42,Jul-Sep 2026,32.07,0.010031,Abhishek Bisen; Satish Dondapati; Jeetu Sonar,Very High Risk,-0.0419239,0.101833,0.0390726,0.0163069,,,,0.0125546,NAV history,0.0228539,,,,,,,,0.8,,,89.3,341,,2026-10-07
148743,INF174KA1FX3,Kotak Nifty Next 50 Index Fund,Kotak Mahindra Mutual Fund,Index Funds,Index - Equity,Other Scheme - Index Funds,Regular,Growth,2021-02-17,AMFI scheme master,5.63,19.9785,2026-10-06,21.3511,2026-08-10,17.2139,2026-03-31,-0.0642871,1294.5,Kuvera (latest month),1267.14,Jul-Sep 2026,221.75,0.0064,Satish Dondapati; Jeetu Sonar,Very High Risk,-0.0357076,0.114467,0.022839,-0.0289386,0.159734,0.104644,,0.1388,NAV history,0.00662023,0.0860856,0.0435546,0.185152,-0.264869,-0.264869,0.511654,0.677836,0.5,68,15.3,52.7,341,,2026-10-07
149852,INF174KA1II8,Kotak Nifty SDL Apr 2027 Top 12 Equal Weight Index Fund,Kotak Mahindra Mutual Fund,Index Funds,Index - Equity,Other Scheme - Index Funds,Regular,Growth,2022-02-04,AMFI scheme master,4.67,13.1971,2026-10-06,13.1978,2026-10-05,12.4855,2025-10-08,-5.30391e-05,6355.6,Kuvera (latest month),6417.01,Jul-Sep 2026,2168.66,0.003516,Abhishek Bisen,Moderate Risk,0.0114736,0.0275714,0.0580279,0.0673669,0.0741024,,,0.0618044,NAV history,0.0418092,0.000454365,,0.00729981,-0.0015174,,1.24694,2.11345,0.444444,96.7,95.3,36.6,341,,2026-10-07
149862,INF174KA1IO6,Kotak Nifty SDL Apr 2032 Top 12 Equal Weight Index Fund,Kotak Mahindra Mutual Fund,Index Funds,Index - Equity,Other Scheme - Index Funds,Regular,Growth,2022-02-04,AMFI scheme master,4.67,13.3007,2026-10-06,13.5095,2026-08-10,12.7949,2025-10-08,-0.0154558,2941.8,Kuvera (latest month),3122.68,Jul-Sep 2026,965.58,0.003606,Abhishek Bisen,Moderate Risk,-0.00709924,0.0322303,0.040434,0.0552405,0.0697581,,,0.0630234,NAV history,0.0242152,-0.00388992,,0.0251055,-0.0253937,,0.189524,0.268149,0.422222,34,66.7,33,341,,2026-10-07
151417,INF174KA1MG4,Kotak Nifty SDL Jul 2033 Index Fund,Kotak Mahindra Mutual Fund,Index Funds,Index - Equity,Other Scheme - Index Funds,Regular,Growth,2023-02-03,AMFI scheme master,3.67,12.7614,2026-10-06,12.9953,2026-08-13,12.3521,2025-10-10,-0.0179988,178.7,Kuvera (latest month),181.82,Jul-Sep 2026,67.19,0.004314,Abhishek Bisen,Moderate Risk,-0.0078832,0.0307411,0.0361559,0.0499622,0.0665101,,,0.0692331,NAV history,0.0199372,-0.00713789,,0.0248426,-0.0238706,,0.0607883,0.0834107,0.454545,26.7,67.3,38.4,341,,2026-10-07
150723,INF174KA1JQ9,Kotak Nifty SDL Plus AAA PSU Bond Jul 2028 60 - 40 Index Fund,Kotak Mahindra Mutual Fund,Index Funds,Index - Equity,Other Scheme - Index Funds,Regular,Growth,2022-09-29,AMFI scheme master,4.02,13.2128,2026-10-06,13.2144,2026-09-21,12.5853,2025-10-07,-0.00012108,495.2,Kuvera (latest month),504.41,Jul-Sep 2026,154.57,0.004005,Abhishek Bisen,Low to Moderate Risk,0.00905745,0.0324839,0.0505108,0.0664652,0.0731728,,,0.072427,NAV history,0.0342921,-0.000475181,,0.0106326,-0.00643242,,0.76866,1.16254,0.486486,77.3,82.7,48.7,341,,2026-10-07
153221,INF174KA1UN3,Kotak Nifty SmallCap 250 Index Fund,Kotak Mahindra Mutual Fund,Index Funds,Index - Equity,Other Scheme - Index Funds,Regular,Growth,2025-01-06,AMFI scheme master,1.75,11.526,2026-10-06,11.955,2026-09-08,9.191,2026-03-23,-0.0358846,77.77,AMFI AAUM Jul-Sep 2026,77.77,Jul-Sep 2026,32.89,0.008675,,,-0.0114075,0.199625,0.0464863,,,,,0.0812873,NAV history,0.0302675,,,,,,,,,,,,341,,2026-10-07
151647,INF174KA1MY7,Kotak Nifty Smallcap 50 Index Fund,Kotak Mahindra Mutual Fund,Index Funds,Index - Equity,Other Scheme - Index Funds,Regular,Growth,2023-03-16,AMFI scheme master,3.56,22.057,2026-10-06,23.031,2026-09-08,16.954,2026-03-23,-0.0422908,250.2,Kuvera (latest month),243.86,Jul-Sep 2026,66.97,0.009195,Abhishek Bisen; Satish Dondapati; Jeetu Sonar,Very High Risk,0.00698503,0.245666,0.119588,0.0277001,0.168355,,,0.248564,NAV history,0.103369,0.0947068,,0.204214,-0.251097,,0.50611,0.675135,0.580645,65.3,22.7,74.1,341,,2026-10-07
153463,INF174KA1WG3,Kotak Nifty Top 10 Equal Weight Index Fund,Kotak Mahindra Mutual Fund,Index Funds,Index - Equity,Other Scheme - Index Funds,Regular,Growth,2025-04-07,AMFI scheme master,1.5,8.624,2026-10-06,10.611,2025-12-22,8.459,2026-10-01,-0.187259,39.31,AMFI AAUM Jul-Sep 2026,39.31,Jul-Sep 2026,9.77,0.010224,,,-0.0478083,-0.0279531,-0.133963,,,,,-0.101414,NAV history,-0.150181,,,,,,,,,,,,341,,2026-10-07
154148,INF174KA1YS4,Kotak Nifty200 Value 30 Index Fund,Kotak Mahindra Mutual Fund,Index Funds,Index - Equity,Index Funds - Equity Funds,Regular,Growth,2026-01-15,AMFI scheme master,0.73,9.07,2026-10-06,10.489,2026-02-26,8.968,2026-10-01,-0.135285,16.66,AMFI AAUM Jul-Sep 2026,16.66,Jul-Sep 2026,4.7,0.014242,,,-0.0737337,-0.0299465,,,,,,-0.107371,"NAV history (absolute, <1Y)",,,,,,,,,,,,,341,,2026-10-07
154030,INF174KA1YF1,Kotak Nifty500 Momentum 50 Index Fund,Kotak Mahindra Mutual Fund,Index Funds,Index - Equity,Other Scheme - Index Funds,Regular,Growth,2025-11-20,AMFI scheme master,0.88,10.133,2026-10-06,10.571,2026-08-28,8.664,2026-03-23,-0.0414341,25.52,AMFI AAUM Jul-Sep 2026,25.52,Jul-Sep 2026,12.19,0.010899,,,0.00876058,0.122646,,,,,,0.0199295,"NAV history (absolute, <1Y)",,,,,,,,,,,,,341,,2026-10-07
101199,INF767K01139,LIC MF BSE Sensex Index Fund,LIC Mutual Fund,Index Funds,Index - Equity,Other Scheme - Index Funds,Regular,Growth,2002-11-14,AMFI scheme master,23.9,136.779,2026-10-06,160.267,2025-11-27,134.326,2026-03-31,-0.146558,91.3,Kuvera (latest month),91.05,Jul-Sep 2026,22.9,0.0106,Nikhil Kapoor; Sasikant Aravamuthan,Very High Risk,-0.066262,-0.0111065,-0.105742,-0.0534173,0.0354085,0.0447091,0.100507,0.0882009,Since Apr-2006 (earlier NAV not in AMFI history),-0.121961,-0.0382396,-0.0163803,0.132236,-0.162832,-0.166005,-0.223778,-0.306669,0.262295,3.3,48,14.7,341,,2026-10-07
101201,INF767K01162,LIC MF Nifty 50 Index Fund,LIC Mutual Fund,Index Funds,Index - Equity,Other Scheme - Index Funds,Regular,Growth,2002-11-14,AMFI scheme master,23.9,125.892,2026-10-06,145.288,2026-01-02,123.092,2026-03-31,-0.1335,366.1,Kuvera (latest month),364.51,Jul-Sep 2026,147.06,0.0106,Nikhil Kapoor; Sasikant Aravamuthan,Very High Risk,-0.067226,-0.0053952,-0.0914586,-0.044822,0.051403,0.0533803,0.100522,0.0880441,Since Apr-2006 (earlier NAV not in AMFI history),-0.107677,-0.022245,-0.0077091,0.132177,-0.158066,-0.169868,-0.10287,-0.140971,0.163934,8,52,10.3,341,,2026-10-07
151935,INF397L01174,LIC MF Nifty Next 50 Index Fund,LIC Mutual Fund,Index Funds,Index - Equity,Other Scheme - Index Funds,Regular,Growth,2010-09-02,AMFI scheme master,16.1,52.0811,2026-10-06,55.6687,2026-08-10,44.7938,2026-03-31,-0.0644456,112.2,Kuvera (latest month),111.26,Jul-Sep 2026,58.08,0.0091,Nikhil Kapoor; Sasikant Aravamuthan,Very High Risk,-0.0361421,0.116611,0.0236508,-0.029406,0.15854,,,0.14558,NAV history,0.00743204,0.0848915,,0.184685,-0.266103,,0.506481,0.67098,0.571429,66,13.3,69.9,341,,2026-10-07
154722,INF769K01RL1,Mirae Asset BSE Information Technology Index Fund,Mirae Asset Mutual Fund,Index Funds,Index - Equity,Index Funds - Equity Funds,Regular,Growth,2026-09-08,AMFI scheme master,0.08,9.9583,2026-10-06,10.0172,2026-10-01,9.8233,2026-09-29,-0.00587989,0.69,AMFI AAUM Jul-Sep 2026,0.69,Jul-Sep 2026,0.33,0.0881,,,,,,,,,,0.000803996,"NAV history (absolute, <1Y)",,,,,,,,,,,,,341,,2026-10-07
152974,INF769K01MO6,Mirae Asset Nifty 50 Index Fund,Mirae Asset Mutual Fund,Index Funds,Index - Equity,Index Funds - Equity Funds,Regular,Growth,2024-10-10,AMFI scheme master,1.99,9.3914,2026-10-06,10.8244,2026-01-02,9.1771,2026-03-31,-0.132386,71.1,Kuvera (latest month),72.12,Jul-Sep 2026,24.28,0.0084,Ekta Gala; Ritesh Patel,Very High Risk,-0.0668508,-0.00475822,-0.0895572,,,,,-0.0274864,NAV history,-0.105776,,,,,,,,0.307692,,,19.9,341,,2026-10-07
152978,INF769K01MG2,Mirae Asset Nifty LargeMidcap 250 Index Fund,Mirae Asset Mutual Fund,Index Funds,Index - Equity,Index Funds - Equity Funds,Regular,Growth,2024-10-10,AMFI scheme master,1.99,9.9484,2026-10-06,10.7062,2026-01-02,9.148,2026-03-31,-0.0707814,37.4,Kuvera (latest month),36.65,Jul-Sep 2026,11.48,0.0103,Ekta Gala; Ritesh Patel,Very High Risk,-0.0530113,0.0536439,-0.0282583,,,,,0.00407271,NAV history,-0.044477,,,,,,,,0.384615,,,26.8,341,,2026-10-07
152970,INF769K01MA5,Mirae Asset Nifty Total Market Index Fund,Mirae Asset Mutual Fund,Index Funds,Index - Equity,Index Funds - Equity Funds,Regular,Growth,2024-10-09,AMFI scheme master,1.99,9.8656,2026-10-06,10.6039,2026-01-02,9.0192,2026-03-31,-0.0696253,51.5,Kuvera (latest month),50.98,Jul-Sep 2026,11.12,0.0099,Ekta Gala; Ritesh Patel,Very High Risk,-0.0482548,0.0585976,-0.0358281,,,,,-0.0108478,NAV history,-0.0520468,,,,,,,,0.0769231,,,6.7,341,,2026-10-07
154495,INF769K01RD8,Mirae Asset Nifty200 Momentum 30 Plus 8-13yr G-Sec 75:25 Index Fund,Mirae Asset Mutual Fund,Index Funds,Index - Equity,Index Funds - Hybrid Fund,Regular,Growth,2026-07-10,AMFI scheme master,0.24,9.9346,2026-10-06,10.367,2026-08-27,9.7604,2026-10-01,-0.0417093,9.31,AMFI AAUM Jul-Sep 2026,9.31,Jul-Sep 2026,0.79,,,,,,,,,,,-0.0105966,"NAV history (absolute, <1Y)",,,,,,,,,,,,,341,,2026-10-07
153597,INF247L01FN7,Motilal Oswal BSE 1000 Index Fund,Motilal Oswal Mutual Fund,Index Funds,Index - Equity,Other Scheme - Index Funds,Regular,Growth,2025-06-05,AMFI scheme master,1.34,9.5963,2026-10-06,10.3038,2026-01-02,8.7508,2026-03-31,-0.068664,62.39,AMFI AAUM Jul-Sep 2026,62.39,Jul-Sep 2026,20.78,0.0111,,,-0.0457425,0.0607632,-0.0367675,,,,,-0.0426488,NAV history,-0.0529863,,,,,,,,,,,,341,,2026-10-07
147795,INF247L01AF4,Motilal Oswal Nifty 50 Index Fund,Motilal Oswal Mutual Fund,Index Funds,Index - Equity,Other Scheme - Index Funds,Regular,Growth,2019-12-03,AMFI scheme master,6.84,19.3425,2026-10-06,22.2459,2026-01-02,18.868,2026-03-31,-0.130514,892.6,Kuvera (latest month),889.8,Jul-Sep 2026,249.44,0.0061,Swapnil Mayekar; Rakesh Shetty; Dishant Mehta,Very High Risk,-0.0663375,-0.00312835,-0.086765,-0.040017,0.0566283,0.0585486,,0.104157,NAV history,-0.102984,-0.0170197,-0.00254078,0.132432,-0.156555,-0.1679,-0.0632149,-0.0867693,0.47541,11.3,54.7,44.4,341,,2026-10-07
147626,INF247L01940,Motilal Oswal Nifty 500 Index Fund,Motilal Oswal Mutual Fund,Index Funds,Index - Equity,Other Scheme - Index Funds,Regular,Growth,2019-08-19,AMFI scheme master,7.13,24.7446,2026-10-06,26.8217,2026-01-02,22.8363,2026-03-31,-0.077441,3195.4,Kuvera (latest month),3114.02,Jul-Sep 2026,518.02,0.0097,Swapnil Mayekar; Rakesh Shetty; Dishant Mehta,Very High Risk,-0.0518257,0.049692,-0.0411746,-0.0274791,0.0867652,0.0797739,,0.13526,NAV history,-0.0573933,0.0131172,0.0186845,0.143453,-0.188607,-0.188607,0.151724,0.202644,0.540984,33.3,37.3,64.5,341,,2026-10-07
152876,INF247L01DM4,Motilal Oswal Nifty 500 Momentum 50 Index Fund,Motilal Oswal Mutual Fund,Index Funds,Index - Equity,Other Scheme - Index Funds,Regular,Growth,2024-09-04,AMFI scheme master,2.09,8.2174,2026-10-06,8.5765,2026-08-28,7.0449,2026-03-23,-0.0418702,826.5,Kuvera (latest month),803.89,Jul-Sep 2026,251.74,0.0139,Swapnil Mayekar; Rakesh Shetty; Dishant Mehta,Very High Risk,0.00757762,0.119995,0.0181516,-0.0785539,,,,-0.0909121,NAV history,0.00193288,,,,,,,,0.285714,,,16.7,341,,2026-10-07
147619,INF247L01882,Motilal Oswal Nifty Bank Index Fund,Motilal Oswal Mutual Fund,Index Funds,Index - Equity,Other Scheme - Index Funds,Regular,Growth,2019-08-19,AMFI scheme master,7.13,19.4998,2026-10-06,21.7847,2026-02-18,17.7723,2026-03-31,-0.104886,676.2,Kuvera (latest month),667.56,Jul-Sep 2026,110.63,0.0107,Swapnil Mayekar; Rakesh Shetty; Dishant Mehta,Very High Risk,-0.0550362,0.0489064,-0.0218457,0.0319678,0.0725338,0.0775676,,0.0968553,NAV history,-0.0380644,-0.00111428,0.0164782,0.160612,-0.184184,-0.210868,0.0469065,0.0646985,0.47541,24,39.3,44.4,341,,2026-10-07
153137,INF247L01EC3,Motilal Oswal Nifty Capital Market Index Fund,Motilal Oswal Mutual Fund,Index Funds,Index - Equity,Other Scheme - Index Funds,Regular,Growth,2024-11-26,AMFI scheme master,1.86,12.3728,2026-10-06,13.3461,2026-05-26,10.0166,2026-03-31,-0.0729277,679.1,Kuvera (latest month),648.34,Jul-Sep 2026,303.55,0.0121,Swapnil Mayekar; Rakesh Shetty; Dishant Mehta,Very High Risk,-0.0424048,0.152566,0.209557,,,,,0.149304,NAV history,0.193338,,,,,,,,,,,,341,,2026-10-07
152711,INF247L01CV7,Motilal Oswal Nifty India Defence Index Fund,Motilal Oswal Mutual Fund,Index Funds,Index - Equity,Other Scheme - Index Funds,Regular,Growth,2024-06-13,AMFI scheme master,2.32,12.0539,2026-10-06,12.9146,2026-09-08,9.3473,2026-03-31,-0.0666455,5528.5,Kuvera (latest month),5383.82,Jul-Sep 2026,2720.69,0.0113,Swapnil Mayekar; Rakesh Shetty; Dishant Mehta,Very High Risk,-0.0326777,0.205221,0.138772,0.197896,,,,0.0528929,NAV history,0.122553,,,,,,,,1,,,99.1,341,,2026-10-07
151815,INF247L01BR7,Motilal Oswal Nifty Microcap 250 Index Fund,Motilal Oswal Mutual Fund,Index Funds,Index - Equity,Other Scheme - Index Funds,Regular,Growth,2023-06-15,AMFI scheme master,3.31,18.7098,2026-10-06,19.2023,2026-09-23,13.5647,2026-03-31,-0.025648,2494,Kuvera (latest month),2452.33,Jul-Sep 2026,850.09,0.0125,Swapnil Mayekar; Rakesh Shetty; Dishant Mehta,Very High Risk,0.0289778,0.295872,0.105062,0.00599965,0.15445,,,0.208375,NAV history,0.088843,0.0808015,,0.216169,-0.299557,,0.413795,0.549042,0.5,56.7,5.3,52.7,341,,2026-10-07
153026,INF247L01DX1,Motilal Oswal Nifty MidSmall Financial Services Index Fund,Motilal Oswal Mutual Fund,Index Funds,Index - Equity,Other Scheme - Index Funds,Regular,Growth,2024-10-29,AMFI scheme master,1.94,13.6917,2026-10-06,14.9555,2026-08-26,11.7496,2026-03-31,-0.084504,125,Kuvera (latest month),118.47,Jul-Sep 2026,51.42,0.0129,Swapnil Mayekar; Rakesh Shetty; Dishant Mehta,Very High Risk,-0.0585238,0.106534,0.128598,,,,,0.171439,NAV history,0.112379,,,,,,,,1,,,99.1,341,,2026-10-07
153022,INF247L01DT9,Motilal Oswal Nifty MidSmall Healthcare Index Fund,Motilal Oswal Mutual Fund,Index Funds,Index - Equity,Other Scheme - Index Funds,Regular,Growth,2024-10-29,AMFI scheme master,1.94,12.2275,2026-10-06,12.7325,2026-09-23,9.8374,2026-03-23,-0.0396623,50.7,Kuvera (latest month),48.15,Jul-Sep 2026,17.15,0.0122,Swapnil Mayekar; Rakesh Shetty; Dishant Mehta,Very High Risk,0.00112988,0.210116,0.150542,,,,,0.103846,NAV history,0.134323,,,,,,,,0.75,,,86.2,341,,2026-10-07
153028,INF247L01DZ6,Motilal Oswal Nifty MidSmall IT and Telecom Index Fund,Motilal Oswal Mutual Fund,Index Funds,Index - Equity,Other Scheme - Index Funds,Regular,Growth,2024-10-29,AMFI scheme master,1.94,9.3637,2026-10-06,10.1736,2025-12-05,7.4781,2026-03-23,-0.079608,50.81,AMFI AAUM Jul-Sep 2026,50.81,Jul-Sep 2026,20.12,0.0136,,,0.046937,0.180854,0.020934,,,,,-0.0523262,NAV history,0.00471521,,,,,,,,0.0833333,,,7.6,341,,2026-10-07
153024,INF247L01DV5,Motilal Oswal Nifty MidSmall India Consumption Index Fund,Motilal Oswal Mutual Fund,Index Funds,Index - Equity,Other Scheme - Index Funds,Regular,Growth,2024-10-29,AMFI scheme master,1.94,9.2366,2026-10-06,10.448,2025-10-17,8.2705,2026-03-31,-0.115946,24.3,Kuvera (latest month),24.5,Jul-Sep 2026,13.03,0.0122,Swapnil Mayekar; Rakesh Shetty; Dishant Mehta,Very High Risk,-0.0469675,0.0822915,-0.0968505,,,,,-0.0556293,NAV history,-0.113069,,,,,,,,0,,,2,341,,2026-10-07
147621,INF247L01908,Motilal Oswal Nifty Midcap 150 Index Fund,Motilal Oswal Mutual Fund,Index Funds,Index - Equity,Other Scheme - Index Funds,Regular,Growth,2019-08-19,AMFI scheme master,7.13,37.8837,2026-10-06,40.6049,2026-08-13,33.5457,2026-03-31,-0.0670165,4150.6,Kuvera (latest month),3995.19,Jul-Sep 2026,712.09,0.0113,Swapnil Mayekar; Rakesh Shetty; Dishant Mehta,Very High Risk,-0.0436911,0.0923915,0.0166136,0.00264483,0.130396,0.134947,,0.204507,NAV history,0.000394876,0.0567483,0.0738578,0.171883,-0.212529,-0.216166,0.380469,0.501759,0.770492,52,32.7,87.5,341,,2026-10-07
147797,INF247L01AD9,Motilal Oswal Nifty Next 50 Index Fund,Motilal Oswal Mutual Fund,Index Funds,Index - Equity,Other Scheme - Index Funds,Regular,Growth,2019-12-03,AMFI scheme master,6.84,24.0161,2026-10-06,25.6816,2026-08-10,20.7361,2026-03-31,-0.0648519,521.7,Kuvera (latest month),510.58,Jul-Sep 2026,187.64,0.0116,Swapnil Mayekar; Rakesh Shetty; Dishant Mehta,Very High Risk,-0.0366818,0.112207,0.0181102,-0.0324984,0.156307,0.100911,,0.138793,NAV history,0.00189147,0.0826587,0.0398218,0.185277,-0.266148,-0.266148,0.492813,0.652376,0.491803,59.3,12.7,50.4,341,,2026-10-07
147624,INF247L01924,Motilal Oswal Nifty Smallcap 250 Index Fund,Motilal Oswal Mutual Fund,Index Funds,Index - Equity,Other Scheme - Index Funds,Regular,Growth,2019-08-19,AMFI scheme master,7.13,38.1888,2026-10-06,39.5631,2026-09-08,30.4536,2026-03-23,-0.0347369,1299,Kuvera (latest month),1271.03,Jul-Sep 2026,320.35,0.0115,Swapnil Mayekar; Rakesh Shetty; Dishant Mehta,Very High Risk,-0.0102759,0.200389,0.0450231,-0.00797403,0.12672,0.129124,,0.205178,NAV history,0.0288043,0.0530715,0.0680343,0.191323,-0.263829,-0.27001,0.322594,0.421281,0.52459,46.7,16.7,59.6,341,,2026-10-07
148382,INF247L01AH0,Motilal Oswal S&P 500 Index Fund,Motilal Oswal Mutual Fund,Index Funds,Index - Equity,Other Scheme - Index Funds,Regular,Growth,2020-04-15,AMFI scheme master,6.48,33.5449,2026-10-06,33.5449,2026-10-06,25.8745,2025-11-20,0,2918.5,Kuvera (latest month),4580.59,Jul-Sep 2026,1396.15,0.0104,Ankush Sood; Rakesh Shetty,High Risk,0.047679,0.22336,0.256392,0.245389,0.277377,0.180645,,0.209764,NAV history,0.240173,0.203729,0.119555,0.151963,-0.194307,-0.201412,1.39755,2.04617,0.622951,98.7,35.3,77.7,341,,2026-10-07
152061,INF959L01HJ1,NAVI BSE SENSEX INDEX FUND,Navi Mutual Fund,Index Funds,Index - Equity,Other Scheme - Index Funds,Regular,Growth,2023-08-21,AMFI scheme master,3.13,11.1612,2026-10-06,13.0888,2026-01-02,10.9654,2026-03-31,-0.147271,19.1,Kuvera (latest month),19.05,Jul-Sep 2026,1.35,0.011,Ashutosh Shirwaikar,Very High Risk,-0.0665161,-0.0115834,-0.10418,-0.0520375,0.0364042,,,0.036185,NAV history,-0.120399,-0.0372438,,0.132322,-0.16223,,-0.216107,-0.296104,0.115385,4,48.7,8,341,,2026-10-07
149040,INF959L01FQ0,Navi Nifty 50 Index Fund,Navi Mutual Fund,Index Funds,Index - Equity,Other Scheme - Index Funds,Regular,Growth,2021-07-03,AMFI scheme master,5.26,14.8892,2026-10-06,17.0914,2026-01-02,14.503,2026-03-31,-0.128848,4129.7,Kuvera (latest month),4095.04,Jul-Sep 2026,99.08,0.0034,Ashutosh Shirwaikar,Very High Risk,-0.0655587,-0.00175657,-0.0847047,-0.0377485,0.058775,0.060662,,0.0794401,NAV history,-0.100923,-0.014873,-0.000427452,0.132349,-0.155611,-0.167044,-0.0470344,-0.0646001,0.769231,18.7,59.3,87.1,341,,2026-10-07
152750,INF959L01HN3,Navi Nifty 500 Multicap 50:25:25 Index Fund,Navi Mutual Fund,Index Funds,Index - Equity,Other Scheme - Index Funds,Regular,Growth,2024-07-18,AMFI scheme master,2.22,9.6557,2026-10-06,10.262,2026-08-10,8.6714,2026-03-31,-0.0590821,27.6,Kuvera (latest month),27.49,Jul-Sep 2026,3.8,,Ashutosh Shirwaikar,Very High Risk,-0.0450018,0.0773565,-0.020432,-0.0219131,,,,-0.0153074,NAV history,-0.0366507,,,,,,,,0.133333,,,8.7,341,,2026-10-07
149805,INF959L01FU2,Navi Nifty Bank Index Fund,Navi Mutual Fund,Index Funds,Index - Equity,Other Scheme - Index Funds,Regular,Growth,2022-01-17,AMFI scheme master,4.72,14.0587,2026-10-06,15.7067,2026-02-18,12.8077,2026-03-31,-0.104923,648.8,Kuvera (latest month),639.9,Jul-Sep 2026,19.37,0.0111,Ashutosh Shirwaikar,Very High Risk,-0.0548265,0.0491097,-0.0218606,0.0318148,0.0727612,,,0.0760211,NAV history,-0.0380793,-0.000886853,,0.160819,-0.184571,,0.0482604,0.0665704,0.466667,24.7,38.7,42,341,,2026-10-07
150516,INF959L01GE4,Navi Nifty India Manufacturing Index Fund,Navi Mutual Fund,Index Funds,Index - Equity,Other Scheme - Index Funds,Regular,Growth,2022-08-12,AMFI scheme master,4.15,18.206,2026-10-06,19.6954,2026-08-07,16.5679,2026-03-31,-0.0756217,86.5,Kuvera (latest month),83.35,Jul-Sep 2026,9.84,0.0117,Ashutosh Shirwaikar,Very High Risk,-0.0436669,0.0811228,0.0268645,0.00684488,0.162979,,,0.159087,NAV history,0.0106458,0.0893314,,0.159802,-0.233481,,0.613131,0.829503,0.820513,72.7,25.3,91.5,341,,2026-10-07
154026,INF959L01HS2,Navi Nifty Midsmallcap 400 Index Fund,Navi Mutual Fund,Index Funds,Index - Equity,Other Scheme - Index Funds,Regular,Growth,2025-11-24,AMFI scheme master,0.87,10.3225,2026-10-06,10.9298,2026-08-28,8.8891,2026-03-31,-0.0555637,12.7,AMFI AAUM Jul-Sep 2026,12.7,Jul-Sep 2026,1.93,0.014,,,-0.0337814,0.121621,,,,,,0.0338007,"NAV history (absolute, <1Y)",,,,,,,,,,,,,341,,2026-10-07
149448,INF959L01FS6,Navi Nifty Next 50 Index Fund,Navi Mutual Fund,Index Funds,Index - Equity,Other Scheme - Index Funds,Regular,Growth,2022-01-01,AMFI scheme master,4.76,16.2538,2026-10-06,17.3736,2026-08-10,14.0296,2026-03-31,-0.0644541,1330.5,Kuvera (latest month),1309.49,Jul-Sep 2026,1286.72,0.0117,Ashutosh Shirwaikar,Very High Risk,-0.0364179,0.112558,0.017911,-0.0315143,0.156979,,,0.109011,NAV history,0.0016923,0.0833311,,0.185407,-0.26434,,0.496094,0.65673,0.478261,62,16,46,341,,2026-10-07
154703,INF959L01HU8,Navi Nifty Reits & Realty Index fund,Navi Mutual Fund,Index Funds,Index - Equity,Index Funds - Equity Funds,Regular,Growth,2026-09-01,AMFI scheme master,0.1,9.9235,2026-10-06,10.1945,2026-09-23,9.9141,2026-10-01,-0.026583,2.43,AMFI AAUM Jul-Sep 2026,2.43,Jul-Sep 2026,0.77,0.0519,,,,,,,,,,-0.00968016,"NAV history (absolute, <1Y)",,,,,,,,,,,,,341,,2026-10-07
153363,INF959L01HP8,Navi Nifty Smallcap250 Momentum Quality 100 Index Fund,Navi Mutual Fund,Index Funds,Index - Equity,Other Scheme - Index Funds,Regular,Growth,2025-02-25,AMFI scheme master,1.61,12.0078,2026-10-06,12.3285,2026-09-08,9.3954,2026-03-23,-0.0260129,41.11,AMFI AAUM Jul-Sep 2026,41.11,Jul-Sep 2026,3.47,0.0143,,,0.0155361,0.213988,0.0531957,,,,,0.129141,NAV history,0.0369769,,,,,,,,,,,,341,,2026-10-07
152536,INF959L01HL7,Navi NiftyIT Index Fund,Navi Mutual Fund,Index Funds,Index - Equity,Other Scheme - Index Funds,Regular,Growth,2024-03-11,AMFI scheme master,2.57,8.2523,2026-10-06,11.5083,2025-12-22,7.5694,2026-07-01,-0.282926,23,Kuvera (latest month),22.02,Jul-Sep 2026,1.64,,Ashutosh Shirwaikar,Very High Risk,0.0307258,-0.0792824,-0.181011,-0.170967,,,,-0.0722885,NAV history,-0.197229,,,,,,,,0.2,,,12.3,341,,2026-10-07
153566,INF204KC1FA3,Nippon India BSE Sensex Next 30 Index Fund,Nippon India Mutual Fund,Index Funds,Index - Equity,Other Scheme - Index Funds,Regular,Growth,2025-05-21,AMFI scheme master,1.38,10.3603,2026-10-06,11.3018,2026-08-10,9.5991,2026-03-23,-0.0833053,87.74,AMFI AAUM Jul-Sep 2026,87.74,Jul-Sep 2026,20.55,0.0077,,,-0.0545274,0.0524696,0.0229465,,,,,0.0384675,NAV history,0.00672777,,,,,,,,,,,,341,,2026-10-07
152994,INF204KC1DJ9,Nippon India CRISIL - IBX AAA Financial Services - Dec 2026 Index Fund,Nippon India Mutual Fund,Index Funds,Index - Equity,Other Scheme - Index Funds,Regular,Growth,2024-10-15,AMFI scheme master,1.98,11.4851,2026-10-06,11.4851,2026-10-06,10.7898,2025-10-07,0,126.2,Kuvera (latest month),124.65,Jul-Sep 2026,47.82,0.0035,Vivek Sharma,Moderate Risk,0.0164795,0.0367579,0.0647168,,,,,0.073218,NAV history,0.048498,,,,,,,,0.923077,,,97.3,341,,2026-10-07
152998,INF204KC1DP6,Nippon India CRISIL - IBX AAA Financial Services - Jan 2028 Index Fund,Nippon India Mutual Fund,Index Funds,Index - Equity,Other Scheme - Index Funds,Regular,Growth,2024-10-15,AMFI scheme master,1.98,11.4419,2026-10-06,11.4419,2026-10-06,10.8496,2025-10-07,0,82.1,Kuvera (latest month),82.46,Jul-Sep 2026,21.11,0.0036,Vivek Sharma,Low to Moderate Risk,0.011868,0.0352693,0.0552727,,,,,0.0711803,NAV history,0.039054,,,,,,,,0.846154,,,94.2,341,,2026-10-07
154274,INF204KC1GU9,Nippon India CRISIL-IBX Financial Services 3-6 Months Debt Index Fund,Nippon India Mutual Fund,Index Funds,Index - Equity,Other Scheme - Index Funds,Regular,Growth,2026-03-05,AMFI scheme master,0.59,10.4224,2026-10-06,10.4224,2026-10-06,9.9994,2026-03-13,0,370.08,AMFI AAUM Jul-Sep 2026,370.08,Jul-Sep 2026,140.75,0.0021,,,0.0160463,0.0368071,,,,,,0.0423025,"NAV history (absolute, <1Y)",,,,,,,,,,,,,341,,2026-10-07
154255,INF204KC1GO2,Nippon India CRISIL-IBX Financial Services 9-12 Months Debt Index Fund,Nippon India Mutual Fund,Index Funds,Index - Equity,Other Scheme - Index Funds,Regular,Growth,2026-02-23,AMFI scheme master,0.62,10.3948,2026-10-06,10.3948,2026-10-06,10.0087,2026-03-04,0,493.96,AMFI AAUM Jul-Sep 2026,493.96,Jul-Sep 2026,48,0.0023,,,0.014602,0.0353799,,,,,,0.0385764,"NAV history (absolute, <1Y)",,,,,,,,,,,,,341,,2026-10-07
113269,INF204K01IM6,Nippon India Index Fund - BSE Sensex Plan,Nippon India Mutual Fund,Index Funds,Index - Equity,Other Scheme - Index Funds,Regular,Growth,2010-09-09,AMFI scheme master,16.08,37.3938,2026-10-06,43.6756,2025-11-27,36.6255,2026-03-31,-0.143829,929.7,Kuvera (latest month),925.19,Jul-Sep 2026,150.05,0.0051,Himanshu Mange,Very High Risk,-0.06537,-0.00865582,-0.101946,-0.0484051,0.0409628,0.0492677,0.104845,0.0857709,NAV history,-0.118165,-0.0326853,-0.0118217,0.13251,-0.16142,-0.163537,-0.1814,-0.248971,0.377049,5.3,49.3,25.7,341,,2026-10-07
113296,INF204K01IE3,Nippon India Index Fund - Nifty 50 Plan,Nippon India Mutual Fund,Index Funds,Index - Equity,Other Scheme - Index Funds,Regular,Growth,2010-09-09,AMFI scheme master,16.08,38.9116,2026-10-06,44.7071,2026-01-02,37.9302,2026-03-31,-0.129633,3883.7,Kuvera (latest month),3798.67,Jul-Sep 2026,641.15,0.0047,Himanshu Mange,Very High Risk,-0.0660484,-0.00245083,-0.0858934,-0.0390141,0.0571241,0.057742,0.103496,0.0886167,NAV history,-0.102112,-0.0165239,-0.00334744,0.132341,-0.155876,-0.170824,-0.0595123,-0.0816919,0.360656,13.3,58,23.9,341,,2026-10-07
148719,INF204KB19Y8,Nippon India Nifty 50 Value 20 Index Fund,Nippon India Mutual Fund,Index Funds,Index - Equity,Other Scheme - Index Funds,Regular,Growth,2021-02-04,AMFI scheme master,5.67,16.2332,2026-10-06,19.3357,2026-01-07,16.0576,2026-10-01,-0.160454,815.9,Kuvera (latest month),812.45,Jul-Sep 2026,206.62,0.0104,Jitendra Tolani,Very High Risk,-0.0712847,-0.059501,-0.11707,-0.105831,0.0349132,0.053193,,0.0924661,NAV history,-0.133289,-0.0387348,-0.00789647,0.132269,-0.227342,-0.227342,-0.227466,-0.315346,0.578947,2.7,26.7,73.2,341,,2026-10-07
152840,INF204KC1CX2,Nippon India Nifty 500 Equal Weight Index Fund,Nippon India Mutual Fund,Index Funds,Index - Equity,Other Scheme - Index Funds,Regular,Growth,2024-08-21,AMFI scheme master,2.13,9.3911,2026-10-06,9.9488,2026-08-05,8.0207,2026-03-31,-0.056057,529.4,Kuvera (latest month),513.32,Jul-Sep 2026,236.54,0.0107,Jitendra Tolani,Very High Risk,-0.0395782,0.122867,-0.00644308,-0.0221217,,,,-0.0267748,NAV history,-0.0226618,,,,,,,,0.285714,,,16.7,341,,2026-10-07
153475,INF204KC1EN9,Nippon India Nifty 500 Low Volatility 50 Index Fund,Nippon India Mutual Fund,Index Funds,Index - Equity,Other Scheme - Index Funds,Regular,Growth,2025-04-16,AMFI scheme master,1.48,10.0625,2026-10-06,11.2906,2026-01-06,9.8963,2026-03-31,-0.108772,27.69,AMFI AAUM Jul-Sep 2026,27.69,Jul-Sep 2026,12.38,0.0123,,,-0.0572092,0.000905166,-0.0644669,,,,,0.0124164,NAV history,-0.0806857,,,,,,,,,,,,341,,2026-10-07
152883,INF204KC1DD2,Nippon India Nifty 500 Momentum 50 Index Fund,Nippon India Mutual Fund,Index Funds,Index - Equity,Other Scheme - Index Funds,Regular,Growth,2024-09-11,AMFI scheme master,2.07,8.3162,2026-10-06,8.6778,2026-08-28,7.0852,2026-03-23,-0.0416695,1326.4,Kuvera (latest month),1281.03,Jul-Sep 2026,430.15,0.013,Jitendra Tolani,Very High Risk,0.00797537,0.127055,0.0279096,-0.0750407,,,,-0.0892397,NAV history,0.0116909,,,,,,,,0.307692,,,19.9,341,,2026-10-07
153472,INF204KC1ET6,Nippon India Nifty 500 Quality 50 Index Fund,Nippon India Mutual Fund,Index Funds,Index - Equity,Other Scheme - Index Funds,Regular,Growth,2025-04-16,AMFI scheme master,1.48,10.2772,2026-10-06,11.2155,2026-08-11,9.335,2026-03-31,-0.083661,42.84,AMFI AAUM Jul-Sep 2026,42.84,Jul-Sep 2026,23.26,0.0117,,,-0.0608425,0.0412563,-0.0398102,,,,,0.028691,NAV history,-0.0560289,,,,,,,,,,,,341,,2026-10-07
150011,INF204KC1493,Nippon India Nifty AAA CPSE Bond Plus SDL - Apr 2027 Maturity 60:40 Index Fund,Nippon India Mutual Fund,Index Funds,Index - Equity,Other Scheme - Index Funds,Regular,Growth,2022-03-22,AMFI scheme master,4.54,13.1225,2026-10-06,13.1225,2026-10-06,12.3841,2025-10-07,0,2897.3,Kuvera (latest month),2914.65,Jul-Sep 2026,509.53,,Siddharth Deb; Vivek Sharma,Low Risk,0.0145034,0.032983,0.0600871,0.0695289,0.0734675,,,0.0614444,NAV history,0.0438683,-0.000180537,,0.00568366,-0.00181333,,1.4898,2.60519,0.431818,100,92,33.9,341,,2026-10-07
150490,INF204KC1550,Nippon India Nifty Alpha Low Volatility 30 Index Fund,Nippon India Mutual Fund,Index Funds,Index - Equity,Other Scheme - Index Funds,Regular,Growth,2022-08-01,AMFI scheme master,4.18,14.8612,2026-10-06,16.4138,2026-08-03,14.1129,2026-03-31,-0.0945911,1291.6,Kuvera (latest month),1278.02,Jul-Sep 2026,243.68,0.0107,Jitendra Tolani,Very High Risk,-0.0629406,0.0346503,-0.047951,-0.0894533,0.0826156,,,0.103842,NAV history,-0.0641697,0.00896755,,0.131247,-0.250759,,0.134217,0.182606,0.461538,32,23.3,40.8,341,,2026-10-07
153066,INF204KC1EB4,Nippon India Nifty Auto Index Fund,Nippon India Mutual Fund,Index Funds,Index - Equity,Other Scheme - Index Funds,Regular,Growth,2024-11-14,AMFI scheme master,1.89,10.8588,2026-10-06,12.6231,2026-08-07,10.0593,2026-03-31,-0.139768,50.5,Kuvera (latest month),48.6,Jul-Sep 2026,24.76,0.0107,Jitendra Tolani,Very High Risk,-0.0654917,0.0539761,-0.0455396,,,,,0.0420053,NAV history,-0.0617584,,,,,,,,,,,,341,,2026-10-07
152387,INF204KC1BV8,Nippon India Nifty Bank Index Fund,Nippon India Mutual Fund,Index Funds,Index - Equity,Other Scheme - Index Funds,Regular,Growth,2024-02-05,AMFI scheme master,2.67,11.7267,2026-10-06,13.084,2026-02-18,10.677,2026-03-31,-0.103737,232.2,Kuvera (latest month),226.95,Jul-Sep 2026,90.76,0.009,Jitendra Tolani,Very High Risk,-0.0544814,0.0498295,-0.0201048,0.0327712,,,,0.066136,NAV history,-0.0363235,,,,,,,,0.714286,,,82.8,341,,2026-10-07
150923,INF204KC1998,Nippon India Nifty G-Sec Jun 2036 Maturity Index Fund,Nippon India Mutual Fund,Index Funds,Index - Equity,Other Scheme - Index Funds,Regular,Growth,2022-11-29,AMFI scheme master,3.85,12.9986,2026-10-06,13.2853,2026-08-14,12.5407,2026-04-02,-0.0215802,713.2,Kuvera (latest month),730.57,Jul-Sep 2026,198.41,0.0042,Vivek Sharma,Moderate Risk,-0.016673,0.0272568,0.0270702,0.0529115,0.0736595,,,0.0719491,NAV history,0.0108514,1.15024e-05,,0.0302606,-0.0317707,,0.286165,0.405544,0.457143,42.7,65.3,39.3,341,,2026-10-07
151439,INF204KC1AL1,Nippon India Nifty G-Sec Oct 2028 Maturity Index Fund,Nippon India Mutual Fund,Index Funds,Index - Equity,Other Scheme - Index Funds,Regular,Growth,2023-02-20,AMFI scheme master,3.63,12.8926,2026-10-06,12.9328,2026-09-08,12.3703,2025-10-07,-0.00310838,127.3,Kuvera (latest month),127.05,Jul-Sep 2026,53.62,0.0039,Vivek Sharma,Moderate Risk,0.00410439,0.0281262,0.0423991,0.0645263,0.0734382,,,0.0733504,NAV history,0.0261803,-0.000209859,,0.0122319,-0.0114089,,0.689849,1.06576,0.59375,76,74,74.6,341,,2026-10-07
150904,INF204KC1857,Nippon India Nifty G-Sec Sep 2027 Maturity Index Fund,Nippon India Mutual Fund,Index Funds,Index - Equity,Other Scheme - Index Funds,Regular,Growth,2022-11-21,AMFI scheme master,3.88,12.9171,2026-10-06,12.9171,2026-10-06,12.3074,2025-10-09,0,355.3,Kuvera (latest month),354.38,Jul-Sep 2026,193.21,0.004,Vivek Sharma,Low to Moderate Risk,0.0104668,0.0264946,0.0502305,0.0652096,0.0723545,,,0.0696562,NAV history,0.0340118,-0.00129353,,0.00863403,-0.00270748,,0.851804,1.33262,0.514286,82,88.7,57.4,341,,2026-10-07
152391,INF204KC1CB8,Nippon India Nifty IT Index Fund,Nippon India Mutual Fund,Index Funds,Index - Equity,Other Scheme - Index Funds,Regular,Growth,2024-02-05,AMFI scheme master,2.67,7.5949,2026-10-06,10.591,2025-12-22,6.957,2026-07-01,-0.282891,262.1,Kuvera (latest month),247.01,Jul-Sep 2026,95.05,0.0104,Jitendra Tolani,Very High Risk,0.0317195,-0.0787472,-0.180286,-0.17037,,,,-0.0950327,NAV history,-0.196504,,,,,,,,0.190476,,,11.2,341,,2026-10-07
153809,INF204KC1GI4,Nippon India Nifty India Manufacturing Index Fund,Nippon India Mutual Fund,Index Funds,Index - Equity,Other Scheme - Index Funds,Regular,Growth,2025-08-06,AMFI scheme master,1.17,10.7104,2026-10-06,11.5807,2026-08-07,9.7345,2026-03-31,-0.0751509,41.03,AMFI AAUM Jul-Sep 2026,41.03,Jul-Sep 2026,18.79,0.0089,,,-0.0430307,0.0825256,0.0287086,,,,,0.0708989,NAV history,0.0124899,,,,,,,,,,,,341,,2026-10-07
148723,INF204KB15Z3,Nippon India Nifty Midcap 150 Index Fund,Nippon India Mutual Fund,Index Funds,Index - Equity,Other Scheme - Index Funds,Regular,Growth,2021-02-04,AMFI scheme master,5.67,24.7147,2026-10-06,26.4827,2026-08-13,21.8654,2026-03-31,-0.0667606,2844.5,Kuvera (latest month),2751.71,Jul-Sep 2026,632.24,0.0089,Himanshu Mange,Very High Risk,-0.0428227,0.0933483,0.018663,0.00361862,0.130976,0.135235,,0.175375,NAV history,0.00244426,0.0573284,0.0741456,0.171572,-0.21244,-0.21745,0.38454,0.507168,0.736842,53.3,33.3,84.4,341,,2026-10-07
153061,INF204KC1DV4,Nippon India Nifty Realty Index Fund,Nippon India Mutual Fund,Index Funds,Index - Equity,Other Scheme - Index Funds,Regular,Growth,2024-11-14,AMFI scheme master,1.89,7.6872,2026-10-06,8.9338,2025-11-03,5.9922,2026-03-31,-0.139537,57.6,Kuvera (latest month),57.99,Jul-Sep 2026,22.75,0.0118,Jitendra Tolani,Very High Risk,-0.0755466,0.216733,-0.0558933,,,,,-0.134097,NAV history,-0.072112,,,,,,,,,,,,341,,2026-10-07
150825,INF204KC1717,Nippon India Nifty SDL Plus G-Sec - Jun 2028 Maturity 70:30 Index Fund,Nippon India Mutual Fund,Index Funds,Index - Equity,Other Scheme - Index Funds,Regular,Growth,2022-11-07,AMFI scheme master,3.92,13.0792,2026-10-06,13.0824,2026-09-21,12.4553,2025-10-07,-0.000244603,332.9,Kuvera (latest month),332.9,Jul-Sep 2026,87.52,,Vivek Sharma,Low to Moderate Risk,0.00944678,0.0313281,0.0508842,0.0656377,0.0739992,,,0.0721087,NAV history,0.0346655,0.000351161,,0.0102447,-0.00740277,,0.878423,1.31109,0.555556,83.3,80.7,67.4,341,,2026-10-07
151392,INF204KC1AF3,Nippon India Nifty SDL Plus G-Sec - Jun 2029 Maturity 70:30 Index Fund,Nippon India Mutual Fund,Index Funds,Index - Equity,Other Scheme - Index Funds,Regular,Growth,2023-02-06,AMFI scheme master,3.67,12.8918,2026-10-06,12.9302,2026-08-14,12.3328,2025-10-09,-0.00296979,323.5,Kuvera (latest month),321.48,Jul-Sep 2026,73.77,,Vivek Sharma,Low to Moderate Risk,0.00353406,0.026736,0.0460982,0.0631484,0.0740139,,,0.0729241,NAV history,0.0298794,0.000365895,,0.0141485,-0.00950668,,0.637093,0.951697,0.575758,74,77.3,71.9,341,,2026-10-07
148518,INF204KB12W7,Nippon India Nifty Smallcap 250 Index Fund,Nippon India Mutual Fund,Index Funds,Index - Equity,Other Scheme - Index Funds,Regular,Growth,2020-09-28,AMFI scheme master,6.02,34.0953,2026-10-06,35.3422,2026-09-08,27.1846,2026-03-23,-0.0352808,3518.3,Kuvera (latest month),3463.17,Jul-Sep 2026,762.11,0.0101,Himanshu Mange,Very High Risk,-0.010589,0.200433,0.0458681,-0.0112998,0.12361,0.126935,,0.227599,NAV history,0.0296494,0.049962,0.0658454,0.191053,-0.263468,-0.271724,0.306774,0.400548,0.52459,44.7,19.3,59.6,341,,2026-10-07
151404,INF663L01X54,PGIM India CRISIL IBX Gilt Index - Apr 2028 Fund,PGIM India Mutual Fund,Index Funds,Index - Equity,Other Scheme - Index Funds,Regular,Growth,2023-02-02,AMFI scheme master,3.68,12.8356,2026-10-06,12.8358,2026-10-05,12.2794,2025-10-07,-1.55814e-05,21.6,Kuvera (latest month),21.37,Jul-Sep 2026,12.25,0.006,Puneet Pal; Sandeep Devan,Low to Moderate Risk,0.00901666,0.026183,0.0456786,0.0636721,0.071638,,,0.0719716,NAV history,0.0294598,-0.00201,,0.00957301,-0.00601523,,0.693411,1.06601,0.575758,76.7,83.3,71.9,341,,2026-10-07
153434,INF200KB1654,SBI BSE PSU BANK INDEX FUND,SBI Mutual Fund,Index Funds,Index - Equity,Other Scheme - Index Funds,Regular,Growth,2025-03-17,AMFI scheme master,1.56,12.7922,2026-10-06,15.752,2026-02-26,12.1381,2025-10-08,-0.1879,347.72,AMFI AAUM Jul-Sep 2026,347.72,Jul-Sep 2026,218.76,0.0082,,,-0.0363909,-0.0333034,0.0420241,,,,,0.169761,NAV history,0.0258053,,,,,,,,,,,,341,,2026-10-07
151765,INF200KA13Y1,SBI BSE Sensex Index Fund,SBI Mutual Fund,Index Funds,Index - Equity,Other Scheme - Index Funds,Regular,Growth,2023-05-18,AMFI scheme master,3.39,11.9731,2026-10-06,13.9803,2025-11-27,11.7237,2026-03-31,-0.143573,301.6,Kuvera (latest month),302.37,Jul-Sep 2026,89.43,0.0042,Viral Chhadva,Very High Risk,-0.0651566,-0.00821716,-0.10213,-0.0485936,0.0410686,,,0.0543608,NAV history,-0.118348,-0.0325795,,0.131791,-0.161413,,-0.181586,-0.249256,0.3,4.7,50.7,18.1,341,,2026-10-07
149472,INF200KA10D1,SBI CPSE Bond Plus SDL Sep 2026 50:50 Index Fund,SBI Mutual Fund,Index Funds,Index - Equity,Other Scheme - Index Funds,Regular,Growth,2022-01-03,AMFI scheme master,4.76,13.1627,2026-09-30,13.1627,2026-09-30,12.4413,2025-10-01,0,7074.4,Kuvera (latest month),7259.23,Jul-Sep 2026,2663.39,,Ranjana Gupta,Low Risk,0.0136382,0.0298646,0.0582054,0.0671178,0.0706742,,,0.0606084,NAV history,0.0419867,-0.00297386,,0.00492721,-0.00162124,,1.12122,1.93188,0.377778,94.7,94,26.3,341,,2026-10-07
150707,INF200KA15Q2,SBI CRISIL IBX Gilt Index - April 2029 Fund,SBI Mutual Fund,Index Funds,Index - Equity,Other Scheme - Index Funds,Regular,Growth,2022-09-26,AMFI scheme master,4.03,13.2319,2026-10-06,13.3084,2026-09-03,12.74,2025-10-09,-0.00574825,1948,Kuvera (latest month),1949.31,Jul-Sep 2026,890.4,0.0042,Ranjana Gupta,Low to Moderate Risk,0.000468784,0.0254187,0.0384232,0.0625993,0.0736127,,,0.0738968,NAV history,0.0222045,-3.5306e-05,,0.015438,-0.0107956,,0.557891,0.823946,0.513514,70.7,75.3,56,341,,2026-10-07
150683,INF200KA19P6,SBI CRISIL IBX Gilt Index - June 2036 Fund,SBI Mutual Fund,Index Funds,Index - Equity,Other Scheme - Index Funds,Regular,Growth,2022-09-22,AMFI scheme master,4.04,13.2659,2026-10-06,13.5591,2026-08-14,12.7932,2026-04-02,-0.0216239,2616.2,Kuvera (latest month),2622.56,Jul-Sep 2026,837.48,0.0049,Ranjana Gupta,Moderately High Risk,-0.0170568,0.0272336,0.0276076,0.0523229,0.0727254,,,0.0741555,NAV history,0.0113888,-0.000922678,,0.0310963,-0.0318157,,0.248433,0.350188,0.432432,40.7,64.7,34.4,341,,2026-10-07
150712,INF200KA11R9,SBI CRISIL IBX SDL Index - September 2027 Fund,SBI Mutual Fund,Index Funds,Index - Equity,Other Scheme - Index Funds,Regular,Growth,2022-09-26,AMFI scheme master,4.03,13.2223,2026-10-06,13.2263,2026-10-05,12.536,2025-10-07,-0.000302428,1808,Kuvera (latest month),1771.03,Jul-Sep 2026,1153.07,0.0042,Ranjana Gupta,Low to Moderate Risk,0.0119856,0.030633,0.0551503,0.0671471,0.0742311,,,0.0742943,NAV history,0.0389316,0.000583108,,0.00933033,-0.00290946,,0.989369,1.54469,0.540541,88,87.3,62.9,341,,2026-10-07
154363,INF200KB1BF6,SBI CRISIL-IBX 10:90 Gilt + SDL Index - Dec 2029 Index Fund,SBI Mutual Fund,Index Funds,Index - Equity,Other Scheme - Index Funds,Regular,Growth,2026-05-14,AMFI scheme master,0.4,10.2291,2026-10-06,10.3042,2026-08-17,10.0174,2026-06-01,-0.00728829,43.3,AMFI AAUM Jul-Sep 2026,43.3,Jul-Sep 2026,37,,,,0.000782695,,,,,,,0.0211332,"NAV history (absolute, <1Y)",,,,,,,,,,,,,341,,2026-10-07
154329,INF200KB1AL6,SBI CRISIL-IBX Financial Services 3-6 Months Debt Index Fund,SBI Mutual Fund,Index Funds,Index - Equity,Other Scheme - Index Funds,Regular,Growth,2026-04-15,AMFI scheme master,0.48,10.3137,2026-10-06,10.3137,2026-10-06,10.0071,2026-04-27,0,1056.71,AMFI AAUM Jul-Sep 2026,1056.71,Jul-Sep 2026,899.48,0.0023,,,0.0162282,,,,,,,0.0306382,"NAV history (absolute, <1Y)",,,,,,,,,,,,,341,,2026-10-07
154328,INF200KB1AR3,SBI CRISIL-IBX Financial Services 9-12 Months Debt Index Fund,SBI Mutual Fund,Index Funds,Index - Equity,Other Scheme - Index Funds,Regular,Growth,2026-04-15,AMFI scheme master,0.48,10.2874,2026-10-06,10.2874,2026-10-06,9.9894,2026-05-22,0,330,AMFI AAUM Jul-Sep 2026,330,Jul-Sep 2026,218.1,0.0031,,,0.0140865,,,,,,,0.0286166,"NAV history (absolute, <1Y)",,,,,,,,,,,,,341,,2026-10-07
102272,INF200K01537,SBI NIFTY INDEX FUND,SBI Mutual Fund,Index Funds,Index - Equity,Other Scheme - Index Funds,Regular,Growth,2001-12-18,AMFI scheme master,24.8,202.647,2026-10-06,232.881,2026-01-02,197.537,2026-03-31,-0.129825,13927.8,Kuvera (latest month),13870.5,Jul-Sep 2026,2121.34,0.0044,Viral Chhadva,Very High Risk,-0.0660494,-0.00248631,-0.0861445,-0.0392375,0.0573554,0.0592736,0.106136,0.0955021,Since Apr-2006 (earlier NAV not in AMFI history),-0.102363,-0.0162926,-0.00181578,0.131782,-0.156237,-0.167585,-0.0580094,-0.0796351,0.57377,14.7,56,70.8,341,,2026-10-07
152906,INF200KB1357,SBI Nifty 500 Index Fund,SBI Mutual Fund,Index Funds,Index - Equity,Other Scheme - Index Funds,Regular,Growth,2024-09-17,AMFI scheme master,2.05,9.1731,2026-10-06,9.9443,2026-01-02,8.4665,2026-03-31,-0.077552,779.9,Kuvera (latest month),775.31,Jul-Sep 2026,452.67,0.0081,Viral Chhadva,Very High Risk,-0.0521307,0.0495298,-0.041253,-0.0278096,,,,-0.0277534,NAV history,-0.0574717,,,,,,,,0.0769231,,,6.7,341,,2026-10-07
153253,INF200KB1530,SBI Nifty Bank Index Fund,SBI Mutual Fund,Index Funds,Index - Equity,Other Scheme - Index Funds,Regular,Growth,2025-01-20,AMFI scheme master,1.71,10.981,2026-10-06,12.2242,2026-02-18,9.9804,2026-03-31,-0.1017,204.89,AMFI AAUM Jul-Sep 2026,204.89,Jul-Sep 2026,95.55,0.0075,,,-0.0541611,0.0516688,-0.0170435,,,,,0.0701319,NAV history,-0.0332623,,,,,,,,,,,,341,,2026-10-07
154362,INF200KB1AZ6,SBI Nifty G-sec Jul 2031 Index Fund,SBI Mutual Fund,Index Funds,Index - Equity,Other Scheme - Index Funds,Regular,Growth,2026-05-14,AMFI scheme master,0.4,10.1837,2026-10-06,10.355,2026-08-06,10.0154,2026-06-01,-0.0165427,17.94,AMFI AAUM Jul-Sep 2026,17.94,Jul-Sep 2026,15.59,0.004,,,-0.00665243,,,,,,,0.0168041,"NAV history (absolute, <1Y)",,,,,,,,,,,,,341,,2026-10-07
153323,INF200KB1597,SBI Nifty IT Index Fund,SBI Mutual Fund,Index Funds,Index - Equity,Other Scheme - Index Funds,Regular,Growth,2025-02-04,AMFI scheme master,1.67,7.0688,2026-10-06,9.8534,2025-12-22,6.4774,2026-07-01,-0.282603,126.38,AMFI AAUM Jul-Sep 2026,126.38,Jul-Sep 2026,54.13,0.0096,,,0.0314899,-0.0781429,-0.179135,,,,,-0.174248,NAV history,-0.195353,,,,,,,,,,,,341,,2026-10-07
153012,INF200KB1415,SBI Nifty India Consumption Index Fund,SBI Mutual Fund,Index Funds,Index - Equity,Other Scheme - Index Funds,Regular,Growth,2024-10-16,AMFI scheme master,1.97,9.5837,2026-10-06,10.9521,2025-10-20,8.9312,2026-03-31,-0.124944,259.4,Kuvera (latest month),261.33,Jul-Sep 2026,211.55,0.0092,Viral Chhadva,Very High Risk,-0.0663621,0.0408128,-0.0945191,,,,,-0.0228108,NAV history,-0.110738,,,,,,,,0.166667,,,10.7,341,,2026-10-07
150672,INF200KA17O3,SBI Nifty Midcap 150 Index Fund,SBI Mutual Fund,Index Funds,Index - Equity,Other Scheme - Index Funds,Regular,Growth,2022-09-21,AMFI scheme master,4.04,18.784,2026-10-06,20.1264,2026-08-13,16.6024,2026-03-31,-0.0666985,1292.3,Kuvera (latest month),1239.21,Jul-Sep 2026,575.7,0.0094,Viral Chhadva,Very High Risk,-0.0430047,0.094339,0.0190198,0.00401414,0.130842,,,0.169645,NAV history,0.00280108,0.0571939,,0.170878,-0.212785,,0.385314,0.508217,0.72973,54.7,31.3,83.9,341,,2026-10-07
148943,INF200KA1V76,SBI Nifty Next 50 Index Fund,SBI Mutual Fund,Index Funds,Index - Equity,Other Scheme - Index Funds,Regular,Growth,2021-04-28,AMFI scheme master,5.44,18.956,2026-10-06,20.2642,2026-08-10,16.3303,2026-03-31,-0.0645572,2366,Kuvera (latest month),2302.35,Jul-Sep 2026,739.84,0.0081,Viral Chhadva,Very High Risk,-0.0358578,0.114652,0.0219584,-0.0298611,0.159498,0.103331,,0.125517,NAV history,0.00573967,0.0858496,0.0422412,0.184282,-0.266342,-0.266342,0.512789,0.679322,0.481481,68.7,12,46.4,341,,2026-10-07
150676,INF200KA13P9,SBI Nifty Smallcap 250 Index Fund,SBI Mutual Fund,Index Funds,Index - Equity,Other Scheme - Index Funds,Regular,Growth,2022-09-21,AMFI scheme master,4.04,19.1033,2026-10-06,19.8153,2026-09-08,15.2322,2026-03-23,-0.0359318,1787.6,Kuvera (latest month),1759.43,Jul-Sep 2026,725.46,0.0093,Viral Chhadva,Very High Risk,-0.011027,0.200348,0.0458908,-0.00793969,0.126453,,,0.174613,NAV history,0.0296721,0.0528051,,0.190163,-0.263559,,0.323161,0.421982,0.513514,47.3,17.3,56,341,,2026-10-07
153716,INF200KB1902,SBI Nifty100 Low Volatility 30 Index Fund,SBI Mutual Fund,Index Funds,Index - Equity,Other Scheme - Index Funds,Regular,Growth,2025-07-08,AMFI scheme master,1.25,9.5278,2026-10-06,10.7679,2026-01-07,9.221,2026-03-31,-0.115166,57.22,AMFI AAUM Jul-Sep 2026,57.22,Jul-Sep 2026,39.1,0.0092,,,-0.064664,0.00912981,-0.0643242,,,,,-0.0465495,NAV history,-0.0805429,,,,,,,,,,,,341,,2026-10-07
153663,INF200KB1845,SBI Nifty200 Momentum 30 Index Fund,SBI Mutual Fund,Index Funds,Index - Equity,Other Scheme - Index Funds,Regular,Growth,2025-06-23,AMFI scheme master,1.29,9.4483,2026-10-06,10.2264,2025-11-27,8.5672,2026-03-31,-0.0760874,117.14,AMFI AAUM Jul-Sep 2026,117.14,Jul-Sep 2026,63,0.0124,,,-0.0264202,0.0577205,-0.0316785,,,,,-0.0369538,NAV history,-0.0478973,,,,,,,,,,,,341,,2026-10-07
153554,INF200KB1787,SBI Nifty200 Quality 30 Index Fund,SBI Mutual Fund,Index Funds,Index - Equity,Other Scheme - Index Funds,Regular,Growth,2025-05-16,AMFI scheme master,1.39,9.3735,2026-10-06,10.5974,2026-01-07,8.9141,2026-03-31,-0.115491,323.44,AMFI AAUM Jul-Sep 2026,323.44,Jul-Sep 2026,208.91,0.0084,,,-0.0486943,0.0108161,-0.073032,,,,,-0.0620757,NAV history,-0.0892508,,,,,,,,,,,,341,,2026-10-07
152372,INF200KA18Z7,SBI Nifty50 Equal Weight Index Fund,SBI Mutual Fund,Index Funds,Index - Equity,Other Scheme - Index Funds,Regular,Growth,2024-01-16,AMFI scheme master,2.72,11.4287,2026-10-06,12.5408,2026-08-03,10.8844,2026-03-31,-0.0886786,1064.3,Kuvera (latest month),1058.57,Jul-Sep 2026,665.98,0.0097,Viral Chhadva,Very High Risk,-0.0633749,0.0198824,-0.0360977,-0.0210591,,,,0.0442862,NAV history,-0.0523165,,,,,,,,0.52381,,,58.9,341,,2026-10-07
149481,INF173K01AG2,Sundaram Nifty 100 Equal Weight Fund (Formerly Known as Principal Nifty 100 Equal Weight Fund),Sundaram Mutual Fund,Index Funds,Index - Equity,Other Scheme - Index Funds,Regular,Growth,1999-06-16,AMFI scheme master,27.31,175.181,2026-10-06,189.657,2026-08-03,158.398,2026-03-31,-0.0763237,147,Kuvera (latest month),145.61,Jul-Sep 2026,58.12,0.0123,Rohit Seksaria,High Risk,-0.0517008,0.0681441,-0.00833719,-0.0181116,0.123325,,,0.102128,NAV history,-0.0245559,0.0496767,,0.151091,-0.213547,,0.386024,0.516012,0.543478,55.3,29.3,66.1,341,,2026-10-07
154064,INF277KA1EM5,Tata BSE Multicap Consumption 50:30:20 Index Fund,Tata Mutual Fund,Index Funds,Index - Equity,Other Scheme - Index Funds,Regular,Growth,2025-12-09,AMFI scheme master,0.83,9.2374,2026-10-06,10.1138,2026-01-05,8.3357,2026-03-31,-0.0866539,43.62,AMFI AAUM Jul-Sep 2026,43.62,Jul-Sep 2026,23.29,,,,-0.0496698,0.0697254,,,,,,-0.0832093,"NAV history (absolute, <1Y)",,,,,,,,,,,,,341,,2026-10-07
153425,INF277KA1DH7,Tata BSE Quality Index Fund,Tata Mutual Fund,Index Funds,Index - Equity,Other Scheme - Index Funds,Regular,Growth,2025-03-17,AMFI scheme master,1.56,10.7052,2026-10-06,11.7223,2026-05-07,10.0626,2026-03-31,-0.0867662,56.87,AMFI AAUM Jul-Sep 2026,56.87,Jul-Sep 2026,29.8,0.0119,,,-0.0638216,0.0236276,-0.0333556,,,,,0.0756538,NAV history,-0.0495744,,,,,,,,,,,,341,,2026-10-07
153134,INF277KA1CX6,Tata BSE Select Business Groups Index Fund,Tata Mutual Fund,Index Funds,Index - Equity,Other Scheme - Index Funds,Regular,Growth,2024-11-25,AMFI scheme master,1.86,9.5237,2026-10-06,10.7112,2026-01-02,9.082,2026-03-31,-0.110865,225.2,Kuvera (latest month),228.27,Jul-Sep 2026,21.49,0.0105,Rakesh Prajapati; Nitin Sharma,Very High Risk,-0.0645798,0.0186647,-0.0386122,,,,,-0.014879,NAV history,-0.0548309,,,,,,,,,,,,341,,2026-10-07
152560,INF277KA1AR2,Tata Nifty Auto Index Fund,Tata Mutual Fund,Index Funds,Index - Equity,Other Scheme - Index Funds,Regular,Growth,2024-04-08,AMFI scheme master,2.5,11.4748,2026-10-06,13.3348,2026-08-07,10.6437,2026-03-31,-0.139485,109.1,Kuvera (latest month),106.9,Jul-Sep 2026,40.8,0.0108,Rakesh Prajapati; Nitin Sharma,Very High Risk,-0.0652427,0.0525794,-0.049887,-0.00969608,,,,0.0529538,NAV history,-0.0661057,,,,,,,,0.631579,,,79,341,,2026-10-07
152954,INF277KA1CL1,Tata Nifty Capital Markets Index Fund,Tata Mutual Fund,Index Funds,Index - Equity,Other Scheme - Index Funds,Regular,Growth,2024-10-07,AMFI scheme master,2,14.1609,2026-10-06,15.2699,2026-05-26,11.4569,2026-03-31,-0.0726265,979.5,Kuvera (latest month),943.51,Jul-Sep 2026,554.67,0.0124,Rakesh Prajapati; Nitin Sharma,Very High Risk,-0.0415635,0.153271,0.208134,,,,,0.200503,NAV history,0.191915,,,,,,,,1,,,99.1,341,,2026-10-07
152574,INF277KA1AX0,Tata Nifty Financial Services Index Fund,Tata Mutual Fund,Index Funds,Index - Equity,Other Scheme - Index Funds,Regular,Growth,2024-04-08,AMFI scheme master,2.5,11.558,2026-10-06,13.1742,2026-02-18,10.8769,2026-03-31,-0.122679,70.9,Kuvera (latest month),73.52,Jul-Sep 2026,31.48,0.0113,Rakesh Prajapati; Nitin Sharma,Very High Risk,-0.0763723,0.0160879,-0.0694342,0.0228763,,,,0.05311,NAV history,-0.0856529,,,,,,,,0.578947,,,73.2,341,,2026-10-07
151306,INF277KA1828,Tata Nifty G-Sec Dec 2026 Index Fund,Tata Mutual Fund,Index Funds,Index - Equity,Other Scheme - Index Funds,Regular,Growth,2023-01-04,AMFI scheme master,3.76,12.7575,2026-10-06,12.7575,2026-10-06,12.1185,2025-10-07,0,73.3,Kuvera (latest month),72.96,Jul-Sep 2026,20.42,0.004,Amit Somani,Low Risk,0.0128457,0.0278277,0.05299,0.0633972,0.0699733,,,0.0674033,NAV history,0.0367712,-0.00367474,,0.00631424,-0.00129598,,0.787631,1.29866,0.441176,78,97.3,35.3,341,,2026-10-07
151275,INF277KA1760,Tata Nifty G-Sec Dec 2029 Index Fund,Tata Mutual Fund,Index Funds,Index - Equity,Other Scheme - Index Funds,Regular,Growth,2023-01-03,AMFI scheme master,3.76,12.8959,2026-10-06,12.9758,2026-09-09,12.4291,2025-10-09,-0.00615762,132.6,Kuvera (latest month),133.46,Jul-Sep 2026,42.23,0.0042,Murthy Nagarajan; Amit Somani,Low to Moderate Risk,0.000201655,0.024354,0.0375737,0.0621215,0.0734542,,,0.0708916,NAV history,0.021355,-0.000193798,,0.0150499,-0.0110783,,0.561745,0.837072,0.529412,72,74.7,60.7,341,,2026-10-07
152746,INF277KA1BZ3,Tata Nifty India Tourism Index Fund,Tata Mutual Fund,Index Funds,Index - Equity,Other Scheme - Index Funds,Regular,Growth,2024-07-08,AMFI scheme master,2.25,8.6776,2026-10-06,10.289,2025-10-30,7.383,2026-03-31,-0.156614,263.9,Kuvera (latest month),266.99,Jul-Sep 2026,106.8,0.0111,Rakesh Prajapati; Nitin Sharma,Very High Risk,-0.0635414,0.10112,-0.143452,-0.0654213,,,,-0.067677,NAV history,-0.159671,,,,,,,,0.25,,,14.3,341,,2026-10-07
152567,INF277KA1BD0,Tata Nifty MidSmall Healthcare Index Fund,Tata Mutual Fund,Index Funds,Index - Equity,Other Scheme - Index Funds,Regular,Growth,2024-04-08,AMFI scheme master,2.5,14.7626,2026-10-06,15.3736,2026-09-23,11.8744,2026-03-23,-0.0397435,219,Kuvera (latest month),210.49,Jul-Sep 2026,58.25,0.0114,Rakesh Prajapati; Nitin Sharma,Very High Risk,0.00107142,0.210258,0.150802,0.0987757,,,,0.169719,NAV history,0.134583,,,,,,,,0.789474,,,88.8,341,,2026-10-07
153580,INF277KA1DW6,Tata Nifty Midcap 150 Index Fund,Tata Mutual Fund,Index Funds,Index - Equity,Other Scheme - Index Funds,Regular,Growth,2025-06-02,AMFI scheme master,1.35,10.3339,2026-10-06,11.0831,2026-08-13,9.1592,2026-03-31,-0.0675984,320.39,AMFI AAUM Jul-Sep 2026,320.39,Jul-Sep 2026,52.61,0.011,,,-0.0444315,0.0912364,0.0124822,,,,,0.00455494,NAV history,-0.0037365,,,,,,,,,,,,341,,2026-10-07
150741,INF277KA1646,Tata Nifty Midcap 150 Momentum 50 Index Fund,Tata Mutual Fund,Index Funds,Index - Equity,Other Scheme - Index Funds,Regular,Growth,2022-10-04,AMFI scheme master,4.01,17.5893,2026-10-06,18.6708,2026-08-31,15.625,2026-03-31,-0.0579247,1274,Kuvera (latest month),1227.87,Jul-Sep 2026,261.09,0.013,Rakesh Prajapati; Nitin Sharma,Very High Risk,-0.0168193,0.0841865,0.00173132,-0.0413048,0.125229,,,0.148181,NAV history,-0.0144874,0.0515806,,0.198505,-0.261375,,0.303411,0.40414,0.486486,44,20.7,48.7,341,,2026-10-07
153855,INF277KA1EG7,Tata Nifty Next 50 Index Fund,Tata Mutual Fund,Index Funds,Index - Equity,Other Scheme - Index Funds,Regular,Growth,2025-09-12,AMFI scheme master,1.07,10.2374,2026-10-06,10.9475,2026-08-10,8.8385,2026-03-31,-0.0648641,123.79,AMFI AAUM Jul-Sep 2026,123.79,Jul-Sep 2026,63.46,0.0113,,,-0.0368335,0.112422,,,,,,0.0163511,"NAV history (absolute, <1Y)",,,,,,,,,,,,,341,,2026-10-07
152573,INF277KA1AL5,Tata Nifty Realty Index Fund,Tata Mutual Fund,Index Funds,Index - Equity,Other Scheme - Index Funds,Regular,Growth,2024-04-08,AMFI scheme master,2.5,8.466,2026-10-06,9.8619,2025-11-03,6.5915,2026-03-31,-0.141545,63.8,Kuvera (latest month),63.7,Jul-Sep 2026,20.04,0.0111,Rakesh Prajapati; Nitin Sharma,Very High Risk,-0.0752291,0.217376,-0.0579202,-0.106063,,,,-0.0684418,NAV history,-0.074139,,,,,,,,0,,,2,341,,2026-10-07
150330,INF277KA1406,Tata Nifty SDL Plus AAA PSU Bond Dec 2027 60 40 Index Fund,Tata Mutual Fund,Index Funds,Index - Equity,Other Scheme - Index Funds,Regular,Growth,2022-03-24,AMFI scheme master,4.54,13.2559,2026-10-06,13.2562,2026-10-05,12.6141,2025-10-07,-2.26309e-05,645.7,Kuvera (latest month),645.23,Jul-Sep 2026,141.55,0.0044,Murthy Nagarajan; Amit Somani,Low to Moderate Risk,0.0110749,0.031411,0.0512379,0.0663827,0.0724757,,,0.0644501,NAV history,0.0350192,-0.00117233,,0.00891328,-0.0038628,,0.838715,1.28955,0.44186,80.7,86,35.9,341,,2026-10-07
152834,INF277KA1CF3,Tata Nifty200 Alpha 30 Index Fund,Tata Mutual Fund,Index Funds,Index - Equity,Other Scheme - Index Funds,Regular,Growth,2024-08-19,AMFI scheme master,2.13,8.6146,2026-10-06,9.2268,2026-08-27,7.4311,2026-03-31,-0.0663502,213.2,Kuvera (latest month),203.15,Jul-Sep 2026,86.48,0.0137,Rakesh Prajapati; Nitin Sharma,Very High Risk,-0.0263458,0.10813,0.0188403,-0.0498127,,,,-0.0540869,NAV history,0.00262151,,,,,,,,0.5,,,52.7,341,,2026-10-07
152590,INF277KA1BJ7,Tata Nifty500 Multicap India Manufacturing 50:30:20 Index Fund,Tata Mutual Fund,Index Funds,Index - Equity,Other Scheme - Index Funds,Regular,Growth,2024-04-08,AMFI scheme master,2.5,11.7132,2026-10-06,12.5576,2026-08-07,10.5157,2026-03-31,-0.0672421,140.7,Kuvera (latest month),136.99,Jul-Sep 2026,63.56,,Rakesh Prajapati; Nitin Sharma,Very High Risk,-0.0306611,0.0991086,0.0220586,0.00668722,,,,0.0655298,NAV history,0.00583982,,,,,,,,0.578947,,,73.2,341,,2026-10-07
152596,INF277KA1BP4,Tata Nifty500 Multicap Infrastructure 50:30:20 Index Fund,Tata Mutual Fund,Index Funds,Index - Equity,Other Scheme - Index Funds,Regular,Growth,2024-04-08,AMFI scheme master,2.5,10.3956,2026-10-06,11.1865,2026-06-22,9.5817,2026-03-31,-0.0707013,76.9,Kuvera (latest month),74.84,Jul-Sep 2026,29.37,,Rakesh Prajapati; Nitin Sharma,Very High Risk,-0.0696534,0.0607539,-0.0225106,-0.0268296,,,,0.0134826,NAV history,-0.0387293,,,,,,,,0.263158,,,15.2,341,,2026-10-07
112948,INF044D01948,Taurus Nifty 50 Index Fund,Taurus Mutual Fund,Index Funds,Index - Equity,Other Scheme - Index Funds,Regular,Growth,2010-06-04,AMFI scheme master,16.34,43.3387,2026-10-06,50.0241,2026-01-02,42.4035,2026-03-31,-0.133644,6.53,AMFI AAUM Jul-Sep 2026,6.53,Jul-Sep 2026,1.61,0.0112,,,-0.0662359,-0.00580614,-0.0917518,-0.0445646,0.0505091,0.0535465,0.103497,0.0930479,NAV history,-0.10797,-0.023139,-0.00754292,0.131324,-0.15681,-0.168251,-0.110345,-0.151176,0.245902,7.3,54,13.8,341,,2026-10-07
143340,INF789FC11T3,UTI - Nifty Next 50 Index Fund,UTI Mutual Fund,Index Funds,Index - Equity,Index Funds - Equity Funds,Regular,Growth,2018-06-08,AMFI scheme master,8.33,24.9595,2026-10-06,26.6757,2026-08-10,21.5058,2026-03-31,-0.0643357,7546.5,Kuvera (latest month),7368.3,Jul-Sep 2026,1562.07,0.0091,Sharwan Goyal; Ayush Jain; Lokesh Kulthia,Very High Risk,-0.0357953,0.114462,0.0218917,-0.0295927,0.159753,0.103472,,0.116546,NAV history,0.00567294,0.0861053,0.0423826,0.185371,-0.265895,-0.265895,0.511156,0.677162,0.540984,66.7,14,64.5,341,,2026-10-07
151763,INF789F1AYS9,UTI BSE Housing Index Fund,UTI Mutual Fund,Index Funds,Index - Equity,Index Funds - Equity Funds,Regular,Growth,2023-05-22,AMFI scheme master,3.38,13.024,2026-10-06,14.9144,2025-10-29,11.7799,2026-03-23,-0.12675,23.9,Kuvera (latest month),23.7,Jul-Sep 2026,12.52,0.0108,Sharwan Goyal; Ayush Jain; Lokesh Kulthia,Very High Risk,-0.082875,0.0720047,-0.10443,-0.082156,0.0569641,,,0.0848553,NAV history,-0.120649,-0.0166839,,0.188467,-0.271109,,-0.0426384,-0.0569843,0.275862,20,7.3,15.8,341,,2026-10-07
154700,INF789F1AH59,UTI BSE India Sector Leaders Index Fund,UTI Mutual Fund,Index Funds,Index - Equity,Index Funds - Equity Funds,Regular,Growth,2026-08-31,AMFI scheme master,0.1,9.8215,2026-10-06,10.0954,2026-09-23,9.6604,2026-10-01,-0.0271312,3.78,AMFI AAUM Jul-Sep 2026,3.78,Jul-Sep 2026,3.3,0.0607,,,,,,,,,,-0.0225223,"NAV history (absolute, <1Y)",,,,,,,,,,,,,341,,2026-10-07
149880,INF789F1AVE5,UTI BSE Low Volatility Index Fund,UTI Mutual Fund,Index Funds,Index - Equity,Index Funds - Equity Funds,Regular,Growth,2022-02-14,AMFI scheme master,4.64,14.9451,2026-10-06,17.3031,2026-01-06,14.8005,2026-10-01,-0.136276,452.6,Kuvera (latest month),459.33,Jul-Sep 2026,229.89,0.011,Sharwan Goyal; Ayush Jain; Lokesh Kulthia,Very High Risk,-0.0863401,-0.0134206,-0.0940442,-0.0690521,0.0568954,,,0.100441,NAV history,-0.110263,-0.0167527,,0.113638,-0.183777,,-0.07132,-0.097815,0.5,9.3,40,52.7,341,,2026-10-07
149802,INF789F1AVC9,UTI BSE Sensex Index Fund,UTI Mutual Fund,Index Funds,Index - Equity,Index Funds - Equity Funds,Regular,Growth,2022-01-19,AMFI scheme master,4.71,13.1584,2026-10-06,15.3454,2026-01-02,12.8742,2026-03-31,-0.142518,194.5,Kuvera (latest month),194.2,Jul-Sep 2026,78.03,0.0031,Sharwan Goyal; Ayush Jain; Lokesh Kulthia,Very High Risk,-0.0648435,-0.00763969,-0.0999726,-0.0465262,0.0430246,,,0.0572953,NAV history,-0.116191,-0.0306234,,0.132595,-0.161038,,-0.165734,-0.227633,0.4,6.7,51.3,28.1,341,,2026-10-07
148704,INF789F1AUS7,UTI Nifty 200 Momentum 30 Index Fund,UTI Mutual Fund,Index Funds,Index - Equity,Index Funds - Equity Funds,Regular,Growth,2021-02-18,AMFI scheme master,5.63,20.1979,2026-10-06,21.8206,2025-11-27,18.2744,2026-03-31,-0.0743655,8513.3,Kuvera (latest month),8383.88,Jul-Sep 2026,1975.54,0.0129,Sharwan Goyal; Ayush Jain; Lokesh Kulthia,Very High Risk,-0.0261567,0.0599734,-0.0296516,-0.0948787,0.0912137,0.08606,,0.135677,NAV history,-0.0458703,0.0175657,0.0249705,0.197269,-0.316776,-0.316776,0.132883,0.177663,0.410714,31.3,4.7,30.1,341,,2026-10-07
152858,INF789F1AZG1,UTI Nifty 200 Quality 30 Index Fund,UTI Mutual Fund,Index Funds,Index - Equity,Index Funds - Equity Funds,Regular,Growth,2024-09-02,AMFI scheme master,2.09,8.3155,2026-10-06,9.4044,2026-01-07,7.9068,2026-03-31,-0.115786,552.5,Kuvera (latest month),538,Jul-Sep 2026,148.27,0.0111,Sharwan Goyal; Ayush Jain; Lokesh Kulthia,Very High Risk,-0.0482213,0.0109416,-0.0738328,-0.0776806,,,,-0.0899945,NAV history,-0.0900515,,,,,,,,0,,,2,341,,2026-10-07
100822,INF789F01JN2,UTI Nifty 50 Index Fund,UTI Mutual Fund,Index Funds,Index - Equity,Other Scheme - Index Funds,Regular,Growth,2000-03-28,AMFI scheme master,26.53,157.927,2026-10-06,181.285,2026-01-02,153.82,2026-03-31,-0.12885,29485.4,Kuvera (latest month),29284.8,Jul-Sep 2026,5342.91,0.0037,Sharwan Goyal; Ayush Jain; Lokesh Kulthia,Very High Risk,-0.065763,-0.00168718,-0.084604,-0.0374247,0.0591187,0.061267,0.110307,0.100741,Since Apr-2006 (earlier NAV not in AMFI history),-0.100823,-0.0145293,0.000177578,0.132476,-0.155336,-0.166173,-0.044395,-0.0609861,0.819672,19.3,61.3,90.8,341,,2026-10-07
151738,INF789F1AYO8,UTI Nifty 500 Value 50 Index Fund,UTI Mutual Fund,Index Funds,Index - Equity,Index Funds - Equity Funds,Regular,Growth,2023-04-26,AMFI scheme master,3.45,20.7275,2026-10-06,23.2107,2026-02-26,19.7606,2025-10-14,-0.106985,846.2,Kuvera (latest month),830.22,Jul-Sep 2026,288.1,0.0119,Sharwan Goyal; Ayush Jain; Lokesh Kulthia,Very High Risk,-0.0636675,-0.0136432,0.0378955,0.00245261,0.193361,,,0.242351,NAV history,0.0216768,0.119713,,0.20697,-0.228382,,0.62019,0.808473,0.633333,73.3,26,79.5,341,,2026-10-07
153087,INF789F1AZL1,UTI Nifty Alpha Low-Volatility 30 Index Fund,UTI Mutual Fund,Index Funds,Index - Equity,Index Funds - Equity Funds,Regular,Growth,2024-11-11,AMFI scheme master,1.9,9.1197,2026-10-06,10.0761,2026-08-03,8.6655,2026-03-31,-0.0949177,69.8,Kuvera (latest month),71.48,Jul-Sep 2026,43.29,0.0121,Sharwan Goyal; Ayush Jain; Lokesh Kulthia,Very High Risk,-0.0633781,0.0339796,-0.0484751,,,,,-0.060395,NAV history,-0.0646939,,,,,,,,,,,,341,,2026-10-07
153271,INF789F1AB30,UTI Nifty India Manufacturing Index Fund,UTI Mutual Fund,Index Funds,Index - Equity,Index Funds - Equity Funds,Regular,Growth,2025-01-28,AMFI scheme master,1.69,11.9158,2026-10-06,12.8871,2026-08-07,10.8326,2026-03-31,-0.0753699,30.75,AMFI AAUM Jul-Sep 2026,30.75,Jul-Sep 2026,23.88,0.0114,,,-0.0433072,0.082251,0.0265339,,,,,0.129394,NAV history,0.0103151,,,,,,,,,,,,341,,2026-10-07
153088,INF789F1AZN7,UTI Nifty Midcap 150 Index Fund,UTI Mutual Fund,Index Funds,Index - Equity,Index Funds - Equity Funds,Regular,Growth,2024-11-11,AMFI scheme master,1.9,10.4538,2026-10-06,11.2032,2026-08-13,9.2513,2026-03-31,-0.0668916,79.2,Kuvera (latest month),76.6,Jul-Sep 2026,41.72,0.0115,Sharwan Goyal; Ayush Jain; Lokesh Kulthia,Very High Risk,-0.0434281,0.0930364,0.0168967,,,,,0.0132378,NAV history,0.000677976,,,,,,,,,,,,341,,2026-10-07
150312,INF789F1AVG0,UTI Nifty Midcap 150 Quality 50 Index Fund,UTI Mutual Fund,Index Funds,Index - Equity,Index Funds - Equity Funds,Regular,Growth,2022-03-28,AMFI scheme master,4.53,13.4598,2026-10-06,14.578,2026-08-10,12.0693,2026-03-31,-0.0767046,270.4,Kuvera (latest month),252.71,Jul-Sep 2026,101.06,0.011,Sharwan Goyal; Ayush Jain; Lokesh Kulthia,Very High Risk,-0.0410584,0.0787084,-0.0478555,-0.0464479,0.070299,,,0.0719929,NAV history,-0.0640743,-0.00334901,,0.154964,-0.215757,,0.0341951,0.0461987,0.44186,22,28.7,35.9,341,,2026-10-07
153273,INF789F1AB06,UTI Nifty Midsmallcap 400 Momentum Quality 100 Index Fund,UTI Mutual Fund,Index Funds,Index - Equity,Index Funds - Equity Funds,Regular,Growth,2025-01-28,AMFI scheme master,1.69,11.3908,2026-10-06,11.9645,2026-08-31,9.6806,2026-03-23,-0.0479502,128.89,AMFI AAUM Jul-Sep 2026,128.89,Jul-Sep 2026,72.14,0.0127,,,-0.0123041,0.118203,0.0385674,,,,,0.102159,NAV history,0.0223487,,,,,,,,,,,,341,,2026-10-07
152865,INF789F1AZI7,UTI Nifty Private Bank Index Fund,UTI Mutual Fund,Index Funds,Index - Equity,Index Funds - Equity Funds,Regular,Growth,2024-09-02,AMFI scheme master,2.09,9.959,2026-10-06,10.7336,2026-02-18,8.8681,2026-03-31,-0.0721659,238.5,Kuvera (latest month),223.74,Jul-Sep 2026,130.79,0.0104,Sharwan Goyal; Ayush Jain; Lokesh Kulthia,Very High Risk,-0.0439666,0.0762879,-0.0188274,0.024067,,,,-0.00416991,NAV history,-0.0350461,,,,,,,,0.5,,,52.7,341,,2026-10-07
151761,INF789F1AYQ3,UTI Nifty50 Equal Weight Index Fund,UTI Mutual Fund,Index Funds,Index - Equity,Index Funds - Equity Funds,Regular,Growth,2023-05-22,AMFI scheme master,3.38,14.1509,2026-10-06,15.5253,2026-08-03,13.4626,2026-03-31,-0.0885265,153.4,Kuvera (latest month),151.79,Jul-Sep 2026,85.21,0.009,Sharwan Goyal; Ayush Jain; Lokesh Kulthia,Very High Risk,-0.0630405,0.0209811,-0.034378,-0.0202499,0.0968481,,,0.113156,NAV history,-0.0505968,0.0232,,0.136371,-0.182686,,0.23354,0.320566,0.551724,36.7,42,66.5,341,,2026-10-07
154198,INF789F1AC96,UTI Nifty500 Shariah Index Fund,UTI Mutual Fund,Index Funds,Index - Equity,Index Funds - Equity Funds,Regular,Growth,2026-02-05,AMFI scheme master,0.67,9.6591,2026-10-06,10.4238,2026-08-10,8.9972,2026-03-23,-0.073361,87.73,AMFI AAUM Jul-Sep 2026,87.73,Jul-Sep 2026,60.67,0.0124,,,-0.0378041,0.0397197,,,,,,-0.0373438,"NAV history (absolute, <1Y)",,,,,,,,,,,,,341,,2026-10-07
152752,INF174KA1SI7,kotak BSE PSU Index Fund,Kotak Mahindra Mutual Fund,Index Funds,Index - Equity,Other Scheme - Index Funds,Regular,Growth,2024-07-10,AMFI scheme master,2.24,8.774,2026-10-06,10.136,2026-02-26,8.695,2026-10-01,-0.134373,80.5,Kuvera (latest month),81.19,Jul-Sep 2026,37.3,0.011124,Abhishek Bisen; Satish Dondapati; Jeetu Sonar,Very High Risk,-0.0659996,-0.0426623,-0.0177992,-0.0201728,,,,-0.0317104,NAV history,-0.0340179,,,,,,,,0.6,,,76.3,341,,2026-10-07
146409,INF209KB1E76,ADITYA BIRLA SUN LIFE BAL BHAVISHYA YOJNA,Aditya Birla Sun Life Mutual Fund,Solution Oriented,Children's,Solution Oriented Scheme - Childrenâs Fund,Regular,Growth,2019-01-22,AMFI scheme master,7.71,20.17,2026-10-06,21.32,2026-08-25,17.72,2026-03-30,-0.05394,1266.4,Kuvera (latest month),1241.88,Jul-Sep 2026,1175.08,0.023,Chanchal Khandelwal; Harshil Suvarnkar,Very High Risk,-0.02842,0.0991826,0.0115346,-0.000247801,0.0868674,0.0754534,,0.0959498,NAV history,0.0341143,0.0144689,0.00764264,0.147369,-0.19341,-0.19341,0.148386,0.196451,0.491803,72.7,36.4,50,13,,2026-10-07
135759,INF846K01WJ1,Axis Children's Fund - Lock in - Regular Growth,Axis Mutual Fund,Solution Oriented,Children's,Childrenâs Fund - Childrens' Fund,Regular,Growth,2015-11-18,AMFI scheme master,10.89,25.5351,2026-10-06,26.8167,2026-08-10,23.9511,2026-03-31,-0.0477911,906.8,Kuvera (latest month),898.83,Jul-Sep 2026,745.7,0.0239,Devang Shah; Hardik Shah; Jayesh Sundar; Krishnaa N,Very High Risk,-0.028851,0.0452653,-0.0231744,-0.00436327,0.0681558,0.0447194,0.0879943,0.0904443,NAV history,-0.000594738,-0.00424272,-0.0230913,0.101283,-0.126977,-0.185721,0.031158,0.0416244,0.360656,45.5,72.7,33.3,13,,2026-10-07
135766,INF846K01WM5,Axis Children's Fund - No Lock in - Regular Plan - Growth,Axis Mutual Fund,Solution Oriented,Children's,Childrenâs Fund - Childrens' Fund,Regular,Growth,2015-11-18,AMFI scheme master,10.89,25.5319,2026-10-06,26.8134,2026-08-10,23.9481,2026-03-31,-0.0477933,906.8,Kuvera (latest month),898.83,Jul-Sep 2026,126.58,0.0239,Devang Shah; Hardik Shah; Jayesh Sundar; Krishnaa N,Very High Risk,-0.0288545,0.0452627,-0.0231735,-0.00436381,0.0681553,0.0447197,0.0879837,0.0904317,NAV history,-0.000593838,-0.00424316,-0.023091,0.101282,-0.126977,-0.185725,0.031154,0.0416188,0.344262,36.4,63.6,25,13,,2026-10-07
153170,INF251K01UC3,Baroda BNP Paribas Children's Fund,Baroda BNP Paribas Mutual Fund,Solution Oriented,Children's,Solution Oriented Scheme - Childrenâs Fund,Regular,Growth,2024-12-06,AMFI scheme master,1.83,10.7465,2026-10-06,11.4311,2026-08-12,9.8655,2026-03-23,-0.0598892,129.6,Kuvera (latest month),126.23,Jul-Sep 2026,124.65,0.0265,Silky Jain; Yash Mehta,Very High Risk,-0.0318556,0.0617602,0.00466503,,,,,0.0399271,NAV history,0.0272447,,,,,,,,,,,,13,,2026-10-07
100900,INF179KC1IY8,HDFC Children's Fund,HDFC Mutual Fund,Solution Oriented,Children's,Solution Oriented Scheme - Childrenâs Fund,Regular,Growth,2001-01-25,AMFI scheme master,25.7,284.114,2026-10-06,299.528,2025-12-05,265.555,2026-03-30,-0.051461,10583.6,AMFI AAUM Jul-Sep 2026,10583.6,Jul-Sep 2026,9593.62,0.0182,,,-0.025749,0.0476759,-0.0272567,-0.0125012,0.0723985,0.0902358,0.114937,0.139115,Launch NAV Rs 10 assumed (pre-2006 NAV not in AMFI history),-0.00467702,0,0.0224251,0.0963921,-0.125971,-0.125971,0.0767543,0.103172,0.57377,54.5,81.8,66.7,13,,2026-10-07
101127,INF109K01605,ICICI Prudential Children's Fund,ICICI Prudential Mutual Fund,Solution Oriented,Children's,Solution Oriented Scheme - Childrenâs Fund,Regular,Growth,2001-08-31,AMFI scheme master,25.1,317.23,2026-10-06,334.41,2026-08-03,293.68,2026-03-31,-0.0513741,1435.8,Kuvera (latest month),1425.64,Jul-Sep 2026,1339.68,0.0306,Sharmila D’mello; Darshil Dedhia; Rohit Lakhotia; Aatur Shah,Very High Risk,-0.0431334,0.0459281,-0.0340722,-0.00234021,0.11267,0.104586,0.104118,0.14768,Launch NAV Rs 10 assumed (pre-2006 NAV not in AMFI history),-0.0114926,0.0402715,0.0367749,0.134288,-0.156933,-0.156933,0.354984,0.478807,0.721311,81.8,54.5,83.3,13,,2026-10-07
101271,INF767K01048,LIC MF Children's Fund,LIC Mutual Fund,Solution Oriented,Children's,Solution Oriented Scheme - Childrenâs Fund,Regular,Growth,2001-09-26,AMFI scheme master,25.03,33.5243,2026-10-06,35.2502,2026-08-17,28.7034,2026-03-23,-0.0489614,16.4,Kuvera (latest month),16.03,Jul-Sep 2026,14.89,0.0284,Pratik Shroff; Siddharth Panjwani,Very High Risk,0.00513296,0.12994,0.0298786,-0.00813108,0.0775099,0.0678107,0.0747544,0.049523,Launch NAV Rs 10 assumed (pre-2006 NAV not in AMFI history),0.0524583,0.00511141,0,0.144388,-0.196946,-0.196946,0.086641,0.115697,0.311475,63.6,27.3,8.3,13,,2026-10-07
101169,INF200K01776,SBI CHILDREN'S FUND - SAVINGS PLAN,SBI Mutual Fund,Solution Oriented,Children's,Solution Oriented Scheme - Childrenâs Fund,Regular,Growth,2001-12-28,AMFI scheme master,24.77,120.422,2026-10-06,121.06,2026-09-23,108.862,2026-03-30,-0.00526352,148.7,Kuvera (latest month),148.17,Jul-Sep 2026,111.36,0.0129,R. Srinivasan; Lokesh Mallya,High Risk,0.0182042,0.0949152,0.0945321,0.065255,0.110238,0.101784,0.105621,0.105671,Launch NAV Rs 10 assumed (pre-2006 NAV not in AMFI history),0.117112,0.0378398,0.0339736,0.0420853,-0.0455916,-0.0486107,1.07492,1.54568,0.557377,100,100,58.3,13,,2026-10-07
148489,INF200KA1Q99,SBI Children's Fund - Investment Plan,SBI Mutual Fund,Solution Oriented,Children's,Solution Oriented Scheme - Childrenâs Fund,Regular,Growth,2020-09-08,AMFI scheme master,6.08,49.8632,2026-10-06,50.8016,2026-08-28,40.045,2026-03-30,-0.0184719,7764.8,Kuvera (latest month),7530.5,Jul-Sep 2026,6146.76,0.0199,R. Srinivasan; Lokesh Mallya,Very High Risk,0.00604476,0.200831,0.132192,0.0939556,0.196132,0.17867,,0.30508,NAV history,0.154772,0.123733,0.110859,0.124215,-0.158867,-0.158867,1.05568,1.46084,0.983607,90.9,45.5,100,13,,2026-10-07
101491,INF277K01AJ5,Tata Childrens Fund,Tata Mutual Fund,Solution Oriented,Children's,Solution Oriented Scheme - Childrenâs Fund,Regular,Growth,1995-08-30,AMFI scheme master,31.1,53.3653,2026-10-06,62.0249,2025-11-17,50.8797,2026-03-31,-0.139615,331.87,AMFI AAUM Jul-Sep 2026,331.87,Jul-Sep 2026,318.11,0.0245,,,-0.0731249,0.0165768,-0.118612,-0.0833065,0.0308705,0.0509342,0.0884831,0.0553173,Launch NAV Rs 10 assumed (pre-2006 NAV not in AMFI history),-0.0960325,-0.041528,-0.0168765,0.125864,-0.22723,-0.22723,-0.271162,-0.361843,0.622951,9.1,9.1,75,13,,2026-10-07
102267,INF789F1AZT4,UTI Children's Equity Fund,UTI Mutual Fund,Solution Oriented,Children's,Solution Oriented Scheme - Childrenâs Fund,Regular,Growth,2006-04-03,Before Apr-2006 (AMFI history starts 03-Apr-2006),20.51,76.7641,2026-10-06,86.8986,2025-10-29,73.2819,2026-03-31,-0.116624,1121.95,AMFI AAUM Jul-Sep 2026,1121.95,Jul-Sep 2026,1055.13,0.0225,,,-0.0622228,0.0157542,-0.0928738,-0.0655374,0.0525555,0.0493517,0.100002,0.101331,Since Apr-2006 (earlier NAV not in AMFI history),-0.0702942,-0.019843,-0.018459,0.127647,-0.197685,-0.216727,-0.0974916,-0.132197,0.327869,18.2,18.2,16.7,13,,2026-10-07
100678,INF789F1AZP2,UTI Children's Hybrid Fund,UTI Mutual Fund,Solution Oriented,Children's,Solution Oriented Scheme - Childrenâs Fund,Regular,Growth,1993-07-12,AMFI scheme master,33.24,39.6125,2026-10-06,41.061,2025-11-26,38.1412,2026-03-30,-0.0352768,4384.93,AMFI AAUM Jul-Sep 2026,4384.93,Jul-Sep 2026,4129.8,0.0162,,,-0.0278235,0.0265311,-0.0225797,0.00132671,0.0596467,0.0581148,0.0688526,0.042289,Launch NAV Rs 10 assumed (pre-2006 NAV not in AMFI history),0,-0.0127518,-0.00969592,0.0560583,-0.0711088,-0.0737083,-0.0954957,-0.130271,0.409836,27.3,90.9,41.7,13,,2026-10-07
152217,INF582M01JI7,Union Children's Fund,Union Mutual Fund,Solution Oriented,Children's,Solution Oriented Scheme - Childrenâs Fund,Regular,Growth,2023-11-28,AMFI scheme master,2.86,12.36,2026-10-06,13.12,2026-08-17,11.06,2026-03-23,-0.0579268,95.1,Kuvera (latest month),92.78,Jul-Sep 2026,91.24,0.0261,Parijat Agrawal; Vinod Malviya; Gaurav Chopra,Very High Risk,-0.0351288,0.0889868,-0.0167064,-0.000808081,,,,0.0799856,NAV history,0.00587323,,,,,,,,0.782609,,,91.7,13,,2026-10-07
146577,INF209KB1H99,Aditya Birla Sun Life Retirement Fund-The 30s Plan,Aditya Birla Sun Life Mutual Fund,Solution Oriented,Retirement,Solution Oriented Scheme - Retirement Fund,Regular,Growth,2019-02-19,AMFI scheme master,7.63,22.166,2026-10-06,23.177,2026-08-10,18.158,2026-03-23,-0.0436208,486.7,Kuvera (latest month),476.41,Jul-Sep 2026,441.96,0.0262,Jonas Bhutta,Very High Risk,-0.0119462,0.169957,0.100596,0.0554531,0.141462,0.102938,,0.110771,NAV history,0.0997997,0.065031,0.0326204,0.142171,-0.194103,-0.194103,0.537818,0.728158,0.639344,92.3,3.8,69,29,,2026-10-07
146929,INF209KB1I56,Aditya Birla Sun Life Retirement Fund-The 40s Plan,Aditya Birla Sun Life Mutual Fund,Solution Oriented,Retirement,Solution Oriented Scheme - Retirement Fund,Regular,Growth,2019-02-19,AMFI scheme master,7.63,18.669,2026-10-06,19.721,2026-08-12,17.482,2026-03-31,-0.0533442,116,Kuvera (latest month),114.54,Jul-Sep 2026,103.81,0.0242,Mohit Sharma; Harshil Suvarnkar,Very High Risk,-0.0293246,0.0465273,-0.0138397,0.00862716,0.0853742,0.0703176,,0.0858792,NAV history,-0.0146359,0.00894306,0,0.107531,-0.116149,-0.153565,0.189472,0.255224,0.47541,61.5,53.8,53.4,29,,2026-10-07
146938,INF209KB1J14,Aditya Birla Sun Life Retirement Fund-The 50s Plan,Aditya Birla Sun Life Mutual Fund,Solution Oriented,Retirement,Solution Oriented Scheme - Retirement Fund,Regular,Growth,2019-02-19,AMFI scheme master,7.63,14.9448,2026-10-06,15.2995,2026-08-17,14.4175,2026-03-30,-0.0231838,27.2,Kuvera (latest month),27.15,Jul-Sep 2026,17.67,0.0196,Mohit Sharma; Harshil Suvarnkar,Moderate Risk,-0.0153189,0.0304058,0.017172,0.0323996,0.0632252,0.0541767,,0.0543524,NAV history,0.0163759,-0.0132059,-0.0161409,0.0370346,-0.0385,-0.0525373,-0.0479234,-0.0643422,0.344262,34.6,88.5,20.7,29,,2026-10-07
146941,INF209KB1J71,Aditya Birla Sun Life Retirement Fund-The 50s Plus-Debt Plan,Aditya Birla Sun Life Mutual Fund,Solution Oriented,Retirement,Solution Oriented Scheme - Retirement Fund,Regular,Growth,2019-02-19,AMFI scheme master,7.63,13.5712,2026-10-06,13.6812,2026-08-14,13.2965,2025-10-07,-0.00804023,13.7,Kuvera (latest month),13.84,Jul-Sep 2026,11.47,0.0205,Harshil Suvarnkar,Moderate Risk,-0.00394131,0.0188436,0.0204217,0.0370386,0.0472916,0.0378344,,0.0410898,NAV history,0.0196255,-0.0291395,-0.0324832,0.0110275,-0.0114199,-0.0240477,-1.60584,-2.12394,0.262295,3.8,96.2,17.2,29,,2026-10-07
147823,INF846K01T02,Axis Retirement Fund - Aggressive Plan,Axis Mutual Fund,Solution Oriented,Retirement,Solution Oriented Schemes ** - Retirement Fund,Regular,Growth,2019-11-29,AMFI scheme master,6.86,17.81,2026-10-06,18.98,2025-10-29,16.6,2026-03-30,-0.0616438,705.8,Kuvera (latest month),701.9,Jul-Sep 2026,643.86,0.025,Devang Shah; Hardik Shah; Jayesh Sundar; Krishnaa N,High Risk,-0.0336408,0.048881,-0.0357336,-0.0230414,0.0874385,0.0494681,,0.0887492,NAV history,-0.0365298,0.0110074,-0.0208495,0.109667,-0.143971,-0.219765,0.204606,0.276583,0.409836,65.4,46.2,32.8,29,,2026-10-07
147832,INF846K01T85,Axis Retirement Fund - Conservative Plan,Axis Mutual Fund,Solution Oriented,Retirement,Solution Oriented Schemes ** - Retirement Fund,Regular,Growth,2019-11-29,AMFI scheme master,6.86,15.5149,2026-10-06,16.3278,2026-01-02,15.2857,2026-04-02,-0.0497863,46.6,Kuvera (latest month),46.92,Jul-Sep 2026,40.62,0.0216,Devang Shah; Hardik Shah; Jayesh Sundar; Krishnaa N,High Risk,-0.0342001,0.00948,-0.0275716,-0.00654496,0.0569823,0.0431656,,0.0668055,NAV history,-0.0283678,-0.0194488,-0.027152,0.0553913,-0.0755067,-0.0911212,-0.144746,-0.198171,0.131148,19.2,57.7,3.4,29,,2026-10-07
147828,INF846K01T44,Axis Retirement Fund - Dynamic Plan,Axis Mutual Fund,Solution Oriented,Retirement,Solution Oriented Schemes ** - Retirement Fund,Regular,Growth,2019-11-29,AMFI scheme master,6.86,18.99,2026-10-06,20.24,2025-10-29,17.39,2026-03-30,-0.0617589,284.6,Kuvera (latest month),282.12,Jul-Sep 2026,255,0.0256,Devang Shah; Hardik Shah; Jayesh Sundar; Krishnaa N,High Risk,-0.0306279,0.0656566,-0.035061,-0.0272779,0.0958545,0.0604552,,0.0991057,NAV history,-0.0358571,0.0194233,-0.00986239,0.119311,-0.162319,-0.180698,0.258604,0.349641,0.47541,73.1,30.8,53.4,29,,2026-10-07
152103,INF194KB1GN7,BANDHAN RETIREMENT FUND,Bandhan Mutual Fund,Solution Oriented,Retirement,Solution Oriented Scheme - Retirement Fund,Regular,Growth,2023-09-28,AMFI scheme master,3.03,12.175,2026-10-06,12.984,2026-01-02,11.671,2026-03-30,-0.0623075,181.8,Kuvera (latest month),182.62,Jul-Sep 2026,166.16,0.0262,Gautam Kaul; Viraj Kulkarni; Brijesh Shah; Vishal Biraia; Ritika Behera; Gaurav Satra,Moderately High Risk,-0.0405075,0.0264733,-0.0371688,-0.00743173,,,,0.0688767,NAV history,-0.037965,,,,,,,,0.24,,,13.8,29,,2026-10-07
152625,INF251K01TH4,Baroda BNP Paribas Retirement Fund,Baroda BNP Paribas Mutual Fund,Solution Oriented,Retirement,Solution Oriented Schemes ** - Retirement Fund,Regular,Growth,2024-05-08,AMFI scheme master,2.41,11.2844,2026-10-06,11.845,2026-08-12,10.3342,2026-03-31,-0.047328,404.8,Kuvera (latest month),399.41,Jul-Sep 2026,385.07,0.0255,Vikram Pamnani; Silky Jain; Yash Mehta,Very High Risk,-0.0234269,0.0679917,0.00625992,0.0138084,,,,0.0530549,NAV history,0.00546379,,,,,,,,0.833333,,,93.1,29,,2026-10-07
100536,INF090I01510,Franklin India Retirement Fund,Franklin Templeton Mutual Fund,Solution Oriented,Retirement,Solution Oriented Scheme - Retirement Fund,Regular,Growth,1997-03-31,AMFI scheme master,29.52,215.103,2026-10-06,222.912,2025-11-26,209.264,2026-03-30,-0.035034,492.5,Kuvera (latest month),492.52,Jul-Sep 2026,399.4,0.0225,Ajay Argal; Pallab Roy; Anuj Tagra; Rajasa Kakulavarapu,Moderately High Risk,-0.0216779,0.018883,-0.0210194,0.00839834,0.0646836,0.0607639,0.0679578,0.109555,Launch NAV Rs 10 assumed (pre-2006 NAV not in AMFI history),-0.0218155,-0.0117476,-0.00955371,0.0544157,-0.0612281,-0.0773312,-0.00581525,-0.00778183,0.360656,42.3,69.2,24.1,29,,2026-10-07
136090,INF179KB1MG8,HDFC Retirement Fund - Equity Plan,HDFC Mutual Fund,Solution Oriented,Retirement,Solution Oriented Schemes ** - Retirement Fund,Regular,Growth,2016-02-05,AMFI scheme master,10.67,46.767,2026-10-06,52.215,2025-11-20,44.717,2026-03-31,-0.104338,6997.7,Kuvera (latest month),6923.34,Jul-Sep 2026,5485.83,0.0188,Gopal Agrawal; Chirag Setalvad; Arun Agarwal; Anupam Joshi; Nandita Menezes,Very High Risk,-0.0490066,0.0190887,-0.0796253,-0.0426147,0.074958,0.100756,0.13239,0.156548,NAV history,-0.0804214,-0.00147309,0.0304387,0.122936,-0.164963,-0.164963,0.0810017,0.108432,0.721311,50,26.9,86.2,29,,2026-10-07
136466,INF179KB1MK0,HDFC Retirement Fund - Hybrid-Debt Plan,HDFC Mutual Fund,Solution Oriented,Retirement,Solution Oriented Schemes ** - Retirement Fund,Regular,Growth,2016-02-05,AMFI scheme master,10.67,21.4626,2026-10-06,22.002,2026-01-06,21.0854,2026-03-30,-0.024516,146.3,Kuvera (latest month),147.04,Jul-Sep 2026,107.89,0.0233,Gopal Agrawal; Chirag Setalvad; Arun Agarwal; Anupam Joshi; Nandita Menezes,Moderately High Risk,-0.022058,0.0115756,-0.0113183,0.0123508,0.054194,0.0565314,0.0662061,0.0744243,NAV history,-0.0121144,-0.0222371,-0.0137862,0.0359112,-0.0416598,-0.0416598,-0.300909,-0.399339,0.377049,11.5,84.6,27.6,29,,2026-10-07
136463,INF179KB1MI4,HDFC Retirement Fund - Hybrid-Equity Plan,HDFC Mutual Fund,Solution Oriented,Retirement,Solution Oriented Schemes ** - Retirement Fund,Regular,Growth,2016-02-05,AMFI scheme master,10.67,35.86,2026-10-06,39.765,2026-01-05,34.853,2026-03-31,-0.0982019,1603.7,Kuvera (latest month),1603.24,Jul-Sep 2026,1392.02,0.0213,Gopal Agrawal; Chirag Setalvad; Arun Agarwal; Anupam Joshi; Nandita Menezes,Very High Risk,-0.0465302,0.00628578,-0.0757494,-0.0347692,0.0571258,0.0744036,0.106513,0.127915,NAV history,-0.0765455,-0.0193053,0.00408595,0.0953978,-0.127234,-0.127234,-0.0825405,-0.110115,0.704918,26.9,50,81,29,,2026-10-07
146722,INF109KC1TU8,ICICI Prudential Retirement Fund Hybrid Aggressive Plan,ICICI Prudential Mutual Fund,Solution Oriented,Retirement,Solution Oriented Scheme - Retirement Fund,Regular,Growth,2019-02-07,AMFI scheme master,7.66,27.12,2026-10-06,28.65,2026-08-25,24.66,2026-03-23,-0.0534031,1320.4,Kuvera (latest month),1285.65,Jul-Sep 2026,1190.87,0.0248,Sharmila D’mello; Darshil Dedhia; Rohit Lakhotia; Manasvi Shah,Very High Risk,-0.0362473,0.0664569,0.027662,0.0398749,0.1535,0.128618,,0.140072,NAV history,0.0268659,0.0770692,0.0583002,0.138281,-0.151997,-0.151997,0.640001,0.85465,0.836066,96.2,38.5,96.6,29,,2026-10-07
146717,INF109KC1TY0,ICICI Prudential Retirement Fund Hybrid Conservative Plan,ICICI Prudential Mutual Fund,Solution Oriented,Retirement,Solution Oriented Scheme - Retirement Fund,Regular,Growth,2019-02-07,AMFI scheme master,7.66,18.0685,2026-10-06,18.5321,2026-08-14,17.4698,2026-03-30,-0.0250161,97.6,Kuvera (latest month),96.56,Jul-Sep 2026,84.87,0.0224,Sharmila D’mello; Darshil Dedhia; Rohit Lakhotia; Manasvi Shah,Moderately High Risk,-0.0132703,0.027571,0.0287938,0.0462485,0.0835943,0.0732435,,0.0808128,NAV history,0.0279977,0.00716316,0.00292584,0.0461146,-0.0347484,-0.0488485,0.403219,0.542404,0.409836,88.5,92.3,32.8,29,,2026-10-07
146726,INF109KC1UC4,ICICI Prudential Retirement Fund Pure Debt Plan,ICICI Prudential Mutual Fund,Solution Oriented,Retirement,Solution Oriented Scheme - Retirement Fund,Regular,Growth,2019-02-07,AMFI scheme master,7.66,15.6528,2026-10-06,15.7681,2026-08-14,15.2199,2025-10-30,-0.00731223,80.3,Kuvera (latest month),80.85,Jul-Sep 2026,67.82,0.0214,Sharmila D'Silva; Darshil Dedhia; Rohit Lakhotia,Moderately High Risk,-0.0038756,0.0246259,0.0278015,0.0467518,0.0558545,0.0489821,,0.0605475,NAV history,0.0270054,-0.0205766,-0.0213356,0.0129776,-0.0113244,-0.0147113,-0.704714,-0.952799,0.42623,7.7,100,41.4,29,,2026-10-07
146346,INF109KC1TQ6,ICICI Prudential Retirement Fund Pure Equity Plan,ICICI Prudential Mutual Fund,Solution Oriented,Retirement,Solution Oriented Scheme - Retirement Fund,Regular,Growth,2019-02-07,AMFI scheme master,7.66,33.87,2026-10-06,35.9,2026-08-25,30.59,2026-03-30,-0.056546,2157.9,Kuvera (latest month),2118.67,Jul-Sep 2026,1664.27,0.0214,Sharmila D’mello; Darshil Dedhia; Rohit Lakhotia; Sanket Gaidhani,Very High Risk,-0.0394214,0.0721747,0.0313642,0.0442557,0.175537,0.16593,,0.173891,NAV history,0.0305681,0.0991061,0.0956125,0.162814,-0.173737,-0.173737,0.678917,0.903304,0.901639,100,23.1,100,29,,2026-10-07
133572,INF204KA1C22,Nippon India Retirement Fund- Income Generation Scheme,Nippon India Mutual Fund,Solution Oriented,Retirement,Solution Oriented Scheme - Retirement Fund,Regular,Growth,2015-01-22,AMFI scheme master,11.71,19.8835,2026-10-06,20.6471,2026-08-10,19.315,2026-04-02,-0.0369834,142.8,Kuvera (latest month),143.21,Jul-Sep 2026,117.56,0.0211,Pranay Sinha; Ritesh Rathod,Moderately High Risk,-0.0311554,0.0214109,-0.0202566,0.00680816,0.0543189,0.0480982,0.0562223,0.0606955,NAV history,-0.0210528,-0.0221123,-0.0222194,0.0459228,-0.0571518,-0.0808523,-0.232589,-0.318473,0.229508,15.4,73.1,10.3,29,,2026-10-07
133565,INF204KA1B64,Nippon India Retirement Fund- Wealth Creation Scheme,Nippon India Mutual Fund,Solution Oriented,Retirement,Solution Oriented Scheme - Retirement Fund,Regular,Growth,2015-01-22,AMFI scheme master,11.71,27.4709,2026-10-06,29.6238,2025-10-29,25.4387,2026-03-31,-0.0726747,3127,Kuvera (latest month),3100.27,Jul-Sep 2026,2937.18,0.0223,Pranay Sinha; Ritesh Rathod,Very High Risk,-0.048785,0.0434973,-0.0496701,-0.0350156,0.0872372,0.0891218,0.0972356,0.0902529,NAV history,-0.0504663,0.010806,0.0188042,0.145936,-0.186456,-0.19292,0.152376,0.202872,0.606557,57.7,11.5,58.6,29,,2026-10-07
152538,INF663L01Y46,PGIM India Retirement Fund,PGIM India Mutual Fund,Solution Oriented,Retirement,Solution Oriented Scheme - Retirement Fund,Regular,Growth,2024-03-26,AMFI scheme master,2.53,11.93,2026-10-06,12.58,2026-08-21,10.37,2026-03-30,-0.0516693,108.9,Kuvera (latest month),106.91,Jul-Sep 2026,84.81,0.0259,Vinay Paharia; Puneet Pal; Anandha Padmanabhan Anjeneyan; Vivek Sharma,Very High Risk,-0.022932,0.125472,-0.00666112,0.00805952,,,,0.0746461,NAV history,-0.00745725,,,,,,,,0.421053,,,37.9,29,,2026-10-07
148695,INF200KA1S71,SBI Retirement Benefit Fund - Aggressive Hybrid Plan,SBI Mutual Fund,Solution Oriented,Retirement,Solution Oriented Scheme - Retirement Fund,Regular,Growth,2021-01-20,AMFI scheme master,5.71,19.1075,2026-10-06,20.0521,2026-08-26,17.1947,2026-03-23,-0.0471073,1671.5,Kuvera (latest month),1636.3,Jul-Sep 2026,1472.28,0.0214,Rohit Shimpi; Ardhendu Bhattacharya,Very High Risk,-0.017296,0.0782101,0.000796132,0.0026139,0.0780455,0.0920117,,0.119518,NAV history,0,0.00161435,0.021694,0.108401,-0.148687,-0.148687,0.120345,0.163911,0.666667,53.8,42.3,72.4,29,,2026-10-07
148698,INF200KA1S30,SBI Retirement Benefit Fund - Aggressive Plan,SBI Mutual Fund,Solution Oriented,Retirement,Solution Oriented Scheme - Retirement Fund,Regular,Growth,2021-01-20,AMFI scheme master,5.71,19.69,2026-10-06,20.741,2026-08-31,17.5261,2026-03-31,-0.0506726,3241.7,Kuvera (latest month),3166.3,Jul-Sep 2026,2748,0.0209,Rohit Shimpi; Ardhendu Bhattacharya,Very High Risk,-0.0246005,0.0882481,-0.0226396,-0.0222277,0.0688907,0.0919412,,0.125026,NAV history,-0.0234358,-0.00754045,0.0216236,0.130211,-0.183854,-0.183854,0.0298798,0.0406163,0.631579,46.2,15.4,65.5,29,,2026-10-07
148692,INF200KA1T54,SBI Retirement Benefit Fund - Conservative Hybrid Plan,SBI Mutual Fund,Solution Oriented,Retirement,Solution Oriented Scheme - Retirement Fund,Regular,Growth,2021-01-20,AMFI scheme master,5.71,15.6698,2026-10-06,15.997,2026-08-10,14.6889,2026-03-30,-0.0204538,254.8,Kuvera (latest month),254.15,Jul-Sep 2026,216.2,0.0177,Rohit Shimpi; Ardhendu Bhattacharya,Moderately High Risk,-0.0135598,0.0526676,0.00325887,0.0149858,0.0625139,0.0692841,,0.082015,NAV history,0.00246274,-0.0139172,-0.00103351,0.0568402,-0.0698047,-0.0698047,-0.0437378,-0.0594896,0.473684,38.5,61.5,46.6,29,,2026-10-07
148696,INF200KA1T13,SBI Retirement Benefit Fund - Conservative Plan,SBI Mutual Fund,Solution Oriented,Retirement,Solution Oriented Scheme - Retirement Fund,Regular,Growth,2021-01-20,AMFI scheme master,5.71,14.5445,2026-10-06,14.7125,2026-08-13,13.7994,2026-03-30,-0.0114189,140.4,Kuvera (latest month),140.77,Jul-Sep 2026,122,0.0144,Rohit Shimpi; Ardhendu Bhattacharya,Moderately High Risk,-0.0102753,0.0461035,0.0123406,0.029174,0.0610159,0.063411,,0.0682619,NAV history,0.0115445,-0.0154153,-0.00690659,0.0363235,-0.0455196,-0.0455196,-0.109685,-0.150255,0.473684,23.1,80.8,46.6,29,,2026-10-07
115944,INF277K01FI6,Tata Retirement Savings Fund-Conservative Plan,Tata Mutual Fund,Solution Oriented,Retirement,Solution Oriented Scheme - Retirement Fund,Regular,Growth,2011-10-07,AMFI scheme master,15,32.3179,2026-10-06,33.2117,2026-08-13,30.5359,2026-03-30,-0.0269122,171.1,Kuvera (latest month),169.19,Jul-Sep 2026,132,0.0216,Murthy Nagarajan; Amit Somani; Sonam Udasi,Moderately High Risk,-0.0167456,0.0479011,0.0181271,0.0228516,0.0627057,0.0522504,0.0666035,0.0816726,NAV history,0.017331,-0.0137254,-0.0180672,0.0476461,-0.053133,-0.0685742,-0.0481529,-0.0636245,0.196721,30.8,76.9,6.9,29,,2026-10-07
115943,INF277K01FH8,Tata Retirement Savings Fund-Moderate Plan,Tata Mutual Fund,Solution Oriented,Retirement,Solution Oriented Scheme - Retirement Fund,Regular,Growth,2011-10-07,AMFI scheme master,15,65.4006,2026-10-06,69.2948,2026-08-26,57.2516,2026-03-31,-0.0561976,2251.2,Kuvera (latest month),2212.48,Jul-Sep 2026,1865.43,0.0215,Murthy Nagarajan; Amit Somani; Sonam Udasi,Very High Risk,-0.0320014,0.107996,0.0218508,0.00841537,0.0992171,0.0829253,0.1084,0.13404,NAV history,0.0210547,0.022786,0.0126077,0.125098,-0.156028,-0.169636,0.273523,0.363085,0.672131,80.8,34.6,75.9,29,,2026-10-07
115942,INF277K01FG0,Tata Retirement Savings Fund-Progressive Plan,Tata Mutual Fund,Solution Oriented,Retirement,Solution Oriented Scheme - Retirement Fund,Regular,Growth,2011-10-07,AMFI scheme master,15,65.9577,2026-10-06,70.4248,2026-08-26,56.7181,2026-03-31,-0.0634308,2254.5,Kuvera (latest month),2211.17,Jul-Sep 2026,1911.67,0.0218,Murthy Nagarajan; Sonam Udasi,Very High Risk,-0.0366864,0.121827,0.0214202,-0.00698519,0.104172,0.0829643,0.115865,0.134654,NAV history,0.0206241,0.0277409,0.0126466,0.145833,-0.193496,-0.205507,0.268608,0.355985,0.622951,76.9,7.7,62.1,29,,2026-10-07
100682,INF789F1AA56,UTI Retirement Fund,UTI Mutual Fund,Solution Oriented,Retirement,Solution Oriented Scheme - Retirement Fund,Regular,Growth,1994-12-26,AMFI scheme master,31.78,49.5697,2026-10-06,51.2376,2026-08-10,47.8599,2026-03-30,-0.0325523,4697.89,AMFI AAUM Jul-Sep 2026,4697.89,Jul-Sep 2026,4475.09,0.0163,,,-0.0259557,0.0229943,-0.00317129,0.012696,0.0779042,0.0776219,0.0812805,0.0516643,Launch NAV Rs 10 assumed (pre-2006 NAV not in AMFI history),-0.00396742,0.00147309,0.00730426,0.0578706,-0.063898,-0.063898,0.222984,0.302869,0.704918,69.2,65.4,81,29,,2026-10-07
150552,INF582M01IM1,Union Retirement Fund,Union Mutual Fund,Solution Oriented,Retirement,Solution Oriented Scheme - Retirement Fund,Regular,Growth,2022-09-01,AMFI scheme master,4.1,15.92,2026-10-06,16.88,2026-08-25,14.34,2026-03-23,-0.056872,216.2,Kuvera (latest month),211.76,Jul-Sep 2026,0.26,0.0268,Pratik Dharmshi; Pratit Vajani,Very High Risk,-0.0403858,0.0771313,0.00951173,0.00730284,0.107802,,,0.134701,NAV history,0.0087156,0.0313707,,0.143324,-0.18193,,0.298637,0.397905,0.789474,84.6,19.2,89.7,29,,2026-10-07
