code,name,category,Oct-Dec 2024,Jan-Mar 2025,Apr-Jun 2025,Jul-Sep 2025,Oct-Dec 2025,Jan-Mar 2026,Apr-Jun 2026,Jul-Sep 2026
100033,Aditya Birla Sun Life Large & Mid Cap Fund,Large & Mid Cap,5933.38,5380.76,5602.82,5772.36,5810.99,5632.79,5653.41,5842.49
100038,Aditya Birla Sun Life Medium to Long Term Fund,Medium to Long Duration,2179.72,2211.57,2298.25,2067.48,2116.98,1955.63,1767.26,1775.89
100047,Aditya Birla Sun Life Liquid Fund,Liquid,49632.88,51492.37,54773.9,54800.41,57369.41,57162.12,60588.28,71051.54
100058,Aditya Birla Sun Life Gilt Fund,Gilt,2201.77,2022.66,2163.22,2067.39,1861.46,1618.03,1402.75,1288.52
100064,Aditya Birla Sun Life MNC Fund,Sectoral/Thematic,3930.27,3449.21,3527.24,3749.63,3655.58,3374.94,3270.82,3252.19
100078,DSP Medium Term Fund,Medium Duration,377.01,311.18,310.85,317.34,317.46,309.47,271.46,252.37
100081,DSP Aggressive Hybrid Fund,Aggressive Hybrid,10378.23,10114.5,10916.6,11490.24,11986.06,11768.56,11588.37,11762.94
100084,DSP Gilt Fund,Gilt,1675.89,1700.47,1780.02,1686.46,1340.29,1299.68,1264.33,1219.01
100087,DSP Money Market Fund,Money Market,4126.47,4120.75,4364.36,5636.89,7948.56,8412.06,9074.08,9437.14
100119,HDFC Balanced Advantage Fund,Balanced Advantage,95444.9,93345.15,98527.93,102547.61,106732.93,105964.27,104783.42,106770.38
100124,HDFC Medium to Long Term Fund,Medium to Long Duration,862.45,871.27,935.69,945.42,909.6,861.38,823.57,829.82
100175,Quant ELSS Tax Saver Fund,ELSS,10876.63,10132.47,11076.48,11731.04,12360.75,11867.87,12618.87,13377.01
100177,Quant Small Cap Fund,Small Cap,26569.97,24842.52,27187.03,29571.17,30112.96,27712.17,30875.37,35053.68
100219,JM Large Cap Fund,Large Cap,473.9,480.68,513.39,506.36,482.33,438.58,417.88,391.75
100221,JM Aggressive Hybrid Fund,Aggressive Hybrid,702.98,751.79,811.66,832.14,806.66,735.37,696.04,692.06
100223,JM Medium to Long Term Fund,Medium to Long Duration,27.22,25.06,29.08,30.95,30.51,30.04,29.58,29.78
100234,JM Liquid Fund,Liquid,2956.0,3315.76,2629.53,2691.35,2172.39,2597.3,2540.29,2065.7
100247,JM Liquid Fund,Liquid,2956.0,3315.76,2629.53,2691.35,2172.39,2597.3,2540.29,2065.7
100254,JM Value Fund,Value,1073.79,1005.3,1051.67,1052.92,991.28,855.86,808.01,809.5
100265,Kotak Gilt Fund,Gilt,4239.55,4113.34,3856.61,3797.42,3373.8,2941.34,2348.51,2166.21
100281,Kotak Gilt Fund,Gilt,4239.55,4113.34,3856.61,3797.42,3373.8,2941.34,2348.51,2166.21
100299,Kotak Medium to Long Term Fund,Medium to Long Duration,2120.14,2084.74,2117.94,2083.51,2058.86,2003.38,1841.84,1798.83
100313,LIC MF Flexi Cap Fund,Flexi Cap,1073.88,956.66,957.84,1028.16,1065.95,996.4,989.82,1085.88
100315,LIC MF Medium to Long Term Fund,Medium to Long Duration,180.6,188.89,198.96,203.78,201.37,198.85,185.1,175.02
100317,LIC MF Gilt Fund,Gilt,94.19,98.31,89.31,66.88,57.24,51.48,44.84,45.03
100323,LIC MF Aggressive Hybrid Fund,Aggressive Hybrid,537.02,497.41,516.94,530.33,534.96,511.6,511.8,550.22
100349,ICICI Prudential Large & Mid Cap Fund,Large & Mid Cap,17456.9,18427.89,21059.56,23714.81,26329.52,27818.86,29974.69,32638.25
100352,ICICI Prudential FMCG Fund,Sectoral/Thematic,1761.89,1791.92,2006.05,2028.62,1944.89,1737.79,1630.18,1593.79
100354,ICICI Prudential ELSS - Tax Saver Fund,ELSS,14328.57,13397.89,14131.98,14485.82,14803.39,14146.55,13786.44,14107.3
100356,ICICI Prudential Aggressive Hybrid Fund,Aggressive Hybrid,40249.1,39682.8,42602.53,45278.22,48461.25,49266.9,50206.86,52108.21
100363,ICICI Prudential Technology Fund,Sectoral/Thematic,14128.87,13538.76,13497.31,14697.44,15462.76,14385.84,13136.65,13265.23
100365,ICICI Prudential Long Term Fund,Long Duration,1017.22,1149.6,1177.69,1143.97,1077.41,985.74,867.57,839.37
100369,ICICI Prudential Gilt Fund,Gilt,6739.98,6504.19,7213.22,8024.81,9197.44,9263.74,8858.31,8554.86
100377,Nippon India Growth Mid Cap Fund,Mid Cap,34677.63,32544.77,35669.75,39077.13,41364.09,42289.18,46445.22,51142.18
100380,Nippon India Vision Large & Mid Cap Fund,Large & Mid Cap,5532.51,5297.35,5784.75,6269.95,6735.64,6774.9,7147.38,7697.94
100387,Nippon India Medium to Long Term Fund,Medium to Long Duration,399.04,409.45,427.43,429.29,419.35,384.48,362.12,340.97
100414,Tata Aggressive Hybrid Fund,Aggressive Hybrid,4161.76,3925.46,4017.97,4074.92,4137.93,3979.23,3775.85,3976.95
100415,Tata Ethical Fund,Sectoral/Thematic,3277.35,3181.87,3384.94,3621.15,3741.97,3692.9,3695.55,3797.63
100471,Franklin India Large Cap Fund,Large Cap,7900.98,7306.28,7600.78,7795.06,7952.36,7581.77,7209.5,7368.04
100473,Franklin India Mid Cap Fund,Mid Cap,12476.11,11421.9,12002.49,12534.59,12725.46,12162.08,12134.38,12836.59
100475,Tata Large Cap Fund,Large Cap,2438.11,2375.63,2563.43,2667.45,2790.28,2728.37,2676.35,2735.46
100476,Taurus Flexi Cap Fund,Flexi Cap,372.76,342.69,350.49,356.98,361.34,340.58,342.18,373.03
100477,Taurus Mid Cap Fund,Mid Cap,130.25,115.73,123.41,131.88,131.45,121.79,123.38,135.53
100480,Taurus ELSS Tax Saver Fund,ELSS,81.0,75.68,77.18,76.73,77.59,71.44,70.07,71.87
100484,Franklin India NSE Nifty 50 Index Fund,Index - Equity,702.04,673.06,726.87,749.78,777.01,755.39,721.88,712.27
100493,Franklin India Gilt Fund,Gilt,151.16,151.37,153.87,157.84,179.44,177.28,157.0,147.79
100496,Templeton India Value Fund,Value,2201.29,2071.83,2191.35,2246.78,2276.98,2219.55,2109.95,1955.74
100520,Franklin India Flexi Cap Fund,Flexi Cap,17790.67,17053.32,18322.63,19070.79,19775.76,19290.35,18940.94,19294.25
100522,Franklin India Technology Fund,Sectoral/Thematic,1940.45,1890.17,1809.72,1905.8,1956.85,1788.64,1630.76,1720.34
100526,Franklin India ELSS Tax Saver Fund,ELSS,6920.25,6355.85,6605.04,6686.4,6737.21,6348.4,6081.91,6181.81
100528,Franklin India Corporate Bond Fund,Corporate Bond,761.2,754.41,825.73,1116.66,1282.61,1311.25,1319.24,1373.42
100536,Franklin India Retirement Fund,Retirement,518.39,503.59,516.36,518.75,519.82,506.05,494.62,492.52
100538,Franklin India Liquid Fund,Liquid,2369.62,2358.77,3143.91,3425.91,3292.16,3569.5,4134.22,6056.75
100546,Franklin India Liquid Fund,Liquid,2369.62,2358.77,3143.91,3425.91,3292.16,3569.5,4134.22,6056.75
100550,Franklin India Aggressive Hybrid Fund,Aggressive Hybrid,2044.57,2018.17,2149.82,2264.8,2358.09,2321.16,2299.61,2353.1
100597,Canara Robeco Gilt Fund,Gilt,124.29,136.12,147.25,154.24,147.07,137.39,125.34,119.98
100601,Canara Robeco Conservative Hybrid Fund,Conservative Hybrid,961.32,929.36,946.29,947.31,933.38,886.2,861.39,854.9
100603,Sundaram Medium Term Fund (Formerly Known as Sundaram Medium Duration Fund),Medium Duration,44.16,43.57,43.25,42.88,37.52,34.99,34.29,33.16
100631,Quant Multi Cap Fund,Multi Cap,10534.83,9519.71,9700.1,9589.6,8937.23,7354.08,7499.31,7721.23
100639,SBI MEDIUM TO LONG TERM FUND,Medium to Long Duration,1821.12,1889.7,1961.65,1995.78,2168.25,2083.98,2033.62,2049.59
100641,SBI ULTRA SHORT TERM FUND,Ultra Short Duration,12489.57,11991.39,15637.32,16006.62,15211.93,13784.91,12168.5,11771.03
100646,UTI - Unit Linked Insurance Plan,Balanced Advantage,5474.33,5317.38,5436.98,5390.76,5302.3,5042.69,4943.41,5076.0
100651,UTI - Large Cap Fund,Large Cap,13004.55,12220.91,12585.79,12968.36,13267.22,12575.77,11956.58,12097.92
100664,UTI Large & Mid Cap Fund,Large & Mid Cap,4038.82,3991.32,4439.44,4929.72,5367.96,5582.61,5923.55,6413.47
100669,UTI - Flexi Cap Fund.,Flexi Cap,26431.64,24687.32,25259.22,25813.71,25547.88,23126.49,22327.51,23664.48
100678,UTI Children's Hybrid Fund,Children's,4581.6,4423.92,4559.02,4555.62,4546.8,4414.27,4332.07,4384.93
100682,UTI Retirement Fund,Retirement,4656.71,4530.53,4676.6,4703.38,4755.43,4697.19,4628.98,4697.89
100684,UTI Aggressive Hybrid Fund,Aggressive Hybrid,6140.54,5872.8,6172.63,6418.65,6629.37,6581.88,6510.41,6714.12
100723,UTI - Money Market Fund,Money Market,15599.78,17027.19,17038.83,18991.46,19439.06,18365.53,17399.14,16479.45
100740,UTI - MNC Fund,Sectoral/Thematic,3029.79,2713.78,2730.97,2865.67,2877.02,2702.53,2650.98,2744.59
100741,UTI Medium to Long Term Fund,Medium to Long Duration,313.9,314.71,330.1,326.74,314.97,305.82,300.8,303.59
100784,Sundaram Banking and PSU Debt Fund (Formerly Known as Sundaram Banking and PSU Fund),Banking & PSU,334.55,341.38,452.83,458.87,393.39,333.67,277.72,262.98
100789,Sundaram Corporate Bond Fund,Corporate Bond,730.96,705.62,731.25,793.23,773.11,706.15,619.29,624.07
100795,Sundaram Small Cap Fund,Small Cap,3438.01,3040.81,3192.15,3391.57,3432.56,3259.57,3596.18,4061.41
100807,UTI - Healthcare Fund,Sectoral/Thematic,1192.81,1126.02,1046.32,1129.23,1117.55,1080.5,1181.38,1399.13
100814,UTI - Overnight Fund,Overnight,6233.39,6002.17,4945.78,5419.99,5287.94,5507.49,5715.63,6146.48
100821,UTI ELSS Tax Saver Fund,ELSS,3913.09,3588.04,3718.87,3753.07,3769.22,3565.6,3429.14,3468.4
100822,UTI Nifty 50 Index Fund,Index - Equity,19978.07,20194.64,22687.72,24069.41,25999.25,26334.11,27826.19,29284.79
100835,Kotak Liquid Fund,Liquid,37600.26,40218.49,41640.59,39797.4,35284.43,39715.3,44349.79,49988.46
100837,Nippon India Liquid Fund,Liquid,33314.92,34425.61,39091.11,35017.51,30813.63,31756.27,39065.85,44216.06
100851,Nippon India Liquid Fund,Liquid,33314.92,34425.61,39091.11,35017.51,30813.63,31756.27,39065.85,44216.06
100856,Nippon India Corporate Bond Fund,Corporate Bond,6102.81,6271.66,8151.17,10008.16,10792.97,9066.06,9208.54,9244.29
100865,LIC MF ELSS Tax Saver Fund,ELSS,1157.55,1080.52,1104.27,1110.1,1102.68,1036.69,989.69,1016.1
100868,HDFC Liquid Fund,Liquid,72045.21,73006.28,72888.81,66578.32,64818.43,66103.1,73266.53,73649.84
100900,HDFC Children's Fund,Children's,9901.63,9479.17,9946.02,10287.57,10524.46,10263.32,10173.23,10583.58
100948,Franklin India Conservative Hybrid Fund,Conservative Hybrid,229.59,212.01,202.33,203.67,207.24,209.16,190.81,203.25
100968,SBI CONSERVATIVE HYBRID FUND,Conservative Hybrid,10050.65,9699.41,9624.96,9810.66,9923.85,9780.68,9843.57,10194.97
101001,SBI GILT FUND,Gilt,10912.23,11284.53,12148.76,11712.81,11083.7,10325.28,8924.22,8245.77
101002,SBI 10 YEAR CONSTANT MATURITY GILT FUND,Gilt 10Y Constant Duration,1819.28,1810.54,1900.92,1879.53,1849.87,1800.79,1667.02,1621.24
101042,Tata Gilt Fund,Gilt,941.65,1081.71,1121.18,1379.06,1306.52,1187.48,1006.26,845.44
101048,Franklin India Floating Interest Rates Fund,Floater,300.71,306.76,333.97,349.72,321.68,305.99,294.79,280.79
101065,Quant Mid Cap Fund,Mid Cap,8980.05,8313.99,8829.61,8688.91,8360.81,7374.57,7888.89,8022.97
101070,Quant Aggressive Hybrid Fund,Aggressive Hybrid,2210.95,2004.5,2068.5,2100.14,2104.87,1966.66,2054.5,2164.68
101072,Quant Multi Asset Allocation Fund,Multi Asset Allocation,3081.92,3133.23,3339.99,3710.28,4132.53,4787.7,5474.03,6467.35
101083,HDFC Gilt Fund,Gilt,2829.99,2947.11,3014.32,2950.96,2945.04,2653.73,2182.95,2016.86
101084,HDFC Gilt Fund,Gilt,2829.99,2947.11,3014.32,2950.96,2945.04,2653.73,2182.95,2016.86
101127,ICICI Prudential Children's Fund,Children's,1329.97,1252.97,1326.36,1402.82,1410.63,1373.43,1401.43,1425.64
101144,ICICI Prudential Multi Asset Allocation Fund,Multi Asset Allocation,50781.55,52940.25,58511.65,64581.24,73574.77,80573.48,83731.8,86743.7
101161,Nippon India Multi Cap Fund,Multi Cap,39144.95,37409.03,41668.17,46504.71,49474.46,49409.39,52649.33,55565.94
101169,SBI CHILDREN'S FUND - SAVINGS PLAN,Children's,122.09,120.96,125.78,128.67,131.1,132.69,138.39,148.17
101185,LIC MF Liquid Fund,Liquid,10475.43,11421.91,11755.87,12160.03,12373.73,13725.86,16404.24,16176.88
101187,BARODA BNP PARIBAS GILT FUND,Gilt,1692.2,1757.29,1715.87,1436.73,1284.65,1073.49,715.62,603.0
101199,LIC MF BSE Sensex Index Fund,Index - Equity,83.88,81.42,87.75,89.37,92.66,89.63,90.05,91.05
101201,LIC MF Nifty 50 Index Fund,Index - Equity,321.41,308.56,327.0,335.22,354.42,352.97,358.29,364.51
101206,SBI OVERNIGHT FUND,Overnight,19558.33,20909.87,19895.92,25120.4,25640.79,30269.65,28203.91,27553.86
101209,Taurus Large Cap Fund,Large Cap,50.43,46.59,48.76,50.05,51.6,50.38,50.62,58.15
101228,ICICI Prudential Multi Cap Fund,Multi Cap,14182.63,13618.01,14708.23,15567.96,16013.58,15878.63,17214.28,18973.04
101262,Nippon India Power & Infra Fund,Sectoral/Thematic,7509.79,6754.33,7182.0,7417.04,7316.53,6908.89,7669.34,8072.62
101271,LIC MF Children's Fund,Children's,16.65,15.43,15.17,15.52,15.52,14.7,14.96,16.03
101281,HDFC BSE Sensex Index Fund,Index - Equity,7776.09,7709.64,8282.08,8559.45,9024.23,8784.24,8438.88,8484.1
101304,DSP Short Term Fund,Short Duration,2838.62,2794.57,3443.09,3829.23,3857.6,3669.88,3312.16,3416.34
101314,Aditya Birla Sun Life Nifty 50 Index Fund,Index - Equity,972.53,954.45,1047.28,1127.44,1226.85,1261.98,1398.26,1478.16
101317,Aditya Birla Sun Life Ultra Short Term Fund,Ultra Short Duration,15368.1,15611.63,17689.17,21137.76,23073.14,21977.37,19634.47,18394.93
101357,Franklin India Money Market Fund,Money Market,2488.96,2712.72,3361.49,3892.18,4337.74,3947.77,4240.54,4068.82
101373,Kotak Short Term Fund,Short Duration,16881.26,16897.26,17730.01,18120.5,18277.55,17479.4,15681.66,14387.92
101491,Tata Childrens Fund,Children's,368.52,341.02,357.74,363.83,364.15,341.09,329.57,331.87
101525,HDFC Nifty 50 Index Fund,Index - Equity,18365.43,18258.73,19963.62,20870.42,22127.11,22094.81,23218.15,23710.13
101539,Sundaram Mid Cap Fund,Mid Cap,12520.39,11338.51,11963.31,12706.83,13154.5,12879.95,13459.1,14485.44
101548,Tata Short Term Fund,Short Duration,2879.79,2708.97,3291.15,3451.46,3407.62,3331.67,3033.2,2936.65
101585,HDFC Equity Savings Fund,Equity Savings,5488.36,5520.79,5503.15,5710.76,5854.06,5822.69,5682.18,5698.5
101588,Canara Robeco Medium To Long Term Fund,Medium to Long Duration,120.04,119.36,121.78,124.69,121.74,117.35,112.22,110.74
101592,Aditya Birla Sun Life Midcap Fund,Mid Cap,6034.72,5432.88,5784.76,6120.84,6232.9,6028.76,6316.32,6788.14
101594,HSBC Large Cap Fund,Large Cap,1953.34,1788.71,1816.0,1858.84,1897.46,1854.87,1780.29,1826.09
101619,ICICI Prudential Ultra Short to Short Term Fund,Low Duration,21854.42,22323.05,22996.27,27050.3,29835.18,30064.87,26180.6,21021.16
101635,DSP Large Cap Fund,Large Cap,4518.17,4644.76,5777.47,6479.35,7049.83,7106.3,7168.95,7113.28
101656,Franklin India Dynamic Asset Allocation Active Fund of Funds,FoF Domestic,1317.25,1262.79,1300.18,1303.01,1305.22,1264.14,1230.18,1238.18
101665,Nippon India Short Term Fund,Short Duration,7567.85,6337.95,7204.87,8866.18,9494.13,8499.47,7204.86,6879.74
101672,Tata Value Fund,Value,8689.89,7948.21,8377.79,8635.88,8926.64,8686.19,8445.98,8499.65
101685,HSBC Medium to Long Term Fund,Medium to Long Duration,49.72,48.81,50.17,47.82,48.16,47.59,48.3,48.96
101738,Aditya Birla Sun Life Dividend Yield Fund,Dividend Yield,1549.66,1421.86,1444.65,1472.39,1490.94,1476.16,1457.09,1451.95
101758,ICICI Prudential Short Term Fund,Short Duration,19888.82,19980.83,21183.79,22106.9,23037.64,22271.56,20797.86,19211.34
101762,HDFC Flexi Cap Fund,Flexi Cap,65805.53,66174.91,74387.01,82430.29,92240.29,97369.79,101792.99,110925.07
101764,HDFC Value Fund,Value,7437.77,6802.29,7081.17,7351.26,7580.45,7332.27,7329.56,8029.76
101766,Tata Infrastructure Fund,Sectoral/Thematic,2432.31,2050.52,2139.58,2211.23,2085.53,1940.22,2053.33,2059.33
101802,ICICI Prudential Floating Interest Rates Fund,Floater,8482.32,7267.87,7367.7,7504.51,7279.73,7295.27,7583.31,8783.59
101806,JM Dynamic Term Fund,Dynamic Bond,45.04,44.03,52.77,61.39,59.43,57.18,53.27,53.0
101818,Aditya Birla Sun Life Conservative Hybrid Fund,Conservative Hybrid,1422.1,1385.21,1376.43,1513.13,1545.29,1518.88,1478.4,1496.61
101824,Tata Large & Mid Cap Fund,Large & Mid Cap,8376.13,7847.8,8411.59,8711.28,8713.35,8050.31,7742.8,7771.75
101830,LIC MF Ultra Short to Short Term fund,Low Duration,1766.17,1924.3,1999.33,1818.36,1863.29,1886.56,1650.93,1801.37
101837,DSP Credit Risk Fund,Credit Risk,188.32,193.24,207.75,207.97,208.03,218.76,250.18,303.78
101844,Aditya Birla Sun Life Short Term Fund,Short Duration,8950.15,8472.71,9221.15,10555.67,10915.11,9286.44,6783.95,5853.2
101847,Tata Money Market Fund,Money Market,27097.96,27861.89,31402.91,40422.29,39468.15,35993.23,34503.8,33968.47
101853,Sundaram Value Fund,Value,1571.36,1437.94,1467.07,1484.08,1471.38,1375.88,1297.69,1284.76
101862,Nippon India Banking & Financial Services Fund,Sectoral/Thematic,6267.82,6226.93,7017.95,7241.63,7628.43,7643.75,7501.41,7795.17
101869,LIC MF Conservative Hybrid Fund,Conservative Hybrid,50.32,49.94,50.87,50.04,49.22,48.05,46.27,46.7
101872,HDFC Dynamic Term Fund,Dynamic Bond,790.31,800.93,819.34,811.45,761.55,644.41,562.92,508.34
101893,Kotak Money Market Fund,Money Market,29323.14,27434.41,29517.64,34920.27,35285.63,32950.45,32331.17,29647.61
101922,Canara Robeco Flexi Cap Fund,Flexi Cap,13020.49,12093.09,12779.16,13475.18,13768.53,13187.97,13043.02,13465.58
101932,SBI GILT FUND,Gilt,10912.23,11284.53,12148.76,11712.81,11083.7,10325.28,8924.22,8245.77
101934,SBI GILT FUND,Gilt,10912.23,11284.53,12148.76,11712.81,11083.7,10325.28,8924.22,8245.77
101976,Aditya Birla Sun Life Money Market Fund,Money Market,25770.85,26472.57,27135.08,29141.19,30728.53,28608.28,29113.75,29533.16
101979,HDFC ELSS - Tax Saver Fund,ELSS,16035.48,15254.51,16220.15,16722.2,17127.88,16426.36,15540.1,15818.41
101989,HDFC Medium Term Fund,Medium Duration,3986.96,3930.81,3864.73,3861.34,3874.37,3841.15,3706.9,3601.51
101993,HDFC Money Market Fund,Money Market,27015.5,27297.41,30708.52,36473.27,36375.99,31820.08,29387.89,31273.33
101996,HDFC Overnight Fund,Overnight,12235.1,12241.02,11863.49,11617.83,12291.96,12432.34,11851.23,12355.27
102000,HDFC Large Cap Fund,Large Cap,36726.56,35243.12,37275.23,38349.32,39992.6,39341.86,38096.58,39519.32
102009,UTI - Liquid Fund,Liquid,27735.38,27369.46,28522.31,28477.74,27584.5,27356.43,31754.52,30164.5
102012,UTI - Liquid Fund,Liquid,27735.38,27369.46,28522.31,28477.74,27584.5,27356.43,31754.52,30164.5
102020,Baroda BNP Paribas Multi Cap Fund,Multi Cap,2784.19,2607.65,2761.29,2967.78,3100.78,3056.43,3226.19,3426.34
102053,SBI MEDIUM TERM FUND,Medium Duration,6661.53,6521.95,6574.18,6574.25,6893.73,6782.19,6459.34,6483.09
102133,ICICI Prudential Multi Sector Passive FOF,FoF Domestic,168.48,165.84,183.69,192.71,200.16,208.23,219.65,249.42
102135,ICICI Prudential Aggressive Hybrid Active FOF,FoF Domestic,2051.61,2317.2,3261.09,5508.85,7787.19,8655.47,9018.77,9349.43
102137,ICICI Prudential Dynamic Asset Allocation Active FOF,FoF Domestic,23342.1,23789.21,25591.93,27335.9,28707.42,28529.3,28239.71,28503.82
102139,ICICI Prudential Income plus Arbitrage Omni FOF,FoF Domestic,269.5,264.06,486.95,1495.68,2107.65,2740.65,2957.17,3228.88
102141,ICICI Prudential Diversified Debt Strategy Active FOF,FoF Domestic,115.81,109.41,111.25,109.21,106.49,105.21,102.5,102.86
102142,Sundaram Consumption Fund (Formerly Known as Sundaram Rural and Consumption Fund),Sectoral/Thematic,1597.7,1479.46,1536.85,1599.04,1617.65,1455.56,1402.27,1482.03
102147,HDFC Conservative Hybrid Fund,Conservative Hybrid,3320.43,3280.85,3369.09,3374.56,3370.17,3311.94,3246.19,3216.98
102172,Nippon India Conservative Hybrid Fund (Existing number of Segregated Portfolios - 1),Conservative Hybrid,829.88,828.24,863.69,898.44,920.05,938.98,954.39,978.51
102205,SBI DYNAMIC TERM FUND,Dynamic Bond,3299.63,3338.75,3507.98,3922.53,4803.61,4172.97,3810.16,3600.67
102252,HSBC Flexi Cap Fund,Flexi Cap,5026.36,4569.08,4814.63,5091.91,5208.31,5175.69,5420.4,5805.95
102262,HSBC Conservative Hybrid Fund,Conservative Hybrid,141.33,148.52,151.66,160.38,149.68,138.55,145.45,154.04
102267,UTI Children's Equity Fund,Children's,1131.51,1050.83,1107.16,1147.15,1169.75,1121.95,1093.06,1121.95
102272,SBI NIFTY INDEX FUND,Index - Equity,8618.07,8706.18,9632.89,10174.44,11364.47,11729.91,13287.87,13870.55
102328,Tata Mid Cap Fund,Mid Cap,4492.58,4248.5,4601.15,5026.7,5318.26,5376.03,5650.45,6087.98
102330,ICICI Prudential Conservative Hybrid Fund,Conservative Hybrid,3213.94,3130.24,3169.75,3244.8,3359.83,3322.78,3301.79,3338.82
102394,UTI - Mid Cap Fund,Mid Cap,12080.35,10796.91,11256.93,11913.31,11985.06,11472.62,11737.25,12421.44
102395,UTI - Infrastructure Fund,Sectoral/Thematic,2283.49,2061.59,2164.25,2180.05,2183.29,2097.77,2124.84,2135.1
102398,UTI - Transportation and Logistics Fund,Sectoral/Thematic,3540.74,3248.33,3368.72,3737.82,4033.09,3920.87,3845.32,4216.64
102401,UTI - Banking and Financial Services Fund,Sectoral/Thematic,1163.35,1132.87,1276.72,1301.12,1359.15,1372.94,1359.03,1430.75
102414,SBI CONTRA FUND,Contra,41486.53,41266.81,44582.55,47410.15,49216.73,48100.55,47114.19,47464.77
102431,Nippon India Pharma Fund,Sectoral/Thematic,8667.14,8193.23,8229.05,8506.12,8349.0,8115.93,8513.05,9271.7
102434,DSP India T.I.G.E.R. Fund,Sectoral/Thematic,5480.31,4887.31,5120.86,5438.66,5411.21,5257.78,5854.98,6384.67
102448,DSP Conservative Hybrid Fund,Conservative Hybrid,181.53,165.52,169.6,177.83,180.79,182.58,178.97,178.28
102452,HDFC Ultra Short to Short Term Fund,Low Duration,18063.75,18316.5,20879.72,24509.98,25403.04,24343.95,20960.36,17860.49
102503,SBI Money Market Fund,Money Market,28134.72,26686.06,28533.14,37027.09,36547.23,35252.93,34776.16,32053.72
102505,SBI CREDIT RISK FUND,Credit Risk,2303.75,2263.58,2246.19,2219.05,2187.47,2160.73,2145.44,2184.44
102510,UTI - Gilt Fund,Gilt,658.68,656.27,697.6,603.56,559.42,528.85,524.96,421.13
102512,UTI - Gilt Fund,Gilt,658.68,656.27,697.6,603.56,559.42,528.85,524.96,421.13
102528,ICICI Prudential Mid Cap Fund,Mid Cap,6428.85,5802.9,6181.83,6692.61,6958.49,7039.07,7593.82,8094.43
102532,UTI Ultra Short Term Fund,Ultra Short Duration,3180.3,3382.12,4152.69,4355.5,4369.63,3814.53,3811.54,3502.74
102535,UTI Conservative Hybrid Fund,Conservative Hybrid,1647.68,1626.64,1672.33,1703.77,1700.63,1674.71,1648.73,1650.59
102540,UTI Ultra Short to Short Term Fund,Low Duration,3209.2,3231.02,3166.4,3199.25,2998.17,2766.13,2903.01,2476.66
102544,UTI Ultra Short to Short Term Fund,Low Duration,3209.2,3231.02,3166.4,3199.25,2998.17,2766.13,2903.01,2476.66
102574,Kotak Multi Asset Omni FOF,FoF Domestic,1614.21,1617.44,1749.09,1895.3,2129.33,2364.39,2474.76,2601.14
102591,Kotak Ultra Short Term Fund,Ultra Short Duration,13205.31,13009.68,14996.83,15755.89,15765.64,15972.4,15924.94,15663.39
102594,ICICI Prudential Value Fund (erstwhile Value Discovery Fund),Value,49178.95,47904.01,51416.27,54378.5,58966.14,59945.12,59432.74,60107.51
102672,Tata Liquid Fund,Liquid,24306.61,26760.82,22766.58,23978.89,22961.95,28807.17,30910.89,31952.39
102673,Nippon India Floating Interest Rates Fund,Floater,7760.02,7615.24,7920.81,8234.28,8363.25,8229.35,7556.26,7470.41
102741,ICICI Prudential Medium Term Fund,Medium Duration,5876.28,5689.49,5724.68,5709.54,5759.82,5655.27,5463.89,5447.1
102751,Nippon India Consumption Fund,Sectoral/Thematic,2124.28,2170.76,2406.47,2734.96,2783.38,2514.8,2392.19,2439.51
102756,SBI FOCUSED FUND,Focused,35068.6,34188.33,36516.54,38456.56,41620.28,42653.18,45517.78,50167.35
102760,HDFC Focused Fund,Focused,15255.26,15909.2,18982.96,22207.08,25573.73,26349.88,26336.0,27716.14
102767,Aditya Birla Sun Life Dynamic Term Fund,Dynamic Bond,1705.76,1735.7,1881.19,1926.75,1910.67,1850.36,1483.23,1433.86
102823,SBI HEALTHCARE OPPORTUNITIES FUND,Sectoral/Thematic,3432.58,3520.67,3666.62,3982.96,4058.12,3978.78,4488.66,5565.35
102846,Nippon India Balanced Advantage Fund,Balanced Advantage,8819.91,8677.73,9088.22,9415.18,9678.18,9557.46,9596.5,9855.47
102849,Nippon India Dynamic Term Fund,Dynamic Bond,4381.37,4296.18,4530.47,4505.87,4322.95,4124.56,3937.07,3853.34
102875,Kotak Small Cap Fund,Small Cap,17769.71,15913.6,16622.25,17887.64,17590.46,16458.75,17607.69,19241.29
102883,Franklin India Large & Mid Cap Fund,Large & Mid Cap,3576.36,3296.12,3430.7,3604.03,3666.38,3473.76,3395.2,3548.06
102885,SBI AGGRESSIVE HYBRID FUND,Aggressive Hybrid,72281.42,70577.56,74736.2,78452.76,82117.65,81244.16,83250.73,87765.28
102913,Canara Robeco Ultra Short to Short Term Fund,Low Duration,954.05,819.49,1241.33,1567.38,1427.74,1352.16,1129.17,1121.29
102920,Canara Robeco Large and Mid Cap Fund,Large & Mid Cap,24721.07,23046.71,24525.91,25901.09,25996.21,24471.4,24598.7,25850.36
102941,SBI MIDCAP FUND,Mid Cap,21657.79,20696.47,21935.48,22615.46,23003.16,22533.88,23202.93,24261.59
102948,HDFC Aggressive Hybrid Fund,Aggressive Hybrid,24145.78,23034.93,24008.51,24416.7,24568.4,23472.16,22199.59,22245.89
103024,SBI LARGE & MIDCAP FUND,Large & Mid Cap,29080.14,28518.12,30739.12,33715.58,36128.85,37438.17,38973.54,41910.3
103026,UTI - Dividend Yield Fund,Dividend Yield,4221.73,3863.03,3945.44,3950.09,3916.31,3825.33,3728.24,3759.62
103034,SBI MNC FUND,Sectoral/Thematic,6653.45,6167.14,6203.05,6142.1,5953.72,5680.2,5971.94,6504.22
103040,Kotak Contra Fund,Contra,3994.13,3811.03,4168.85,4565.95,4954.32,5068.59,5158.29,5427.6
103048,Nippon India Money Market Fund,Money Market,18338.47,16825.15,18643.88,23136.85,23542.23,21360.91,21539.74,23044.17
103085,Nippon India Value Fund,Value,8619.27,8046.09,8466.93,8806.0,9133.68,8869.96,8826.6,8975.78
103098,UTI Value Fund,Value,10209.93,9426.3,9641.36,9918.21,10058.56,9685.71,9346.39,9536.71
103111,Aditya Birla Sun Life Consumption Fund,Sectoral/Thematic,5925.91,5565.47,5980.84,6325.3,6509.37,6120.15,5915.01,6044.4
103131,HDFC Multi Asset Allocation Fund,Multi Asset Allocation,3783.45,3899.57,4298.62,4720.63,5229.05,5704.04,5873.17,5967.78
103145,SBI COMMA FUND,Sectoral/Thematic,657.7,608.4,656.16,728.34,821.33,931.21,1088.29,1202.32
103149,ICICI Prudential Infrastructure Fund,Sectoral/Thematic,6836.14,7116.2,7669.06,7932.3,8110.19,7989.35,8282.68,8541.21
103151,Franklin India Opportunities Fund,Sectoral/Thematic,5785.47,5877.2,6644.46,7525.72,8195.55,8228.16,8623.58,9526.6
103155,Aditya Birla Sun Life Aggressive Hybrid Fund,Aggressive Hybrid,7725.95,7201.24,7367.73,7486.84,7541.23,7231.2,6975.02,7142.96
103159,Tata Ultra Short to Short Term Fund,Low Duration,2554.86,2407.44,2980.78,3249.34,3600.61,3377.13,2619.36,2496.18
103166,Aditya Birla Sun Life Flexi Cap Fund,Flexi Cap,22674.73,21210.03,22473.77,23336.12,24495.33,24662.22,25787.68,28241.2
103168,Aditya Birla Sun Life Digital India Fund,Sectoral/Thematic,5305.3,4919.4,4644.74,4736.07,4794.48,4272.1,3792.58,3907.94
103174,Aditya Birla Sun Life Large Cap Fund,Large Cap,29580.59,27677.17,29352.63,30349.37,31103.03,29868.32,28763.4,29442.57
103178,Aditya Birla Sun Life Corporate Bond Fund,Corporate Bond,23630.21,25132.72,27173.52,28258.32,29960.53,27950.18,24754.59,23279.17
103192,Aditya Birla Sun Life Ultra short to short term Fund,Low Duration,11378.31,12138.56,12875.39,14245.0,15170.77,14136.57,12521.75,9853.03
103196,Nippon India ELSS Tax Saver Fund,ELSS,15732.23,14198.25,14941.71,15288.45,15394.93,14749.77,14662.12,14739.44
103215,SBI FLEXICAP FUND,Flexi Cap,22390.28,21111.34,21625.94,22390.29,23248.15,22851.16,22384.0,22863.04
103225,Quant Liquid Fund,Liquid,1988.11,1667.7,1657.78,1542.22,1664.33,1330.12,1346.38,1486.93
103234,Kotak Large & Mid Cap Fund,Large & Mid Cap,25565.83,24296.04,26307.63,28205.89,29559.33,29818.22,30227.55,31891.46
103309,Aditya Birla Sun Life Focused Fund,Focused,7781.21,7281.12,7638.96,7781.35,8071.46,7927.1,7730.78,7914.58
103312,ICICI Prudential Exports & Services Fund,Sectoral/Thematic,1468.9,1361.01,1368.68,1397.47,1423.1,1371.42,1368.31,1484.4
103339,Kotak ELSS Tax Saver Fund,ELSS,6245.3,5788.6,6131.9,6356.31,6452.04,6224.47,6071.02,6303.0
103340,ICICI Prudential Liquid Fund -,Liquid,54691.41,58058.94,55271.17,53658.16,50300.83,54063.93,58750.93,65415.26
103347,DSP Liquid Fund,Liquid,22008.06,22395.69,20218.68,21500.95,20965.23,22387.24,23808.86,26731.65
103360,Franklin India Small Cap Fund,Small Cap,13981.32,12378.19,13025.15,13706.89,13510.59,12755.7,13704.48,14645.61
103390,Canara Robeco Infrastructure Fund,Sectoral/Thematic,866.13,795.0,863.85,916.64,914.22,896.24,976.25,981.26
103408,SBI MULTI ASSET ALLOCATION FUND,Multi Asset Allocation,6689.57,7229.24,8217.35,9739.99,11747.0,15294.97,18046.37,20580.37
103476,Aditya Birla Sun Life Infrastructure Fund,Sectoral/Thematic,1195.54,1050.07,1097.8,1151.14,1134.95,1079.88,1162.59,1237.18
103504,SBI Large Cap Fund,Large Cap,50789.54,48401.46,51225.99,53270.1,54939.96,54142.65,53585.13,54695.81
103633,ICICI Prudential Money Market Fund - Cash Option,Money Market,3971.39,4206.02,5479.89,6577.98,8104.05,8222.61,5677.01,5734.34
103678,Franklin India Dividend Yield Fund,Dividend Yield,2422.38,2292.99,2348.11,2368.97,2389.42,2354.64,2297.48,2281.07
103780,JM Arbitrage Fund,Arbitrage,185.51,203.78,193.53,339.54,372.89,362.15,368.91,421.25
103819,DSP Large & Mid Cap Fund,Large & Mid Cap,13991.52,13337.61,14641.94,15650.57,16831.94,17241.43,17404.97,18128.97
104075,UTI - Arbitrage Fund,Arbitrage,6327.26,6563.73,7108.88,8823.3,10192.22,10789.35,10938.74,11248.89
104138,DSP Ultra Short Term Fund,Ultra Short Duration,3076.38,3126.49,4095.52,3834.36,4027.9,3656.04,4352.55,4604.02
104457,SBI Arbitrage Fund,Arbitrage,31545.8,31792.12,33358.89,40259.81,40516.17,43207.93,43398.13,46866.99
104481,DSP Midcap Fund,Mid Cap,19326.15,17343.44,18108.35,19328.52,19613.55,19075.62,19538.62,20510.21
104486,Invesco India Liquid Fund,Liquid,14887.68,13587.31,14664.12,14299.1,16222.35,16174.55,17273.22,22131.51
104488,Invesco India Liquid Fund,Liquid,14887.68,13587.31,14664.12,14299.1,16222.35,16174.55,17273.22,22131.51
104513,Quant Large & Mid Cap Fund,Large & Mid Cap,3688.44,3492.83,3672.95,3622.63,3500.32,3057.77,3277.98,3477.13
104523,SBI ESG Exclusionary Strategy Fund,Sectoral/Thematic,5830.61,5420.99,5596.01,5689.35,5730.31,5429.85,5261.12,5304.37
104636,Invesco India ELSS Tax Saver Fund,ELSS,2957.65,2697.64,2764.91,2846.37,2831.35,2591.29,2546.27,2704.43
104637,Nippon India Focused Fund,Focused,8472.69,7818.36,8336.33,8605.35,8746.17,8390.94,8328.56,8540.47
104683,ICICI Prudential Arbitrage Fund,Arbitrage,24714.64,25523.28,27926.41,31824.62,32343.61,32558.84,32407.15,34615.44
104685,ICICI Prudential Balanced Advantage Fund,Balanced Advantage,60856.9,59954.8,62956.27,65803.54,69098.09,70070.97,70786.63,74078.81
104726,Invesco India Ultra Short to Short Term Fund,Low Duration,1486.18,1558.81,1651.4,1859.74,1724.77,1924.44,1738.48,1709.22
104728,Invesco India Ultra Short to Short Term Fund,Low Duration,1486.18,1558.81,1651.4,1859.74,1724.77,1924.44,1738.48,1709.22
104772,DSP ELSS Tax Saver Fund,ELSS,16926.69,15818.32,16722.75,16942.28,17343.78,16917.77,16291.33,16505.22
104908,Kotak Mid Cap Fund,Mid Cap,51956.5,48105.73,51577.57,57750.06,60212.75,59608.89,64135.89,69654.8
105001,Sundaram Large and Midcap Fund,Large & Mid Cap,6955.64,6335.02,6576.84,6800.74,6961.61,6693.74,6648.44,7299.8
105185,Invesco India Short Term Fund,Short Duration,472.69,502.83,965.28,962.84,1007.09,1046.16,789.44,657.97
105189,Invesco India Short Term Fund,Short Duration,472.69,502.83,965.28,962.84,1007.09,1046.16,789.44,657.97
105274,SBI LIQUID FUND,Liquid,70044.06,68722.99,73581.41,66664.36,68147.71,65649.62,78525.94,92628.65
105280,SBI LIQUID FUND,Liquid,70044.06,68722.99,73581.41,66664.36,68147.71,65649.62,78525.94,92628.65
105417,Taurus Infrastructure Fund,Sectoral/Thematic,10.14,8.69,9.05,9.49,9.44,8.76,8.83,8.69
105460,Invesco India Contra Fund,Contra,18048.21,17021.06,18165.79,19318.57,20262.8,19718.01,19491.95,20131.71
105503,Invesco India Mid Cap Fund,Mid Cap,5854.56,5642.83,6403.38,8055.0,9601.96,10388.81,12160.32,15234.29
105603,Invesco India Arbitrage Fund,Arbitrage,18553.24,19114.75,21451.96,24823.48,27384.02,27912.26,27818.12,30062.24
105628,SBI ELSS Tax Saver Fund,ELSS,27901.07,27027.27,28885.84,30548.72,31884.32,31433.94,31028.74,31724.49
105669,DSP Dynamic Term Fund,Dynamic Bond,1831.54,1732.2,1581.8,1499.05,1388.12,950.77,727.35,647.83
105758,HDFC Mid Cap Fund,Mid Cap,76186.48,72132.54,77124.05,84515.84,90112.54,91562.11,96039.96,105346.18
105804,Aditya Birla Sun Life Small Cap Fund,Small Cap,5175.92,4480.27,4726.26,5007.29,5019.98,4782.08,5299.75,6029.99
105817,Franklin India Focused Equity Fund,Focused,12258.84,11379.77,11943.79,12436.69,12659.98,12022.77,11362.68,11337.43
105823,LIC MF Banking & PSU Debt Fund,Banking & PSU,1801.06,1818.1,1860.29,1877.87,1884.82,1867.12,1850.25,1754.71
105875,DSP Flexi Cap Fund,Flexi Cap,11840.51,10955.33,11576.62,11943.72,12254.36,11886.32,11816.42,12312.97
105968,Kotak Arbitrage Fund,Arbitrage,54851.3,58227.62,65475.43,71804.02,72328.61,70968.32,70954.54,74962.54
105989,DSP Small Cap Fund,Small Cap,16335.15,14658.56,15369.62,16883.47,16829.59,16384.42,18087.47,20856.57
106096,SBI INFRASTRUCTURE FUND,Sectoral/Thematic,4996.7,4666.17,4930.58,4980.81,4773.2,4531.82,4729.06,4868.22
106144,Invesco India Large & Mid Cap Fund,Large & Mid Cap,6369.98,6259.68,7043.43,8205.4,9130.27,9135.89,10030.39,12009.97
106166,Canara Robeco Aggressive Hybrid Fund,Aggressive Hybrid,10919.16,10304.21,10758.74,11111.93,11367.91,11095.41,10986.1,11272.77
106170,Quant Infrastructure Fund,Sectoral/Thematic,3606.8,3186.68,3268.65,3273.64,3203.19,2820.49,3056.6,3175.92
106177,Invesco India Corporate Bond Fund,Corporate Bond,5571.56,5723.73,6688.96,7346.82,7578.38,6155.73,5096.73,4065.81
106212,SBI Ultra Short to Short Term Fund,Low Duration,12252.17,12639.15,14701.99,15701.27,16604.95,15733.97,13476.72,12365.09
106217,SBI Ultra Short to Short Term Fund,Low Duration,12252.17,12639.15,14701.99,15701.27,16604.95,15733.97,13476.72,12365.09
106227,SBI SHORT TERM FUND,Short Duration,13296.23,13607.36,14858.16,16358.91,17425.98,16922.03,14006.42,13654.53
106231,SBI SHORT TERM FUND,Short Duration,13296.23,13607.36,14858.16,16358.91,17425.98,16922.03,14006.42,13654.53
106235,Nippon India Large Cap Fund,Large Cap,34935.34,35637.1,40518.74,45077.07,49355.36,50096.67,51621.34,53646.1
106317,Invesco India Balanced Advantage Fund,Balanced Advantage,916.9,937.85,968.07,1043.15,1101.62,1068.65,1019.55,950.63
106370,Sundaram Global Brand Theme-Equity Active FOF,FoF Overseas,114.38,118.58,113.67,128.43,146.31,155.46,163.17,170.97
106384,UTI Short Term Fund,Short Duration,2666.76,2475.07,2958.04,3313.71,3369.69,3026.08,2460.28,1947.13
106425,UTI - India Consumer Fund,Sectoral/Thematic,719.54,661.98,684.62,713.83,732.8,684.08,669.28,720.01
106441,Kotak Global Emerging Market Overseas Equity Active FOF,FoF Overseas,90.31,89.48,91.83,116.04,218.46,655.6,1553.34,1709.16
106597,DSP World Gold Mining Overseas Equity Omni FoF,FoF Overseas,1065.63,1086.01,1196.02,1374.49,1644.26,1926.24,1695.08,1654.44
106624,UTI Short Term Fund,Short Duration,2666.76,2475.07,2958.04,3313.71,3369.69,3026.08,2460.28,1947.13
106654,Invesco India Infrastructure Fund,Sectoral/Thematic,1611.44,1421.12,1499.23,1562.43,1483.16,1335.61,1458.96,1538.82
106793,HDFC Arbitrage Fund,Arbitrage,16574.51,17777.97,20057.78,21408.86,23220.47,24425.57,24544.02,25148.62
106823,ICICI Prudential Small Cap Fund,Small Cap,8419.97,7563.32,7927.43,8560.93,8496.95,8128.0,8815.37,9651.48
106841,HDFC Floating Interest Rates Fund,Floater,14945.13,15026.63,15149.51,15645.09,15771.39,16588.55,16444.91,16272.42
106871,LIC MF Large Cap Fund,Large Cap,1479.23,1374.62,1446.64,1469.08,1488.38,1408.95,1346.17,1367.07
106873,Aditya Birla Sun Life International Equity Fund,Sectoral/Thematic,186.14,192.5,199.63,239.64,271.7,296.03,320.62,332.57
106979,Franklin Asian Equity Fund,Sectoral/Thematic,252.06,244.06,246.03,266.01,297.9,384.39,720.84,978.69
107288,JM ELSS - Tax Saver Fund,ELSS,183.51,178.35,193.66,210.89,224.22,214.77,220.95,243.19
107353,Invesco India Multi Cap Fund,Multi Cap,3900.28,3644.46,3878.0,4130.01,4197.41,3939.5,4056.79,4430.66
107410,JM Focused Fund,Focused,205.13,228.32,267.8,288.22,305.43,282.26,278.27,288.3
107477,Invesco India Gilt Fund,Gilt,1288.59,1193.41,667.77,498.16,330.96,266.86,147.93,122.62
107524,HDFC Infrastructure Fund,Sectoral/Thematic,2503.21,2274.23,2458.58,2545.79,2519.9,2352.64,2383.74,2359.1
107578,Mirae Asset Large Cap Fund,Large Cap,39791.0,37306.3,38983.24,40134.05,41258.4,39744.61,38016.7,38047.36
107705,Mirae Asset Ultra Short to Short Term Fund,Low Duration,1276.13,1325.57,1718.97,1958.93,2678.07,2613.28,2232.73,2198.32
107745,Aditya Birla Sun Life ELSS Tax Saver Fund,ELSS,15926.03,14432.44,15002.59,15490.22,15564.68,14691.37,14285.39,14476.27
107763,LIC MF Infrastructure Fund,Sectoral/Thematic,827.45,853.95,945.77,1033.42,1024.9,968.49,1062.47,1158.22
107988,HSBC Global Emerging Markets Fund,FoF Overseas,35.71,37.01,48.18,94.92,275.54,367.51,475.17,493.42
108167,Aditya Birla Sun Life Value Fund,Value,6437.02,5802.38,5974.06,6112.94,6291.12,6180.17,6412.03,6806.89
108202,DSP Natural Resources And New Energy Fund,Sectoral/Thematic,1259.73,1190.14,1256.55,1328.32,1467.65,1840.88,2360.22,2511.75
108249,Nippon India Quant Fund,Sectoral/Thematic,87.25,88.66,96.16,102.12,107.64,109.0,111.69,115.22
108273,Aditya Birla Sun Life Banking & PSU Debt Fund,Banking & PSU,9519.44,9404.03,8891.06,9107.4,9150.38,8969.31,8838.79,8740.77
108378,Invesco India Financial Services Fund,Sectoral/Thematic,1095.88,1129.86,1330.93,1434.42,1543.85,1604.07,1700.01,1851.54
108466,ICICI Prudential Large Cap Fund (erstwhile Bluechip Fund),Large Cap,64135.95,62651.81,68423.6,72507.25,76681.25,76165.98,76533.75,79821.04
108511,Kotak Dynamic Term Fund,Dynamic Bond,2964.93,2989.93,2846.05,2840.78,2781.65,2607.28,2409.39,2335.93
108545,Bandhan Income Plus Arbitrage Active FOF,FoF Domestic,115.01,128.43,453.99,1293.21,1852.55,1721.46,1612.79,1785.89
108592,Bandhan Focused Fund,Focused,1781.23,1699.28,1797.62,1967.21,2062.31,1988.47,2036.26,2104.89
108594,BANDHAN Flexi Cap Fund,Flexi Cap,7379.59,6883.53,7222.07,7493.45,7660.28,7373.0,7269.18,7472.06
108596,Bandhan Large & Mid Cap Fund,Large & Mid Cap,7181.05,7559.89,8767.5,10273.3,12290.46,14228.26,17020.45,20291.75
108632,BANDHAN ULTRA SHORT TO SHORT TERM FUND,Low Duration,5696.32,5500.39,6311.16,6546.8,6840.51,6045.47,5918.78,6460.34
108690,BANDHAN LIQUID Fund,Liquid,14741.67,15758.57,14929.66,14516.87,18279.28,17052.81,18873.3,19832.17
108728,Bandhan Medium Term Fund,Medium Duration,1493.58,1466.58,1478.44,1458.57,1416.63,1367.08,1303.46,1269.19
108753,Bandhan   10 year Constant Maturity Gilt Fund,Gilt 10Y Constant Duration,346.78,352.43,357.88,349.84,346.1,339.02,310.2,292.67
108756,Bandhan Money Market  Fund,Money Market,10469.11,10397.2,11234.02,12695.84,14032.86,14432.26,15106.46,14415.94
108765,Bandhan Medium to Long Term Fund,Medium to Long Duration,4169.84,4160.34,4118.63,4045.23,3949.55,3776.22,3523.46,3555.62
108768,Bandhan Medium to Long Term Fund,Medium to Long Duration,4169.84,4160.34,4118.63,4045.23,3949.55,3776.22,3523.46,3555.62
108799,BANDHAN LARGE CAP FUND,Large Cap,1741.49,1713.75,1830.58,1924.18,2018.09,1981.73,2003.83,2144.09
108845,BANDHAN Arbitrage Fund,Arbitrage,7579.42,7705.46,8722.92,8617.5,8913.84,8615.37,8113.84,7983.8
108909,Bandhan Value Fund,Value,10110.42,9431.21,9802.18,10040.2,10322.12,9995.11,9837.57,9945.36
108995,BANDHAN EQUITY SAVINGS FUND,Equity Savings,213.4,264.4,296.25,333.27,367.16,401.91,391.91,400.92
109059,Sundaram Financial Services Opportunities Fund,Sectoral/Thematic,1450.31,1369.88,1523.85,1532.89,1618.57,1637.21,1617.74,1691.24
109254,BANK OF INDIA LIQUID FUND,Liquid,1742.23,1729.55,1954.74,1831.48,1455.41,1730.32,1766.91,1894.72
109269,BANK OF INDIA ULTRA SHORT TERM FUND,Ultra Short Duration,173.34,163.06,209.45,199.5,178.5,160.72,148.23,175.24
109275,Quant Focused Fund,Focused,1114.71,1021.55,1032.23,1010.93,954.6,827.41,814.47,848.89
109353,Canara Robeco Liquid Fund,Liquid,3504.24,4823.36,5537.4,7133.46,7168.89,6289.18,6675.66,7117.69
109371,Canara Robeco Ultra Short Term Fund,Ultra Short Duration,629.13,544.76,561.24,673.82,555.75,509.55,508.32,571.69
109445,ICICI Prudential Banking & Financial Services Fund,Sectoral/Thematic,8916.42,8944.02,9521.52,9952.55,10841.38,10706.81,10669.84,11188.05
109522,JM Flexi Cap Fund,Flexi Cap,4901.83,5183.61,5729.1,6046.73,5934.24,5103.91,5031.81,5204.46
109717,Nippon India Gilt Fund,Gilt,2121.36,2131.96,2073.93,1973.1,1868.24,1825.73,1647.97,1538.69
109720,Nippon India Gilt Fund,Gilt,2121.36,2131.96,2073.93,1973.1,1868.24,1825.73,1647.97,1538.69
109740,ICICI Prudential Medium to Long Term Fund,Medium to Long Duration,2992.25,2952.95,2863.44,2867.64,2908.02,2861.36,2482.04,2006.04
109830,Quant Flexi Cap Fund,Flexi Cap,7436.19,6681.6,7041.66,6967.8,6830.96,6267.27,6712.99,7340.05
110603,BANK OF INDIA LARGE & MID CAP FUND,Large & Mid Cap,370.84,351.42,385.83,414.48,440.65,445.36,470.12,517.95
111524,BANDHAN Dynamic Term Fund,Dynamic Bond,3048.28,3041.17,2911.98,2788.12,2591.28,2243.37,2043.95,1942.58
111525,Bandhan Gilt   Fund,Gilt,3474.93,3633.25,3318.91,3048.14,2316.94,1984.91,1970.98,1801.04
111569,BANDHAN ELSS - Tax Saver Fund,ELSS,6960.11,6534.04,6835.39,7025.26,7233.35,6976.51,6797.93,6910.7
111585,BANK OF INDIA SHORT TERM FUND,Short Duration,79.39,106.04,134.27,245.27,253.42,283.91,269.67,266.13
111599,UTI Multi Asset Allocation Fund,Multi Asset Allocation,4548.89,5081.78,5572.57,5980.05,6466.15,6770.54,6867.04,6967.88
111638,Edelweiss ELSS Tax Saver Fund,ELSS,399.08,375.92,402.16,420.25,440.8,433.76,434.61,451.98
111646,Mirae Asset Liquid Fund,Liquid,13952.08,13381.18,13572.02,13868.59,15840.79,14554.18,14314.88,16251.81
111704,BARODA BNP PARIBAS LIQUID FUND,Liquid,11250.19,11145.99,11565.65,11082.38,10233.62,12799.46,11915.56,12743.99
111710,BANK OF INDIA ELSS TAX SAVER FUND,ELSS,1452.45,1305.99,1358.19,1393.5,1399.94,1359.97,1385.11,1405.61
111712,BANK OF INDIA CONSERVATIVE HYBRID FUND,Conservative Hybrid,66.3,64.91,68.55,67.98,65.92,64.75,64.76,65.12
111722,Canara Robeco ELSS - Tax Saver Fund,ELSS,8857.43,8226.23,8636.97,8906.39,9038.49,8653.81,8490.73,8640.76
111748,Nippon India Ultra Short to Short Term Fund,Low Duration,8242.73,7617.71,7613.64,9583.92,11492.06,10282.65,9186.13,7766.6
111753,Nippon India Ultra Short to Short Term Fund,Low Duration,8242.73,7617.71,7613.64,9583.92,11492.06,10282.65,9186.13,7766.6
111787,Taurus Ethical Fund,Sectoral/Thematic,259.9,267.34,294.45,329.74,358.65,366.55,396.32,431.87
111803,Aditya Birla Sun Life Medium Term Fund,Medium Duration,1969.36,2102.49,2430.01,2790.33,2833.79,3024.12,3125.66,3308.23
111940,Edelweiss Large Cap Fund,Large Cap,1098.3,1102.97,1239.51,1316.48,1417.97,1435.8,1428.64,1426.01
111957,ICICI Prudential Focused Fund,Focused,9958.88,9954.96,11312.14,12601.28,13836.26,14968.85,16230.19,17696.43
111962,Canara Robeco Dynamic Term Fund,Dynamic Bond,117.72,124.28,131.11,114.53,106.99,99.4,87.43,82.67
111987,ICICI Prudential Corporate Bond Fund,Corporate Bond,27962.1,29278.92,31407.26,33523.33,34672.52,32795.82,31740.78,29754.12
112077,UTI - Money Market Fund,Money Market,15599.78,17027.19,17038.83,18991.46,19439.06,18365.53,17399.14,16479.45
112083,UTI Ultra Short Term Fund,Ultra Short Duration,3180.3,3382.12,4152.69,4355.5,4369.63,3814.53,3811.54,3502.74
112088,ADITYA BIRLA SUN LIFE ARBITRAGE FUND,Arbitrage,13574.96,14135.29,17254.32,22631.6,24603.79,26213.44,26029.14,27070.58
112090,Kotak Flexi Cap Fund,Flexi Cap,51341.56,48047.08,51458.76,54435.2,56051.19,55546.12,54857.43,55674.14
112092,Franklin Build India Fund,Sectoral/Thematic,2820.61,2590.14,2783.49,2954.22,3035.67,3030.91,3170.12,3170.37
112096,ICICI Prudential Dynamic Term Fund,Dynamic Bond,13265.7,13710.04,14760.67,14956.73,14952.91,14680.3,13748.03,13225.5
112098,Invesco India Large Cap Fund,Large Cap,1296.55,1294.69,1444.03,1572.66,1695.05,1667.64,1742.14,1949.34
112108,Edelweiss Aggressive Hybrid Fund,Aggressive Hybrid,2250.54,2369.11,2675.85,3046.29,3355.36,3468.37,3642.88,3917.95
112117,Edelweiss Balanced Advantage Fund,Balanced Advantage,12415.15,12117.59,12546.47,12882.03,13256.61,13033.55,12895.89,13230.35
112120,Invesco India Money Market Fund,Money Market,5187.9,5589.23,5838.14,5691.09,5148.48,6115.38,6116.9,6292.99
112123,Invesco India Money Market Fund,Money Market,5187.9,5589.23,5838.14,5691.09,5148.48,6115.38,6116.9,6292.99
112126,DSP Global Clean Energy Overseas Equity Omni FoF,FoF Overseas,112.98,87.91,83.18,96.41,104.32,101.39,115.75,111.59
112152,Canara Robeco Consumption Fund,Sectoral/Thematic,1759.94,1667.24,1812.18,1927.18,2007.93,1915.58,1887.35,1971.31
112171,Invesco India PSU Equity Fund,Sectoral/Thematic,1341.98,1172.52,1324.67,1406.41,1442.44,1460.09,1490.34,1445.58
112210,Axis Liquid Fund,Liquid,34054.71,42360.31,42129.33,38765.78,37649.97,42891.1,55968.41,59483.45
112214,Axis Ultra Short to Short Term Fund,Low Duration,6243.77,5970.54,6260.76,7224.57,7567.36,6885.98,5737.81,4728.17
112277,Axis Large Cap Fund,Large Cap,33826.2,31908.26,33168.68,33554.06,33765.94,32050.35,30394.6,31015.29
112293,DSP World Mining Overseas Equity Omni FoF,FoF Overseas,138.35,129.68,126.59,144.64,168.71,174.67,181.05,180.3
112323,Axis ELSS- Tax Saver Fund,ELSS,36899.78,33996.57,34978.85,35230.7,34889.83,32587.86,31317.53,32143.76
112327,Bandhan Conservative Hybrid Passive FOF,FoF Domestic,6.09,5.92,6.16,6.34,6.48,5.63,5.62,5.48
112329,Bandhan Multi-Asset Passive FOF,FoF Domestic,20.05,19.42,19.23,19.34,19.34,19.76,20.31,20.13
112332,Bandhan Aggressive Hybrid Passive FOF,FoF Domestic,19.27,18.72,19.28,19.62,19.27,18.88,20.53,22.32
112342,ICICI Prudential Banking and PSU Debt Fund,Banking & PSU,9090.26,10058.81,10455.98,10178.17,9736.44,9506.99,8974.34,8742.74
112353,BANDHAN CONSERVATIVE HYBRID FUND,Conservative Hybrid,119.42,115.08,115.61,106.55,102.4,98.73,96.71,91.1
112354,Axis Short Term Fund,Short Duration,9281.33,8871.43,10093.42,11975.49,12530.65,11411.58,8707.75,7848.52
112359,BANK OF INDIA MANUFACTURING & INFRASTRUCTURE FUND,Sectoral/Thematic,530.19,507.17,549.93,613.1,653.76,669.21,765.96,922.26
112636,Navi Liquid Fund,Liquid,70.35,72.59,100.46,83.72,64.85,76.56,74.11,78.02
112717,Axis Ultra Short to Short Term Fund,Low Duration,6243.77,5970.54,6260.76,7224.57,7567.36,6885.98,5737.81,4728.17
112721,Axis Short Term Fund,Short Duration,9281.33,8871.43,10093.42,11975.49,12530.65,11411.58,8707.75,7848.52
112868,Sundaram Conservative Hybrid Fund (Formerly Known as Sundaram Debt Oriented Hybrid Fund),Conservative Hybrid,27.62,26.99,27.16,22.13,20.43,19.55,18.8,18.84
112877,BANDHAN Nifty 50 Index Fund,Index - Equity,1618.71,1664.37,1850.78,1977.25,2143.55,2236.26,2633.49,2777.63
112901,DSP Focused Fund,Focused,2551.75,2380.18,2517.44,2582.79,2660.44,2568.05,2499.63,2625.15
112924,Axis Conservative Hybrid Fund,Conservative Hybrid,298.32,267.98,279.37,279.74,251.93,229.41,218.53,220.02
112932,Mirae Asset Large & Midcap Fund,Large & Mid Cap,38795.15,35977.22,38489.54,40891.6,42948.62,42072.16,42523.04,44975.97
112936,Nippon India Aggressive Hybrid Fund (Existing Number of Segregated Portfolios - 2),Aggressive Hybrid,3881.11,3681.29,3832.73,3960.43,4082.66,3999.04,3945.08,4033.81
112938,Nippon India Credit Risk Fund (Existing Number of Segregated Portfolios - 1),Credit Risk,1001.39,985.31,1010.54,1002.35,1006.44,1042.59,1311.24,1594.71
112939,Nippon India Credit Risk Fund (Existing Number of Segregated Portfolios - 1),Credit Risk,1001.39,985.31,1010.54,1002.35,1006.44,1042.59,1311.24,1594.71
112948,Taurus Nifty 50 Index Fund,Index - Equity,4.78,4.95,5.58,5.85,6.43,6.39,6.37,6.53
112957,ICICI Prudential Nifty Next 50 Index Fund,Index - Equity,6967.93,6545.18,7283.04,7816.09,8114.52,8146.35,9011.42,9921.25
113036,Baroda BNP Paribas Short Term Fund (the scheme has 2 segregated portfolios),Short Duration,199.98,205.69,228.77,290.92,297.1,284.58,262.02,333.85
113047,HDFC Short Term Fund,Short Duration,14906.36,14331.01,15682.96,17989.49,18107.38,17042.02,15173.86,14840.02
113064,Axis Multi Asset Allocation Fund,Multi Asset Allocation,1284.43,1310.12,1410.77,1533.71,1756.41,2070.57,2265.87,2553.34
113070,HDFC Corporate Bond Fund,Corporate Bond,32300.19,32265.09,34035.46,35791.03,35849.5,33120.53,31301.23,30387.24
113077,UTI Dynamic Term Fund,Dynamic Bond,538.0,579.87,469.82,470.28,450.43,426.05,415.11,407.05
113099,SBI PSU FUND,Sectoral/Thematic,4620.81,4469.32,5113.66,5369.01,5702.57,6108.95,6610.21,6655.05
113177,Nippon India Small Cap Fund,Small Cap,61421.98,55865.8,60574.61,66523.71,68163.67,66128.79,73158.81,80840.6
113221,Canara Robeco Large Cap Fund,Large Cap,14845.92,14483.97,15745.67,16531.11,17280.86,16874.42,16459.21,16879.43
113269,Nippon India Index Fund - BSE Sensex Plan,Index - Equity,759.36,784.67,876.36,914.46,967.82,942.67,908.92,925.19
113296,Nippon India Index Fund - Nifty 50 Plan,Index - Equity,2027.79,2106.01,2442.46,2630.8,2941.69,3102.72,3656.32,3798.67
113345,Nippon India Arbitrage Fund,Arbitrage,15179.04,14442.73,14363.9,15376.75,16049.17,16396.36,16380.71,17157.34
114239,ICICI Prudential Credit Risk Fund,Credit Risk,6390.65,6202.75,6128.95,6028.65,5935.17,5917.31,6000.03,6311.88
114359,Invesco India Ultra Short Term Fund,Ultra Short Duration,1368.96,1296.85,1145.14,1203.23,1396.8,1233.59,1159.62,1314.15
114458,Kotak Large Cap Fund,Large Cap,9494.8,9157.38,9929.21,10418.0,10919.3,10751.73,10575.62,10940.52
114476,BANDHAN Infrastructure Fund,Sectoral/Thematic,1799.07,1577.03,1634.08,1667.81,1580.49,1432.13,1482.94,1474.3
114564,Axis Midcap Fund,Mid Cap,30642.02,28029.44,29605.81,31556.65,31927.81,30974.78,32454.12,34576.14
114616,Nippon India Gold Savings Fund,FoF Domestic,2165.76,2530.72,3025.51,3447.96,4811.5,6668.69,7261.99,7332.16
114758,Kotak Gold Fund,FoF Domestic,2236.86,2603.26,3079.24,3507.91,4789.28,6383.61,6771.78,6912.88
114859,Kotak Conservative Hybrid Fund,Conservative Hybrid,3015.84,3023.97,3086.72,3116.53,3123.04,3015.72,2886.44,2839.1
114931,Mirae Asset Great Consumer Fund,Sectoral/Thematic,4194.07,3903.99,4155.58,4519.65,4751.64,4423.75,4415.23,4668.22
115068,Axis Dynamic Term Fund,Dynamic Bond,1579.83,1368.02,1331.16,1244.55,1198.74,1130.95,1040.4,993.42
115077,Canara Robeco Short Term Fund,Short Duration,346.75,340.22,400.68,475.24,434.25,397.98,309.36,285.76
115092,ICICI Prudential Ultra Short term Fund,Ultra Short Duration,14019.02,13541.77,15429.26,17042.6,18409.46,16807.48,15511.9,15758.96
115116,HSBC Brazil Fund,FoF Overseas,41.97,50.85,70.73,127.32,270.49,367.76,374.9,353.14
115270,Union Flexi Cap Fund,Flexi Cap,2277.04,2132.14,2258.31,2362.15,2403.56,2300.81,2288.41,2404.42
115398,Union Liquid Fund,Liquid,4602.39,4759.68,4585.19,5285.12,6627.44,7150.45,8286.4,7522.5
115676,SBI GOLD FUND,FoF Domestic,2466.3,3115.63,4090.53,5220.16,9205.07,14393.97,15931.39,16897.41
115833,ICICI Prudential Gold ETF FOF,FoF Domestic,1310.98,1678.51,2131.36,2595.99,3977.39,5962.17,6564.25,6849.78
115897,Axis Gold Fund,FoF Domestic,677.5,838.35,1060.22,1269.41,1920.58,2764.94,2975.08,3074.41
115934,HDFC Gold ETF Fund of Fund,FoF Domestic,2690.97,3204.25,4016.66,4940.49,7574.36,10859.22,11636.64,11865.42
115942,Tata Retirement Savings Fund-Progressive Plan,Retirement,2109.05,1936.96,2030.58,2101.81,2110.04,2006.99,2087.12,2211.17
115943,Tata Retirement Savings Fund-Moderate Plan,Retirement,2175.04,2022.01,2106.81,2164.28,2172.66,2062.58,2111.6,2212.48
115944,Tata Retirement Savings Fund-Conservative Plan,Retirement,174.92,171.43,175.17,177.28,174.45,168.13,164.74,169.19
115991,Groww Liquid Fund,Liquid,310.92,164.14,204.39,301.31,173.4,177.11,265.59,364.82
116051,Union ELSS Tax Saver Fund (Formerly Union Tax Saver (ELSS) Fund,ELSS,940.18,852.05,882.67,913.91,915.11,859.96,836.87,859.27
116077,Invesco India Gold ETF Fund of Fund,FoF Domestic,96.54,122.25,159.87,194.95,298.89,450.74,483.23,492.18
116471,Axis Gilt Fund,Gilt,788.71,920.32,813.56,657.85,643.1,608.07,431.63,373.07
116485,PGIM India Dynamic Term Fund,Dynamic Bond,107.44,105.31,114.58,109.66,101.45,93.09,83.25,80.44
116547,Groww Large Cap Fund,Large Cap,127.28,118.16,125.05,128.74,131.85,128.93,128.7,134.98
116555,Union Dynamic Term Fund,Dynamic Bond,79.48,78.62,98.39,107.27,105.34,99.78,84.95,63.92
116633,Franklin U. S. Opportunities Equity Active Fund of Funds,FoF Overseas,3714.65,3828.2,3680.7,4233.82,4433.0,4479.12,5471.42,6003.12
116796,Aditya Birla Sun Life Gold Fund,FoF Domestic,424.51,495.59,611.17,722.31,1121.3,1641.33,1754.38,1770.31
116894,Axis Medium Term Fund,Medium Duration,1946.25,1964.66,1934.19,1916.64,1962.81,2074.11,2084.97,2092.31
117312,Taurus Banking & Financial Services Fund,Sectoral/Thematic,11.07,10.51,11.78,18.81,12.03,11.64,11.39,11.14
117446,Axis Banking and PSU Debt Fund,Banking & PSU,13037.52,12964.09,13323.18,13193.8,13474.42,13007.41,12400.56,12130.43
117549,Baroda BNP Paribas Banking and Financial Services Fund,Sectoral/Thematic,198.89,216.0,263.13,298.97,347.76,379.38,395.11,464.27
117560,Axis Focused Fund,Focused,13495.33,12224.01,12621.39,12610.11,12419.84,11237.87,10764.62,11180.7
117620,ICICI Prudential US Bluechip Equity Fund,Sectoral/Thematic,3297.34,3218.75,2966.56,3283.41,3427.96,3596.3,3583.56,3882.65
117691,DSP US Specific Equity Omni FoF,FoF Overseas,868.03,876.95,834.18,986.72,1062.47,1084.33,1239.99,1279.47
117716,Kotak Credit Risk Fund,Credit Risk,751.44,729.37,705.63,691.63,719.46,705.95,741.58,772.05
117981,UTI - Credit Risk Fund.,Credit Risk,320.25,299.52,285.59,275.11,260.27,256.93,252.28,251.31
118232,Invesco India Banking and PSU Debt Fund,Banking & PSU,101.22,100.4,104.29,175.44,174.99,128.58,96.07,85.53
118902,HSBC Liquid Fund,Liquid,19636.53,21298.32,21283.61,18668.88,17609.51,18231.49,19604.15,23171.33
118907,HSBC Liquid Fund,Liquid,19636.53,21298.32,21283.61,18668.88,17609.51,18231.49,19604.15,23171.33
120576,SBI CONSUMPTION OPPORTUNITIES FUND,Sectoral/Thematic,3059.69,2905.15,3053.97,3190.14,3219.2,2939.57,2866.53,2859.29
120577,SBI TECHNOLOGY OPPORTUNITIES FUND,Sectoral/Thematic,4553.14,4472.15,4390.99,4787.09,5039.17,4654.84,4210.13,4412.07
121280,Bandhan Banking and PSU Debt Fund,Banking & PSU,13473.98,13387.68,13533.73,13332.84,12884.38,12499.1,12156.01,12057.52
122387,Motilal Oswal Focused Fund,Focused,1910.54,1459.58,1464.34,1517.46,1518.17,1439.27,1527.48,1756.99
122612,360 ONE Dynamic Term Fund,Dynamic Bond,749.23,721.37,699.2,659.55,643.28,619.63,584.05,565.45
122640,Parag Parikh Flexi Cap Fund,Flexi Cap,84268.82,89450.26,101514.09,115449.0,127790.27,133447.85,140659.71,147064.47
122644,Aditya Birla Sun Life Floating Interest Rates Fund,Floater,13100.09,13143.29,13492.0,13524.86,13142.96,13408.85,13478.89,13186.8
122711,360 ONE Dynamic Term Fund,Dynamic Bond,749.23,721.37,699.2,659.55,643.28,619.63,584.05,565.45
123651,ICICI Prudential Global Stable Equity Fund (FOF),FoF Overseas,119.62,114.17,101.05,91.28,89.16,86.99,87.48,92.23
123690,Kotak Banking and PSU Debt Fund,Banking & PSU,5713.57,5738.87,6110.86,5887.13,5703.6,5429.7,5074.1,4927.74
123708,Groww Short Term Fund,Short Duration,56.79,62.78,76.33,139.88,134.1,101.29,93.13,94.88
124172,DSP Banking and PSU Debt Fund,Banking & PSU,3015.4,3100.77,3885.96,4694.02,4147.01,3690.75,3373.37,3150.38
124233,Motilal Oswal Ultra Short Term Fund,Ultra Short Duration,432.51,509.08,556.79,586.39,565.6,469.14,392.16,500.55
125259,360 ONE Liquid Fund,Liquid,769.92,1012.8,861.02,958.22,956.42,1218.31,1005.92,727.99
125305,PGIM India Midcap Fund,Mid Cap,11209.15,10323.98,10849.07,11555.16,11473.76,10714.88,10741.24,11037.17
125350,Axis Small Cap Fund,Small Cap,24304.5,22722.74,24233.42,26264.83,26706.51,25598.56,27535.35,30704.89
125494,SBI SMALL CAP FUND,Small Cap,33388.46,30729.77,33006.71,35901.07,36269.3,34486.32,37116.5,41386.38
125498,SBI BANKING & PSU DEBT FUND,Banking & PSU,3779.48,3814.24,4035.5,4093.49,4177.49,4037.27,3891.41,3865.19
125595,Aditya Birla Sun Life Banking and Financial Services Fund,Sectoral/Thematic,3262.58,3089.72,3447.17,3497.97,3637.54,3585.27,3522.6,3628.95
125713,Shriram Aggressive Hybrid Fund,Aggressive Hybrid,49.65,45.71,47.46,48.44,49.66,49.01,48.93,50.89
126351,Invesco India - Invesco Pan European Equity Fund of Fund,FoF Overseas,34.34,35.64,43.42,72.88,109.31,159.64,194.81,226.8
126394,DSP Dynamic Asset Allocation Fund,Balanced Advantage,3213.83,3170.98,3348.11,3509.54,3652.38,3689.67,3684.95,3791.95
126687,Canara Robeco Corporate Bond Fund,Corporate Bond,134.99,124.01,117.24,115.14,112.76,110.16,108.33,105.92
126939,UTI Banking & PSU Debt Fund,Banking & PSU,814.43,808.02,795.78,811.96,830.35,1085.14,1190.06,1449.6
127073,HSBC Asia Pacific (Ex Japan) Dividend Yield Fund,FoF Overseas,7.81,8.57,12.03,28.07,67.19,65.29,73.03,79.57
127849,BANK OF INDIA BALANCED ADVANTAGE FUND,Balanced Advantage,135.42,130.0,136.64,141.21,144.26,145.01,155.92,175.38
128009,Kotak Medium Term Fund,Medium Duration,1811.91,1870.08,1916.46,1854.08,2042.36,1978.2,1830.62,1915.74
128053,HDFC Credit Risk Fund,Credit Risk,7430.53,7272.88,7146.96,6997.18,7002.74,6875.33,7326.78,7666.32
128628,HDFC Banking and PSU Debt Fund,Banking & PSU,5845.0,5871.71,6048.66,5916.19,5829.41,5581.13,5270.25,5200.22
129006,Franklin India Banking & PSU Debt Fund,Banking & PSU,578.98,579.58,546.2,523.21,493.4,479.47,533.74,576.51
129048,Motilal Oswal Flexi Cap Fund,Flexi Cap,12528.98,11954.79,12736.7,13835.27,14167.21,13026.83,12835.9,13798.8
129065,HSBC Aggressive Hybrid Active FOF (erstwhile HSBC Managed Solutions India - Growth fund),FoF Domestic,42.16,38.62,39.81,41.88,43.81,43.68,44.78,47.66
129187,Invesco India - Invesco Global Equity Income Fund of Fund,FoF Overseas,25.21,29.68,38.7,87.25,175.37,219.93,269.84,307.68
129191,HSBC Multi Asset Active FOF (erstwhile HSBC Managed Solutions India - Moderate Fund),FoF Domestic,59.33,55.94,57.98,62.88,70.76,85.36,95.86,110.71
129195,HSBC Income Plus Arbitrage Active FOF (erstwhile HSBC Managed Solution India - Conservative Plan),FoF Domestic,22.24,22.42,267.71,594.22,680.62,593.47,547.44,533.47
129213,Sundaram Infrastructure Advantage Fund (Erstwhile Sundaram Capex Opportunities),Sectoral/Thematic,1000.08,880.18,920.5,958.92,954.16,927.25,975.74,971.67
129310,ICICI Prudential Dividend Yield Fund,Dividend Yield,4845.55,4776.84,5295.46,5804.12,6249.85,6359.38,6470.45,6660.47
129647,Union Small Cap Fund,Small Cap,1647.14,1465.04,1526.65,1697.86,1761.59,1721.24,2026.62,2544.4
130037,Nippon India Medium Term Fund (Existing Number of Segregated Portfolios - 1),Medium Duration,116.67,107.29,101.47,108.79,129.37,138.95,146.41,148.45
130205,Edelweiss Arbitrage Fund,Arbitrage,12248.98,13283.45,14632.13,15758.79,16631.79,15515.64,14862.77,14904.05
130309,Axis Credit Risk Fund,Credit Risk,420.83,393.82,363.83,365.88,366.47,362.43,354.86,383.97
130492,DSP Income Plus Arbitrage Omni FoF,FoF Domestic,54.29,59.92,595.98,1535.21,1896.35,1697.81,1480.03,1576.71
130496,HDFC Large & Mid Cap Fund,Large & Mid Cap,23901.07,22826.14,24830.28,26724.87,28475.06,28024.81,28338.57,29864.25
130502,HDFC Small Cap Fund,Small Cap,33628.1,30631.34,32523.29,36724.23,37855.3,36609.0,38667.22,41670.43
130533,HDFC Income Plus Arbitrage Active FOF,FoF Domestic,48.99,49.3,460.12,1475.46,2189.75,2371.36,2422.52,2583.39
130721,Invesco India Credit Risk Fund,Credit Risk,141.76,141.85,148.01,151.95,154.07,159.25,160.29,166.29
130771,Axis Arbitrage Fund,Arbitrage,5617.89,5842.22,6480.03,7299.07,8020.84,8916.95,9734.55,10421.76
130863,Nippon India Japan Equity Fund,Sectoral/Thematic,264.06,267.92,263.01,277.45,284.96,289.56,330.2,347.48
131051,ICICI Prudential 10 year Constant Maturity Gilt Fund,Gilt 10Y Constant Duration,2517.29,2502.49,2526.74,2426.82,2580.7,2521.31,2144.46,1991.26
131297,DSP 10 year Constant Maturity Gilt Fund,Gilt 10Y Constant Duration,56.14,57.07,59.78,57.02,52.94,54.17,47.55,42.15
131357,BANDHAN Balanced Advantage Fund,Balanced Advantage,2279.65,2195.2,2252.29,2290.77,2313.02,2219.72,2198.37,2267.44
131372,Kotak Equity Savings Fund,Equity Savings,7935.51,8055.18,8203.73,8523.62,9236.65,9703.67,10023.35,10517.78
131578,360 ONE Focused Fund,Focused,7558.77,6714.12,7128.21,7444.09,7355.36,6778.36,6544.44,6688.52
131666,Aditya Birla Sun Life Balanced Advantage Fund,Balanced Advantage,7443.93,7195.56,7604.49,8235.16,8698.21,8922.33,9210.9,9894.88
131864,Aditya Birla Sun Life Multi Asset Omni FoF,FoF Domestic,186.27,188.1,209.43,232.69,267.82,333.05,397.34,455.95
131896,Aditya Birla Sun Life Income Plus Arbitrage Active FOF,FoF Domestic,12.06,15.66,464.11,1280.25,1329.77,1173.87,1069.91,1055.79
132005,Aditya Birla Sun Life Global Excellence Equity Fund Of Fund,FoF Overseas,200.77,205.98,195.03,218.76,226.28,206.24,219.73,227.31
132138,Aditya Birla Sun Life Global Emerging Opportunities Fund,FoF Overseas,245.34,248.39,230.27,249.87,256.65,254.84,289.28,286.44
132174,Aditya Birla Sun Life Aggressive Hybrid Omni FOF,FoF Domestic,36.49,35.09,36.83,37.89,39.37,40.27,41.18,44.28
132178,Aditya Birla Sun Life Conservative Hybrid Active FOF,FoF Domestic,18.72,15.87,15.59,16.07,16.77,16.85,17.11,18.05
132180,Aditya Birla Sun Life Dynamic Asset Allocation Omni FOF,FoF Domestic,218.01,205.97,217.76,226.28,231.63,229.72,231.92,243.25
132757,Tata ELSS - Tax Saver Fund,ELSS,4698.49,4327.92,4479.9,4596.83,4720.63,4551.26,4499.67,4659.9
132987,Franklin India Income Plus Arbitrage Active Fund of Funds,FoF Domestic,59.99,62.08,68.71,68.29,93.02,117.52,134.24,141.57
132998,Aditya Birla Sun Life Equity Savings Fund,Equity Savings,638.13,647.49,643.91,847.36,947.15,1051.15,1096.58,1126.13
133036,Kotak Aggressive Hybrid Fund,Aggressive Hybrid,6750.24,6669.63,7221.94,7948.58,8406.59,8413.19,8650.46,9212.32
133385,Motilal Oswal ELSS Tax Saver Fund,ELSS,4202.63,3816.01,4090.57,4400.45,4438.48,4186.24,4626.85,4948.13
133513,Aditya Birla Sun Life Manufacturing Equity Fund,Sectoral/Thematic,1204.84,1090.36,1026.83,1074.28,1098.71,1073.58,1164.63,1334.79
133565,Nippon India Retirement Fund- Wealth Creation Scheme,Retirement,3342.42,3040.14,3136.85,3221.94,3226.42,3084.98,3037.03,3100.27
133572,Nippon India Retirement Fund- Income Generation Scheme,Retirement,158.46,152.32,155.0,153.11,150.11,144.89,141.42,143.21
133711,LIC MF Large & Mid Cap Fund,Large & Mid Cap,3127.28,2850.22,2970.82,3091.59,3120.39,2983.5,2976.85,3123.85
133782,Kotak Corporate Bond Fund,Corporate Bond,14173.06,14245.29,16094.66,17646.46,18855.22,17158.58,16127.63,15006.05
133796,Kotak Infrastructure and Economic Reform Fund,Sectoral/Thematic,2412.46,2143.0,2275.35,2392.32,2379.87,2257.45,2352.92,2443.64
133805,Kotak Ultra Short to Short Term Fund,Low Duration,11439.26,11971.93,12771.13,13958.67,15091.26,15281.97,14530.54,12174.04
133836,PGIM India Flexi Cap Fund,Flexi Cap,6414.29,5948.1,6164.4,6313.26,6350.05,5954.88,5757.94,5867.16
133858,SBI BANKING & FINANCIAL SERVICES FUND,Sectoral/Thematic,6483.44,6592.34,7769.72,8563.3,9519.89,10292.15,10443.95,10818.37
133867,BANK OF INDIA CREDIT RISK FUND,Credit Risk,114.73,113.18,109.41,106.01,106.6,105.72,94.09,77.11
133926,DSP Ultra Short to Short Term Fund,Low Duration,5445.89,4971.01,5100.28,5818.94,6183.62,5544.06,4796.72,4559.88
134016,LIC MF Banking and Financial Services Fund,Sectoral/Thematic,262.28,243.22,267.38,275.33,283.48,272.37,261.03,270.75
134383,Aditya Birla Sun Life Credit Risk Fund,Credit Risk,928.67,945.09,989.52,1030.17,1081.2,1154.91,1337.37,1569.18
134499,UTI Medium Term Fund,Medium Duration,40.32,39.21,40.27,40.4,40.41,38.54,36.6,36.59
134545,Nippon India Banking and PSU Debt Fund,Banking & PSU,5514.14,5707.69,5867.65,5617.51,5517.56,5364.68,5180.49,5175.12
134593,Nippon India Equity Savings Fund (Existing number of Segregated Portfolios - 2),Equity Savings,735.45,715.29,716.91,781.91,893.92,915.13,847.99,789.17
134644,SBI EQUITY SAVINGS FUND,Equity Savings,5752.23,5674.79,5498.59,5773.05,6029.9,5752.05,5671.51,5539.41
134815,Mirae Asset Aggressive Hybrid Fund,Aggressive Hybrid,9082.41,8563.05,8921.4,9186.17,9411.36,9344.12,9308.76,9512.39
134922,Nippon India US Equity Opportunities Fund,Sectoral/Thematic,705.87,715.62,662.99,709.31,721.84,713.14,741.03,794.18
135122,Axis Equity Savings Fund,Equity Savings,1008.44,955.91,941.6,941.47,931.28,900.59,867.06,880.97
135343,Groww Value Fund,Value,45.61,45.34,53.08,60.75,66.09,65.73,67.73,75.21
135598,PGIM India ELSS Tax Saver Fund,ELSS,770.63,739.31,764.56,779.86,777.48,721.39,694.87,714.73
135678,Navi Large & Midcap Fund,Large & Mid Cap,319.24,296.11,309.01,318.53,316.97,299.92,301.45,310.38
135759,Axis Children's Fund,Children's,902.58,858.45,891.65,908.6,923.45,893.92,878.01,898.83
135766,Axis Children's Fund,Children's,902.58,858.45,891.65,908.6,923.45,893.92,878.01,898.83
135784,Mirae Asset ELSS Tax Saver Fund,ELSS,25335.24,23718.45,25052.34,26170.12,26982.82,25789.69,25328.36,26128.14
135794,Tata Banking & Financial Services Fund,Sectoral/Thematic,2370.34,2332.41,2760.42,2903.39,3147.0,3161.13,3059.56,3210.96
135797,Tata Digital India Fund,Sectoral/Thematic,12564.78,11970.96,11341.14,11707.29,11970.9,10858.82,9654.37,9957.05
135804,Tata India Consumer Fund,Sectoral/Thematic,2422.29,2248.82,2348.4,2517.93,2649.16,2489.72,2575.22,2819.5
135812,Tata India Pharma & Healthcare Fund,Sectoral/Thematic,1213.88,1194.43,1223.26,1319.82,1325.88,1277.68,1358.76,1534.43
135815,Tata Resources & Energy Fund,Sectoral/Thematic,1042.21,995.88,1101.16,1185.75,1207.28,1218.77,1339.77,1417.39
135914,BANDHAN Corporate Bond Fund,Corporate Bond,13964.42,13988.24,15173.22,15893.51,15619.31,14569.88,13647.66,13652.64
136090,HDFC Retirement Fund - Equity Plan,Retirement,6027.2,5845.58,6327.64,6677.95,6975.86,6860.97,6717.52,6923.34
136463,HDFC Retirement Fund - Hybrid-Equity Plan,Retirement,1583.89,1538.72,1624.03,1681.66,1731.23,1682.72,1609.57,1603.24
136466,HDFC Retirement Fund - Hybrid-Debt Plan,Retirement,162.02,157.38,161.17,161.3,161.34,159.45,152.69,147.04
136563,DSP Equity Savings Fund,Equity Savings,2189.29,2455.09,2852.67,3537.65,3879.09,3787.59,3531.84,3334.43
138288,PGIM India Liquid Fund,Liquid,498.3,398.11,466.34,539.44,540.55,588.74,674.4,1189.85
138308,PGIM India Large Cap Fund,Large Cap,596.13,561.5,592.39,605.8,603.23,562.48,538.67,534.81
138318,PGIM India Corporate Bond Fund,Corporate Bond,95.47,94.31,90.82,88.88,87.49,83.87,83.52,85.5
138343,PGIM India Ultra Short Term Fund,Ultra Short Duration,238.43,208.5,198.87,201.56,201.76,167.64,167.22,198.2
138372,PGIM India Equity Savings Fund,Equity Savings,84.79,70.0,71.29,72.62,68.49,65.34,60.31,59.05
138382,PGIM India Aggressive Hybrid Equity Fund,Aggressive Hybrid,212.07,205.01,211.44,217.45,217.11,206.16,202.27,203.37
138453,PGIM India Emerging Markets Equity Fund of Fund,FoF Overseas,97.84,97.11,142.3,419.03,904.85,1176.31,1407.69,1399.47
138470,PGIM India Gilt Fund,Gilt,116.14,114.11,116.59,108.88,105.46,99.73,93.42,88.08
138523,PGIM India Global Equity Opportunities Fund of Fund,FoF Overseas,1361.94,1397.19,1337.11,1511.91,1607.87,1533.97,1710.49,1694.1
139529,BANK OF INDIA AGGRESSIVE HYBRID FUND,Aggressive Hybrid,1041.91,1043.8,1147.13,1267.39,1314.33,1328.96,1522.92,1957.89
139537,Mahindra Manulife Liquid Fund,Liquid,1359.51,1357.21,1359.23,1149.73,1101.33,1165.21,1125.75,1391.53
139783,Mahindra Manulife ELSS Tax Saver Fund,ELSS,934.38,883.28,931.94,957.14,971.72,925.65,878.08,887.63
139870,Motilal Oswal Balanced Advantage Fund,Balanced Advantage,1198.4,978.05,904.42,993.83,937.2,787.77,731.18,731.24
139889,Franklin India Liquid Fund,Liquid,2369.62,2358.77,3143.91,3425.91,3292.16,3569.5,4134.22,6056.75
139891,Franklin India Liquid Fund,Liquid,2369.62,2358.77,3143.91,3425.91,3292.16,3569.5,4134.22,6056.75
140172,Edelweiss Large & Mid Cap Fund,Large & Mid Cap,3729.5,3555.83,3815.89,4120.46,4373.39,4400.84,4537.33,4805.86
140182,Edelweiss Liquid Fund,Liquid,5948.7,6474.35,7357.84,8642.92,10337.17,10386.65,13834.46,13845.55
140225,Edelweiss Mid Cap Fund,Mid Cap,8059.48,8225.38,9647.72,11358.5,12876.76,13903.03,16309.98,19084.3
140229,Edelweiss Money Market Fund,Money Market,1118.75,1428.69,1727.14,2030.82,1912.44,2668.09,2395.66,2302.35
140242,Edelweiss Greater China Equity Off-shore Fund,FoF Overseas,1623.91,1798.3,1790.86,2185.5,2518.51,2712.8,3116.01,3058.61
140255,Edelweiss ASEAN Equity Off-shore Fund,FoF Overseas,93.98,99.7,101.74,122.48,131.59,141.79,148.53,160.83
140273,Edelweiss US Value Equity Offshore Fund,FoF Overseas,130.47,166.86,162.08,173.95,185.26,200.12,219.87,245.82
140283,Edelweiss Banking and PSU Debt Fund,Banking & PSU,269.97,266.58,267.77,271.46,412.25,492.22,2277.31,3117.14
140295,Edelweiss Europe Dynamic Equity Offshore Fund,FoF Overseas,75.0,90.39,103.53,140.07,178.27,213.22,244.04,277.27
140297,Edelweiss Gilt Fund,Gilt,191.91,172.97,177.31,169.84,158.92,148.14,133.61,126.5
140328,Edelweiss Emerging Markets Opportunities Equity Offshore Fund,FoF Overseas,116.94,118.56,119.43,137.27,162.35,189.16,234.46,268.3
140351,Edelweiss Equity Savings Fund,Equity Savings,541.23,569.68,620.13,803.22,1071.33,1238.58,1344.28,1592.44
140355,Edelweiss Flexi Cap Fund,Flexi Cap,2428.01,2345.6,2582.28,2814.66,3025.21,3120.06,3341.37,3616.44
140381,Bandhan Aggressive Hybrid Fund,Aggressive Hybrid,804.64,791.03,878.73,1118.91,1417.25,1670.98,1976.35,2496.1
140447,Mahindra Manulife Equity Savings Fund,Equity Savings,574.53,558.49,563.6,554.16,550.62,548.83,528.21,531.32
140609,BANDHAN CREDIT RISK FUND,Credit Risk,304.06,289.11,283.01,267.75,253.64,239.86,229.86,225.56
140620,Mahindra Manulife Ultra Short to Short Term Fund,Low Duration,576.11,621.6,598.73,629.35,613.55,574.24,548.25,528.53
140771,Mirae Asset Dynamic Term Fund,Dynamic Bond,130.85,118.39,119.55,119.28,116.84,116.55,116.21,116.11
141061,Quantum Dynamic Term Fund,Dynamic Bond,113.77,133.28,129.54,118.92,118.34,103.49,86.32,87.67
141063,Quantum Diversified Equity All Cap Active FOF,FoF Domestic,128.97,119.55,125.29,129.55,132.78,128.55,126.31,135.13
141064,Quantum Gold ETF FOF,FoF Domestic,139.9,165.19,201.78,245.79,355.59,479.7,516.64,553.22
141066,Quantum Liquid Fund,Liquid,509.66,539.27,538.02,544.89,549.15,570.74,525.83,545.69
141068,Quantum Value Fund,Value,1188.53,1126.1,1166.07,1195.4,1205.77,1149.36,1107.06,1114.2
141070,Quantum ELSS Tax Saver Fund,ELSS,213.88,208.19,216.78,222.28,225.44,216.48,207.65,208.56
141072,Quantum Multi Asset Active FOF,FoF Domestic,59.89,60.29,65.12,67.52,72.61,76.86,77.04,78.43
141224,Mahindra Manulife Multi Cap Fund,Multi Cap,4851.73,4738.72,5255.15,5759.82,6032.64,6044.57,6527.05,7382.76
141247,Union Largecap Fund,Large Cap,439.7,420.3,442.92,457.45,474.27,447.7,436.06,433.92
141593,AXIS Corporate Bond Fund,Corporate Bond,6053.03,6129.96,7631.41,9468.61,9675.02,8673.18,8488.37,7770.45
141644,Axis Balanced Advantage Fund,Balanced Advantage,2584.44,2669.51,3040.98,3484.25,3748.9,3757.97,3758.52,3812.11
141862,Groww ELSS Tax Saver Fund,ELSS,49.91,45.71,48.95,52.39,52.95,50.64,49.82,50.86
141875,DSP Nifty 50 Equal Weight Index Fund,Index - Equity,1902.18,1914.14,2098.84,2250.91,2382.78,2412.75,2537.03,2647.34
141923,HDFC Housing Opportunities Fund,Sectoral/Thematic,1441.25,1254.49,1297.64,1322.73,1296.94,1231.58,1190.88,1166.31
141927,Axis Flexi Cap Fund,Flexi Cap,12911.71,11938.06,12552.93,13121.65,13219.12,12577.4,12650.1,13587.9
142035,Union Balanced Advantage Fund,Balanced Advantage,1465.52,1367.53,1375.09,1371.4,1363.25,1290.42,1230.85,1222.35
142109,Mahindra Manulife Mid Cap Fund,Mid Cap,3433.22,3300.36,3655.51,3986.89,4193.54,4305.41,4746.57,5252.11
142282,DSP Arbitrage fund,Arbitrage,6025.44,6066.0,6329.25,6073.61,6515.44,6862.63,6459.93,6692.81
142383,Edelweiss Recently Listed IPO Fund,Sectoral/Thematic,967.64,879.12,868.07,936.68,951.75,879.16,983.09,1180.72
142642,Mirae Asset Short Term Fund,Short Duration,357.84,345.61,645.82,906.31,683.03,574.24,562.42,525.83
143162,Navi Aggressive Hybrid Fund,Aggressive Hybrid,120.17,116.06,121.29,123.85,124.07,110.38,110.97,116.29
143239,Union Corporate Bond Fund,Corporate Bond,266.19,306.8,362.0,490.63,586.83,583.75,457.6,299.71
143260,Parag Parikh Liquid Fund,Liquid,2418.56,2376.93,3300.08,3924.64,4509.36,4734.23,5384.17,6724.8
143340,UTI - Nifty Next 50 Index Fund,Index - Equity,4831.78,4570.89,5156.25,5589.1,5920.9,6030.44,6630.24,7368.3
143464,Baroda BNP Paribas Ultra Short Term Fund,Ultra Short Duration,1284.59,1345.67,1462.02,1447.21,1148.61,723.42,720.83,679.39
143493,Nippon India Ultra Short Term Fund,Ultra Short Duration,7877.05,7550.2,8569.16,10698.37,12700.99,10662.37,10923.49,11899.38
143536,Invesco India Aggressive Hybrid Fund,Aggressive Hybrid,567.09,593.05,677.97,767.53,820.65,787.2,763.47,776.1
143607,JM Ultra Short to Short Term Fund,Low Duration,229.88,227.46,235.48,227.36,192.86,213.16,225.45,222.76
143620,BANK OF INDIA ARBITRAGE FUND,Arbitrage,39.79,43.14,43.82,44.96,42.67,47.86,47.28,124.98
143702,Nippon India Nivesh Lakshya Long Term Fund,Long Duration,9088.74,9496.91,9915.44,9700.09,9499.01,8375.35,7009.19,6197.51
143785,Mirae Asset Healthcare Fund,Sectoral/Thematic,2758.38,2642.53,2674.53,2841.3,2806.95,2756.3,3016.58,3457.59
143787,Navi Flexi Cap Fund,Flexi Cap,267.27,242.96,249.33,256.74,262.1,254.49,264.42,291.86
144171,BANDHAN ULTRA SHORT TERM FUND,Ultra Short Duration,3801.95,3820.88,4442.24,4312.54,4447.52,3724.33,4511.22,4383.75
144310,Union Equity Savings Fund,Equity Savings,135.28,134.08,137.13,146.89,141.5,142.47,141.08,119.39
144333,Kotak Balanced Advantage Fund,Balanced Advantage,16937.74,16424.57,17072.1,17558.8,17853.64,17361.68,17125.23,17304.44
144345,UTI - Corporate Bond Fund,Corporate Bond,4704.85,4840.32,5359.72,5700.59,5652.61,5410.8,5315.86,4753.48
144393,Axis Aggressive Hybrid Fund,Aggressive Hybrid,1621.72,1511.39,1551.49,1561.3,1565.99,1489.7,1442.19,1462.07
144401,Mahindra Manulife Dynamic Term Fund,Dynamic Bond,73.4,78.36,94.59,108.79,93.71,75.17,59.12,51.17
144461,Franklin India Equity Savings Fund,Equity Savings,718.26,651.71,670.8,664.77,687.7,668.51,627.88,589.87
144484,UTI - Equity Savings Fund,Equity Savings,627.47,649.57,680.58,719.78,773.53,819.81,821.56,832.66
144548,Tata Flexi Cap Fund,Flexi Cap,2986.92,2849.48,3181.99,3437.57,3628.87,3614.55,3609.76,3656.38
144644,DSP Corporate Bond Fund,Corporate Bond,2540.58,2669.7,2657.84,2731.83,2801.86,3298.54,3035.65,2840.41
144759,Axis Ultra Short Term Fund,Ultra Short Duration,6022.43,5665.59,6076.33,6670.91,6504.87,5667.75,5611.86,5786.73
144838,Sundaram Services Fund,Sectoral/Thematic,3920.59,3731.88,4074.71,4414.13,4697.03,4605.31,4686.19,5169.92
144902,Shriram Flexi Cap Fund,Flexi Cap,140.29,130.97,134.08,136.71,136.79,129.8,129.2,131.19
145040,HDFC Ultra Short Term Fund,Ultra Short Duration,14724.47,14370.6,16047.22,17856.13,17886.29,17369.61,16766.09,17066.86
145042,Sundaram Money Market Fund,Money Market,456.63,715.56,1278.5,2045.05,2047.88,2092.68,1772.23,1546.65
145112,Axis Large & Mid Cap Fund,Large & Mid Cap,14088.54,13307.51,13984.71,14915.61,15444.62,15194.64,15696.49,16880.62
145139,Invesco India Small Cap Fund,Small Cap,5644.23,5778.28,6532.97,7815.1,8804.49,9361.71,11495.76,15128.88
145208,Tata Small Cap Fund,Small Cap,9488.6,8980.03,10067.89,11561.98,11523.41,10667.49,11525.29,12994.99
145287,UTI Floating Interest Rates Fund,Floater,1402.78,1437.34,1177.09,1022.54,1075.05,1171.73,1160.9,1109.3
145355,Mahindra Manulife Consumption Fund,Sectoral/Thematic,410.34,434.04,485.81,527.21,559.57,511.68,494.42,490.91
145387,Baroda BNP Paribas Balanced Advantage Fund,Balanced Advantage,4178.21,4026.62,4207.68,4402.02,4598.07,4664.93,4797.84,5203.98
145456,DSP Healthcare Fund,Sectoral/Thematic,3188.57,3139.18,2935.14,3142.91,3140.42,2990.46,3217.72,3720.95
145471,Union Value Fund,Value,297.2,284.73,308.43,337.01,361.98,364.47,374.67,393.92
145481,ADITYA BIRLA SUN LIFE OVERNIGHT FUND,Overnight,8466.81,9569.45,8791.83,8847.41,9740.59,11330.19,9694.51,11052.77
145535,ICICI Prudential Overnight Fund,Overnight,10309.88,11869.83,10871.03,12310.87,13616.77,13499.96,13785.92,14371.05
145590,Groww Dynamic Term Fund,Dynamic Bond,53.44,58.7,66.37,78.64,78.92,61.66,37.61,28.65
145605,Groww Aggressive Hybrid Fund,Aggressive Hybrid,45.99,44.17,46.12,48.59,50.23,49.48,50.02,52.45
145677,BANK OF INDIA SMALL CAP FUND,Small Cap,1576.08,1535.55,1730.35,1930.84,1969.45,1864.93,2235.24,3104.8
145695,Mirae Asset Equity Savings Fund,Equity Savings,1363.2,1351.99,1421.46,1603.35,1766.39,1881.8,1935.7,2018.48
145723,Tata Arbitrage Fund,Arbitrage,12490.93,12808.26,14414.63,17747.85,19906.68,20693.37,22701.41,24690.88
145811,Nippon India Overnight Fund,Overnight,8347.42,8145.65,8014.3,8377.79,8317.28,7827.56,8029.5,8743.48
145820,Shriram ELSS Tax Saver Fund,ELSS,54.66,48.0,48.59,48.97,49.41,46.93,46.0,47.2
145890,LIC MF Arbitrage Fund,Arbitrage,208.69,349.56,202.89,184.61,274.64,264.53,249.64,293.38
145952,LIC MF Short Term Fund,Short Duration,109.1,118.05,213.04,164.48,225.71,226.06,138.4,127.06
145968,WhiteOak Capital Liquid Fund,Liquid,286.49,343.46,440.24,581.31,555.98,602.08,603.22,711.85
146007,Tata Balanced Advantage Fund,Balanced Advantage,10295.14,10009.12,10161.75,10013.0,9819.94,9375.18,8941.75,8604.01
146061,DSP Overnight Fund,Overnight,2620.25,2517.4,1961.71,2002.56,3064.22,3252.85,2762.96,3305.58
146070,Tata Ultra Short Term Fund,Ultra Short Duration,3477.93,4875.4,4775.42,4833.83,5631.29,4630.44,5449.39,6338.65
146127,Canara Robeco Small Cap Fund,Small Cap,12420.19,11245.6,11970.64,12984.98,13098.28,12555.87,13290.56,14356.36
146142,Kotak Overnight Fund,Overnight,6858.8,6726.91,7350.59,8793.31,8044.27,8906.12,8755.24,9689.62
146187,BANDHAN Overnight Fund,Overnight,1394.32,932.48,966.3,1104.14,1353.35,1041.1,1040.81,1256.3
146193,Edelweiss Small Cap Fund,Small Cap,4312.02,4058.45,4434.62,5016.18,5288.18,5358.58,6047.61,6985.56
146207,SBI Corporate Bond Fund,Corporate Bond,20582.23,20649.15,24014.31,25279.46,24977.76,22739.67,21850.69,22135.55
146294,Union Arbitrage Fund,Arbitrage,235.91,240.05,302.17,312.5,286.21,279.35,243.13,233.22
146346,ICICI Prudential Retirement Fund Pure Equity Plan,Retirement,1043.13,1039.32,1176.72,1361.96,1546.02,1681.67,1883.86,2118.67
146379,DSP Nifty 50 Index Fund,Index - Equity,653.82,653.8,731.69,830.47,879.05,936.27,1073.74,1104.05
146380,DSP Nifty Next 50 Index Fund,Index - Equity,879.28,861.31,976.45,1072.11,1154.4,1152.97,1273.04,1385.39
146409,ADITYA BIRLA SUN LIFE BAL BHAVISHYA YOJNA,Children's,1096.44,1017.51,1081.47,1143.34,1185.56,1153.5,1174.11,1241.88
146456,Invesco India Equity Savings Fund,Equity Savings,347.16,396.72,409.16,448.33,427.76,359.93,319.9,283.92
146514,Nippon India Nifty Next 50 Junior BeES FoF,FoF Domestic,514.44,489.46,562.12,601.28,636.43,667.83,745.5,828.02
146551,Mahindra Manulife Large Cap Fund,Large Cap,587.76,583.63,663.34,713.79,740.4,726.69,695.45,694.11
146577,Aditya Birla Sun Life Retirement Fund-The 30s Plan,Retirement,403.76,367.03,389.89,414.38,426.83,416.29,437.53,476.41
146644,SBI Equity Minimum Variance Fund,Sectoral/Thematic,219.15,208.27,215.79,224.87,226.1,212.09,208.13,208.53
146678,Axis Overnight Fund,Overnight,9959.76,10287.53,10761.18,10846.33,11003.3,12829.89,12334.39,11655.22
146717,ICICI Prudential Retirement Fund Hybrid Conservative Plan,Retirement,78.1,76.06,80.31,82.87,88.3,91.02,91.73,96.56
146722,ICICI Prudential Retirement Fund Hybrid Aggressive Plan,Retirement,712.7,735.61,814.27,924.01,1016.46,1095.02,1172.91,1285.65
146726,ICICI Prudential Retirement Fund Pure Debt Plan,Retirement,113.87,106.94,105.88,101.1,95.22,86.47,82.08,80.85
146771,HSBC Large & Mid Cap Fund,Large & Mid Cap,3863.88,3807.26,4025.0,4377.54,4616.28,4569.96,4958.47,5667.52
146929,Aditya Birla Sun Life Retirement Fund-The 40s Plan,Retirement,113.57,107.97,112.91,115.86,116.42,113.12,112.21,114.54
146938,Aditya Birla Sun Life Retirement Fund-The 50s Plan,Retirement,26.11,25.46,26.03,26.4,26.6,26.34,26.56,27.15
146941,Aditya Birla Sun Life Retirement Fund-The 50s Plus-Debt Plan,Retirement,15.62,16.72,17.55,17.41,16.84,16.04,14.08,13.84
146950,ICICI Prudential Bharat Consumption Fund,Sectoral/Thematic,3140.86,3035.92,3127.05,3228.29,3246.45,3051.36,3054.02,3212.41
146959,Sundaram Overnight Fund,Overnight,764.25,817.9,814.63,746.13,642.84,1023.9,1180.09,1742.07
146977,Tata Overnight Fund,Overnight,4926.66,3882.02,4056.2,4400.73,5446.67,5998.46,5353.79,5764.53
146997,Union Overnight Fund,Overnight,343.86,271.16,373.13,518.66,515.81,678.18,845.33,760.09
147153,ITI Liquid Fund,Liquid,72.16,61.2,60.56,69.67,59.42,55.16,51.67,51.67
147184,ITI Multi Cap Fund,Multi Cap,1383.51,1207.85,1201.0,1285.19,1328.47,1301.92,1381.85,1503.2
147193,Baroda BNP Paribas Overnight Fund,Overnight,864.39,811.27,777.86,847.57,959.59,1559.25,1480.06,1460.66
147203,Mirae Asset Focused Fund,Focused,8327.86,7554.88,7730.15,7973.38,7897.55,7044.86,6527.01,6649.15
147213,Franklin India Overnight Fund,Overnight,426.01,505.15,669.27,691.74,860.8,951.28,1108.51,1000.91
147266,Kotak Floating Interest Rates Fund,Floater,3725.75,3315.94,3312.75,3163.51,3027.72,3365.64,3277.02,3390.37
147290,HSBC Overnight Fund,Overnight,2600.62,2968.2,2980.05,4016.23,4159.08,4504.98,4457.28,4744.8
147303,DSP Quant Fund,Sectoral/Thematic,1072.61,993.07,936.22,912.83,913.37,831.93,779.19,759.72
147307,WhiteOak Capital Ultra Short Term Fund,Ultra Short Duration,304.18,364.31,467.9,538.9,557.98,557.29,566.71,556.07
147345,ICICI Prudential MNC Fund,Sectoral/Thematic,1761.4,1635.53,1634.89,1694.2,1732.71,1681.18,1706.75,1783.23
147371,QUANTUM ESG BEST IN CLASS STRATEGY FUND,Sectoral/Thematic,90.5,89.9,99.16,107.49,102.82,95.56,92.18,94.22
147382,Baroda BNP Paribas Money Market Fund,Money Market,408.65,785.24,1558.97,2287.91,4888.39,4717.89,4111.75,3530.76
147405,Shriram Balanced Advantage Fund,Balanced Advantage,59.01,60.41,60.78,58.81,57.49,54.73,48.68,42.9
147407,Aditya Birla Sun Life Pharma and Healthcare Fund,Sectoral/Thematic,870.59,810.68,811.53,854.21,846.4,843.29,931.61,1075.95
147447,Mahindra Manulife Aggressive Hybrid Fund,Aggressive Hybrid,1491.08,1514.63,1668.43,1837.11,2006.77,2130.79,2295.05,2694.57
147454,Groww Overnight Fund,Overnight,32.24,26.49,21.87,56.42,92.57,156.19,153.17,66.7
147477,Kotak Focused Fund,Focused,3556.06,3295.52,3474.34,3686.22,3887.57,3944.3,4109.15,4437.98
147479,Mirae Asset Midcap Fund,Mid Cap,16820.17,15055.72,15839.64,17204.5,18087.66,17697.37,18570.68,20304.74
147482,Parag Parikh ELSS Tax Saver Fund,ELSS,4383.13,4584.66,5194.86,5605.1,5839.58,5712.28,5583.63,5618.74
147490,Union Focused Fund,Focused,422.96,390.24,402.49,424.06,424.78,406.73,421.41,449.15
147494,Baroda BNP Paribas Equity Savings Fund,Equity Savings,252.62,248.69,263.07,265.9,274.5,276.6,276.53,284.77
147519,LIC MF Overnight Fund,Overnight,630.61,945.81,978.87,1017.1,908.11,873.19,1053.59,986.69
147534,Canara Robeco Overnight Fund,Overnight,273.14,394.04,362.3,437.0,429.8,474.61,524.2,664.99
147544,ITI ELSS Tax Saver Fund,ELSS,397.37,368.13,402.12,423.4,436.65,411.58,427.06,457.89
147565,Mahindra Manulife Overnight Fund,Overnight,217.98,223.16,174.46,159.47,112.4,140.95,133.1,146.76
147568,Axis Money Market Fund,Money Market,16938.79,17346.1,17774.81,20208.78,22508.23,22281.85,19508.9,20440.06
147569,Edelweiss Overnight Fund,Overnight,510.33,354.99,291.48,475.37,222.42,214.6,309.87,340.23
147600,PGIM India Overnight Fund,Overnight,67.55,97.58,69.93,82.37,95.23,97.76,93.18,129.28
147618,ITI Arbitrage Fund,Arbitrage,37.55,43.64,48.53,49.74,49.66,54.42,82.74,67.51
147619,Motilal Oswal Nifty Bank Index Fund,Index - Equity,612.4,577.64,630.97,633.05,653.34,656.46,643.61,667.56
147621,Motilal Oswal Nifty Midcap 150 Index Fund,Index - Equity,1967.29,1938.43,2214.8,2543.04,2868.76,3043.82,3482.08,3995.19
147624,Motilal Oswal Nifty Smallcap 250 Index Fund,Index - Equity,834.69,782.72,874.26,989.18,1022.5,985.87,1121.29,1271.03
147626,Motilal Oswal Nifty 500 Index Fund,Index - Equity,2054.19,2017.77,2267.27,2474.21,2694.49,2830.45,2944.85,3114.02
147647,ICICI Prudential Global Advantage Fund (FOF),FoF Domestic,329.74,331.45,316.03,347.59,369.24,383.97,393.62,406.67
147661,ICICI Prudential Commodities Fund,Sectoral/Thematic,2463.55,2497.03,2694.43,2968.57,3184.53,3536.56,3848.19,4145.31
147665,Axis Nifty 100 Index Fund,Index - Equity,1695.47,1661.69,1834.94,1936.46,2007.28,1958.69,1972.86,2077.25
147701,Motilal Oswal Large and Midcap Fund,Large & Mid Cap,7464.51,8387.2,10001.97,12767.43,14846.0,14753.45,17050.14,19326.23
147714,ITI Overnight Fund,Overnight,28.99,24.94,39.0,39.88,43.69,36.69,39.04,21.17
147724,Kotak Pioneer Fund,Sectoral/Thematic,2704.66,2584.67,2718.94,3058.71,3285.35,3258.88,3585.27,4153.03
147734,Mahindra Manulife Ultra Short Term Fund,Ultra Short Duration,225.89,219.74,228.45,221.39,206.32,213.98,209.67,213.79
147739,Mirae Asset Overnight Fund,Overnight,999.37,1145.45,1258.37,1438.11,1829.56,1709.8,1960.87,1984.13
147748,Union Large & Midcap Fund,Large & Mid Cap,853.54,796.55,842.67,900.45,942.37,911.08,926.28,990.73
147760,Tata Focused Fund,Focused,1878.97,1717.93,1769.02,1837.81,1862.48,1782.04,1749.57,1749.88
147770,LIC MF Ultra Short Term Fund,Ultra Short Duration,272.25,338.66,285.49,252.68,221.78,229.4,369.28,645.28
147787,ITI Balanced Advantage Fund,Balanced Advantage,387.14,376.74,391.63,401.71,398.95,378.31,351.78,346.21
147795,Motilal Oswal Nifty 50 Index Fund,Index - Equity,581.82,596.73,684.17,740.56,820.76,844.51,867.63,889.8
147797,Motilal Oswal Nifty Next 50 Index Fund,Index - Equity,304.33,288.93,332.74,363.21,391.46,408.85,456.53,510.58
147823,Axis Retirement Fund - Aggressive Plan,Retirement,926.27,808.78,804.92,778.71,768.19,722.31,696.45,701.9
147828,Axis Retirement Fund - Dynamic Plan,Retirement,388.72,332.99,328.38,319.04,312.35,289.98,280.84,282.12
147832,Axis Retirement Fund - Conservative Plan,Retirement,74.15,63.6,61.17,56.3,54.32,50.07,47.65,46.92
147836,JM Overnight Fund,Overnight,199.29,190.8,120.29,98.29,151.26,98.43,142.98,191.09
147843,Mahindra Manulife Large & Mid Cap Fund,Large & Mid Cap,2549.46,2386.75,2559.06,2697.68,2763.86,2694.84,2699.46,2848.06
147846,Aditya Birla Sun Life PSU Equity Fund,Sectoral/Thematic,5517.7,5039.82,5476.32,5474.34,5604.36,5749.41,5964.68,6010.76
147854,Bharat Bond FOF - April 2030,FoF Domestic,6854.43,6950.91,9351.51,9713.04,9583.14,9281.34,9223.54,8965.15
147878,Invesco India Overnight Fund,Overnight,418.15,606.79,370.48,445.3,561.19,595.02,544.65,537.84
147890,Axis Income Plus Arbitrage Omni FOF,FoF Domestic,141.41,141.76,338.02,1355.56,2033.91,2099.07,2111.27,2204.66
147920,ITI Small Cap Fund,Small Cap,2406.05,2217.09,2403.23,2686.13,2780.71,2671.89,2976.83,3533.26
147929,Axis ESG Integration Strategy Fund,Sectoral/Thematic,1351.81,1226.25,1235.56,1224.09,1214.56,1131.38,1069.22,1062.72
147936,BANK OF INDIA OVERNIGHT FUND,Overnight,127.03,89.44,61.42,67.2,81.15,74.99,81.2,86.44
147944,BANDHAN Small Cap Fund,Small Cap,9001.61,9157.48,11067.32,14543.45,17666.95,19942.62,26012.37,32793.77
148033,ICICI Prudential Diversified Equity All Cap Omni FOF,FoF Domestic,149.85,151.48,173.36,208.65,243.79,266.97,304.9,339.98
148050,Tata Multi Asset Allocation Fund,Multi Asset Allocation,3434.66,3450.76,3735.27,4081.38,4558.16,4869.75,5041.51,5218.71
148064,Edelweiss US Technology Equity Fund of Fund,FoF Overseas,2471.79,2777.88,2634.61,3243.38,3655.42,3486.91,4132.51,4364.66
148071,Union Midcap Fund,Mid Cap,1390.55,1290.68,1391.77,1527.78,1618.03,1602.56,1736.49,1933.46
148159,PGIM India Money Market Fund,Money Market,175.62,174.67,193.22,218.82,203.06,207.02,143.43,126.05
148351,ITI Large Cap Fund,Large Cap,369.23,413.14,524.04,529.68,530.58,502.58,395.1,367.22
148382,Motilal Oswal S&P 500 Index Fund,Index - Equity,3697.59,3762.9,3456.33,3847.07,4059.78,4084.97,4376.87,4580.59
148400,Mirae Asset Arbitrage Fund,Arbitrage,2905.19,2959.89,3212.33,3046.43,3634.22,3763.26,3656.85,3787.87
148405,BANK OF INDIA FLEXI CAP FUND,Flexi Cap,2001.19,1948.91,2058.84,2167.22,2236.01,2167.01,2414.13,2875.98
148409,HSBC Focused Fund,Focused,1776.83,1589.96,1627.62,1686.23,1707.17,1651.56,1677.04,1786.6
148416,Mirae Asset Banking and PSU Debt Fund,Banking & PSU,54.32,48.65,47.29,47.75,45.5,43.78,41.56,39.75
148452,BHARAT Bond FOF- April 2031,FoF Domestic,4630.59,4713.32,4832.73,4791.93,4723.58,4634.14,4583.24,4615.4
148459,Nippon India Multi Asset Allocation Fund,Multi Asset Allocation,4599.45,5032.9,5810.64,6938.89,9208.98,12605.91,15069.42,17454.27
148467,Mahindra Manulife Arbitrage Fund,Arbitrage,108.97,106.96,99.42,93.02,89.09,97.76,116.74,134.27
148471,Baroda BNP Paribas Large and Mid Cap fund,Large & Mid Cap,1479.81,1427.63,1544.82,1626.63,1705.14,1698.13,1728.33,1830.97
148483,Invesco India Focused Fund,Focused,3408.59,3362.62,3805.93,4222.23,4594.31,4833.03,5225.48,6178.75
148486,Axis Global Equity Alpha Fund of Fund,FoF Overseas,829.05,855.77,867.58,1034.07,1266.68,1769.6,2292.25,2470.62
148489,SBI Children's Fund - Investment Plan,Children's,2952.4,3131.06,3503.99,4159.42,4861.75,5230.68,6212.05,7530.5
148502,Mirae Asset Diversified Equity Allocator Passive FOF,FoF Domestic,865.41,837.81,912.41,925.46,951.67,971.19,981.97,969.36
148504,Sundaram Large Cap Fund ( Formerly Know as Sundaram Blue Chip Fund),Large Cap,3483.66,3269.86,3364.53,3371.66,3363.85,3214.76,3047.58,3033.45
148517,ICICI Prudential ESG Exclusionary Strategy Fund,Sectoral/Thematic,1554.94,1436.66,1490.96,1507.86,1511.27,1400.83,1335.08,1344.09
148518,Nippon India Nifty Smallcap 250 Index Fund,Index - Equity,1930.48,1884.39,2160.53,2522.81,2655.07,2653.66,3049.78,3463.17
148530,Mirae Asset Ultra Short-Term Fund,Ultra Short Duration,1558.57,1743.78,1717.68,1707.86,2070.72,1866.99,1666.29,2014.93
148535,ITI Banking & PSU Debt Fund,Banking & PSU,30.64,31.14,35.64,37.26,38.01,37.51,36.71,33.68
148537,Aditya Birla Sun Life Special Opportunities Fund,Sectoral/Thematic,781.16,720.98,762.52,816.63,876.69,925.96,1055.26,1272.85
148543,SBI Floating Interest Rates Fund,Floater,1183.77,1269.04,1192.01,903.77,788.68,717.46,684.24,682.32
148557,Edelweiss MSCI India Domestic & World Healthcare 45 Index Fund,Index - Equity,156.29,156.05,157.22,164.39,170.56,170.13,175.34,195.18
148560,quant ESG Integration Strategy Fund,Sectoral/Thematic,310.77,279.73,289.61,285.82,272.66,252.95,277.83,328.47
148571,Mahindra Manulife Focused Fund,Focused,1844.93,1872.6,2073.5,2154.3,2205.36,2187.1,2179.91,2113.41
148576,Mirae Asset Nifty 100 ESG Sector Leaders Fund of Fund,FoF Domestic,101.94,94.64,98.77,98.94,96.71,89.31,83.4,81.43
148591,Union Aggressive Hybrid Fund,Aggressive Hybrid,638.03,604.97,639.94,660.97,681.06,685.48,707.94,755.96
148594,DSP Value Fund,Value,912.06,900.99,974.28,1069.71,1223.19,1431.25,1771.9,2166.8
148598,ICICI Prudential QUANT FUND,Sectoral/Thematic,97.16,113.04,130.6,138.34,152.67,153.18,150.0,163.32
148602,Kotak ESG Exclusionary Strategy Fund,Sectoral/Thematic,947.8,846.78,865.05,865.12,862.84,802.34,748.18,738.6
148610,HDFC DIVIDEND YIELD FUND,Dividend Yield,6172.4,5865.07,6244.57,6421.33,6251.83,5781.12,5631.92,5587.66
148613,Invesco India - Invesco Global Consumer Trends Fund of Fund,FoF Overseas,304.0,305.93,263.2,388.04,650.42,535.69,590.89,519.47
148617,UTI Small Cap Fund,Small Cap,4615.66,4235.21,4408.63,4788.54,4808.04,4499.49,4890.49,5348.15
148621,Mirae Asset Banking and Financial Services Fund,Sectoral/Thematic,1838.85,1738.76,1960.25,2034.55,2158.28,2199.27,2186.12,2312.21
148631,Axis Innovation Fund,Sectoral/Thematic,1246.66,1131.7,1140.56,1190.3,1198.72,1128.15,1160.41,1307.0
148635,Aditya Birla Sun Life ESG Integration Strategy Fund,Sectoral/Thematic,690.3,616.34,626.57,623.11,617.94,588.11,562.98,572.2
148641,Nippon India Diversified Equity Flexicap Passive FoF,FoF Domestic,239.11,220.5,228.22,232.83,235.58,224.48,219.53,223.06
148645,Kotak International REIT Overseas Equity Active FOF,FoF Overseas,55.47,48.84,54.5,86.11,92.15,101.34,105.02,104.2
148653,ICICI Prudential Business Cycle Fund,Sectoral/Thematic,11846.46,11491.81,12605.09,13728.77,15255.52,15723.32,15773.88,15841.52
148657,PGIM India Balanced Advantage Fund,Balanced Advantage,1050.68,961.64,968.88,963.71,947.15,881.54,805.03,741.49
148661,Kotak US Specific Equity Passive FOF,FoF Overseas,3334.07,3359.76,3041.24,3522.32,3756.14,3737.59,4326.52,4500.34
148663,Nippon India Multi - Asset Omni FoF,FoF Domestic,314.26,379.14,558.79,998.97,1587.4,2166.23,2592.37,2970.02
148692,SBI Retirement Benefit Fund - Conservative Hybrid Plan,Retirement,276.1,269.44,279.6,283.97,286.46,271.82,254.21,254.15
148695,SBI Retirement Benefit Fund - Aggressive Hybrid Plan,Retirement,1531.31,1457.55,1532.43,1612.36,1679.76,1624.03,1578.86,1636.3
148696,SBI Retirement Benefit Fund - Conservative Plan,Retirement,177.88,174.13,177.8,176.49,174.79,164.32,146.49,140.77
148698,SBI Retirement Benefit Fund - Aggressive Plan,Retirement,2762.71,2627.74,2812.17,2986.85,3120.34,3025.02,3005.25,3166.3
148701,Axis Greater China Equity Fund of Fund,FoF Overseas,329.4,384.99,502.29,785.34,1585.14,2577.03,3839.19,3958.1
148704,UTI Nifty 200 Momentum 30 Index Fund,Index - Equity,8311.96,7572.75,7827.43,8317.96,8739.67,8447.23,8405.29,8383.88
148705,BANDHAN FLOATING INTEREST RATES FUND,Floater,321.77,270.15,323.91,374.15,300.95,274.64,229.37,224.61
148719,Nippon India Nifty 50 Value 20 Index Fund,Index - Equity,898.59,915.74,979.03,1012.86,1024.47,1017.76,927.23,812.45
148723,Nippon India Nifty Midcap 150 Index Fund,Index - Equity,1636.22,1558.13,1677.49,1896.24,2068.38,2137.75,2396.08,2751.71
148727,Mahindra Manulife Short Term Fund,Short Duration,68.64,70.09,84.52,79.43,80.92,90.75,84.21,81.77
148732,ITI Mid Cap Fund,Mid Cap,1133.79,1071.45,1156.16,1233.37,1290.69,1291.17,1369.7,1493.71
148743,Kotak Nifty Next 50 Index Fund,Index - Equity,366.62,457.31,621.04,719.64,822.0,904.63,1106.21,1267.14
148749,Motilal Oswal Asset Allocation Fund of Fund- Conservative,FoF Domestic,43.42,43.82,46.18,58.09,71.87,80.53,74.41,75.61
148753,Invesco India ESG Integration Strategy Fund,Sectoral/Thematic,522.53,468.06,469.96,465.76,449.27,402.26,376.55,387.26
148757,Mirae Asset Corporate Bond Fund,Corporate Bond,42.48,41.47,43.4,44.26,45.61,47.84,45.55,44.35
148762,SBI US Specific Equity Active FoF,FoF Overseas,961.75,965.93,915.03,1055.81,1077.74,1131.89,1220.97,1213.72
148768,DSP Floating Interest Rates Fund,Floater,729.45,592.34,566.82,556.68,508.99,408.49,331.1,324.49
148786,BANDHAN CRISIL IBX GILT JUNE 2027 INDEX FUND,Index - Equity,7112.19,6975.51,6715.78,6537.83,6327.21,6011.2,5697.16,5281.38
148790,BANDHAN CRISIL IBX GILT APRIL 2028 INDEX FUND,Index - Equity,4737.22,4694.03,4670.67,4406.03,4262.05,3871.01,3535.11,3399.65
148805,Aditya Birla Sun Life Nifty Midcap 150 Index Fund,Index - Equity,296.6,303.7,343.83,384.49,412.0,413.71,450.76,488.68
148811,Aditya Birla Sun Life Nifty Smallcap 50 Index Fund,Index - Equity,245.14,206.1,223.28,252.14,256.42,248.98,303.8,358.84
148821,ICICI Prudential Nifty 100 Low Volatility 30 ETF FOF,FoF Domestic,1379.5,1384.63,1454.42,1485.63,1483.62,1411.01,1327.94,1256.62
148833,TRUSTMF Liquid Fund,Liquid,283.12,370.96,735.63,844.73,698.4,860.81,958.24,1153.22
148884,Canara Robeco Focused Fund,Focused,2559.28,2415.73,2560.24,2741.13,2851.34,2771.07,2712.64,2844.75
148901,HDFC Multi-Asset Active FOF,FoF Domestic,3368.15,3493.42,3963.89,4488.1,5142.03,5629.22,5820.79,6106.21
148906,ITI Ultra Short Term Fund,Ultra Short Duration,188.11,241.37,182.35,179.25,165.66,198.61,167.11,163.31
148918,Aditya Birla Sun Life Multi-Cap Fund,Multi Cap,6307.96,5804.9,6171.61,6546.09,6701.07,6471.74,6699.67,7305.82
148923,quant Quantamental Fund,Sectoral/Thematic,2375.79,1995.49,1922.08,1823.19,1696.7,1550.32,1583.83,1635.14
148929,Mirae Asset NYSE FANG + ETF Fund of Fund,FoF Domestic,1701.56,1957.62,1800.59,2210.69,2344.24,2143.88,2417.82,2706.9
148943,SBI Nifty Next 50 Index Fund,Index - Equity,1459.03,1452.16,1674.73,1795.76,1837.84,1832.65,2047.07,2302.35
148948,Tata Dividend Yield Fund,Dividend Yield,993.14,897.29,944.59,971.38,1010.3,997.62,1048.82,1132.35
148953,Axis Global Innovation Fund of Fund,FoF Overseas,511.63,513.48,494.85,566.25,627.7,675.4,851.95,911.57
148959,Parag Parikh Conservative Hybrid Fund,Conservative Hybrid,2304.3,2402.74,2612.48,2921.4,3137.0,3286.7,3352.93,3475.14
148965,Aditya Birla Sun Life Nifty 50 Equal Weight index Fund,Index - Equity,335.59,350.5,387.79,394.13,444.23,451.67,470.82,523.68
148973,ITI Value Fund,Value,305.99,295.42,312.91,331.15,345.34,338.68,348.33,360.23
148974,Kotak Nifty 50 Index Fund,Index - Equity,760.48,797.28,874.56,939.56,1021.08,1036.49,1108.91,1155.95
148982,BANK OF INDIA LARGE CAP FUND,Large Cap,195.43,181.08,194.12,204.37,207.24,205.66,212.41,226.84
148987,HDFC Banking & Financial Services Fund,Sectoral/Thematic,3669.69,3550.31,4021.84,4185.13,4391.35,4394.08,4380.72,4626.88
148989,ICICI Prudential Flexi Cap fund,Flexi Cap,16949.94,15927.49,16997.75,18315.67,19764.02,19804.85,21165.03,24585.71
148992,Axis Quant Fund,Sectoral/Thematic,1089.35,956.7,959.01,936.42,919.14,859.66,826.86,829.4
149003,Tata Floating Interest Rates Fund,Floater,159.1,141.25,122.1,128.42,137.15,129.08,110.02,119.91
149012,Invesco India Medium Term Fund,Medium Duration,218.16,167.8,167.07,172.08,172.21,174.39,168.58,156.98
149020,PGIM India Small Cap Fund,Small Cap,1558.28,1388.32,1445.45,1590.59,1597.67,1474.17,1545.22,1728.54
149021,ITI Dynamic Term Fund,Dynamic Bond,45.19,47.02,39.65,39.69,94.08,56.16,29.59,26.08
149040,Navi Nifty 50 Index Fund,Index - Equity,2534.38,2721.05,3205.74,3477.6,3767.58,3836.54,3925.8,4095.04
149048,Axis Floating Interest Rates Fund,Floater,218.49,168.95,174.29,141.8,133.64,149.97,145.64,141.64
149056,Kotak Global Innovation Overseas Equity Active FOF,FoF Overseas,633.2,547.12,483.65,515.07,546.04,599.56,765.01,830.02
149068,Tata Business Cycle Fund,Sectoral/Thematic,2886.68,2695.49,2854.9,2906.91,2864.87,2656.81,2632.09,2603.58
149073,TRUSTMF Short Term Fund,Short Duration,143.07,112.89,110.41,122.91,110.75,95.62,73.48,67.89
149088,Canara Robeco Value Fund,Value,1273.1,1183.71,1255.54,1301.75,1324.82,1280.78,1258.93,1278.15
149089,Nippon India Flexi Cap Fund,Flexi Cap,8541.62,8132.83,8739.32,9252.51,9546.17,9154.56,9273.81,9655.71
149090,UTI Focused Fund (30 stocks),Focused,2709.18,2497.38,2572.18,2605.89,2627.01,2482.91,2383.14,2450.98
149100,Bandhan US specific Equity Active FOF,FoF Overseas,339.72,342.7,307.85,345.43,361.86,342.98,365.37,362.59
149101,Mahindra Manulife Flexi Cap Fund,Flexi Cap,1454.89,1379.6,1473.56,1536.69,1583.25,1537.55,1530.88,1569.77
149106,HDFC NIFTY50 Equal Weight Index Fund,Index - Equity,1402.74,1375.03,1474.18,1538.16,1612.02,1648.83,1733.6,1790.83
149115,Mirae Asset Money Market Fund,Money Market,1500.51,2272.66,2821.21,3506.28,3334.12,3477.77,3971.42,3539.37
149116,Union Money Market Fund,Money Market,176.65,185.48,178.57,192.65,192.52,293.56,997.67,1267.15
149132,SBI Balanced Advantage Fund,Balanced Advantage,32989.1,33180.11,35100.33,36950.08,38892.28,40015.34,40683.07,41731.3
149140,Baroda BNP Paribas Business Cycle Fund,Sectoral/Thematic,599.72,551.21,568.46,579.37,582.39,558.79,553.99,561.39
149157,ICICI Prudential Nifty Alpha Low - Volatility 30 ETF FOF,FoF Domestic,840.41,871.66,938.64,949.96,924.03,846.77,788.03,797.54
149167,Axis Value Fund,Value,770.7,785.11,886.32,1027.53,1198.6,1389.82,1551.59,1804.06
149171,Mirae Asset S&P 500 Top 50 ETF Fund of Fund,FoF Domestic,613.07,665.57,589.19,697.0,765.14,754.98,819.87,891.33
149182,Kotak Multi Cap Fund,Multi Cap,15451.4,15425.53,17318.12,19408.27,21848.12,23124.21,25937.45,29878.05
149198,Aditya Birla Sun Life Nifty SDL Plus PSU Bond SEP 2026 60:40 Index Fund,Index - Equity,9807.38,9576.81,9316.13,8918.9,8394.63,8204.37,7711.81,6809.0
149208,ICICI Prudential Nifty PSU Bond Plus SDL Sep 2027 40:60 Index Fund,Index - Equity,8711.99,8886.4,9185.95,9293.07,9240.14,9105.36,8725.29,8061.28
149218,ICICI Prudential NASDAQ 100 Index Fund,Index - Equity,1724.81,1757.06,1662.09,2246.86,2600.6,2740.91,3348.38,3571.6
149228,Mahindra Manulife Asia Pacific REITs FOF,FoF Overseas,20.54,22.88,25.5,39.28,41.67,43.03,41.8,41.37
149241,Motilal Oswal 5 Year G-Sec Fund of Fund,FoF Domestic,28.62,31.7,36.07,47.83,49.84,47.62,56.61,61.36
149249,Edelweiss NIFTY PSU Bond Plus SDL Apr 2027 50:50 Index Fund,Index - Equity,2293.9,2292.74,2315.22,2295.58,2276.14,2241.1,2174.69,2120.13
149252,Edelweiss Nifty 50 Index Fund,Index - Equity,114.62,136.54,165.07,186.85,219.66,250.97,286.17,292.59
149256,Edelweiss Nifty 100 Quality 30 Index Fund,Index - Equity,128.92,149.44,140.15,155.88,161.41,146.73,142.29,120.57
149259,LIC MF Balanced Advantage Fund,Balanced Advantage,797.88,756.27,792.28,823.36,767.9,708.62,676.75,682.5
149266,NJ Balanced Advantage Fund,Balanced Advantage,4026.45,3764.73,3752.75,3851.63,3771.23,3561.26,3412.52,3374.73
149270,ITI Pharma and Healthcare Fund,Sectoral/Thematic,212.16,214.46,219.42,231.56,230.43,217.46,233.89,265.75
149281,ICICI Prudential Nifty Smallcap 250 Index Fund,Index - Equity,433.47,428.66,476.99,542.81,566.11,569.08,673.64,774.95
149287,HDFC NIFTY Next 50 index Fund,Index - Equity,1768.45,1684.92,1878.48,2014.71,2131.29,2164.58,2398.94,2656.92
149290,Aditya Birla Sun Life US Equity Passive FOF,FoF Overseas,405.18,409.58,368.82,424.93,449.53,442.95,508.14,521.36
149296,Aditya Birla Sun Life Business Cycle Fund,Sectoral/Thematic,1840.93,1685.94,1736.39,1764.6,1784.72,1710.2,1684.59,1790.62
149299,PGIM India Global Select Real Estate Securities Fund of Fund,FoF Overseas,53.26,50.14,45.47,46.19,52.47,56.29,59.61,61.66
149305,BANDHAN MULTI CAP FUND,Multi Cap,2455.57,2339.72,2546.28,2727.08,2853.14,2797.06,2886.23,3047.07
149317,360 ONE QUANT FUND,Sectoral/Thematic,588.81,610.55,692.42,775.55,872.53,886.19,868.18,842.02
149324,ITI Banking and Financial Services Fund,Sectoral/Thematic,269.79,266.53,302.06,311.06,338.36,359.89,363.14,382.92
149328,Nippon India Taiwan Equity Fund,Sectoral/Thematic,367.11,339.72,304.91,372.68,409.24,490.15,1110.36,1100.35
149334,ICICI Prudential BSE 500 ETF FOF,FoF Domestic,122.41,115.11,103.99,58.13,60.73,58.57,56.19,55.78
149337,Quant Value Fund,Value,1967.46,1729.71,1747.56,1741.35,1725.65,1595.36,1783.91,1966.68
149341,Edelweiss NIFTY Large Midcap 250 Index Fund,Index - Equity,222.53,230.67,266.24,299.51,315.45,315.36,318.35,345.33
149351,Tata Corporate Bond Fund,Corporate Bond,2751.08,3060.32,3863.23,4103.22,4212.75,3962.51,3373.47,2979.83
149366,HDFC Multi Cap Fund,Multi Cap,17171.45,15775.68,17075.98,18586.38,19674.21,19168.23,19551.0,20439.05
149371,Axis Nifty 50 Index Fund,Index - Equity,565.22,604.66,691.74,743.89,806.38,836.37,967.79,1024.37
149380,Mirae Asset Hang Seng TECH ETF Fund of Fund,FoF Domestic,85.94,92.32,86.58,91.86,96.9,86.84,80.59,76.11
149382,Axis Multicap Fund,Multi Cap,6773.17,6739.94,7504.0,8427.79,9100.36,9110.79,9775.37,11430.26
149390,ICICI Prudential Nifty Midcap 150 Index Fund,Index - Equity,584.54,602.05,697.45,801.95,925.0,946.04,1068.07,1280.52
149399,BHARAT Bond ETF FOF - April 2032,FoF Domestic,4558.04,4510.55,4556.11,4469.08,4491.35,4442.31,4327.33,4257.82
149404,Mahindra Manulife Balanced Advantage Fund,Balanced Advantage,899.58,869.4,892.57,923.45,930.02,901.42,886.08,911.67
149439,ICICI Prudential Passive Multi-Asset Fund of Funds,FoF Domestic,1117.19,1107.78,1125.41,1185.91,1314.21,1531.92,1505.29,1494.33
149448,Navi Nifty Next 50 Index Fund,Index - Equity,702.29,697.56,828.13,945.4,1033.94,1085.88,1202.71,1309.49
149449,Samco Flexi Cap Fund,Sectoral/Thematic,611.72,485.46,449.26,406.69,347.04,295.52,281.8,261.59
149456,ICICI Prudential Strategic Metal and Energy Equity Fund of Fund,FoF Overseas,100.02,93.21,91.47,103.61,122.34,217.37,280.94,303.14
149467,Axis Nifty Next 50 Index Fund,Index - Equity,296.79,290.63,330.57,366.39,393.51,422.92,481.51,537.27
149472,SBI CPSE Bond Plus SDL Sep 2026 50:50 Index Fund,Index - Equity,9601.88,9306.2,9049.56,8744.18,8176.8,7768.14,8295.98,7259.23
149481,Sundaram Nifty 100 Equal Weight Fund (Formerly Known as Principal Nifty 100 Equal Weight Fund),Index - Equity,97.04,95.69,104.3,110.47,130.96,131.19,137.96,145.61
149519,Sundaram Ultra Short to Short Term Fund (Formerly Known as Sundaram Low Duration Fund),Low Duration,418.07,382.71,370.28,434.56,411.72,463.25,381.04,417.75
149532,Sundaram Focused Fund (Formerly Known as Principal Focused Multicap Fund),Focused,1120.82,1045.78,1065.78,1094.34,1097.03,1045.26,1022.41,1069.39
149535,Sundaram Ultra Short Term Fund (Formerly Known as Sundaram Ultra Short Duration Fund),Ultra Short Duration,2010.36,2199.4,2537.47,2345.25,2382.2,1895.15,2283.17,2578.14
149552,Sundaram Arbitrage Fund(Formerly Known as Prinicpal Arbitrage Fund),Arbitrage,216.86,235.25,287.82,286.82,326.78,351.34,492.38,565.89
149569,Sundaram ELSS Tax Saver Fund,ELSS,1362.54,1278.7,1335.45,1380.37,1394.82,1328.85,1275.13,1279.45
149585,Sundaram Short Term Fund (Formerly Known as Sundaram Short Duration Fund),Short Duration,228.19,212.41,212.33,210.38,193.96,196.28,188.15,180.27
149599,Sundaram Aggressive Hybrid Fund (Formerly Known as Principal Hybrid Equity Fund),Aggressive Hybrid,5450.01,5437.47,6016.13,6704.06,7488.48,7964.17,8572.85,9137.19
149661,Sundaram Liquid Fund (Formerly Known as Principal Cash Management Fund),Liquid,6724.13,6893.58,6680.82,6855.25,6935.89,6468.71,7409.9,8648.28
149667,Sundaram Multi Cap Fund (Formerly Known as Principal Multi Cap Growth Fund),Multi Cap,2777.59,2585.43,2707.18,2853.4,2899.78,2779.92,2804.12,3002.84
149674,Sundaram Equity Savings Fund (Formerly Known as Principal Equity Savings Fund),Equity Savings,1009.15,1039.8,1025.18,1131.55,1190.7,1173.67,1076.94,1011.65
149697,Sundaram Dividend Yield Fund (Formerly Known as Principal Dividend Yield Fund),Dividend Yield,942.47,862.2,884.35,897.61,915.61,884.0,839.94,809.59
149715,Sundaram Dynamic Asset Allocation Fund (Formerly Known as Sundaram Balanced Advantage Fund),Balanced Advantage,1543.29,1481.94,1541.4,1668.36,1729.81,1683.37,1650.8,1670.77
149759,Nippon India Silver ETF FOF,FoF Domestic,486.58,568.21,695.48,1197.33,2583.09,4672.85,4543.91,4422.55
149766,Invesco India Flexi Cap Fund,Flexi Cap,2371.1,2473.33,2876.41,3614.85,4489.5,4597.3,4904.16,5528.81
149777,ICICI Prudential Silver ETF FOF,FoF Domestic,895.72,1035.96,1257.2,2136.5,4183.16,6965.61,6531.76,6310.63
149783,Aditya Birla Sun Life Silver ETF FOF,FoF Domestic,174.97,191.84,214.14,359.96,777.02,1412.6,1306.27,1254.36
149788,Mirae Asset Nifty India Manufacturing ETF Fund of Fund,FoF Domestic,113.71,103.84,108.64,110.03,113.59,113.41,118.79,125.99
149792,Aditya Birla Sun Life Nifty SDL Apr 2027 Index Fund,Index - Equity,4155.54,4112.44,3867.74,3788.84,3679.76,3421.67,3286.35,3271.54
149795,TRUSTMF Overnight Fund,Overnight,173.61,189.01,105.84,90.75,108.97,80.08,51.85,51.59
149802,UTI BSE Sensex Index Fund,Index - Equity,191.23,188.63,198.94,203.51,211.53,203.03,194.78,194.2
149805,Navi Nifty Bank Index Fund,Index - Equity,520.85,534.58,621.28,627.68,650.83,651.77,615.48,639.9
149817,DSP Global Innovation Overseas Equity Omni FoF,FoF Overseas,913.65,947.62,924.95,1084.27,1181.94,1194.19,1329.76,1421.29
149833,BANDHAN NIFTY 100 INDEX FUND,Index - Equity,151.72,153.95,177.16,194.06,215.77,225.24,235.27,258.13
149837,Aditya Birla Sun Life Nifty Next 50 Index Fund,Index - Equity,165.48,172.18,215.54,205.96,224.27,230.79,241.05,277.53
149840,Kotak Manufacture in India Fund,Sectoral/Thematic,2471.11,2273.54,2354.24,2500.88,2518.84,2488.89,2694.8,3027.43
149844,Axis Multi Factor Passive FoF,FoF Domestic,24.73,27.04,31.32,33.39,35.0,35.58,36.06,35.94
149852,Kotak Nifty SDL Apr 2027 Top 12 Equal Weight Index Fund,Index - Equity,7964.41,7772.02,7739.91,7507.16,7268.17,6982.28,6718.23,6417.01
149859,ICICI Prudential Nifty Bank Index Fund,Index - Equity,503.85,525.51,601.97,619.79,659.86,681.87,722.94,778.25
149862,Kotak Nifty SDL Apr 2032 Top 12 Equal Weight Index Fund,Index - Equity,2907.94,2923.07,3022.12,2930.09,3224.09,3392.22,3305.35,3122.68
149869,HDFC NIFTY 100 Index Fund,Index - Equity,258.74,291.43,331.43,355.61,389.54,397.01,426.88,469.19
149871,HDFC NIFTY 100 Equal Weight Index Fund,Index - Equity,326.03,320.6,359.99,378.12,416.89,412.8,454.09,526.3
149872,Axis CRISIL IBX SDL May 2027 Index Fund,Index - Debt,2222.39,2237.16,2276.77,2228.21,2075.79,1999.99,1987.39,1768.27
149880,UTI BSE Low Volatility Index Fund,Index - Equity,544.13,537.44,555.99,569.73,570.03,530.87,487.42,459.33
149886,SBI MultiCap Fund,Multi Cap,18908.15,18585.63,20348.59,22569.83,23792.09,22715.03,23060.34,24131.73
149896,Axis Nifty Smallcap 50 Index Fund,Index - Equity,450.96,434.65,472.86,532.82,549.16,532.96,621.19,757.5
149938,Axis Nifty Midcap 50 Index Fund,Index - Equity,411.84,396.88,435.26,479.99,538.4,593.05,665.65,744.04
149960,Invesco India - Invesco EQQQ Nasdaq-100 ETF Fund of Fund,FoF Overseas,423.62,399.34,350.88,400.73,420.21,400.56,458.34,472.99
149963,HSBC CRISIL IBX 50:50 Gilt Plus SDL Apr 2028 Index Fund,Index - Debt,1886.94,1885.87,1915.93,1888.15,1884.61,1965.07,1923.63,1757.75
149968,DSP Nifty SDL Plus G-Sec Jun 2028 30:70 Index Fund,Index - Equity,2217.74,2193.92,2167.0,2093.72,2050.91,1840.17,1667.55,1649.09
149998,ICICI Prudential Nifty SDL Sep 2027 Index Fund,Index - Equity,1766.34,1768.93,1783.89,1678.02,1584.48,1530.26,1492.27,1419.58
150011,Nippon India Nifty AAA CPSE Bond Plus SDL - Apr 2027 Maturity 60:40 Index Fund,Index - Equity,3568.24,3467.1,3380.51,3363.34,3230.41,3041.23,2954.85,2914.65
150156,Baroda BNP Paribas ELSS Tax Saver Fund,ELSS,954.6,876.48,893.28,913.97,934.54,898.75,880.13,908.0
150165,BARODA BNP PARIBAS ULTRA SHORT TO SHORT TERM FUND,Low Duration,237.66,252.43,258.56,288.93,292.16,304.38,286.33,358.96
150173,Baroda BNP Paribas Dynamic Term Fund,Dynamic Bond,167.96,179.24,195.96,217.26,195.41,154.26,123.02,115.97
150185,BARODA BNP PARIBAS LARGE CAP FUND,Large Cap,2394.16,2356.25,2560.98,2680.51,2732.08,2592.3,2543.82,2600.97
150203,BARODA BNP PARIBAS CONSERVATIVE HYBRID FUND,Conservative Hybrid,747.68,735.51,784.44,822.02,828.84,814.43,883.37,944.24
150209,Baroda BNP Paribas Mid Cap Fund,Mid Cap,2166.46,1996.71,2076.21,2191.16,2281.58,2276.58,2407.56,2596.97
150235,BARODA BNP PARIBAS CORPORATE BOND FUND,Corporate Bond,201.78,206.76,255.55,405.77,462.33,394.18,255.88,277.55
150250,BARODA BNP PARIBAS ARBITRAGE FUND,Arbitrage,1338.7,1181.66,1116.8,1182.03,1287.04,1322.74,1250.68,1088.14
150258,BARODA BNP PARIBAS AGGRESSIVE HYBRID FUND,Aggressive Hybrid,1180.63,1139.68,1191.61,1235.97,1259.93,1231.52,1228.65,1245.43
150263,Baroda BNP Paribas Focused Fund,Focused,691.75,628.05,672.95,690.8,705.94,669.12,646.09,620.93
150268,Baroda BNP Paribas India Consumption Fund,Sectoral/Thematic,1473.08,1380.48,1431.14,1507.34,1548.27,1442.41,1397.78,1434.33
150284,Baroda BNP Paribas Aqua Fund of Fund,FoF Overseas,45.17,41.39,38.08,36.72,30.54,33.42,39.3,62.55
150308,ICICI PRUDENTIAL HOUSING OPPORTUNITIES FUND,Sectoral/Thematic,2506.58,2357.1,2437.81,2339.02,2303.13,2419.11,2641.43,2705.14
150312,UTI Nifty Midcap 150 Quality 50 Index Fund,Index - Equity,249.43,237.49,255.63,266.31,258.21,233.2,239.47,252.71
150330,Tata Nifty SDL Plus AAA PSU Bond Dec 2027 60 40 Index Fund,Index - Equity,861.21,862.63,863.93,850.91,780.14,741.71,655.99,645.23
150345,Tata Nifty India Digital ETF Fund of Fund,FoF Domestic,95.27,104.07,114.6,124.34,132.29,120.84,110.75,112.47
150347,WhiteOak Capital Flexi Cap Fund,Flexi Cap,4242.47,4215.19,4860.01,5730.07,6661.07,7169.0,8017.54,9275.44
150351,Aditya Birla Sun Life Crisil IBX 60:40 SDL+AAA PSU-APR 2027 Index Fund,Index - Equity,1680.84,1676.53,1604.41,1549.47,1512.98,1457.63,1385.19,1323.75
150360,Mirae Asset Nifty SDL Jun 2027 Index Fund,Index - Debt,786.96,785.86,684.81,579.29,548.59,517.76,474.66,474.44
150366,NJ Arbitrage Fund,Arbitrage,341.87,299.58,267.01,268.77,261.85,268.31,270.14,255.15
150368,NJ Overnight Fund,Overnight,214.14,180.67,233.36,311.53,306.96,369.42,372.25,375.73
150382,Edelweiss Focused Fund,Focused,915.56,880.71,940.96,982.77,1029.19,1024.34,1011.08,1028.64
150385,Baroda BNP Paribas Flexi Cap Fund,Flexi Cap,1326.02,1190.72,1242.33,1275.48,1271.5,1208.72,1203.44,1250.4
150389,Quantum Nifty 50 ETF FOF,FoF Domestic,23.76,24.62,27.73,29.95,32.56,33.36,34.68,35.54
150393,LIC MF Money Market Fund,Money Market,23.62,38.4,454.75,2176.24,3728.83,4594.69,5070.37,4367.61
150402,BANDHAN MID CAP FUND,Mid Cap,1548.97,1471.44,1616.34,1833.67,1957.04,1934.9,2155.35,2478.82
150405,Union Gilt Fund,Gilt,144.79,120.51,123.04,135.57,115.42,101.86,88.96,82.71
150409,UTI 10 year Constant Maturity Gilt Fund,Gilt 10Y Constant Duration,167.68,167.25,173.18,156.09,140.66,133.04,117.97,112.21
150427,DSP Nifty Midcap 150 Quality 50 Index Fund,Index - Equity,352.47,365.69,422.93,467.49,480.13,454.08,449.22,426.87
150441,quant Large Cap Fund,Large Cap,2491.41,2436.29,2566.87,2713.23,2866.92,2947.55,3171.62,3628.01
150454,ICICI Prudential Nifty 200 Momentum 30 Index Fund,Index - Equity,496.48,473.13,534.4,565.95,578.46,545.55,551.36,555.29
150466,ICICI Prudential Nifty IT Index Fund,Index - Equity,530.03,514.85,506.77,514.9,567.74,539.78,433.91,442.82
150473,Mirae Asset Balanced Advantage Fund,Balanced Advantage,1764.01,1742.98,1826.89,1905.52,1984.73,2013.77,2076.36,2157.25
150480,Franklin India Balanced Advantage Fund,Balanced Advantage,2396.35,2452.33,2622.74,2759.39,2854.34,2827.74,2785.28,2809.91
150482,Aditya Birla Sun Life Long Term Fund,Long Duration,155.44,152.77,179.76,161.57,156.96,148.74,115.45,101.86
150490,Nippon India Nifty Alpha Low Volatility 30 Index Fund,Index - Equity,1137.03,1210.95,1352.0,1409.66,1398.28,1360.58,1314.56,1278.02
150503,Canara Robeco Banking and PSU Debt Fund,Banking & PSU,242.03,232.7,234.43,224.37,195.26,193.44,185.65,172.14
150511,TRUSTMF Money Market Fund,Money Market,130.25,91.64,104.77,126.04,108.05,118.03,132.19,167.91
150516,Navi Nifty India Manufacturing Index Fund,Index - Equity,51.18,51.69,59.89,64.52,68.59,69.58,75.5,83.35
150537,TATA HOUSING OPPORTUNITIES FUND,Sectoral/Thematic,598.44,512.02,526.91,540.38,529.13,486.21,471.67,479.81
150538,ICICI PRUDENTIAL PSU EQUITY FUND,Sectoral/Thematic,2322.58,1983.29,2030.95,1954.32,1927.46,1925.6,1922.27,1854.6
150542,JM Short Term Fund,Short Duration,124.99,116.94,120.06,101.63,86.69,83.94,81.7,80.67
150552,Union Retirement Fund,Retirement,153.72,150.21,164.13,177.37,187.6,190.16,197.16,211.76
150568,Sundaram Flexicap Fund,Flexi Cap,2127.83,1948.0,2021.12,2094.48,2124.34,2027.68,1976.4,1963.65
150579,Edelweiss Gold and Silver ETF FOF,FoF Domestic,175.35,249.15,338.59,550.45,1332.66,2744.69,3033.7,3144.1
150583,WhiteOak Capital Mid Cap Fund,Mid Cap,2641.98,2657.14,3047.62,3591.84,4179.35,4543.56,5513.59,7096.01
150589,WhiteOak Capital ELSS Tax Saver Fund,ELSS,303.15,314.53,370.21,411.05,441.03,434.83,453.0,494.27
150592,BANDHAN NIFTY200 MOMENTUM 30 INDEX FUND,Index - Equity,138.73,121.57,128.41,132.87,137.5,128.23,124.57,121.48
150594,Mirae Asset Global Electric & Autonomous Vehicles Equity Passive FOF,FoF Overseas,61.76,55.51,46.7,51.12,58.32,62.66,73.54,66.07
150596,Mirae Asset Global X Artificial Intelligence & Technology ETF Fund of Fund,FoF Overseas,324.53,328.55,303.51,352.82,384.74,378.26,454.01,470.2
150617,Axis Silver Fund of Fund,FoF Domestic,60.99,72.03,103.14,212.0,551.07,1210.13,1209.27,1235.26
150626,Kotak Business Cycle Fund,Sectoral/Thematic,2680.91,2504.35,2647.72,2909.63,3052.92,2983.46,3116.62,3440.53
150632,Samco Overnight Fund,Overnight,74.85,53.86,50.73,44.25,45.17,29.1,27.57,26.09
150633,BANDHAN Nifty100 Low Volatility 30 Index Fund,Index - Equity,1329.08,1383.03,1456.92,1659.97,1856.92,1812.34,1663.47,1614.87
150637,ICICI Prudential Nifty50 Equal Weight Index Fund-,Index - Equity,94.64,100.03,122.15,142.5,173.0,209.18,245.6,263.91
150641,Motilal Oswal Gold and Silver Passive Fund of Funds,FoF Domestic,158.38,228.36,321.74,513.44,1273.0,2546.2,2726.83,2789.13
150645,ICICI Prudential Nifty Auto Index Fund,Index - Equity,137.69,134.16,141.07,153.38,174.67,203.93,216.49,241.22
150661,LIC MF Multi Cap Fund,Multi Cap,1398.3,1373.82,1497.63,1681.0,1799.04,1776.28,1895.3,2173.42
150672,SBI Nifty Midcap 150 Index Fund,Index - Equity,695.95,703.86,806.43,902.92,942.89,944.12,1063.92,1239.21
150676,SBI Nifty Smallcap 250 Index Fund,Index - Equity,1220.56,1196.53,1354.56,1511.76,1518.59,1411.05,1556.72,1759.43
150683,SBI CRISIL IBX Gilt Index - June 2036 Fund,Index - Equity,2411.16,2454.71,2549.05,2563.48,2717.56,2709.14,2627.63,2622.56
150684,ICICI PRUDENTIAL TRANSPORTATION AND LOGISTICS FUND,Sectoral/Thematic,3105.32,2951.59,3055.61,3169.37,3049.19,2947.05,3013.3,3925.68
150690,Aditya Birla Sun Life Multi-Asset Passive FOF,FoF Domestic,17.81,17.87,18.88,19.21,21.63,26.47,30.51,34.89
150703,Aditya Birla Sun Life Crisil IBX 50:50 Gilt Plus SDL Apr 2028 Index Fund,Index - Equity,404.61,408.76,379.34,369.51,370.02,389.26,402.49,405.82
150707,SBI CRISIL IBX Gilt Index - April 2029 Fund,Index - Equity,2246.71,2258.42,2178.23,2099.48,2082.83,1995.75,1908.31,1949.31
150712,SBI CRISIL IBX SDL Index - September 2027 Fund,Index - Equity,1101.87,1112.67,1124.02,1099.7,1007.38,1036.72,1462.82,1771.03
150715,UTI Gold ETF Fund of Fund,FoF Domestic,142.72,188.55,260.17,356.61,661.73,1179.57,1351.63,1445.72
150717,BANDHAN TRANSPORTATION AND LOGISTICS FUND,Sectoral/Thematic,551.4,510.85,530.57,603.84,669.99,666.69,661.42,742.2
150720,Edelweiss CRISIL IBX 50:50 Gilt Plus SDL April 2037 Index Fund,Index - Equity,1055.34,1010.18,1066.8,1016.9,980.01,951.37,896.79,896.16
150723,Kotak Nifty SDL Plus AAA PSU Bond Jul 2028 60 - 40 Index Fund,Index - Equity,586.38,583.67,574.09,562.24,549.93,545.28,524.74,504.41
150728,ICICI Prudential Nifty SDL Dec 2028 Index Fund,Index - Equity,971.97,982.53,991.69,935.03,868.7,849.67,826.83,879.79
150732,ICICI Prudential Nifty G-Sec Dec 2030 Index Fund,Index - Equity,957.35,985.22,966.9,926.48,887.42,847.78,817.18,814.82
150736,HDFC Silver ETF Fund of Fund,FoF Domestic,172.55,222.25,306.94,670.85,1982.36,4563.35,4592.51,4555.17
150741,Tata Nifty Midcap 150 Momentum 50 Index Fund,Index - Equity,673.19,704.02,863.14,963.74,1028.47,1033.53,1145.44,1227.87
150750,Axis NASDAQ 100 US Specific Equity Passive FOF,FoF Overseas,176.1,176.74,160.41,179.81,190.72,188.84,213.93,218.61
150771,Edelweiss CRISIL IBX 50:50 Gilt Plus SDL June 2027 Index Fund,Index - Equity,95.7,93.22,93.69,94.57,94.96,94.2,92.72,93.64
150777,Aditya Birla Sun Life Crisil IBX Gilt -Apr 2029 Index Fund,Index - Equity,692.45,693.25,650.9,617.93,609.62,616.1,617.21,613.09
150790,Mirae Asset CRISIL IBX Gilt Index - April 2033 Index Fund,Index - Debt,252.49,248.49,241.11,239.28,228.88,226.74,211.85,209.87
150799,WhiteOak Capital Large Cap Fund,Large Cap,654.03,708.41,888.62,1016.83,1115.72,1129.08,1167.17,1251.36
150803,HDFC Business Cycle Fund,Sectoral/Thematic,3028.55,2786.29,2824.01,2941.43,2922.95,2642.75,2593.74,2744.17
150812,JM Mid Cap Fund,Mid Cap,1669.25,1289.7,1345.56,1439.9,1413.37,1111.21,1186.86,1318.77
150816,Canara Robeco Mid Cap Fund,Mid Cap,2729.0,2576.79,2834.27,3276.06,3882.1,4080.7,4529.37,5058.13
150820,Kotak Income Plus Arbitrage Omni FOF,FoF Domestic,72.49,294.15,1936.0,5408.57,7231.38,7629.49,7705.79,7875.72
150825,Nippon India Nifty SDL Plus G-Sec - Jun 2028 Maturity 70:30 Index Fund,Index - Equity,400.45,403.58,407.96,367.72,335.51,331.44,328.52,332.9
150839,Samco ELSS Tax Saver Fund,ELSS,121.33,106.46,115.78,124.26,121.86,108.49,106.16,106.66
150844,HDFC Nifty G-Sec Dec 2026 Index Fund,Index - Equity,1313.22,1338.85,1285.4,1188.71,1168.5,1154.47,1095.26,935.48
150846,HDFC Nifty G-Sec July 2031 Index Fund,Index - Equity,664.24,683.75,714.31,702.66,675.69,661.39,635.12,635.98
150848,Edelweiss CRISIL IBX 50:50 Gilt Plus SDL Sep 2028 Index Fund,Index - Equity,169.43,154.7,150.61,150.79,144.57,138.87,134.09,126.54
150851,Axis Nifty SDL September 2026 Debt Index Fund,Index - Debt,75.37,75.28,77.15,79.05,74.09,68.26,65.62,64.91
150855,Union Multicap Fund,Multi Cap,1091.56,1025.95,1090.69,1186.69,1323.01,1282.69,1340.1,1503.34
150863,Baroda BNP Paribas Multi Asset Fund,Multi Asset Allocation,1193.6,1128.88,1165.04,1203.29,1271.59,1362.86,1408.54,1464.02
150869,BANDHAN CRISIL IBX 90:10 SDL PLUS GILT - NOV 2026 INDEX FUND,Index - Equity,114.19,114.36,107.83,102.52,102.9,97.52,91.56,89.82
150873,BANDHAN CRISIL IBX 90:10 SDL PLUS GILT - APRIL 2032 INDEX FUND,Index - Equity,544.05,528.85,549.55,544.07,430.46,427.47,413.33,391.93
150890,BANDHAN CRISIL IBX 90:10 SDL PLUS GILT - SEPTEMBER 2027 INDEX FUND,Index - Equity,152.66,151.74,152.4,152.17,150.73,150.47,146.78,143.55
150894,Edelweiss Nifty Smallcap 250 Index Fund,Index - Equity,93.82,99.91,127.52,159.65,185.8,188.3,229.85,271.81
150897,Edelweiss Nifty Next 50 Index Fund,Index - Equity,92.22,106.09,131.67,153.32,176.13,208.21,261.99,294.24
150900,Edelweiss Nifty Midcap150 Momentum 50 Index Fund,Index - Equity,747.07,768.0,938.09,1154.16,1322.51,1407.63,1617.91,1762.28
150904,Nippon India Nifty G-Sec Sep 2027 Maturity Index Fund,Index - Equity,410.09,399.89,399.45,401.08,395.62,404.53,360.21,354.38
150912,Mahindra Manulife Small Cap Fund,Small Cap,4756.28,3467.98,3724.02,4078.07,4214.05,4029.06,4511.71,5252.38
150923,Nippon India Nifty G-Sec Jun 2036 Maturity Index Fund,Index - Equity,695.74,746.9,789.31,816.88,852.8,867.21,764.52,730.57
150929,ICICI Prudential Nifty Pharma Index Fund,Index - Equity,80.84,82.02,84.01,91.74,92.4,96.81,121.63,150.77
150991,BHARAT Bond ETF FOF - April 2033,FoF Domestic,2255.39,2322.42,2354.44,2302.08,2251.19,2211.97,2128.14,2105.83
150992,HSBC Corporate Bond Fund,Corporate Bond,6309.85,5780.23,5848.07,6248.16,6299.61,6184.66,5914.71,6018.01
151013,HSBC Gilt Fund,Gilt,242.33,258.79,280.26,253.68,282.96,218.7,175.2,158.3
151034,HSBC Midcap Fund,Mid Cap,12098.26,10550.1,11057.21,11992.75,12397.36,12120.6,13701.24,16298.97
151037,HSBC Infrastructure Fund,Sectoral/Thematic,2598.24,2226.47,2312.67,2366.96,2313.51,2216.29,2379.45,2415.8
151043,HSBC Credit Risk Fund,Credit Risk,580.59,584.65,641.59,610.8,531.14,493.3,473.5,458.38
151048,HSBC Money Market Fund,Money Market,2394.36,2561.23,3163.42,4402.7,5507.71,5348.32,6032.27,7129.62
151058,HSBC Equity Savings Fund,Equity Savings,563.32,641.67,646.39,671.98,768.4,770.8,964.84,1388.17
151076,HSBC ELSS Tax saver Fund,ELSS,4324.09,3900.05,4010.75,4146.87,4163.26,3938.07,3956.57,4126.15
151084,HSBC Dynamic Term Fund,Dynamic Bond,158.79,154.84,171.99,173.83,169.76,139.04,124.96,121.87
151104,HSBC Banking and PSU Debt Fund,Banking & PSU,4331.73,4195.36,4399.11,4604.16,4398.72,4350.16,3999.0,3781.61
151110,HSBC Value Fund,Value,13696.64,12507.74,13226.13,13814.26,14321.74,14403.03,14681.87,15095.69
151114,HSBC Ultra Short to Short Term Fund,Low Duration,445.52,525.99,566.52,843.84,1150.72,1001.77,1023.05,936.99
151120,HSBC Aggressive Hybrid Fund,Aggressive Hybrid,5730.63,5135.84,5244.98,5552.56,5634.32,5388.23,5460.39,5742.01
151127,HSBC Balanced Advantage Fund,Balanced Advantage,1513.97,1470.94,1510.81,1563.66,1582.19,1531.27,1501.81,1516.91
151134,HSBC Arbitrage Fund,Arbitrage,2449.42,2283.32,2293.07,2425.32,2384.89,2450.59,2651.97,3169.67
151144,HSBC Business Cycles Fund,Sectoral/Thematic,1008.71,938.87,1041.22,1128.99,1145.51,1084.24,1134.43,1200.04
151149,HSBC Medium Term Fund,Medium Duration,828.09,699.16,650.94,757.65,777.06,759.86,718.05,686.27
151158,HSBC NIFTY 50 Index Fund,Index - Equity,291.96,292.11,331.64,349.55,366.58,377.4,376.89,389.06
151162,HSBC NIFTY NEXT 50 Index Fund,Index - Equity,133.8,122.33,130.7,137.33,141.49,141.36,153.59,177.08
151164,360 ONE ELSS Tax Saver Nifty 50 Index Fund,Index - Equity,75.99,75.96,83.6,87.76,92.66,77.92,68.98,68.74
151178,Axis Long Term Fund,Long Duration,511.69,491.53,383.84,369.24,287.64,254.28,229.61,171.16
151180,HDFC Nifty G-Sec Jun 2027 Index Fund,Index - Equity,743.14,742.09,747.13,751.28,744.45,737.45,635.12,574.46
151182,HDFC Nifty G-Sec Sep 2032 Index Fund,Index - Equity,600.84,609.86,654.29,653.76,653.67,637.05,617.97,626.87
151184,UTI CRISIL SDL Maturity April 2033 Index Fund,Index - Debt,337.66,344.4,352.92,333.94,327.63,317.4,277.15,270.1
151195,quant Overnight Fund,Overnight,171.63,150.28,182.13,104.97,61.26,61.69,69.75,60.36
151208,ICICI Prudential Nifty SDL Sep 2026 Index Fund,Index - Equity,265.73,245.08,249.54,261.44,270.96,261.91,234.81,216.32
151212,SBI Long Term Fund,Long Duration,2638.68,2895.73,2952.13,2654.05,2278.16,1823.89,1542.53,1380.47
151230,quant Gilt Fund,Gilt,121.73,122.93,138.25,127.62,114.0,99.79,83.7,77.13
151235,TATA MULTICAP FUND,Multi Cap,3211.22,2873.65,3001.43,3131.37,3197.26,3112.91,3269.9,3532.12
151238,UTI CRISIL SDL Maturity June 2027 Index Fund,Index - Debt,78.14,75.38,76.81,73.12,72.1,69.08,65.15,65.43
151268,WhiteOak Capital Balanced Advantage Fund,Balanced Advantage,1256.21,1332.28,1517.67,1784.47,2044.98,2124.09,2151.88,2273.88
151275,Tata Nifty G-Sec Dec 2029 Index Fund,Index - Equity,179.24,179.45,181.15,161.29,163.82,140.64,134.54,133.46
151289,HSBC Multi Cap Fund,Multi Cap,4307.02,4194.99,4601.06,5010.98,5255.95,5162.14,5537.87,6263.78
151292,HSBC Multi Cap Fund,Multi Cap,4307.02,4194.99,4601.06,5010.98,5255.95,5162.14,5537.87,6263.78
151297,Axis CRISIL IBX 50:50 Gilt Plus SDL June 2028 Index Fund,Index - Equity,71.79,74.82,77.85,73.44,67.68,67.53,246.9,336.57
151306,Tata Nifty G-Sec Dec 2026 Index Fund,Index - Equity,109.41,101.52,92.48,93.32,91.96,75.81,72.92,72.96
151309,Aditya Birla Sun Life Multi Asset Allocation Fund,Multi Asset Allocation,3685.13,3696.54,4015.3,4451.15,5122.61,6061.14,6638.17,7410.43
151314,HDFC Long Term Fund,Long Duration,5424.2,5673.57,5694.79,5564.36,5169.82,3948.06,3239.7,2794.22
151322,TRUSTMF CORPORATE BOND FUND,Corporate Bond,74.22,64.84,45.8,40.1,21.59,78.69,118.39,94.09
151327,DSP CRISIL-IBX 50:50 Gilt Plus SDL - April 2033 Index Fund,Index - Equity,375.72,383.22,400.46,387.03,324.53,317.78,286.22,279.1
151366,Axis Business Cycles Fund,Sectoral/Thematic,2621.82,2320.73,2355.1,2331.25,2265.25,2108.01,2055.6,2127.2
151370,DSP Nifty SDL Plus G-Sec Sep 2027 50:50 Index Fund,Index - Equity,92.62,95.83,85.21,86.59,87.87,88.88,89.39,87.64
151377,ITI Flexi Cap Fund,Flexi Cap,1278.24,1114.59,1094.46,1203.56,1271.51,1242.83,1304.22,1525.56
151381,Kotak Banking and Financial Services Fund,Sectoral/Thematic,1009.04,1031.74,1189.25,1239.43,1339.35,1396.49,1453.59,1537.26
151392,Nippon India Nifty SDL Plus G-Sec - Jun 2029 Maturity 70:30 Index Fund,Index - Equity,296.29,318.39,332.79,332.47,316.14,319.45,311.04,321.48
151398,Edelweiss CRISIL IBX 50:50 Gilt Plus SDL Short Duration Index Fund,Index - Equity,153.42,152.61,138.42,145.31,147.32,145.84,140.26,145.01
151404,PGIM India CRISIL IBX Gilt Index - Apr 2028 Fund,Index - Equity,28.95,26.51,27.02,26.72,25.25,24.25,21.72,21.37
151409,BANDHAN CRISIL IBX GILT APRIL 2032 INDEX FUND,Index - Equity,424.22,439.33,461.42,455.81,438.14,439.8,428.6,416.31
151414,Mirae Asset Flexi Cap Fund,Flexi Cap,2414.37,2446.56,2729.77,3045.74,3354.0,3576.76,4009.18,4422.56
151417,Kotak Nifty SDL Jul 2033 Index Fund,Index - Equity,205.73,218.2,215.33,192.97,190.18,195.0,191.88,181.82
151428,Aditya Birla Sun Life CRISIL IBX SDL Jun 2032 Index Fund,Index - Equity,160.19,160.59,161.2,159.17,157.55,156.66,149.2,147.67
151433,Axis Crisil IBX 50:50 Gilt Plus SDL September 2027 Index Fund,Index - Debt,31.91,32.51,35.15,34.31,34.93,35.46,35.65,36.15
151439,Nippon India Nifty G-Sec Oct 2028 Maturity Index Fund,Index - Equity,118.08,119.09,136.89,142.1,135.9,129.99,125.93,127.05
151445,BANK OF INDIA MULTI CAP FUND,Multi Cap,739.8,743.29,826.98,906.76,972.31,991.86,1091.23,1291.72
151455,HDFC Nifty SDL Oct 2026 Index Fund,Index - Equity,192.21,196.47,199.52,200.04,193.4,185.22,182.84,178.92
151457,HDFC MNC Fund,Sectoral/Thematic,638.23,568.73,574.59,596.53,588.05,537.16,525.29,552.24
151472,NAVI ELSS TAX SAVER NIFTY50 INDEX FUND,ELSS,72.63,79.8,93.09,100.72,109.48,110.28,149.69,154.62
151476,SBI Dividend Yield Fund,Dividend Yield,9501.57,8908.77,9003.77,9114.86,9193.07,8752.26,8390.84,8487.52
151480,HSBC CRISIL IBX Gilt June 2027 Index Fund,Index - Debt,194.26,196.91,198.74,199.96,193.79,187.84,181.49,181.19
151488,UTI NIFTY SDL Plus AAA PSU Bond Apr 2028- 75:25 Index Fund,Index - Debt,40.39,41.36,38.63,33.92,34.19,34.43,33.16,32.75
151490,HDFC Nifty G-Sec Jun 2036 Index Fund,Index - Equity,795.25,814.75,870.65,907.76,968.69,934.95,869.37,850.16
151496,HDFC Nifty G-Sec Apr 2029 Index Fund,Index - Equity,163.67,165.2,170.63,169.29,169.51,172.12,161.47,155.94
151527,UTI Long Term Fund,Long Duration,117.81,121.75,223.7,133.75,98.77,96.79,68.77,79.01
151546,Bandhan US Treasury Bond 0-1 year specific Debt Passive FOF,FoF Overseas,143.57,141.08,133.25,132.98,134.86,137.83,141.96,143.27
151560,Aditya Birla Sun Life Nifty SDL SEP 2027 Index Fund,Index - Equity,40.26,40.71,36.28,34.42,36.27,40.36,40.16,40.59
151571,HDFC NIFTY SDL Plus G-Sec Jun 2027 40:60 Index Fund,Index - Equity,48.18,48.73,48.31,48.86,48.97,48.81,48.11,48.65
151576,Baroda BNP Paribas NIFTY SDL December 2028 Index Fund,Index - Debt,31.76,32.31,28.25,29.5,29.12,28.92,30.19,68.81
151579,ICICI Prudential Innovation Fund,Sectoral/Thematic,6411.01,6273.32,6678.11,7139.83,7444.22,7411.82,7384.61,7835.97
151583,Aditya Birla Sun Life Crisil IBX Gilt Apr 2028 Index Fund,Index - Equity,29.01,28.61,23.25,22.69,20.76,20.69,20.65,21.16
151590,Invesco India Nifty G-sec Jul 2027 Index Fund,Index - Debt,68.35,69.72,71.73,75.12,75.17,81.56,81.46,80.85
151594,Invesco India Nifty G-sec Sep 2032 Index Fund,Index - Debt,45.72,49.44,50.43,46.6,48.93,49.01,50.33,51.18
151602,Kotak Silver ETF Fund of Fund,FoF Domestic,50.99,69.34,103.04,217.9,499.66,980.68,981.83,972.2
151609,NJ ELSS Tax Saver Fund,ELSS,254.02,243.87,264.14,295.02,309.38,310.64,324.99,343.88
151647,Kotak Nifty Smallcap 50 Index Fund,Index - Equity,110.41,109.65,125.86,148.59,172.41,177.48,201.4,243.86
151694,Mirae Asset Nifty SDL June 2028 Index Fund,Index - Debt,69.69,70.95,73.24,72.75,73.9,70.66,74.75,80.22
151714,quant Dynamic Asset Allocation Fund,Balanced Advantage,1348.26,1225.91,1220.28,1193.1,1108.14,953.08,902.64,865.62
151725,HDFC NIFTY Midcap 150 Index Fund,Index - Equity,257.99,277.12,331.15,391.87,452.38,494.07,603.02,700.43
151726,HDFC NIFTY Smallcap 250 Index Fund,Index - Equity,362.99,374.58,452.46,540.01,561.5,550.02,647.95,752.22
151729,HDFC BSE 500 Index Fund,Index - Equity,191.49,202.43,230.28,238.58,244.43,255.23,283.78,322.63
151732,UTI Silver ETF Fund of Fund,FoF Domestic,38.12,44.85,61.21,117.39,305.97,626.95,620.81,626.94
151738,UTI Nifty 500 Value 50 Index Fund,Index - Equity,497.72,480.82,523.1,535.39,542.27,602.93,729.68,830.22
151746,WhiteOak Capital Multi Asset Allocation Fund,Multi Asset Allocation,999.79,1386.86,2105.5,3268.59,4823.82,6273.59,7308.19,8526.61
151747,Baroda BNP Paribas Value Fund,Value,1517.79,1320.9,1308.24,1259.94,1193.4,1097.54,1039.94,992.29
151751,HDFC Defence Fund,Sectoral/Thematic,4337.6,4383.92,6031.11,6826.44,7372.17,7742.62,9370.5,11128.23
151752,Samco Active Momentum Fund,Sectoral/Thematic,874.12,883.52,861.69,847.02,755.73,651.35,659.04,728.37
151758,quant Business Cycle Fund,Sectoral/Thematic,1534.98,1311.76,1287.69,1233.49,1122.95,965.17,976.34,985.42
151761,UTI Nifty50 Equal Weight Index Fund,Index - Equity,91.7,90.52,100.05,107.45,116.95,123.75,138.9,151.79
151763,UTI BSE Housing Index Fund,Index - Equity,25.84,23.95,24.39,25.55,25.18,23.95,23.86,23.7
151765,SBI BSE Sensex Index Fund,Index - Equity,234.94,245.5,307.53,343.13,342.42,299.67,310.47,302.37
151778,ITI Focused Fund,Focused,505.19,473.13,500.1,534.13,560.92,552.09,567.11,617.88
151783,Kotak Nifty 200 Momentum 30 Index Fund,Index - Equity,382.43,362.73,428.16,491.6,513.06,495.22,536.18,587.48
151787,Axis Nifty IT Index Fund,Index - Equity,139.33,135.69,127.7,129.44,136.0,127.59,118.12,130.0
151788,quant BFSI Fund,Sectoral/Thematic,635.42,577.47,593.24,644.14,708.79,754.97,767.76,902.75
151795,Edelweiss Multi Asset Allocation Fund,Multi Asset Allocation,1369.71,1505.92,1681.75,2183.04,2422.19,2596.3,2665.35,2931.03
151799,360 ONE Flexicap Fund,Flexi Cap,1210.49,1365.98,1643.81,1975.07,2096.13,1984.8,2018.22,2212.84
151803,HDFC Consumption Fund,Sectoral/Thematic,896.63,878.33,961.07,1033.87,1080.62,994.2,980.24,1013.07
151812,Mirae Asset Multicap Fund,Multi Cap,3420.76,3269.19,3598.71,4022.65,4422.24,4599.99,4994.29,5501.71
151815,Motilal Oswal Nifty Microcap 250 Index Fund,Index - Equity,1741.24,1823.04,2166.98,2610.59,2665.03,2316.14,2328.94,2452.33
151818,BANDHAN FINANCIAL SERVICES FUND,Sectoral/Thematic,954.47,927.87,1021.44,1061.93,1118.09,1094.25,1062.69,1109.49
151821,Canara Robeco Multi Cap Fund,Multi Cap,3791.0,3757.4,4151.28,4611.22,4958.69,5044.49,5246.52,5779.8
151837,Bajaj Finserv Liquid Fund,Liquid,4436.19,4368.59,5058.17,5104.9,6287.72,4961.97,5961.77,7424.36
151851,Bajaj Finserv Overnight Fund,Overnight,353.73,341.26,560.56,805.13,823.54,981.76,958.36,678.0
151855,quant Healthcare Fund,Sectoral/Thematic,436.5,384.86,403.11,402.55,379.08,343.95,363.92,411.56
151878,Kotak Quant Fund,Sectoral/Thematic,853.65,739.01,672.76,624.65,576.38,534.69,503.79,486.4
151882,UTI Balanced Advantage Fund,Balanced Advantage,2999.35,2881.8,2941.65,3032.34,3165.76,3108.96,3011.87,3016.08
151893,Bajaj Finserv Money Market Fund,Money Market,2588.17,3150.76,4118.01,6077.2,5766.3,4495.27,4173.18,4757.6
151898,Bajaj Finserv Flexi Cap Fund,Flexi Cap,3900.23,4024.02,4657.05,5406.6,6105.74,6281.24,7089.72,8352.63
151900,HDFC Transportation and Logistics Fund,Sectoral/Thematic,1330.85,1247.86,1293.93,1519.26,1727.11,1695.49,1685.11,1997.22
151903,Union Innovation & Opportunities Fund,Sectoral/Thematic,883.39,856.64,913.29,1039.0,1116.63,1048.27,1118.98,1296.34
151909,Kotak Nifty Financial Services Ex-Bank Index Fund,Index - Equity,39.09,39.38,53.57,69.4,84.78,94.94,96.97,97.69
151913,quant Manufacturing Fund,Sectoral/Thematic,1018.57,863.44,847.08,813.69,749.07,631.52,678.2,739.37
151920,NJ Flexi Cap Fund,Flexi Cap,1937.28,1948.75,2186.35,2405.85,2467.48,2455.54,2542.43,2659.84
151935,LIC MF Nifty Next 50 Index Fund,Index - Equity,96.75,88.32,94.95,98.76,100.52,98.09,103.89,111.26
151950,LIC MF Equity Savings Fund,Equity Savings,20.27,19.23,19.91,27.14,33.16,35.26,34.65,37.97
151973,LIC MF Gold ETF Fund of Fund,FoF Domestic,69.03,88.07,140.9,251.82,511.34,745.9,794.28,824.57
152001,LIC MF Mid Cap Fund,Mid Cap,322.06,302.17,320.19,338.97,345.54,330.27,350.29,380.98
152003,LIC MF Small Cap Fund,Small Cap,404.05,469.76,549.34,621.07,628.53,592.64,673.88,796.8
152009,LIC MF Focused Fund,Focused,143.46,129.31,139.54,168.63,173.18,161.67,160.83,173.42
152016,LIC MF Value Fund,Value,140.95,144.67,158.36,178.3,201.17,194.26,212.81,283.29
152019,LIC MF Dividend Yield Fund,Dividend Yield,457.14,477.21,536.03,644.75,689.59,649.66,675.68,740.63
152025,LIC MF Healthcare Fund,Sectoral/Thematic,81.43,82.4,83.92,89.32,85.95,80.69,86.65,99.4
152027,HSBC Consumption Fund,Sectoral/Thematic,1592.61,1460.89,1509.09,1650.65,1776.1,1675.75,1660.23,1769.41
152034,Nippon India Innovation Fund,Sectoral/Thematic,2281.08,2252.35,2487.82,2765.48,2862.65,2701.57,2787.05,3018.68
152038,Kotak BSE Housing Index Fund,Index - Equity,18.63,16.51,16.96,17.88,17.18,13.85,13.12,12.89
152043,Bandhan Nifty IT Index Fund,Index - Equity,26.74,27.53,24.72,25.03,29.32,29.27,29.44,32.75
152046,Mahindra Manulife Business Cycle Fund,Sectoral/Thematic,1179.58,1120.95,1192.78,1239.96,1281.82,1278.64,1297.44,1349.34
152052,Shriram Multi Asset Allocation Fund,Multi Asset Allocation,163.91,145.51,146.12,137.43,138.21,142.06,139.05,144.24
152053,DSP Multi Asset Allocation Fund,Multi Asset Allocation,2326.23,2597.79,3068.09,3823.06,5364.04,7868.46,9515.24,10741.54
152058,HDFC Technology Fund,Sectoral/Thematic,1398.26,1391.6,1358.62,1418.44,1579.21,1466.08,1333.35,1441.96
152061,NAVI BSE SENSEX INDEX FUND,Index - Equity,13.49,15.27,17.9,19.56,21.03,20.81,19.42,19.05
152065,Kotak Multi Asset Allocation Fund,Multi Asset Allocation,7585.99,7574.95,7878.78,8436.98,9773.91,12110.6,13629.37,15047.64
152070,quant Teck Fund,Sectoral/Thematic,441.33,397.08,386.14,364.91,321.55,242.8,242.19,262.57
152072,WhiteOak Capital Multi Cap Fund,Multi Cap,1368.61,1483.68,1799.59,2244.75,2728.21,3020.55,3513.3,4222.0
152075,360 ONE Balanced Hybrid Fund,Balanced Hybrid,851.98,837.39,849.61,865.14,853.45,787.04,734.99,715.59
152078,Bajaj Finserv Arbitrage Fund,Arbitrage,1018.24,946.18,905.66,1034.72,1257.64,1188.72,1068.32,1285.72
152084,HDFC Pharma and Healthcare Fund,Sectoral/Thematic,1416.24,1570.36,1681.51,1909.58,1975.91,1962.89,2282.17,3128.0
152086,UTI Innovation Fund,Sectoral/Thematic,839.84,771.56,785.96,844.92,846.33,724.12,735.57,807.05
152091,Motilal Oswal Developed Market Ex US ETFs Overseas Equity Passive FOF,FoF Overseas,30.24,29.41,29.95,32.29,33.96,35.82,37.46,38.77
152095,Edelweiss Multi Cap Fund,Multi Cap,2544.83,2476.05,2708.06,2942.26,3106.33,3088.05,3213.97,3443.73
152100,Kotak Nifty G-Sec July 2033 Index Fund,Index - Equity,18.26,19.4,21.0,21.41,21.29,22.13,20.96,21.6
152103,BANDHAN RETIREMENT FUND,Retirement,174.44,170.15,177.76,182.58,186.56,182.88,181.34,182.62
152108,QUANTUM SMALL CAP FUND,Small Cap,95.55,102.94,124.24,152.57,169.54,183.46,217.96,258.69
152110,Parag Parikh Arbitrage Fund,Arbitrage,1103.84,1246.77,1506.08,1823.87,1973.01,2149.16,2418.02,2744.68
152127,Groww Nifty Total Market Index Fund,Index - Equity,251.87,262.39,296.42,322.7,341.62,336.96,351.74,370.29
152130,Baroda BNP Paribas Small Cap Fund,Small Cap,1474.39,1225.06,1248.6,1284.9,1242.31,1152.02,1206.22,1294.06
152133,WhiteOak Capital Balanced Hybrid Fund,Balanced Hybrid,150.61,158.67,179.9,211.93,252.58,268.31,282.85,297.19
152136,Helios Flexi Cap Fund,Flexi Cap,2276.38,2575.92,3100.27,3903.53,5220.45,6024.4,6928.92,8432.87
152142,Aditya Birla Sun Life US Treasury 1-3 Year Bond ETFs Passive FOF,FoF Overseas,85.04,87.77,87.25,88.99,91.32,84.01,77.08,71.97
152147,Aditya Birla Sun Life US Treasury 3-10 Year Bond ETFs Passive FOF,FoF Overseas,186.9,183.42,177.31,177.73,181.22,161.74,142.37,135.62
152153,Helios Overnight Fund,Overnight,123.81,158.23,164.95,187.45,257.0,282.99,235.75,276.29
152161,Aditya Birla Sun Life Transportation and Logistics Fund,Sectoral/Thematic,1592.98,1394.26,1422.07,1542.39,1603.48,1501.32,1480.92,1714.52
152165,Bajaj Finserv Banking and PSU Debt Fund,Banking & PSU,117.1,113.97,127.33,157.3,312.82,356.89,327.42,358.07
152170,Kotak Consumption Fund,Sectoral/Thematic,1090.54,1189.2,1236.27,1450.97,1717.63,1678.13,1668.91,1732.91
152179,Bandhan Nifty Alpha 50 Index Fund,Index - Equity,313.32,336.12,426.49,499.82,513.61,501.65,555.37,599.98
152182,DSP Gold ETF Fund of Fund,FoF Domestic,43.53,65.11,89.21,132.43,269.31,481.2,503.12,530.01
152187,Samco Dynamic Asset Allocation Fund,Balanced Advantage,616.59,549.49,464.44,366.1,296.38,227.36,197.25,172.73
152190,quant Momentum Fund,Sectoral/Thematic,2090.82,1773.63,1699.4,1602.32,1473.45,1312.09,1323.32,1347.82
152196,Bajaj Finserv Balanced Advantage Fund,Balanced Advantage,1312.98,1245.89,1285.62,1303.2,1325.15,1255.82,1228.91,1256.4
152205,Axis India Manufacturing Fund,Sectoral/Thematic,6114.04,5394.12,5398.2,5370.29,5256.16,4988.12,5227.36,5568.54
152208,DSP Banking & Financial Services Fund,Sectoral/Thematic,1013.43,1032.64,1245.09,1367.18,1542.78,1659.52,1854.56,2102.33
152216,Kotak Healthcare Fund,Sectoral/Thematic,410.35,409.54,422.8,472.33,477.77,462.15,536.45,743.32
152217,Union Children's Fund,Children's,60.42,59.76,66.52,74.08,79.67,80.06,84.35,92.78
152225,WhiteOak Capital Large & Mid Cap Fund,Large & Mid Cap,1524.44,1482.88,1626.23,1803.86,1991.84,2058.28,2205.36,2448.57
152232,Motilal Oswal Small Cap Fund,Small Cap,3082.89,4018.62,4639.94,5364.87,5786.67,5543.89,6358.57,7882.76
152239,Axis US Specific Treasury Dynamic Debt Passive FOF,FoF Overseas,64.86,59.77,55.01,47.78,42.34,37.86,38.79,38.59
152245,DSP Nifty Smallcap250 Quality 50 Index Fund,Index - Equity,171.13,187.18,240.08,280.48,284.53,282.33,310.21,313.9
152256,quant Commodities Fund,Sectoral/Thematic,470.7,378.79,372.56,361.31,340.1,302.63,343.07,355.81
152266,BANDHAN Nifty Smallcap 250 Index Fund,Index - Equity,44.49,44.4,54.32,60.3,61.75,61.82,83.87,100.16
152268,Aditya Birla Sun Life Crisil IBX Gilt April 2033 Index Fund,Index - Equity,88.55,96.68,83.33,75.75,77.31,51.84,30.26,27.26
152274,Groww Banking & Financial Services Fund,Sectoral/Thematic,47.07,46.82,52.8,57.59,60.55,62.42,69.68,88.88
152290,Tata Gold ETF Fund of Fund,FoF Domestic,117.08,173.9,240.92,348.75,667.89,1206.43,1391.75,1482.87
152297,Tata Silver ETF Fund of Fund,FoF Domestic,70.08,85.1,110.33,205.91,517.37,1096.27,1099.28,1068.48
152307,DSP Multi Cap Fund,Multi Cap,1812.01,1882.38,2161.61,2471.67,2636.66,2585.84,2765.0,2973.57
152311,Sundaram Multi Asset Allocation Fund,Multi Asset Allocation,2432.98,2435.56,2599.88,2707.6,2975.37,3226.82,3270.44,3337.7
152322,WhiteOak Capital Banking & Financial Services Fund,Sectoral/Thematic,291.33,320.21,403.35,469.81,532.14,566.79,595.39,651.15
152326,BANDHAN MULTI ASSET ALLOCATION FUND,Multi Asset Allocation,1792.5,1805.96,1899.55,2127.25,2475.93,2956.21,3305.55,3670.33
152331,Baroda BNP Paribas Nifty 50 Index Fund,Index - Equity,60.34,63.55,65.16,62.97,62.94,61.59,56.09,53.95
152338,quant Consumption Fund,Sectoral/Thematic,334.53,296.06,276.42,244.48,222.45,191.33,191.03,192.32
152347,Mirae Asset Multi Asset Allocation Fund,Multi Asset Allocation,1741.05,1785.46,1950.54,2230.93,2586.53,3056.55,3373.08,3621.56
152348,WhiteOak Capital Pharma and Healthcare Fund,Sectoral/Thematic,242.04,286.55,325.52,415.12,486.24,524.01,641.87,857.84
152361,Old Bridge Focused Fund,Focused,976.08,1178.65,1598.68,1953.3,2238.6,2415.59,3088.21,4184.83
152366,ICICI Prudential Nifty50 Value 20 Index Fund,Index - Equity,83.13,94.62,105.27,106.67,107.83,106.23,99.83,99.38
152372,SBI Nifty50 Equal Weight Index Fund,Index - Equity,1069.21,1003.6,998.31,1027.64,1024.66,1028.36,1040.5,1058.57
152378,HSBC Multi Asset Allocation Fund,Multi Asset Allocation,2115.92,2036.22,2071.18,2195.4,2442.05,2663.4,2892.89,3161.26
152383,PGIM India Large and Midcap Fund,Large & Mid Cap,584.19,598.37,664.58,745.91,804.48,783.19,783.26,818.61
152387,Nippon India Nifty Bank Index Fund,Index - Equity,128.82,131.68,155.62,163.27,177.81,183.62,202.02,226.95
152391,Nippon India Nifty IT Index Fund,Index - Equity,148.95,144.24,138.4,146.54,180.8,197.13,199.65,247.01
152398,Bank of India Multi Asset Allocation Fund,Multi Asset Allocation,350.28,333.77,345.41,342.43,340.84,348.01,357.8,371.76
152406,Bajaj Finserv Large & Mid Cap Fund,Large & Mid Cap,1599.5,1693.63,1921.93,2123.47,2263.41,2270.04,2315.2,2427.45
152411,Union Business Cycle Fund,Sectoral/Thematic,574.89,545.81,565.54,571.67,556.7,511.53,506.38,511.16
152413,quant PSU Fund,Sectoral/Thematic,858.09,716.9,706.48,627.76,570.48,480.35,485.56,440.36
152418,SBI Energy Opportunities Fund,Sectoral/Thematic,10822.58,9662.06,10249.08,9898.49,9363.15,8568.9,8734.42,8466.41
152421,Axis BSE Sensex Index Fund,Index - Equity,46.02,45.32,47.99,48.44,46.8,50.67,54.8,53.9
152429,HDFC NIFTY200 Momentum 30 Index Fund,Index - Equity,790.63,691.53,718.52,709.45,695.18,628.69,611.97,602.33
152433,Groww Nifty Smallcap 250 Index Fund,Index - Equity,93.03,91.46,105.99,118.45,119.41,113.56,125.62,137.59
152439,Edelweiss Technology Fund,Sectoral/Thematic,682.22,657.61,632.43,675.73,723.89,684.59,700.63,777.16
152441,Mahindra Manulife Multi Asset Allocation Fund,Multi Asset Allocation,539.55,553.14,591.68,645.61,810.21,1025.96,1108.97,1209.52
152447,Canara Robeco Manufacturing Fund,Sectoral/Thematic,1710.79,1536.99,1574.1,1655.75,1638.53,1520.06,1616.66,1715.41
152457,Mirae Asset Nifty Smallcap 250 Momentum Quality 100 ETF Fund of Fund,FoF Domestic,184.39,174.85,197.09,215.86,214.31,203.92,226.32,251.29
152460,Kotak Technology Fund,Sectoral/Thematic,583.39,577.13,566.74,596.63,629.47,600.97,524.84,536.44
152464,Parag Parikh Dynamic Asset Allocation Fund,Balanced Advantage,1351.12,1638.83,2018.31,2456.6,2689.56,2725.93,2690.53,2595.97
152472,Baroda BNP Paribas Innovation Fund,Sectoral/Thematic,1160.95,1026.8,979.43,978.45,950.5,860.78,863.63,898.13
152475,Quantum Multi Asset Allocation Fund,Multi Asset Allocation,29.17,31.23,34.72,38.5,48.55,53.98,56.95,58.3
152481,ICICI Prudential Nifty LargeMidcap 250 Index Fund,Index - Equity,174.52,179.78,206.12,229.48,240.86,244.45,265.56,295.34
152489,Kotak Long Term Fund,Long Duration,187.31,165.35,185.33,156.81,141.57,117.6,81.93,59.03
152512,Helios Balanced Advantage Fund,Balanced Advantage,258.96,284.08,302.71,304.24,318.87,312.16,301.75,287.34
152518,BANDHAN LONG TERM FUND,Long Duration,205.25,201.21,174.59,143.86,137.77,108.66,66.75,51.31
152522,HDFC NIFTY Realty Index Fund,Index - Equity,116.05,108.13,119.56,120.64,118.2,105.61,114.07,154.39
152527,DSP US Specific Debt Passive FoF,FoF Overseas,63.59,61.16,60.62,62.48,64.93,66.79,68.54,67.02
152536,Navi NiftyIT Index Fund,Index - Equity,13.65,14.42,18.14,22.69,25.2,24.46,22.09,22.02
152538,PGIM India Retirement Fund,Retirement,72.85,71.85,82.22,91.82,96.04,93.75,97.87,106.91
152560,Tata Nifty Auto Index Fund,Index - Equity,77.8,74.68,80.27,87.8,99.56,97.07,95.87,106.9
152567,Tata Nifty MidSmall Healthcare Index Fund,Index - Equity,122.31,127.36,136.87,158.89,160.25,154.95,168.84,210.49
152573,Tata Nifty Realty Index Fund,Index - Equity,54.17,49.04,64.49,82.74,51.44,44.44,47.66,63.7
152574,Tata Nifty Financial Services Index Fund,Index - Equity,45.06,76.86,85.92,81.25,86.53,73.2,68.63,73.52
152582,TRUSTMF Flexi Cap Fund,Flexi Cap,813.23,891.43,1069.83,1129.19,1139.85,1087.91,1044.82,1014.85
152587,Samco Special Opportunities Fund,Sectoral/Thematic,196.09,158.94,155.68,165.42,154.51,129.52,126.75,125.34
152590,Tata Nifty500 Multicap India Manufacturing 50:30:20 Index Fund,Index - Equity,121.77,113.77,117.94,122.66,126.07,122.48,124.47,136.99
152596,Tata Nifty500 Multicap Infrastructure 50:30:20 Index Fund,Index - Equity,80.03,73.88,78.95,79.37,77.15,70.98,71.78,74.84
152602,HDFC Manufacturing Fund,Sectoral/Thematic,12834.51,11675.78,11822.26,11843.01,11393.36,10337.42,10241.49,10559.19
152606,BANDHAN INNOVATION FUND,Sectoral/Thematic,1319.21,1353.1,1476.28,1718.16,1920.37,1938.1,2151.17,2806.68
152612,JM Small Cap Fund,Small Cap,595.01,589.32,674.9,736.48,739.24,635.3,703.06,900.01
152617,Edelweiss Nifty Alpha Low Volatility 30 Index Fund,Index - Equity,106.85,121.93,150.82,153.12,146.71,115.75,96.93,91.97
152625,Baroda BNP Paribas Retirement Fund,Retirement,342.24,347.45,374.66,385.56,394.0,388.52,385.59,399.41
152632,Axis Nifty Bank Index Fund,Index - Equity,124.16,123.69,142.6,142.77,145.49,148.33,159.77,181.3
152633,Groww Nifty Non-Cyclical Consumer Index Fund,Index - Equity,45.12,44.79,49.38,50.62,49.2,42.28,41.12,41.2
152642,Bajaj Finserv Multi Asset Allocation Fund,Multi Asset Allocation,1096.15,1099.85,1165.22,1201.52,1318.39,1648.23,1831.07,1949.78
152643,WhiteOak Capital Special Opportunities Fund,Sectoral/Thematic,653.33,730.65,891.87,1125.26,1313.75,1393.35,1568.9,1870.0
152647,Mirae Asset Nifty MidSmallcap400 Momentum Quality 100 ETF Fund of Fund,FoF Domestic,197.87,198.87,225.9,237.6,242.76,234.8,266.94,285.4
152653,DSP Nifty Bank Index Fund,Index - Equity,43.79,44.17,50.95,52.08,56.02,57.3,59.08,63.51
152658,SBI Automotive Opportunities Fund,Sectoral/Thematic,6087.43,5424.63,5412.39,5354.82,5372.48,5109.86,5123.79,5933.23
152660,Aditya Birla Sun Life Crisil IBX Gilt June 2027 Index Fund,Index - Equity,14.8,51.38,50.31,11.62,11.89,12.24,12.45,12.81
152664,Kotak NIFTY 100 Low Volatility 30 Index Fund,Index - Equity,75.48,100.08,104.7,116.93,133.75,134.62,122.5,112.09
152671,Mahindra Manulife Manufacturing Fund,Sectoral/Thematic,891.71,812.71,840.25,834.65,776.14,685.21,668.16,672.46
152678,Sundaram Business Cycle Fund,Sectoral/Thematic,1531.96,1555.25,1711.84,1811.24,1818.07,1633.14,1576.54,1709.48
152682,Helios Financial Services Fund,Sectoral/Thematic,131.98,144.35,168.64,189.21,208.7,203.21,191.16,204.89
152686,Aditya Birla Sun Life Quant Fund,Sectoral/Thematic,2629.84,2367.29,2453.79,2432.1,2338.72,2109.85,2032.53,2000.25
152690,Canara Robeco Balanced Advantage Fund,Balanced Advantage,1485.07,1423.9,1469.2,1450.62,1375.26,1242.15,1147.87,1088.05
152692,Motilal Oswal Quant Fund,Sectoral/Thematic,154.22,134.65,136.55,144.79,144.29,150.69,242.48,249.3
152696,Baroda BNP Paribas Manufacturing Fund,Sectoral/Thematic,1419.87,1252.84,1267.83,1221.62,1057.92,894.05,870.9,837.23
152703,Kotak Special Opportunities Fund,Sectoral/Thematic,2300.17,2036.92,2032.24,1964.27,1786.49,1421.36,1409.72,1635.13
152711,Motilal Oswal Nifty India Defence Index Fund,Index - Equity,2232.82,2236.79,3272.8,3668.15,3841.49,3956.96,4731.39,5383.82
152714,HDFC NIFTY100 Low Volatility 30 Index Fund,Index - Equity,356.52,337.85,337.85,313.79,300.55,263.93,233.41,219.29
152717,BANDHAN NIFTY TOTAL MARKET INDEX FUND,Index - Equity,35.19,35.02,38.7,40.49,40.71,39.58,46.8,47.8
152720,Mirae Asset Nifty200 Alpha 30 ETF Fund of Fund,FoF Domestic,182.57,173.04,192.91,209.28,209.29,187.41,189.99,193.72
152724,Edelweiss Business Cycle Fund,Sectoral/Thematic,1868.41,1698.17,1790.66,1845.48,1742.52,1566.51,1491.22,1432.31
152726,ICICI PRUDENTIAL ENERGY OPPORTUNITIES FUND,Sectoral/Thematic,9915.64,9466.1,10349.02,10253.19,9907.33,9595.73,8641.11,8236.33
152730,Axis Nifty 500 Index Fund,Index - Equity,225.65,219.98,269.22,290.04,305.4,299.54,300.0,319.47
152733,SBI Silver ETF Fund of Fund,FoF Domestic,288.93,299.2,332.65,580.81,1570.17,3994.65,3960.66,3815.03
152738,Franklin India Multi Cap Fund,Multi Cap,4541.4,4372.32,4738.19,5034.89,5096.79,4793.56,4841.51,5172.1
152746,Tata Nifty India Tourism Index Fund,Index - Equity,279.69,290.45,315.64,336.53,303.87,254.66,245.59,266.99
152750,Navi Nifty 500 Multicap 50:25:25 Index Fund,Index - Equity,17.83,21.54,26.48,29.39,25.98,25.52,26.39,27.49
152752,kotak BSE PSU Index Fund,Index - Equity,71.45,68.54,76.44,78.12,78.61,87.96,86.74,81.19
152758,Invesco India Manufacturing Fund,Sectoral/Thematic,817.33,764.09,784.6,798.91,739.93,663.52,663.48,729.35
152765,Kotak Nifty Midcap 50 Index Fund,Index - Equity,45.63,46.36,53.95,58.78,63.9,67.16,76.67,83.42
152773,Groww Nifty EV & New Age Automotive ETF FOF,FoF Domestic,108.73,114.83,133.05,149.26,157.99,151.85,161.0,177.66
152774,SBI Innovative Opportunities Fund,Sectoral/Thematic,7984.33,7347.29,7167.62,7346.96,6436.57,5169.15,4952.15,5280.64
152779,HDFC NIFTY500 Multicap 50:25:25 Index Fund,Index - Equity,414.49,400.99,447.15,456.86,442.42,425.01,464.63,509.38
152780,BAJAJ FINSERV LARGE CAP FUND,Large Cap,1260.53,1327.25,1461.65,1573.26,1642.3,1508.52,1494.52,1642.87
152786,Union Multi Asset Allocation Fund,Multi Asset Allocation,859.87,819.79,794.45,778.39,809.93,909.67,960.13,1003.67
152790,Bank of India Business Cycle Fund,Sectoral/Thematic,611.19,518.71,546.85,561.8,537.87,461.55,456.52,458.5
152792,BANDHAN NIFTY BANK INDEX FUND,Index - Equity,12.91,14.25,16.93,19.55,19.9,19.61,19.79,20.81
152800,Aditya Birla Sun Life Nifty India Defence Index Fund,Index - Equity,362.39,348.58,548.25,689.91,765.82,860.14,1134.94,1349.28
152804,Axis Consumption Fund,Sectoral/Thematic,4384.47,4048.62,4101.47,4096.42,3765.1,3109.45,2795.57,2652.69
152807,Baroda BNP Paribas Dividend Yield Fund,Dividend Yield,1049.9,956.37,973.35,949.72,842.56,696.57,628.93,585.48
152813,DSP Nifty Top 10 Equal Weight Index Fund,Index - Equity,947.59,1354.18,1640.45,1555.37,1445.71,1323.41,1186.27,1127.34
152816,PGIM India Multi Cap Fund,Multi Cap,334.56,338.59,372.39,417.48,425.76,399.09,415.28,456.82
152824,ITI Large & Mid Cap Fund,Large & Mid Cap,807.78,769.89,831.89,867.51,858.45,746.58,725.85,731.4
152828,Franklin India Ultra Short Term Fund,Ultra Short Duration,210.26,258.98,263.07,300.41,301.35,281.88,313.97,292.31
152830,HSBC India Export Opportunities Fund,Sectoral/Thematic,1820.04,1698.06,1673.71,1677.18,1528.23,1267.39,1186.12,1269.3
152834,Tata Nifty200 Alpha 30 Index Fund,Index - Equity,181.84,177.43,206.14,217.51,206.4,190.21,193.88,203.15
152840,Nippon India Nifty 500 Equal Weight Index Fund,Index - Equity,409.94,380.64,406.0,445.09,447.31,397.86,458.4,513.32
152843,Bandhan BSE Healthcare Index Fund,Index - Equity,17.54,17.24,18.09,18.51,17.93,16.47,18.92,22.09
152848,Samco Multi Cap Fund,Multi Cap,242.41,342.28,357.3,361.85,322.74,263.41,243.22,229.36
152850,WhiteOak Capital Arbitrage Fund,Arbitrage,120.19,232.63,466.81,603.45,779.7,974.65,1350.83,2146.23
152853,Franklin India Medium to Long Term Fund,Medium to Long Duration,63.13,50.9,52.47,53.23,50.62,48.78,45.72,42.83
152856,Bandhan Nifty Midcap 150 Index Fund,Index - Equity,19.74,20.71,25.09,27.83,30.03,31.16,72.45,94.68
152858,UTI Nifty 200 Quality 30 Index Fund,Index - Equity,329.02,444.89,594.65,644.37,654.9,619.65,565.53,538.0
152862,Invesco India Technology Fund,Sectoral/Thematic,314.62,316.84,316.0,336.09,338.61,294.8,297.43,328.73
152865,UTI Nifty Private Bank Index Fund,Index - Equity,151.04,175.18,222.53,219.32,225.94,219.72,209.35,223.74
152866,Kotak CRISIL-IBX AAA Financial Services Index-Sep 2027 Fund,Index - Equity,399.79,444.73,407.91,427.72,461.14,582.47,499.02,494.17
152872,Kotak Nifty India Tourism Index Fund,Index - Equity,22.32,24.71,29.29,31.64,32.89,31.43,33.71,38.13
152876,Motilal Oswal Nifty 500 Momentum 50 Index Fund,Index - Equity,431.83,492.9,624.47,722.53,771.95,720.95,769.17,803.89
152877,Bandhan Business Cycle Fund,Sectoral/Thematic,1673.49,1590.62,1652.23,1649.63,1531.47,1300.2,1210.02,1128.08
152883,Nippon India Nifty 500 Momentum 50 Index Fund,Index - Equity,523.13,618.86,823.22,962.1,1066.76,1051.52,1176.51,1281.03
152886,Axis CRISIL-IBX AAA Bond NBFC - Jun 2027 Index Fund,Index - Debt,579.92,742.82,746.46,845.86,1371.15,1741.01,1806.68,2269.24
152890,HDFC NIFTY LargeMidcap 250 Index Fund,Index - Equity,425.6,445.57,470.67,460.86,431.63,414.56,435.72,459.22
152906,SBI Nifty 500 Index Fund,Index - Equity,827.19,795.52,848.03,868.75,851.06,771.85,762.05,775.31
152913,Kotak MNC Fund,Sectoral/Thematic,1680.31,2182.5,2184.41,2219.99,2151.51,1957.93,2054.43,2250.45
152914,WhiteOak Capital Digital Bharat Fund,Sectoral/Thematic,246.45,303.67,321.35,364.18,421.83,414.24,413.19,499.01
152918,Kotak Nifty Midcap 150 Momentum 50 Index Fund,Index - Equity,50.8,77.4,174.2,253.17,294.4,312.63,401.6,450.77
152922,LIC MF Manufacturing Fund,Sectoral/Thematic,792.97,803.63,820.1,856.37,799.75,715.89,746.99,779.88
152927,Groww Nifty India Defence ETF FOF,FoF Domestic,22.09,29.15,51.41,75.66,83.83,93.94,126.96,152.38
152930,Baroda BNP Paribas Nifty200 Momentum 30 Index Fund,Index - Equity,23.35,24.15,24.61,25.19,25.32,22.96,22.13,21.75
152934,ICICI Prudential Nifty200 Value 30 Index Fund,Index - Equity,58.13,79.43,93.64,96.17,108.34,157.21,216.71,195.12
152940,TRUSTMF SMALL CAP FUND,Small Cap,260.12,613.89,909.09,1061.9,1193.09,1333.59,1818.72,3204.35
152943,Helios Large & Mid Cap Fund,Large & Mid Cap,145.16,248.08,305.65,395.43,581.38,703.48,898.27,1427.88
152945,Aditya Birla Sun Life Crisil-IBX AAA NBFC-HFC INDEX-Sep 2026 Fund,Index - Equity,253.0,292.18,233.53,229.14,217.35,207.19,129.86,97.96
152950,Axis Nifty500 Value 50 Index Fund,Index - Equity,57.13,75.07,88.53,90.27,105.91,133.74,198.92,232.4
152954,Tata Nifty Capital Markets Index Fund,Index - Equity,74.76,128.19,211.12,321.89,413.14,486.98,724.83,943.51
152963,WhiteOak Capital ESG Best-In-Class Strategy Fund,Sectoral/Thematic,40.49,60.24,62.85,68.13,69.87,57.84,53.57,51.69
152966,Motilal Oswal Digital India Fund,Sectoral/Thematic,435.06,713.52,751.39,840.41,898.07,786.47,773.91,936.52
152967,Motilal Oswal Digital India Fund,Sectoral/Thematic,435.06,713.52,751.39,840.41,898.07,786.47,773.91,936.52
152970,Mirae Asset Nifty Total Market Index Fund,Index - Equity,21.98,32.95,40.42,44.12,47.36,47.54,50.01,50.98
152974,Mirae Asset Nifty 50 Index Fund,Index - Equity,8.7,18.96,28.3,32.02,39.37,50.17,62.89,72.12
152978,Mirae Asset Nifty LargeMidcap 250 Index Fund,Index - Equity,8.96,14.02,18.9,23.74,29.72,33.12,36.35,36.65
152988,Edelweiss Nifty500 Multicap Momentum Quality 50 Index Fund,Index - Equity,101.06,162.81,219.04,328.1,429.29,503.43,576.86,607.51
152991,Bandhan Nifty 500 Value 50 Index Fund,Index - Equity,5.29,10.09,12.58,13.95,18.29,25.3,34.41,37.43
152994,Nippon India CRISIL - IBX AAA Financial Services - Dec 2026 Index Fund,Index - Equity,67.86,76.86,99.87,103.58,88.02,99.29,96.33,124.65
152998,Nippon India CRISIL - IBX AAA Financial Services - Jan 2028 Index Fund,Index - Equity,106.41,134.9,103.57,80.2,77.94,85.74,83.98,82.46
153001,Baroda BNP Paribas Nifty Midcap 150 Index Fund,Index - Equity,5.3,8.04,8.91,9.59,9.59,9.01,9.77,10.27
153002,Bandhan Nifty 500 Momentum 50 Index Fund,Index - Equity,9.95,17.29,22.63,26.11,30.2,29.13,33.29,37.1
153006,Groww Gold ETF FOF,FoF Domestic,9.1,19.54,28.06,38.8,65.81,103.78,116.81,125.65
153009,Mirae Asset Gold ETF Fund of Fund,FoF Domestic,15.89,53.42,92.75,126.21,232.47,435.98,523.19,588.54
153012,SBI Nifty India Consumption Index Fund,Index - Equity,246.28,336.36,341.28,329.49,323.22,278.22,265.95,261.33
153022,Motilal Oswal Nifty MidSmall Healthcare Index Fund,Index - Equity,7.1,21.06,24.27,28.58,29.41,27.7,33.41,48.15
153024,Motilal Oswal Nifty MidSmall India Consumption Index Fund,Index - Equity,4.67,13.62,17.57,16.61,19.03,20.89,23.13,24.5
153026,Motilal Oswal Nifty MidSmall Financial Services Index Fund,Index - Equity,5.71,14.86,32.83,53.52,59.76,84.84,96.09,118.47
153028,Motilal Oswal Nifty MidSmall IT and Telecom Index Fund,Index - Equity,7.03,18.83,25.44,28.72,35.89,34.94,43.83,50.81
153033,Aditya Birla Sun Life Crisil-IBX AAA Financial Services Index-Sep 2027 Fund,Index - Equity,54.67,86.66,78.14,78.09,68.0,36.12,13.05,10.41
153036,Shriram Liquid Fund,Liquid,92.01,125.74,177.4,196.48,211.76,174.83,168.25,371.38
153040,PGIM India Healthcare Fund,Sectoral/Thematic,27.23,104.85,107.9,109.88,102.91,90.69,94.43,118.25
153042,Franklin India Arbitrage Fund,Arbitrage,72.59,188.27,277.17,432.38,599.68,764.23,1274.95,1675.86
153046,Invesco India Multi Asset Allocation Fund,Multi Asset Allocation,48.43,325.45,371.76,452.35,584.28,871.08,1078.11,1202.45
153050,Axis CRISIL-IBX AAA Bond Financial Services - Sep 2027 Index Fund,Index - Debt,60.88,136.49,90.61,44.65,23.07,21.87,11.32,4.63
153059,Tata India Innovation Fund,Sectoral/Thematic,627.51,1644.96,1686.23,1749.73,1694.82,1453.91,1366.06,1347.6
153061,Nippon India Nifty Realty Index Fund,Index - Equity,6.1,17.86,23.89,23.5,30.82,33.3,44.27,57.99
153066,Nippon India Nifty Auto Index Fund,Index - Equity,11.67,32.91,29.74,32.2,39.26,41.29,42.05,48.6
153069,ICICI Prudential Equity Minimum Variance Fund,Sectoral/Thematic,691.0,3251.84,3614.98,3717.67,3816.8,3507.64,2963.7,2721.45
153072,Bajaj Finserv Consumption Fund,Sectoral/Thematic,179.7,511.32,559.07,617.67,666.3,610.26,603.47,607.77
153077,Shriram Multi Sector Rotation Fund,Sectoral/Thematic,51.37,189.21,194.37,193.27,194.47,179.5,171.03,163.31
153080,Aditya Birla Sun Life BSE India Infrastructure Index Fund,Index - Equity,11.11,31.37,33.33,32.08,30.55,28.23,33.86,31.25
153085,Axis Momentum Fund,Sectoral/Thematic,302.92,1254.14,1300.22,1290.41,1252.95,1076.64,990.13,921.57
153087,UTI Nifty Alpha Low-Volatility 30 Index Fund,Index - Equity,24.39,73.1,80.79,80.24,80.26,72.63,73.77,71.48
153088,UTI Nifty Midcap 150 Index Fund,Index - Equity,15.32,45.55,50.04,55.17,60.59,60.92,67.72,76.6
153091,Samco Arbitrage Fund,Arbitrage,8.87,30.47,36.14,25.86,21.74,16.56,33.05,28.85
153093,Samco Multi Asset Allocation Fund,Multi Asset Allocation,13.19,202.59,267.71,318.92,364.07,399.68,404.62,396.86
153095,Quantum Ethical Fund,Sectoral/Thematic,4.52,44.67,54.37,70.61,85.33,92.84,104.72,122.88
153096,HDFC Nifty India Digital Index Fund,Index - Equity,59.4,224.7,208.37,196.59,184.4,151.34,140.32,152.06
153100,Groww Multicap Fund,Multi Cap,11.6,73.64,99.36,156.06,259.26,350.34,541.87,1232.81
153104,Franklin India Long Term Fund,Long Duration,7.6,28.43,26.92,35.67,27.0,16.62,24.04,45.98
153107,Mirae Asset Long Term Fund,Long Duration,10.62,37.55,41.22,33.42,30.5,25.44,17.75,20.86
153111,Union Active Momentum Fund,Sectoral/Thematic,55.77,390.87,432.5,464.98,461.01,433.1,455.64,517.98
153113,Bandhan Nifty 200 Quality 30 Index Fund,Index - Equity,2.56,9.17,11.14,11.69,11.88,11.74,11.17,13.46
153116,Kotak Transportation & Logistics Fund,Sectoral/Thematic,57.53,344.19,380.19,464.91,546.11,533.84,494.79,532.76
153122,DSP Business Cycle Fund,Sectoral/Thematic,146.58,920.14,1056.58,1145.71,1179.09,1133.46,1161.93,1422.9
153127,Aditya Birla Sun Life Conglomerate Fund,Sectoral/Thematic,74.83,1413.72,1529.13,1643.87,1748.78,1633.46,1603.9,1618.73
153130,Edelweiss CRISIL IBX AAA Financial Services Bond - Jan 2028 Index Fund,Index - Equity,51.6,131.78,126.9,110.83,111.62,106.55,104.89,103.96
153134,Tata BSE Select Business Groups Index Fund,Index - Equity,26.61,136.28,190.8,207.22,219.65,221.05,236.48,228.27
153137,Motilal Oswal Nifty Capital Market Index Fund,Index - Equity,11.37,89.8,176.97,262.4,301.37,341.29,497.29,648.34
153140,Bank of India Consumption Fund,Sectoral/Thematic,52.65,396.18,384.8,385.27,413.62,379.86,365.38,368.03
153145,Kotak Nifty 100 Equal Weight Index Fund,Index - Equity,0.84,7.08,10.77,17.07,24.27,34.53,42.18,47.46
153148,Kotak Nifty 50 Equal Weight Index Fund,Index - Equity,0.85,9.44,11.73,18.3,27.36,46.8,61.7,67.14
153153,SBI Quant Fund,Sectoral/Thematic,229.39,3535.12,3728.87,3733.41,3670.85,3405.24,3098.95,2910.2
153155,Bajaj Finserv Healthcare Fund,Sectoral/Thematic,15.78,299.32,315.12,336.0,334.26,312.59,329.96,388.57
153162,ICICI Prudential Nifty 500 Index Fund,Index - Equity,1.87,17.25,23.9,31.91,49.79,67.28,86.51,100.16
153170,Baroda BNP Paribas Children's Fund,Children's,2.24,72.02,83.11,94.62,105.37,110.04,115.77,126.23
153174,Axis CRISIL-IBX AAA Bond NBFC-HFC - Jun 2027 Index Fund,Index - Debt,10.22,40.49,45.2,46.14,50.78,55.78,28.89,7.48
153177,Aditya Birla Sun Life Crisil-IBX Financial Services 3 to 6 months Debt Index Fund,Index - Equity,165.21,2732.38,3415.36,3365.31,3369.08,3024.46,3060.26,2484.77
153181,ICICI Prudential Rural Opportunities Fund,Sectoral/Thematic,,863.33,1381.39,1774.91,2128.72,2205.52,2075.68,2060.05
153188,Motilal Oswal Arbitrage Fund,Arbitrage,26.81,654.37,682.89,1062.96,1685.88,2212.45,2584.5,3318.53
153190,WhiteOak Capital Quality Equity Fund,Sectoral/Thematic,,218.81,443.79,586.69,652.14,625.06,609.22,612.88
153194,Mirae Asset Nifty India New Age Consumption ETF Fund of Fund,FoF Domestic,,12.95,13.25,15.33,18.41,18.4,19.23,21.95
153198,Mirae Asset Small Cap Fund,Small Cap,,747.49,1495.73,2131.05,2776.01,3212.3,4245.63,5462.91
153202,Bajaj Finserv ELSS - Tax Saver Fund,ELSS,,24.02,52.33,62.66,71.8,74.17,82.41,89.71
153205,UTI Quant Fund,Sectoral/Thematic,,1026.69,1582.18,1735.01,1835.99,1723.52,1604.33,1495.37
153211,Bajaj Finserv Gilt Fund,Gilt,,38.18,40.18,31.55,28.61,29.03,28.55,27.05
153212,Bandhan Nifty Alpha Low Volatility 30 Index Fund,Index - Equity,,5.75,8.61,9.21,8.87,9.63,9.06,9.24
153216,DSP BSE SENSEX Next 30 Index Fund,Index - Equity,,4.92,9.76,11.54,13.26,15.53,22.23,25.85
153221,Kotak Nifty SmallCap 250 Index Fund,Index - Equity,,12.24,23.69,32.11,37.06,41.3,55.68,77.77
153226,Baroda BNP Paribas Energy Opportunities Fund,Sectoral/Thematic,,387.79,747.88,742.68,729.0,694.79,686.68,634.42
153232,Groww Nifty India Railways PSU Index Fund,Index - Equity,,13.19,31.62,43.52,45.89,47.53,52.76,59.21
153238,Samco Large Cap Fund,Large Cap,,11.61,154.92,151.34,138.04,118.22,107.48,95.2
153240,Union Short Term Fund,Ultra Short Duration,,310.14,676.15,596.4,446.13,159.29,98.12,107.39
153245,Axis Nifty500 Momentum 50 Index Fund,Index - Equity,,24.9,64.47,88.94,113.89,124.14,149.56,171.35
153248,LIC MF Multi Asset Allocation Fund,Multi Asset Allocation,,238.58,560.46,671.96,820.34,929.11,950.26,987.11
153253,SBI Nifty Bank Index Fund,Index - Equity,,58.43,112.32,121.16,133.12,140.88,168.84,204.89
153255,Edelweiss Consumption Fund,Sectoral/Thematic,,136.29,355.79,414.56,487.21,482.2,478.33,489.04
153256,Motilal Oswal Innovation Opportunities Fund,Sectoral/Thematic,,59.84,174.44,311.39,468.54,470.86,545.83,754.58
153263,ITI Bharat Consumption Fund,Sectoral/Thematic,,54.77,194.78,261.43,345.41,347.1,345.15,366.5
153265,HDFC Nifty100 Quality 30 Index Fund,Index - Equity,,87.79,188.98,168.84,165.68,153.29,148.34,141.3
153267,HSBC Financial Services fund,Sectoral/Thematic,,190.59,602.93,696.53,778.77,828.2,872.9,941.31
153271,UTI Nifty India Manufacturing Index Fund,Index - Equity,,8.93,19.71,21.81,24.79,26.36,28.58,30.75
153273,UTI Nifty Midsmallcap 400 Momentum Quality 100 Index Fund,Index - Equity,,16.84,51.06,77.74,91.61,94.05,111.41,128.89
153276,Nippon India Active Momentum Fund,Sectoral/Thematic,,42.02,163.58,229.96,294.39,345.73,414.7,535.64
153284,Kotak BSE Sensex Index Fund,Index - Equity,,3.69,9.9,11.82,15.04,15.99,20.93,23.97
153288,Invesco India Business Cycle Fund,Sectoral/Thematic,,91.98,342.89,629.86,887.84,916.28,1045.62,1330.01
153293,Bank of India Money Market Fund,Money Market,,124.12,119.3,155.48,274.3,389.63,454.51,459.47
153304,Mahindra Manulife Value Fund,Value,,79.45,353.72,497.98,605.89,682.54,803.99,983.49
153307,Bajaj Finserv Multi Cap Fund,Multi Cap,,169.46,651.07,870.18,1038.7,1121.97,1291.16,1567.74
153311,Kotak CRISIL- IBX AAA Bond Financial Services Index - Dec 2026 Fund,Index - Equity,,34.87,59.13,33.25,154.15,204.95,132.82,112.62
153323,SBI Nifty IT Index Fund,Index - Equity,,16.03,44.94,55.21,71.4,75.79,90.77,126.38
153327,Helios Mid Cap Fund,Mid Cap,,10.87,88.77,229.04,605.1,1183.78,1458.21,2106.12
153331,ANGEL ONE NIFTY TOTAL MARKET INDEX FUND,Index - Equity,,11.27,36.36,45.92,52.08,54.3,58.32,61.83
153334,Edelweiss CRISIL IBX AAA Bond NBFC HFC Jun 2027 Index Fund,Index - Equity,,39.2,82.6,81.99,84.22,84.57,84.07,81.17
153338,Union Gold ETF Fund of Fund,FoF Domestic,,19.01,64.26,72.8,108.66,158.58,164.41,166.41
153342,Groww Nifty 200 ETF FOF,FoF Domestic,,4.49,5.12,5.0,6.0,6.37,6.8,7.5
153347,DSP Nifty Private Bank Index Fund,Index - Equity,,2.64,17.65,26.47,46.39,58.09,74.04,103.28
153349,Bandhan Nifty Next 50 Index Fund,Index - Equity,,4.2,15.75,20.1,23.46,26.09,30.43,35.46
153351,Kotak Nifty Commodities Index Fund,Index - Equity,,1.25,4.57,43.79,151.11,251.63,290.35,295.65
153356,WhiteOak Capital Equity Savings Fund,Equity Savings,,6.95,66.55,127.21,190.07,236.58,268.82,271.48
153363,Navi Nifty Smallcap250 Momentum Quality 100 Index Fund,Index - Equity,,1.49,12.21,20.14,23.57,24.62,33.35,41.11
153365,Motilal Oswal Active Momentum Fund,Sectoral/Thematic,,6.77,67.35,136.55,264.33,358.99,476.76,1065.83
153371,Franklin India Ultra Short to Short Term Fund,Low Duration,,113.86,339.12,360.94,415.7,401.46,429.58,397.51
153375,Kotak CRISIL-IBX Financial Services 3-6 Months Debt Index Fund,Index - Equity,,156.91,611.69,480.18,403.21,344.1,347.25,290.81
153377,UNIFI DYNAMIC ASSET ALLOCATION FUND,Balanced Advantage,,110.26,616.31,783.52,967.37,1118.89,1215.78,1390.62
153382,Mirae Asset BSE 200 Equal Weight ETF Fund of Fund,FoF Domestic,,1.59,7.44,4.91,5.65,5.89,6.53,7.37
153387,Mirae Asset BSE Select IPO ETF Fund of Fund,FoF Domestic,,1.58,7.87,6.31,7.66,6.92,7.5,8.91
153391,Bandhan CRISIL-IBX 10:90 Gilt Plus SDL Index - Dec 2029 Fund,Index - Equity,,3.45,13.03,6.55,0.38,0.38,0.39,0.28
153396,ICICI Prudential Nifty EV & New Age Automotive ETF FOF,FoF Domestic,,,12.72,21.95,29.77,32.68,38.18,49.45
153399,Kotak Nifty Midcap 150 Index Fund,Index - Equity,,0.88,5.12,8.51,13.56,20.59,33.36,44.46
153404,HDFC Nifty Top 20 Equal Weight Index Fund,Index - Equity,,5.5,78.33,79.02,83.12,83.36,84.92,91.16
153408,Bandhan CRISIL-IBX Financial Services 3-6 Months Debt Index Fund,Index - Equity,,88.55,418.44,323.98,396.16,392.43,418.77,331.74
153409,ICICI Prudential CRISIL-IBX Financial Services 3-6 Months Debt Index Fund,Index - Equity,,69.08,577.41,600.71,523.13,453.85,502.93,512.69
153419,Edelweiss Ultra Short to Short Term Fund,Low Duration,,81.16,578.23,601.63,531.12,525.72,531.67,497.39
153425,Tata BSE Quality Index Fund,Index - Equity,,,47.85,48.57,50.89,52.56,57.0,56.87
153428,quant Arbitrage Fund,Arbitrage,,,84.61,122.31,171.61,268.4,402.62,817.4
153434,SBI BSE PSU BANK INDEX FUND,Index - Equity,,0.65,21.75,43.32,121.73,242.11,323.53,347.72
153441,UTI Income Plus Arbitrage Active Fund of Fund,FoF Domestic,,,105.99,288.64,281.99,218.51,184.08,174.72
153445,Aditya Birla Sun Life Crisil-IBX Financial Services 9-12 Months Debt Index Fund,Index - Equity,,81.72,992.24,925.62,1166.64,1592.72,1601.75,1190.07
153449,Kotak Energy Opportunities Fund,Sectoral/Thematic,,,134.7,208.88,243.85,265.85,270.48,273.31
153456,Groww Nifty 500 Momentum 50 ETF FOF,FoF Domestic,,,6.43,6.71,7.66,8.09,9.23,10.34
153459,ICICI Prudential Quality Fund,Sectoral/Thematic,,,796.14,2148.55,2309.78,2236.87,2156.56,2126.45
153463,Kotak Nifty Top 10 Equal Weight Index Fund,Index - Equity,,,9.05,17.41,21.71,32.26,39.5,39.31
153466,Canara Robeco Multi Asset Allocation Fund,Multi Asset Allocation,,,313.65,968.65,1116.84,1253.87,1279.63,1377.84
153472,Nippon India Nifty 500 Quality 50 Index Fund,Index - Equity,,,19.72,34.64,40.32,43.8,45.87,42.84
153475,Nippon India Nifty 500 Low Volatility 50 Index Fund,Index - Equity,,,7.33,11.76,15.83,24.1,30.81,27.69
153480,Bajaj Finserv Nifty Next 50 Index Fund,Index - Equity,,,4.74,10.14,12.88,22.19,29.64,32.06
153482,Motilal Oswal Infrastructure Fund,Sectoral/Thematic,,,17.14,49.26,90.35,113.86,132.56,149.28
153486,DSP Silver ETF Fund of Fund,FoF Domestic,,,29.8,195.76,507.65,817.83,738.29,701.54
153495,Edelweiss BSE Internet Economy Index Fund,Index - Equity,,,15.7,28.12,31.62,30.77,31.32,38.22
153500,SBI Income Plus Arbitrage Active FOF,FoF Domestic,,,798.04,1911.75,2044.76,1874.69,1823.74,1814.24
153503,Groww Gilt Fund,Gilt,,,17.64,37.9,38.92,36.54,34.96,35.15
153508,Bajaj Finserv Nifty 50 Index Fund,Index - Equity,,,3.99,8.2,11.4,35.93,37.96,38.3
153511,Tata Income Plus Arbitrage Active FOF,FoF Domestic,,,103.73,299.33,331.1,284.11,248.34,265.45
153516,UTI Multi Cap Fund,Multi Cap,,,510.84,1438.69,1742.42,1831.44,1936.58,2131.64
153518,HDFC CRISIL-IBX Financial Services 3-6 Months Debt Index Fund,Index - Equity,,,197.74,447.78,612.21,1457.86,2596.52,2212.63
153527,Groww Silver ETF FOF,FoF Domestic,,,6.74,16.39,46.01,95.06,89.36,87.51
153530,ANGEL ONE NIFTY 50 INDEX FUND,Index - Equity,,,16.34,36.22,34.77,31.16,32.14,33.04
153533,Samco Large & Mid Cap Fund,Large & Mid Cap,,,10.14,151.92,140.52,123.64,115.69,99.95
153541,Baroda BNP Paribas Income Plus Arbitrage Active Fund of Funds,FoF Domestic,,,40.27,100.35,105.16,89.34,74.15,80.68
153542,UNIFI FLEXI CAP FUND,Flexi Cap,,,30.73,136.76,160.12,174.39,190.57,231.0
153544,ICICI Prudential Nifty200 Quality 30 Index Fund,Index - Equity,,,4.25,19.73,21.84,22.58,24.85,25.58
153548,Baroda BNP Paribas Multi Asset Active Fund of Funds,FoF Domestic,,,44.31,123.29,123.59,127.82,123.99,114.77
153554,SBI Nifty200 Quality 30 Index Fund,Index - Equity,,,95.27,323.01,309.05,295.68,312.13,323.44
153561,Motilal Oswal Services Fund,Sectoral/Thematic,,,9.11,47.09,80.64,101.34,111.98,129.08
153566,Nippon India BSE Sensex Next 30 Index Fund,Index - Equity,,,9.34,37.39,38.31,52.79,80.14,87.74
153571,UNIFI LIQUID FUND,Liquid,,,70.18,275.54,185.93,147.04,91.07,54.77
153573,Union Income Plus Arbitrage Active FOF,FoF Domestic,,,38.54,158.93,125.52,94.84,65.4,60.43
153580,Tata Nifty Midcap 150 Index Fund,Index - Equity,,,13.74,113.97,178.85,224.45,275.96,320.39
153588,DSP Nifty IT Index Fund,Index - Equity,,,0.84,9.59,29.86,57.95,77.53,103.4
153592,DSP Nifty Healthcare Index Fund,Index - Equity,,,0.98,11.51,14.13,15.86,19.36,24.41
153597,Motilal Oswal BSE 1000 Index Fund,Index - Equity,,,2.17,48.91,54.84,56.15,60.25,62.39
153601,Nippon India Income Plus Arbitrage Active Fund of Fund,FoF Domestic,,,81.61,686.9,785.5,665.78,624.41,639.77
153602,Baroda BNP Paribas Health and Wellness Fund,Sectoral/Thematic,,,13.85,649.73,611.63,556.01,539.43,510.75
153609,Bajaj Finserv Small Cap Fund,Small Cap,,,,1040.45,1501.01,1578.79,1935.47,2521.51
153613,ICICI Prudential Nifty Top 15 Equal Weight Index Fund,Index - Equity,,,0.65,14.09,21.52,26.5,25.69,30.34
153619,HDFC INNOVATION FUND,Sectoral/Thematic,,,,2089.29,2725.17,2571.34,2631.77,3054.48
153621,Axis Services Opportunities Fund,Sectoral/Thematic,,,,1517.34,1980.74,1691.17,1579.37,1522.08
153627,JM Large & Mid Cap Fund,Large & Mid Cap,,,,237.29,381.24,399.47,419.2,453.19
153633,Groww Nifty India Internet ETF FOF,FoF Domestic,,,,9.1,9.8,9.78,12.35,15.77
153636,Mirae Asset CRISIL-IBX Financial Services 9-12 Months Debt Index Fund,Index - Debt,,,8.55,141.16,139.82,79.16,111.68,139.02
153640,Mirae Asset Income plus Arbitrage Active FOF,FoF Domestic,,,,19.19,20.03,20.79,21.73,22.08
153645,TRUSTMF MULTI CAP FUND,Multi Cap,,,,163.11,282.2,385.24,504.93,756.77
153652,Union Ultra Short to Short Term Fund,Low Duration,,,,643.73,887.09,1055.25,572.22,350.75
153659,KOTAK NIFTY 200 QUALITY 30 INDEX FUND,Index - Equity,,,,9.81,13.73,14.47,16.11,17.26
153663,SBI Nifty200 Momentum 30 Index Fund,Index - Equity,,,,94.36,111.47,108.76,121.66,117.14
153667,Sundaram Multi-Factor Fund,Sectoral/Thematic,,,,670.45,972.58,983.97,941.24,873.98
153675,MahindraManulife Banking & Financial Services Fund,Sectoral/Thematic,,,,247.71,354.33,402.41,428.7,463.3
153676,ICICI Prudential Nifty Private Bank Index Fund,Index - Equity,,,,6.54,12.75,20.12,28.61,49.48
153683,Kotak Nifty AAA Bond Financial Services Mar 2028 Index Fund,Index - Equity,,,,359.47,353.96,265.27,222.48,244.06
153685,ICICI Prudential Active Momentum Fund,Sectoral/Thematic,,,,905.23,1351.87,1545.79,1947.98,2109.51
153691,Nippon India MNC Fund,Sectoral/Thematic,,,,296.81,430.12,420.75,419.06,431.25
153695,Invesco India Income Plus Arbitrage Active Fund of Fund,FoF Domestic,,,,260.07,290.48,245.21,226.02,196.11
153700,360 ONE Overnight Fund,Overnight,,,,86.15,211.99,295.18,603.83,317.25
153707,quant Equity Savings Fund,Equity Savings,,,,25.9,42.64,42.46,47.7,56.71
153710,Groww Nifty 50 Index Fund,Index - Equity,,,,9.75,16.91,19.92,23.04,26.67
153713,Edelweiss Income Plus Arbitrage Omni Fund of Funds,FoF Domestic,,,,188.04,200.61,181.69,214.7,124.88
153716,SBI Nifty100 Low Volatility 30 Index Fund,Index - Equity,,,,46.7,66.4,63.38,60.02,57.22
153721,Bandhan Multi-Factor Fund,Sectoral/Thematic,,,,352.23,552.62,622.63,671.87,655.77
153726,BANK OF INDIA MID CAP FUND,Mid Cap,,,,285.19,686.24,667.07,716.59,742.47
153733,Franklin India Multi Asset Allocation Fund,Multi Asset Allocation,,,,1338.14,2280.27,2621.24,2777.91,2883.54
153735,Aditya Birla Sun Life BSE 500 Momentum 50 Index Fund,Index - Equity,,,,29.59,59.53,63.25,69.12,79.0
153739,Capitalmind Flexi Cap Fund,Flexi Cap,,,,69.19,219.64,353.98,425.56,459.8
153742,Aditya Birla Sun Life BSE 500 Quality 50 Index Fund,Index - Equity,,,,45.59,75.3,68.63,74.68,71.61
153748,Groww BSE Power ETF FOF,FoF Domestic,,,,6.67,6.47,10.72,27.15,37.34
153751,Motilal Oswal Special Opportunities Fund,Sectoral/Thematic,,,,23.38,64.53,65.18,71.33,90.14
153756,Kotak Active Momentum Fund,Sectoral/Thematic,,,,637.4,1392.14,1330.05,1455.61,1608.77
153769,Bajaj Finserv Equity Savings Fund,Equity Savings,,,,12.95,29.23,29.94,35.24,39.86
153772,360 ONE Multi Asset Allocation Fund,Multi Asset Allocation,,,,61.86,225.43,356.45,439.81,500.19
153779,Edelweiss Multi Asset Omni Fund of Fund,FoF Domestic,,,,77.1,298.71,420.16,482.51,517.33
153784,Kotak Nifty Alpha 50 Index Fund,Index - Equity,,,,4.25,14.81,22.43,32.48,46.12
153794,Baroda BNP Paribas Gold ETF Fund of Fund,FoF Domestic,,,,28.83,107.79,181.79,199.13,187.21
153798,Groww Nifty Next 50 Index Fund,Index - Equity,,,,2.21,6.58,7.42,9.01,10.77
153802,DSP Nifty500 Flexicap Quality 30 Index Fund,Index - Equity,,,,19.02,88.78,124.17,175.18,199.5
153805,TRUSTMF ARBITRAGE FUND,Arbitrage,,,,19.88,75.63,70.53,85.39,141.87
153809,Nippon India Nifty India Manufacturing Index Fund,Index - Equity,,,,14.16,37.13,37.23,37.42,41.03
153814,Mirae Asset Gold Silver Passive FoF,FoF Domestic,,,,49.05,538.98,1208.04,1341.09,1405.24
153818,Mirae Asset Multi Factor Passive FOF,FoF Domestic,,,,5.83,18.78,20.42,24.11,29.16
153822,Union Diversified Equity All Cap Active FOF,FoF Domestic,,,,18.79,202.43,185.92,185.59,198.72
153828,ANGEL ONE GOLD ETF FOF,FoF Domestic,,,,3.73,21.07,29.44,32.4,34.54
153830,Axis Nifty500 Quality 50 Index Fund,Index - Equity,,,,19.68,79.26,71.37,78.06,81.0
153831,SBI Dynamic Asset Allocation Active FoF,FoF Domestic,,,,339.68,2136.85,2333.07,2312.6,2323.64
153839,Bandhan BSE India Sector Leaders Index Fund,Index - Equity,,,,2.86,33.13,26.78,26.19,25.46
153844,Baroda BNP Paribas Business Conglomerates Fund,Sectoral/Thematic,,,,72.2,770.68,712.2,668.04,645.62
153851,Groww Multi Asset Allocation Fund,Multi Asset Allocation,,,,2.98,316.06,382.95,404.74,386.83
153855,Tata Nifty Next 50 Index Fund,Index - Equity,,,,,121.03,106.29,116.34,123.79
153861,HDFC Diversified Equity All Cap Active FOF,FoF Domestic,,,,24.04,1455.08,1986.36,2358.2,2654.4
153865,ICICI Prudential Conglomerate Fund,Sectoral/Thematic,,,,,647.51,851.97,817.68,811.1
153869,Samco Small Cap Fund,Small Cap,,,,,40.26,130.14,144.77,196.49
153870,The Wealth Company Flexi Cap Fund,Flexi Cap,,,,,216.82,260.67,230.81,246.73
153877,Kotak CRISIL-IBX Financial Services 9 to 12 Months Debt Index Fund,Index - Equity,,,,35.73,679.24,820.96,1068.0,1001.22
153880,Axis CRISIL-IBX Financial Services 3-6 Months Debt Index Fund,Index - Debt,,,,23.66,321.73,269.86,265.34,250.79
153888,The Wealth Company Liquid Fund,Liquid,,,,,957.43,750.31,554.61,790.87
153892,The Wealth Company Arbitrage Fund,Arbitrage,,,,,189.7,179.34,151.53,143.69
153897,THE WEALTH COMPANY ETHICAL FUND,Sectoral/Thematic,,,,,33.61,38.2,37.86,40.1
153902,Invesco India Consumption Fund,Sectoral/Thematic,,,,,388.91,529.27,534.83,591.17
153909,Helios Small Cap Fund,Small Cap,,,,,213.58,685.48,994.19,1607.44
153916,Motilal Oswal Consumption Fund,Sectoral/Thematic,,,,,869.46,1055.11,1023.06,1146.02
153918,Groww Nifty Capital Markets ETF FOF,FoF Domestic,,,,,3.13,10.7,15.25,19.81
153922,Kotak Gold Silver Passive FOF,FoF Domestic,,,,,241.74,972.11,1067.23,1092.88
153927,Axis Income Plus Arbitrage Passive FOF,FoF Domestic,,,,,76.89,125.31,98.98,109.52
153935,Bajaj Finserv Banking and Financial Services Fund,Sectoral/Thematic,,,,,117.9,397.41,427.62,491.83
153943,Franklin India Multi-Factor Fund,Sectoral/Thematic,,,,,158.52,495.64,548.34,602.52
153950,LIC MF Consumption Fund,Sectoral/Thematic,,,,,222.26,490.26,471.49,463.48
153953,Groww Nifty Midcap 150 Index Fund,Index - Equity,,,,,5.74,12.11,14.1,15.39
153955,ANGEL ONE NIFTY TOTAL MARKET MOMENTUM QUALITY 50 INDEX FUND,Index - Equity,,,,,14.41,32.02,34.38,36.44
153958,HDFC BSE India Sector Leaders Index Fund,Index - Equity,,,,,88.08,198.12,185.6,176.35
153963,Axis Multi-Asset Omni FoF,FoF Domestic,,,,,306.48,1393.62,1372.32,1370.93
153969,Kotak Rural Opportunities Fund,Sectoral/Thematic,,,,,317.17,868.34,805.94,772.64
153974,Bandhan Healthcare Fund,Sectoral/Thematic,,,,,108.9,287.44,301.31,324.95
153977,Old Bridge Arbitrage Fund,Arbitrage,,,,,41.5,121.29,164.86,227.26
153985,Mirae Asset Infrastructure Fund,Sectoral/Thematic,,,,,96.2,352.57,406.44,476.73
153988,PGIM India Multi Asset Allocation Fund,Multi Asset Allocation,,,,,57.7,228.07,270.36,305.47
153992,Groww Money Market Fund,Money Market,,,,,17.02,21.96,48.13,59.4
154002,The Wealth Company Multi Asset Allocation Fund,Multi Asset Allocation,,,,,23.69,132.38,169.81,201.61
154006,Mahindra Manulife Income Plus Arbitrage Active FOF,FoF Domestic,,,,,10.74,26.4,18.87,14.37
154010,Capitalmind Liquid Fund,Liquid,,,,,13.7,112.96,93.47,109.45
154012,DSP Nifty Midcap 150 Index Fund,Index - Equity,,,,,1.77,9.36,13.72,17.2
154016,DSP Nifty Smallcap 250 Index Fund,Index - Equity,,,,,1.73,8.36,11.32,16.47
154022,Union Consumption Fund,Sectoral/Thematic,,,,,35.13,318.16,315.58,331.44
154026,Navi Nifty Midsmallcap 400 Index Fund,Index - Equity,,,,,2.72,10.42,9.97,12.7
154030,Kotak Nifty500 Momentum 50 Index Fund,Index - Equity,,,,,3.27,16.22,22.27,25.52
154041,Abakkus Flexi Cap Fund,Flexi Cap,,,,,81.22,2921.93,4324.62,6825.45
154047,Abakkus Liquid Fund,Liquid,,,,,9.85,139.12,290.66,529.66
154057,Groww Multi Asset Omni FOF,FoF Domestic,,,,,7.01,72.5,75.8,77.23
154064,Tata BSE Multicap Consumption 50:30:20 Index Fund,Index - Equity,,,,,1.84,48.81,43.25,43.62
154075,Edelweiss Silver ETF Fund of Fund,FoF Domestic,,,,,2.96,114.48,115.59,104.35
154077,Axis Gold and Silver Passive FOF,FoF Domestic,,,,,6.42,488.67,559.58,556.94
154090,DSP Nifty 500 Index Fund,Index - Equity,,,,,,10.88,13.62,15.95
154095,Bank of India Banking & Financial Services Fund,Sectoral/Thematic,,,,,,188.99,275.59,270.77
154099,Kotak Dividend Yield Fund,Dividend Yield,,,,,,152.86,227.51,251.5
154102,Groww Small Cap Fund,Small Cap,,,,,,133.79,323.2,687.95
154107,Edelweiss Financial Services Fund,Sectoral/Thematic,,,,,,110.15,252.46,282.37
154113,Motilal Oswal Diversified Equity Flexicap Passive Fund of Funds,FoF Domestic,,,,,,22.23,35.66,41.33
154115,Samco Mid Cap Fund,Mid Cap,,,,,,39.12,74.72,78.55
154120,Mahindra Manulife Innovation Opportunities Fund,Sectoral/Thematic,,,,,,107.25,187.6,244.08
154127,Sundaram Income Plus Arbitrage Active FoF,FoF Domestic,,,,,,71.13,66.75,66.66
154130,Bandhan Gold ETF FOF,FoF Domestic,,,,,,90.4,147.97,158.77
154133,The Wealth Company Gold ETF FOF,FoF Domestic,,,,,,8.93,13.97,15.76
154135,Bandhan Silver ETF FOF,FoF Domestic,,,,,,105.57,155.41,154.68
154137,Motilal Oswal Financial Services Fund,Sectoral/Thematic,,,,,,76.21,177.86,207.42
154143,Shriram Money Market Fund,Money Market,,,,,,260.16,232.17,96.25
154148,Kotak Nifty200 Value 30 Index Fund,Index - Equity,,,,,,6.37,28.27,16.66
154151,Kotak Services Fund,Sectoral/Thematic,,,,,,292.88,742.33,750.09
154154,Parag Parikh Large Cap Fund,Large Cap,,,,,,272.01,718.11,845.25
154159,ITI Business Cycle Fund,Sectoral/Thematic,,,,,,24.52,105.43,116.1
154162,WhiteOak Capital Consumption Opportunities Fund,Sectoral/Thematic,,,,,,50.4,104.39,132.71
154165,DSP Multi Asset Omni Fund of Funds,FoF Domestic,,,,,,225.86,773.23,865.68
154170,Axis BSE India Sector Leaders Index Fund,Index - Equity,,,,,,19.81,33.48,30.8
154173,Groww Nifty PSE ETF FOF,FoF Domestic,,,,,,6.08,11.95,11.99
154175,SBI Quality Fund,Sectoral/Thematic,,,,,,1047.64,2328.77,2555.53
154180,HDFC Nifty India Consumption Index Fund,Index - Equity,,,,,,70.81,142.03,119.69
154183,The Wealth Company Balanced Advantage Fund,Balanced Advantage,,,,,,20.91,45.86,47.07
154189,Mirae Asset BSE India Defence ETF FOF,FoF Domestic,,,,,,10.54,56.71,113.41
154194,Baroda BNP Paribas ESG Best-in-Class Strategy Fund,Sectoral/Thematic,,,,,,193.94,641.15,611.57
154198,UTI Nifty500 Shariah Index Fund,Index - Equity,,,,,,24.76,79.06,87.73
154203,Bajaj Finserv Ultra Short to Short Term Fund,Low Duration,,,,,,284.58,578.89,598.62
154207,ANGEL ONE SILVER ETF FOF,FoF Domestic,,,,,,3.14,10.5,11.34
154209,Edelweiss Gold ETF Fund of Fund,FoF Domestic,,,,,,6.42,32.11,47.24
154211,TRUSTMF MID CAP FUND,Mid Cap,,,,,,20.25,221.86,516.97
154214,Abakkus Small Cap Fund,Small Cap,,,,,,68.42,964.59,2469.48
154218,Mirae Asset Nifty Metal ETF FOF,FoF Domestic,,,,,,15.02,75.71,107.95
154223,Groww BSE Hospitals ETF FOF,FoF Domestic,,,,,,3.66,19.1,35.28
154226,Old Bridge Flexi Cap Fund,Flexi Cap,,,,,,29.22,165.77,324.14
154231,Capitalmind Multi Asset Allocation Fund,Multi Asset Allocation,,,,,,2.8,31.48,38.59
154233,Capitalmind Arbitrage Fund,Arbitrage,,,,,,2.38,18.63,22.43
154247,LIC MF Technology Fund,Sectoral/Thematic,,,,,,14.35,83.56,92.59
154248,Canara Robeco Banking and Financial Services Fund,Sectoral/Thematic,,,,,,71.71,576.93,636.4
154255,Nippon India CRISIL-IBX Financial Services 9-12 Months Debt Index Fund,Index - Equity,,,,,,259.39,670.11,493.96
154258,Helios Arbitrage Fund,Arbitrage,,,,,,5.04,94.99,123.29
154261,HDFC INCOME PLUS ARBITRAGE OMNI FOF,FoF Domestic,,,,,,5.89,28.41,29.27
154265,ICICI Prudential Diversified Equity All Cap Active FOF,FoF Domestic,,,,,,75.12,733.38,916.69
154268,The Wealth Company Small Cap Fund,Small Cap,,,,,,3.04,62.39,118.27
154274,Nippon India CRISIL-IBX Financial Services 3-6 Months Debt Index Fund,Index - Equity,,,,,,57.75,331.09,370.08
154276,Kotak Multi Factor Passive FOF,FoF Domestic,,,,,,2.19,48.35,126.13
154281,Mirae Asset Silver ETF FOF,FoF Domestic,,,,,,1.23,17.62,31.24
154284,Groww Nifty PSU Bank Index Fund,Index - Equity,,,,,,0.48,7.16,4.93
154286,Kotak Quality Overseas Equity Active FOF,FoF Overseas,,,,,,4.5,295.12,396.79
154298,HSBC Gold ETF Fund of Fund,FoF Domestic,,,,,,7.85,372.62,377.49
154302,Choice Nifty 50 Index Fund,Index - Equity,,,,,,,16.81,15.9
154303,Choice Nifty Next 50 Index Fund,Index - Equity,,,,,,,13.92,19.79
154309,HDFC CRISIL-IBX Financial Services 9-12 Months Debt Index Fund,Index - Equity,,,,,,67.16,823.61,946.17
154312,Edelweiss Nifty LargeMidcap250 Plus 8-13yr G-Sec 70:30 Index Fund,Index - Equity,,,,,,,41.29,53.84
154319,Kotak Multi Asset Active FOF,FoF Domestic,,,,,,,51.39,78.35
154325,Groww Arbitrage Fund,Arbitrage,,,,,,,53.55,84.76
154327,Axis Nifty India Defence Index Fund,Index - Equity,,,,,,,176.87,329.51
154328,SBI CRISIL-IBX Financial Services 9-12 Months Debt Index Fund,Index - Equity,,,,,,,177.09,330.0
154329,SBI CRISIL-IBX Financial Services 3-6 Months Debt Index Fund,Index - Equity,,,,,,,236.33,1056.71
154338,Motilal Oswal Contra Fund,Contra,,,,,,,98.62,386.11
154342,Invesco India BSE Sensex Index Fund,Index - Equity,,,,,,,9.31,18.34
154344,Invesco India Nifty Bank Index Fund,Index - Equity,,,,,,,16.54,31.27
154350,Groww Nifty Private Bank Index Fund,Index - Equity,,,,,,,2.54,5.52
154356,HDFC GOLD SILVER PASSIVE FOF,FoF Domestic,,,,,,,,14.86
154362,SBI Nifty G-sec Jul 2031 Index Fund,Index - Equity,,,,,,,6.85,17.94
154363,SBI CRISIL-IBX 10:90 Gilt + SDL Index - Dec 2029 Index Fund,Index - Equity,,,,,,,15.2,43.3
154382,The Wealth Company Large & Mid Cap Fund,Large & Mid Cap,,,,,,,20.98,105.78
154387,Groww Nifty Smallcap 250 Momentum Quality 100 Index Fund,Index - Equity,,,,,,,1.04,8.12
154389,Kotak Nifty Alpha Low Volatility 30 Index Fund,Index - Equity,,,,,,,0.95,7.07
154393,WhiteOak Capital Aggressive Hybrid Fund,Aggressive Hybrid,,,,,,,3.41,484.23
154399,Shriram Overnight Fund,Overnight,,,,,,,138.56,87.48
154405,Tata Multi Sector Passive FOF,FoF Domestic,,,,,,,,72.96
154415,Choice Overnight Fund,Overnight,,,,,,,,175.9
154418,ICICI Prudential Balanced Hybrid Fund,Balanced Hybrid,,,,,,,,164.95
154424,JM Multi Asset Allocation Fund,Multi Asset Allocation,,,,,,,,133.93
154428,HDFC Nifty Auto Index Fund,Index - Equity,,,,,,,,150.54
154434,TRUSTMF LARGE & MIDCAP FUND,Large & Mid Cap,,,,,,,,269.86
154440,AlphaGrep Multi Asset Allocation Fund,Multi Asset Allocation,,,,,,,,58.88
154450,ICICI Prudential Multi-Asset Active FOF,FoF Domestic,,,,,,,,1888.98
154452,NJ Momentum Fund,Sectoral/Thematic,,,,,,,,230.16
154458,NJ Value Fund,Value,,,,,,,,135.97
154459,Axis Nifty50 Equal Weight Index Fund,Index - Equity,,,,,,,,75.48
154468,SBI Crisil - IBX SDL Index - June 2034 Index Fund,Index - Debt,,,,,,,,27.2
154473,Mirae Asset BSE Midcap 150 Momentum 30 ETF FOF,FoF Domestic,,,,,,,,25.44
154478,Abakkus Large & Mid Cap Fund,Large & Mid Cap,,,,,,,,276.22
154479,The Wealth Company Mid Cap Fund,Mid Cap,,,,,,,,106.42
154486,Baroda BNP Paribas Services Fund,Sectoral/Thematic,,,,,,,,390.74
154495,Mirae Asset Nifty200 Momentum 30 Plus 8-13yr G-Sec 75:25 Index Fund,Index - Equity,,,,,,,,9.31
154500,ITI Multi Asset Allocation Fund,Multi Asset Allocation,,,,,,,,37.4
154506,HDFC Nifty Metal ETF FOF,FoF Domestic,,,,,,,,69.65
154516,Quantum Flexi Cap Fund,Flexi Cap,,,,,,,,14.05
154519,AlphaGrep Flexi Cap Fund,Flexi Cap,,,,,,,,30.96
154523,SBI Nifty Midcap 150 Momentum 50 ETF FOF,FoF Domestic,,,,,,,,69.29
154540,Franklin India Short Term Fund,Short Duration,,,,,,,,149.28
154545,Invesco India Pharma and Healthcare Fund,Sectoral/Thematic,,,,,,,,110.81
154553,WhiteOak Capital Dividend Yield Fund,Dividend Yield,,,,,,,,114.21
154561,Edelweiss Nifty REITs & Realty Index Fund,Index - Equity,,,,,,,,63.0
154567,ALPHAGREP LIQUID OMNI FOF,FoF Domestic,,,,,,,,7.69
154570,Kotak Nifty Bank Index Fund,Index - Equity,,,,,,,,3.04
154576,Kotak Diversified Equity All Cap Omni FOF,FoF Domestic,,,,,,,,224.22
154581,ASK Liquid Fund,Liquid,,,,,,,,103.5
154597,Axis Nifty Energy Index Fund,Index - Equity,,,,,,,,36.61
154598,Bandhan Contra Fund,Contra,,,,,,,,635.49
154615,SBI Balanced Hybrid Fund,Balanced Hybrid,,,,,,,,640.06
154622,Edelweiss Ultra Short Term Fund,Ultra Short Duration,,,,,,,,354.92
154632,JioBlackRock Large Cap Fund,Large Cap,,,,,,,33.16,45.57
154633,JioBlackRock Nifty 50 Index Fund,Index - Equity,,,,39.26,138.74,199.14,246.48,271.0
154634,JioBlackRock Nifty Smallcap 250 Index Fund,Index - Equity,,,,49.64,179.3,251.11,341.42,399.28
154635,JioBlackRock Short Term Fund,Short Duration,,,,,,223.38,195.96,105.81
154636,JioBlackRock Ultra Short to Short Term Fund,Low Duration,,,,,,374.88,735.48,704.03
154637,JioBlackRock Sector Rotation Fund,Sectoral/Thematic,,,,,,58.4,146.8,164.16
154638,JioBlackRock Arbitrage Fund,Arbitrage,,,,,38.74,318.54,510.15,566.93
154639,JioBlackRock Money Market Fund,Money Market,,,,4589.32,3372.48,2957.19,2873.01,3650.51
154640,JioBlackRock Overnight Fund,Overnight,,,,1636.69,1243.21,930.53,1007.75,1208.31
154641,JioBlackRock Flexi Cap Fund,Flexi Cap,,,,,1814.96,2664.56,3063.95,3250.47
154642,JioBlackRock Nifty 8-13 yr G-Sec Index Fund,Index - Debt,,,,17.36,31.93,29.92,29.74,31.42
154643,JioBlackRock Nifty Midcap 150 Index Fund,Index - Equity,,,,47.32,156.24,211.79,254.69,283.3
154644,JioBlackRock Nifty Next 50 Index Fund,Index - Equity,,,,36.39,127.55,163.26,191.87,221.57
154645,JioBlackRock Liquid Fund,Liquid,,,,6474.3,6654.3,8328.81,8348.44,11523.98
154649,Nippon India Income Plus Arbitrage Omni Fund of Fund,FoF Domestic,,,,,,,,51.53
154655,DSP Financial Services Sectoral Debt Fund,Sectoral/Thematic,,,,,,,,245.28
154657,quant Income Plus Arbitrage Active FOF,FoF Domestic,,,,,,,,18.91
154664,The Wealth Company Multi Cap Fund,Multi Cap,,,,,,,,20.88
154667,Motilal Oswal Quality Fund,Sectoral/Thematic,,,,,,,,4.7
154695,BANK OF INDIA VALUE FUND,Value,,,,,,,,39.28
154700,UTI BSE India Sector Leaders Index Fund,Index - Equity,,,,,,,,3.78
154703,Navi Nifty Reits & Realty Index fund,Index - Equity,,,,,,,,2.43
154711,Monarch Overnight Fund,Overnight,,,,,,,,26.44
154722,Mirae Asset BSE Information Technology Index Fund,Index - Equity,,,,,,,,0.69
154724,Shriram Gold ETF Passive FOF,FoF Domestic,,,,,,,,0.78
154731,Kotak Multi Sector Omni FOF,FoF Domestic,,,,,,,,0.7
154737,LAKSHYA OVERNIGHT FUND,Overnight,,,,,,,,2.41
154739,Axis Nifty500 Low Volatility 50 Index Fund,Index - Equity,,,,,,,,0.96
154744,Tata CRISIL-IBX Financial Services 3-6 Months Debt Index Fund,Index - Debt,,,,,,,,46.71
154752,HDFC BSE REITS and Commercial Real Estate Index Fund,Index - Equity,,,,,,,,3.06
