code,name,category,Oct-Dec 2024,Jan-Mar 2025,Apr-Jun 2025,Jul-Sep 2025,Oct-Dec 2025,Jan-Mar 2026,Apr-Jun 2026,Jul-Sep 2026,Oct-Dec 2026 (QTD)
100033,Aditya Birla Sun Life Large & Mid Cap Fund,Large & Mid Cap,896.6884,818.7292,864.5362,900.2687,913.1303,894.3188,900.193,949.7602,906.0633
100038,Aditya Birla Sun Life Medium to Long Term Fund,Medium to Long Duration,119.8898,121.5592,125.7411,125.6201,126.5752,126.6683,127.181,129.967,128.844
100047,Aditya Birla Sun Life Liquid Fund,Liquid,403.1543,410.0284,417.596,423.8125,429.8665,436.1969,443.4444,450.7308,454.6689
100058,Aditya Birla Sun Life Gilt Fund,Gilt,78.0059,78.8857,81.7439,80.4414,80.4824,80.1114,80.0981,82.0282,81.1292
100064,Aditya Birla Sun Life MNC Fund,Sectoral/Thematic,1388.1334,1230.6784,1279.952,1377.8678,1354.1643,1263.6798,1258.436,1305.2454,1216.2133
100078,DSP Medium Term Fund,Medium Duration,77.438,78.6832,81.6311,82.5994,83.7462,84.1017,84.8762,86.5987,86.1359
100081,DSP Aggressive Hybrid Fund,Aggressive Hybrid,345.6513,333.425,352.6615,357.4788,362.2374,351.4505,343.3034,348.4186,335.6053
100084,DSP Gilt Fund,Gilt,91.9683,92.8906,96.5796,95.6619,96.0363,95.9689,96.1041,99.0276,98.1026
100087,DSP Money Market Fund,Money Market,50.3221,51.1581,52.2812,53.1253,53.9252,54.6015,55.4418,56.4599,56.9686
100119,HDFC Balanced Advantage Fund,Balanced Advantage,503.4396,483.779,506.9931,517.3556,530.4992,521.2091,511.5742,522.3264,502.8923
100124,HDFC Medium to Long Term Fund,Medium to Long Duration,55.4615,56.2744,58.3889,58.2931,58.6897,58.869,59.2028,60.6199,60.1779
100175,Quant ELSS Tax Saver Fund,ELSS,375.4204,330.8442,349.8631,362.8526,376.5037,361.0339,384.7707,407.607,396.4532
100177,Quant Small Cap Fund,Small Cap,267.9552,235.1578,244.1851,256.1597,256.2715,236.7158,260.191,287.731,286.5968
100219,JM Large Cap Fund,Large Cap,158.4608,143.2684,147.8223,152.7499,157.4466,152.3954,147.8843,153.2541,145.1078
100221,JM Aggressive Hybrid Fund,Aggressive Hybrid,125.1608,114.4849,117.0593,120.6421,121.2711,115.4693,114.0974,119.8215,116.5892
100223,JM Medium to Long Term Fund,Medium to Long Duration,58.8589,59.8549,62.2044,62.4512,62.9598,63.2334,63.4968,64.5302,64.0042
100234,JM Liquid Fund,Liquid,68.3008,69.4553,70.7118,71.7601,72.7852,73.8059,74.9985,76.2184,76.8744
100247,JM Liquid Fund,Liquid,39.2628,39.9266,40.6503,41.2544,41.8454,42.4337,43.1206,43.8244,44.2013
100254,JM Value Fund,Value,103.0459,91.2753,94.4984,97.73,96.9032,90.5913,91.0431,95.8799,93.8996
100265,Kotak Gilt Fund,Gilt,92.8529,93.7405,97.0103,95.2661,95.2226,94.8615,94.9916,97.3433,96.4282
100281,Kotak Gilt Fund,Gilt,94.9948,95.9028,99.2484,97.464,97.4195,97.05,97.1832,99.5891,98.6529
100299,Kotak Medium to Long Term Fund,Medium to Long Duration,73.3584,74.3164,76.871,76.87,77.5582,77.6734,78.0982,80.0556,79.4611
100313,LIC MF Flexi Cap Fund,Flexi Cap,101.5581,90.8773,91.2832,98.4901,102.3121,96.6368,96.3393,105.8628,100.0487
100315,LIC MF Medium to Long Term Fund,Medium to Long Duration,68.7226,69.7605,72.5057,72.6604,73.2,73.5484,74.0732,75.699,75.6027
100317,LIC MF Gilt Fund,Gilt,57.3517,57.9995,60.1037,59.1729,59.0719,58.8638,58.8504,60.4251,60.1188
100323,LIC MF Aggressive Hybrid Fund,Aggressive Hybrid,193.0876,180.4127,190.2949,196.4924,200.071,193.1236,192.4436,201.1043,199.7849
100349,ICICI Prudential Large & Mid Cap Fund,Large & Mid Cap,952.2164,911.8777,969.869,999.5386,1040.7254,1013.4195,997.8195,1040.0349,967.1067
100352,ICICI Prudential FMCG Fund,Sectoral/Thematic,493.9716,460.549,474.6539,482.3529,474.2911,432.4372,418.9813,408.0157,382.3617
100354,ICICI Prudential ELSS - Tax Saver Fund,ELSS,903.1943,847.7506,901.6467,933.2875,960.209,924.8062,905.6297,932.8898,887.1083
100356,ICICI Prudential Aggressive Hybrid Fund,Aggressive Hybrid,371.5939,359.1682,381.7682,394.4044,408.0223,401.5662,397.4095,405.3142,389.8433
100363,ICICI Prudential Technology Fund,Sectoral/Thematic,213.3557,201.26,192.6802,198.1749,203.8549,187.1392,169.7817,178.212,171.8767
100365,ICICI Prudential Long Term Fund,Long Duration,85.4315,86.9012,90.4626,89.9086,90.2997,90.0779,90.0175,92.3233,90.9602
100369,ICICI Prudential Gilt Fund,Gilt,97.3655,99.0559,102.9272,103.3384,104.293,104.7908,105.3343,108.1598,106.663
100377,Nippon India Growth Mid Cap Fund,Mid Cap,4096.3422,3697.4421,3939.2234,4149.1849,4222.7342,4168.3674,4327.3481,4504.7233,4301.8306
100380,Nippon India Vision Large & Mid Cap Fund,Large & Mid Cap,1433.1725,1334.7968,1407.5188,1463.5261,1497.0203,1449.8994,1449.1234,1494.2966,1414.7492
100387,Nippon India Medium to Long Term Fund,Medium to Long Duration,85.7476,86.9338,89.8074,89.5102,90.1796,90.44,91.099,93.1331,92.5728
100414,Tata Aggressive Hybrid Fund,Aggressive Hybrid,434.5372,410.7949,425.2232,434.8601,446.1701,435.1139,426.2938,438.5539,418.9665
100415,Tata Ethical Fund,Sectoral/Thematic,408.2054,369.1512,372.9465,382.7639,384.7935,370.5198,357.2937,361.2119,340.5355
100471,Franklin India Large Cap Fund,Large Cap,1004.2545,941.8155,990.057,1026.0034,1054.428,1022.896,981.5526,1014.4033,955.7735
100473,Franklin India Mid Cap Fund,Mid Cap,2746.8386,2511.1824,2638.89,2755.0957,2785.0965,2662.6468,2664.0612,2821.4123,2659.6162
100475,Tata Large Cap Fund,Large Cap,494.9769,465.5199,488.1136,499.5309,518.7821,504.4454,493.6709,507.0123,475.3669
100476,Taurus Flexi Cap Fund,Flexi Cap,231.2818,213.0653,218.8505,224.2394,226.9389,215.7842,217.7967,236.1598,240.2033
100477,Taurus Mid Cap Fund,Mid Cap,122.5741,109.0723,116.0662,122.3443,122.2461,114.2312,115.7013,125.9852,127.2017
100480,Taurus ELSS Tax Saver Fund,ELSS,185.3,174.5989,180.2631,186.4714,186.3775,174.8748,173.987,181.7948,179.4317
100484,Franklin India NSE Nifty 50 Index Fund,Index - Equity,195.2231,185.4774,196.1966,201.2362,208.2218,201.2991,192.1281,194.329,182.7128
100493,Franklin India Gilt Fund,Gilt,56.0175,56.9871,58.8489,58.4525,59.1432,59.6517,60.1494,61.4527,61.3315
100496,Templeton India Value Fund,Value,718.7491,664.0548,695.4165,711.906,729.1116,714.4045,693.0985,689.633,649.6739
100520,Franklin India Flexi Cap Fund,Flexi Cap,1624.3763,1511.4059,1595.9013,1632.5571,1662.0177,1602.6763,1557.9354,1597.2852,1505.4434
100522,Franklin India Technology Fund,Sectoral/Thematic,542.9865,511.1651,488.9882,514.1575,529.1363,483.6881,444.785,469.9496,450.5105
100526,Franklin India ELSS Tax Saver Fund,ELSS,1475.7689,1370.4094,1441.0092,1473.3736,1497.3281,1433.3372,1388.2973,1425.7396,1345.8719
100528,Franklin India Corporate Bond Fund,Corporate Bond,93.5545,95.0005,98.8348,100.6252,102.1691,103.2895,104.5252,106.3779,106.9073
100536,Franklin India Retirement Fund,Retirement,211.657,207.8522,215.2826,219.0406,221.3559,217.7648,215.2561,218.8267,214.1715
100538,Franklin India Liquid Fund,Liquid,5684.9474,5774.0365,5870.7377,5950.3889,6026.9261,6104.583,6195.9719,6290.6491,6338.2921
100546,Franklin India Liquid Fund,Liquid,3764.0095,3829.3094,3899.8722,3959.3531,4016.96,4075.5507,4143.4167,4213.8083,4249.6345
100550,Franklin India Aggressive Hybrid Fund,Aggressive Hybrid,264.5683,253.9147,264.8296,270.533,274.3675,266.3833,261.4976,267.3934,255.8117
100597,Canara Robeco Gilt Fund,Gilt,72.5253,73.3303,76.1047,75.2014,75.4016,75.3539,75.5942,76.8929,76.4859
100601,Canara Robeco Conservative Hybrid Fund,Conservative Hybrid,93.4831,92.5346,95.8366,97.2989,97.8019,96.7052,97.0225,99.6229,98.2295
100603,Sundaram Medium Term Fund (Formerly Known as Sundaram Medium Duration Fund),Medium Duration,66.0922,66.9856,68.9349,69.3846,70.0649,70.3881,70.622,71.6535,71.3699
100631,Quant Multi Cap Fund,Multi Cap,661.2534,591.8061,609.7029,619.8285,619.236,576.5376,625.052,660.3364,642.0414
100639,SBI MEDIUM TO LONG TERM FUND,Medium to Long Duration,67.3815,68.3511,70.7145,70.8281,71.5816,71.81,72.3492,73.8365,73.5493
100641,SBI ULTRA SHORT TERM FUND,Ultra Short Duration,5710.381,5805.1611,5931.6374,6024.8349,6116.9931,6196.7079,6290.8539,6398.3336,6454.1661
100646,UTI - Unit Linked Insurance Plan,Balanced Advantage,40.3436,39.8212,41.4767,42.1216,42.4201,41.1715,40.941,42.941,42.1488
100651,UTI - Large Cap Fund,Large Cap,268.1125,254.8735,266.8954,273.6699,280.804,269.4532,257.8618,264.0442,250.8949
100664,UTI Large & Mid Cap Fund,Large & Mid Cap,177.8099,164.3254,172.3487,178.7765,184.0178,181.3062,179.8081,184.8759,174.4949
100669,UTI - Flexi Cap Fund.,Flexi Cap,321.6701,302.2108,314.2204,326.5719,326.7433,301.4564,296.201,323.6593,310.6916
100678,UTI Children's Hybrid Fund,Children's,39.1426,38.2629,39.9303,40.4058,40.7954,40.0586,39.6453,40.5144,39.4673
100682,UTI Retirement Fund,Retirement,48.1701,47.1864,49.0739,49.6569,50.4665,50.1478,49.6199,50.6305,49.3126
100684,UTI Aggressive Hybrid Fund,Aggressive Hybrid,397.9661,379.4325,394.8346,403.0593,412.7915,406.9938,398.161,406.6482,388.7149
100723,UTI - Money Market Fund,Money Market,6790.4367,6909.7815,7079.4917,7198.5722,7309.4103,7405.9459,7517.7943,7656.1484,7728.0373
100740,UTI - MNC Fund,Sectoral/Thematic,401.1617,362.3966,370.0675,394.0001,402.7904,384.3961,381.6541,400.4993,379.3978
100741,UTI Medium to Long Term Fund,Medium to Long Duration,69.901,70.9231,73.5189,73.504,74.1768,74.2721,74.7381,76.1996,75.928
100784,Sundaram Banking and PSU Debt Fund (Formerly Known as Sundaram Banking and PSU Fund),Banking & PSU,40.8708,41.5279,42.9079,43.4468,44.1067,44.4026,44.8609,45.6614,45.783
100789,Sundaram Corporate Bond Fund,Corporate Bond,38.1223,38.7213,40.0384,40.544,41.1436,41.3706,41.7381,42.4888,42.568
100795,Sundaram Small Cap Fund,Small Cap,261.6197,231.2201,243.65,258.8469,261.7847,248.7762,270.2892,294.1321,288.0131
100807,UTI - Healthcare Fund,Sectoral/Thematic,286.119,269.0985,273.2594,292.6713,288.6715,278.4621,300.4975,337.3497,328.8698
100814,UTI - Overnight Fund,Overnight,3376.945,3431.2082,3483.1616,3529.7301,3577.2794,3624.2019,3668.268,3715.2419,3741.2754
100821,UTI ELSS Tax Saver Fund,ELSS,206.7372,190.684,199.9428,205.4027,209.0979,201.2193,195.7176,201.1737,189.3473
100822,UTI Nifty 50 Index Fund,Index - Equity,166.0174,157.8178,167.0896,171.543,177.5928,171.7702,164.0417,166.08,156.1383
100835,Kotak Liquid Fund,Liquid,5057.4527,5143.5317,5237.3489,5315.3774,5392.3055,5469.289,5560.559,5651.4092,5698.3283
100837,Nippon India Liquid Fund,Liquid,5427.46,5512.0504,5604.2085,5678.9334,5751.8305,5826.7397,5950.5355,6046.8787,6097.9483
100851,Nippon India Liquid Fund,Liquid,6106.3489,6210.998,6324.1878,6418.1914,6510.6872,6604.6057,6715.1168,6824.9361,6883.1596
100856,Nippon India Corporate Bond Fund,Corporate Bond,56.8347,57.7707,59.8485,60.609,61.4919,61.87,62.4647,63.7057,63.775
100865,LIC MF ELSS Tax Saver Fund,ELSS,153.3997,144.5807,149.2955,152.8116,153.6944,146.8376,141.9743,147.9666,141.7056
100868,HDFC Liquid Fund,Liquid,4909.364,4992.5306,5085.0532,5159.4571,5233.9199,5310.0118,5399.3366,5486.7213,5532.938
100900,HDFC Children's Fund,Children's,291.7144,275.9872,286.5554,293.166,296.6632,286.6908,280.9516,290.2611,282.1712
100948,Franklin India Conservative Hybrid Fund,Conservative Hybrid,86.7908,86.4716,89.7019,91.0446,92.0497,91.443,91.0336,92.7052,91.9234
100968,SBI CONSERVATIVE HYBRID FUND,Conservative Hybrid,69.8332,69.0697,71.5297,72.9084,74.0836,74.0422,75.1434,76.6032,76.1357
101001,SBI GILT FUND,Gilt,63.1953,63.9887,66.5319,65.921,66.4033,66.5715,67.101,68.3924,68.195
101002,SBI 10 YEAR CONSTANT MATURITY GILT FUND,Gilt 10Y Constant Duration,60.2717,61.3555,63.9405,64.0247,64.6173,64.9699,65.0553,66.5584,65.55
101042,Tata Gilt Fund,Gilt,74.5363,75.4977,78.6583,78.1758,78.2769,77.9618,77.9366,80.29,78.8504
101048,Franklin India Floating Interest Rates Fund,Floater,38.6754,39.2976,40.6169,41.1932,41.7825,42.3332,42.8733,43.5935,43.7956
101065,Quant Mid Cap Fund,Mid Cap,226.9877,205.0553,213.4274,212.5188,211.5394,195.4668,213.0964,220.726,211.6878
101070,Quant Aggressive Hybrid Fund,Aggressive Hybrid,414.4803,383.2027,407.7143,421.2502,434.053,419.1444,447.4661,465.7237,445.2558
101072,Quant Multi Asset Allocation Fund,Multi Asset Allocation,136.5963,129.7017,136.1507,142.7547,152.2762,160.1237,164.0046,168.2226,163.7747
101083,HDFC Gilt Fund,Gilt,52.8184,53.6329,55.6998,55.3719,55.7321,55.8374,55.9804,57.3287,56.7229
101084,HDFC Gilt Fund,Gilt,12.0532,12.1503,12.436,12.1603,12.1397,12.113,12.1006,12.2448,12.0679
101127,ICICI Prudential Children's Fund,Children's,312.3962,294.2474,312.8016,330.7286,330.6241,319.8278,323.7815,327.5695,313.8383
101144,ICICI Prudential Multi Asset Allocation Fund,Multi Asset Allocation,705.006,702.5092,740.1514,762.7719,804.0697,808.5231,798.9616,811.3135,779.09
101161,Nippon India Multi Cap Fund,Multi Cap,294.3204,267.3243,284.7417,300.6708,302.031,289.5702,294.4644,301.6169,286.3246
101169,SBI CHILDREN'S FUND - SAVINGS PLAN,Children's,106.9254,105.2192,108.5358,109.8266,110.5361,110.5632,113.6664,119.2833,119.8989
101185,LIC MF Liquid Fund,Liquid,4524.3566,4601.8678,4685.4505,4753.0735,4822.1951,4890.582,4973.2698,5055.4564,5098.3365
101187,BARODA BNP PARIBAS GILT FUND,Gilt,40.4345,41.1616,42.8633,42.7405,42.9108,42.9342,43.0074,44.0131,43.7384
101199,LIC MF BSE Sensex Index Fund,Index - Equity,149.7722,142.415,149.931,152.7788,157.5694,150.8315,142.1189,143.511,135.4266
101201,LIC MF Nifty 50 Index Fund,Index - Equity,134.2467,127.3918,134.6058,137.9456,142.4854,137.533,131.1319,132.4839,124.4716
101206,SBI OVERNIGHT FUND,Overnight,4005.7295,4069.2939,4129.9759,4184.3486,4241.1734,4295.149,4348.0509,4403.488,4433.4194
101209,Taurus Large Cap Fund,Large Cap,156.9692,145.4095,152.3084,156.6289,161.3198,156.4805,154.2417,165.3017,166.595
101228,ICICI Prudential Multi Cap Fund,Multi Cap,785.0477,729.2948,768.428,793.6716,798.9379,781.9575,821.192,856.9068,808.965
101262,Nippon India Power & Infra Fund,Sectoral/Thematic,356.2097,313.2122,333.5349,345.5022,348.775,341.0305,373.9076,380.6603,364.8379
101271,LIC MF Children's Fund,Children's,33.9548,31.7912,31.4268,32.4595,32.768,31.1662,31.893,34.1568,33.2463
101281,HDFC BSE Sensex Index Fund,Index - Equity,737.5614,702.3807,740.9514,756.3747,781.8763,749.7294,706.6583,714.7686,674.8927
101304,DSP Short Term Fund,Short Duration,44.285,44.999,46.4057,47.0201,47.6564,47.9794,48.3845,49.2931,49.3016
101314,Aditya Birla Sun Life Nifty 50 Index Fund,Index - Equity,244.8367,232.6216,246.1446,252.5811,261.3739,252.7429,241.232,244.062,229.4019
101317,Aditya Birla Sun Life Ultra Short Term Fund,Ultra Short Duration,522.3674,531.7151,544.0594,553.4194,562.3248,569.559,578.2122,588.5062,593.7184
101357,Franklin India Money Market Fund,Money Market,47.8026,48.6439,49.8511,50.6768,51.4388,52.1309,52.9099,53.8687,54.3787
101373,Kotak Short Term Fund,Short Duration,49.5726,50.354,51.9812,52.6052,53.3319,53.7337,54.2066,55.1551,55.2664
101491,Tata Childrens Fund,Children's,61.5984,57.0181,60.0649,61.2051,61.112,57.509,55.5623,56.0558,52.816
101525,HDFC Nifty 50 Index Fund,Index - Equity,229.2789,217.8847,230.6232,236.7156,245.0082,236.9231,226.2002,228.9016,215.1659
101539,Sundaram Mid Cap Fund,Mid Cap,1373.5583,1239.1412,1307.7771,1384.3763,1426.4834,1386.8137,1421.9553,1496.6672,1401.8573
101548,Tata Short Term Fund,Short Duration,45.604,46.3425,47.7489,48.2605,48.8573,49.1749,49.6445,50.4577,50.5271
101585,HDFC Equity Savings Fund,Equity Savings,63.8382,62.7724,64.7941,65.9787,67.3346,67.2585,66.6194,67.7669,66.5912
101588,Canara Robeco Medium To Long Term Fund,Medium to Long Duration,53.216,53.8688,55.4788,55.4658,55.7562,55.8742,56.1107,56.9931,56.6223
101592,Aditya Birla Sun Life Midcap Fund,Mid Cap,789.1516,706.3252,748.9825,786.5244,796.2944,768.7008,797.0288,847.0055,808.42
101594,HSBC Large Cap Fund,Large Cap,479.6791,442.3334,456.8087,472.0432,485.8275,480.4416,460.3601,475.6763,458.5423
101619,ICICI Prudential Ultra Short to Short Term Fund,Low Duration,517.7793,526.5673,539.9666,549.198,558.3679,565.5604,573.559,584.0733,588.1278
101635,DSP Large Cap Fund,Large Cap,459.6302,438.4388,465.1459,471.8619,483.0764,467.5356,450.304,455.0071,430.8465
101656,Franklin India Dynamic Asset Allocation Active Fund of Funds,FoF Domestic,159.3902,155.1556,161.9222,164.7855,167.3381,164.4685,163.1932,166.5416,160.8007
101665,Nippon India Short Term Fund,Short Duration,50.0242,50.8955,52.5848,53.3335,54.1761,54.6145,55.1497,56.184,56.2815
101672,Tata Value Fund,Value,357.5394,322.2044,336.1694,345.8698,357.8326,349.1453,341.2916,350.3377,337.5384
101685,HSBC Medium to Long Term Fund,Medium to Long Duration,40.2204,40.7641,42.2383,42.22,42.5681,42.6224,42.9331,43.7349,43.5382
101738,Aditya Birla Sun Life Dividend Yield Fund,Dividend Yield,466.4264,421.9044,429.9995,441.0517,451.4703,452.504,450.8117,454.1817,431.3483
101758,ICICI Prudential Short Term Fund,Short Duration,57.0959,58.0519,59.8625,60.7693,61.7615,62.3604,63.0929,64.3103,64.4119
101762,HDFC Flexi Cap Fund,Flexi Cap,1887.6204,1804.4183,1923.3758,1993.5097,2063.448,2018.069,1954.1968,2048.1478,1956.1792
101764,HDFC Value Fund,Value,726.8251,668.6967,710.6918,740.2739,763.6728,745.4032,742.9805,787.5113,759.8227
101766,Tata Infrastructure Fund,Sectoral/Thematic,186.741,157.6261,165.1112,172.0523,168.4951,162.4786,175.9385,180.8691,172.3543
101802,ICICI Prudential Floating Interest Rates Fund,Floater,404.4458,410.8088,421.5309,428.4316,435.8283,441.3078,447.0877,455.2673,456.6825
101806,JM Dynamic Term Fund,Dynamic Bond,39.3981,40.0531,41.7307,41.8455,42.3255,42.4195,42.6169,43.2866,43.2321
101818,Aditya Birla Sun Life Conservative Hybrid Fund,Conservative Hybrid,63.7468,63.4788,65.8857,67.2318,68.3873,68.4658,68.8129,70.2794,69.2714
101824,Tata Large & Mid Cap Fund,Large & Mid Cap,528.5687,483.9376,510.3729,523.7537,523.302,491.3923,480.711,498.3581,468.1558
101830,LIC MF Ultra Short to Short Term fund,Low Duration,37.7896,38.3955,39.2949,39.8895,40.4634,40.8865,41.4789,42.2303,42.5784
101837,DSP Credit Risk Fund,Credit Risk,41.6214,43.9693,49.108,49.9312,50.5515,50.6047,53.4633,55.0502,55.2625
101844,Aditya Birla Sun Life Short Term Fund,Short Duration,45.1592,45.9265,47.3792,48.0226,48.8042,49.1925,49.6627,50.6223,50.6921
101847,Tata Money Market Fund,Money Market,4500.7751,4579.7419,4691.4082,4769.9008,4841.9235,4904.9469,4980.7382,5071.2398,5117.5712
101853,Sundaram Value Fund,Value,215.5849,202.96,212.9416,221.6121,224.6705,218.0212,209.3176,210.9336,200.1096
101862,Nippon India Banking & Financial Services Fund,Sectoral/Thematic,576.6582,551.3461,613.5606,624.3414,651.7758,645.4987,624.8606,643.8782,609.9568
101869,LIC MF Conservative Hybrid Fund,Conservative Hybrid,79.4506,79.3201,81.2175,81.7485,83.0294,83.1659,82.5988,84.545,83.2776
101872,HDFC Dynamic Term Fund,Dynamic Bond,85.8483,86.9471,89.8976,89.4553,90.0161,90.3519,90.8947,93.2467,92.6511
101893,Kotak Money Market Fund,Money Market,4281.5082,4356.0639,4462.155,4536.0837,4604.6749,4665.2502,4736.171,4822.2409,4866.3864
101922,Canara Robeco Flexi Cap Fund,Flexi Cap,331.5672,308.0189,325.9182,342.4881,348.8438,334.7772,329.2418,342.0423,324.7083
101932,SBI GILT FUND,Gilt,40.5699,41.0793,42.7119,42.3197,42.6389,42.7471,43.0873,43.9166,43.7898
101934,SBI GILT FUND,Gilt,37.9055,38.3814,39.9069,39.5404,39.8298,39.9306,40.2482,41.0228,40.9044
101976,Aditya Birla Sun Life Money Market Fund,Money Market,352.7685,358.97,367.5815,373.7668,379.4738,384.2366,390.1452,397.4187,401.1449
101979,HDFC ELSS - Tax Saver Fund,ELSS,1350.523,1281.522,1367.1578,1415.0277,1452.8775,1401.8868,1334.2727,1370.2701,1295.5717
101989,HDFC Medium Term Fund,Medium Duration,53.5108,54.3309,56.1131,56.7512,57.651,58.2123,58.9107,60.2203,60.3601
101993,HDFC Money Market Fund,Money Market,5449.7835,5544.4968,5679.7585,5773.8291,5860.1035,5937.3288,6027.4107,6136.5683,6192.6411
101996,HDFC Overnight Fund,Overnight,3665.568,3722.6252,3778.616,3827.8316,3878.9999,3928.2262,3976.7382,4026.3666,4053.4543
102000,HDFC Large Cap Fund,Large Cap,1126.374,1061.5571,1109.7533,1136.4396,1165.3325,1138.8916,1090.0751,1128.7499,1060.7958
102009,UTI - Liquid Fund,Liquid,372.4243,378.857,385.8094,391.5594,397.2032,403.081,409.7079,416.4016,420.0192
102012,UTI - Liquid Fund,Liquid,410.3826,417.5009,425.1624,431.499,437.7185,444.1958,451.4986,458.875,462.8616
102020,Baroda BNP Paribas Multi Cap Fund,Multi Cap,293.0702,267.3545,273.5909,285.0752,288.997,276.3657,282.4779,295.6066,281.5174
102053,SBI MEDIUM TERM FUND,Medium Duration,48.5786,49.4187,51.0093,51.5232,52.3417,52.8604,53.4537,54.7748,54.8351
102133,ICICI Prudential Multi Sector Passive FOF,FoF Domestic,157.2977,149.3348,158.7859,162.2537,168.1281,166.031,164.6531,169.0671,161.788
102135,ICICI Prudential Aggressive Hybrid Active FOF,FoF Domestic,214.0917,205.552,218.6204,225.7623,230.6686,221.8888,218.0739,226.0801,217.8854
102137,ICICI Prudential Dynamic Asset Allocation Active FOF,FoF Domestic,113.4317,111.9543,117.7718,120.9303,123.6054,121.9336,121.6424,124.631,120.4269
102139,ICICI Prudential Income plus Arbitrage Omni FOF,FoF Domestic,60.177,60.4694,61.9256,62.849,63.8449,64.6163,65.5281,66.809,66.9436
102141,ICICI Prudential Diversified Debt Strategy Active FOF,FoF Domestic,42.6084,43.3523,44.7776,45.284,45.9583,46.3365,46.7886,47.8376,47.7472
102142,Sundaram Consumption Fund (Formerly Known as Sundaram Rural and Consumption Fund),Sectoral/Thematic,98.6598,91.4097,94.7241,98.7107,99.441,90.6766,88.2852,94.62,89.1714
102147,HDFC Conservative Hybrid Fund,Conservative Hybrid,79.2905,78.8144,81.8161,82.0249,83.168,83.0492,82.5911,83.8506,82.4821
102172,Nippon India Conservative Hybrid Fund (Existing number of Segregated Portfolios - 1),Conservative Hybrid,54.6782,55.1562,56.9689,58.2115,59.6523,60.2561,60.7108,62.027,61.8626
102205,SBI DYNAMIC TERM FUND,Dynamic Bond,34.1404,34.5328,35.8368,35.7867,36.1339,36.3533,36.8401,37.52,37.5872
102252,HSBC Flexi Cap Fund,Flexi Cap,219.9401,198.4907,208.7769,219.1879,222.1664,213.221,218.957,231.3598,227.0877
102262,HSBC Conservative Hybrid Fund,Conservative Hybrid,59.3255,58.3001,60.5375,61.7275,61.7886,61.095,62.4268,63.5632,62.5146
102267,UTI Children's Equity Fund,Children's,85.0138,78.3494,82.0789,84.5804,85.6503,81.7575,79.12,80.8822,76.0551
102272,SBI NIFTY INDEX FUND,Index - Equity,213.7439,203.0994,214.9526,220.4621,228.2567,220.7178,210.5741,213.1354,200.3522
102328,Tata Mid Cap Fund,Mid Cap,432.3099,390.5821,407.894,431.3246,442.8151,434.8402,441.8904,462.2,434.5028
102330,ICICI Prudential Conservative Hybrid Fund,Conservative Hybrid,71.9405,72.0163,74.4778,76.2264,77.5395,77.3884,77.812,79.1092,78.104
102394,UTI - Mid Cap Fund,Mid Cap,307.4903,273.4441,285.8727,302.0106,303.7117,291.8721,297.545,313.5642,298.1415
102395,UTI - Infrastructure Fund,Sectoral/Thematic,141.792,129.4859,137.7221,140.9296,142.9985,139.5603,142.4783,144.3784,137.1066
102398,UTI - Transportation and Logistics Fund,Sectoral/Thematic,258.9801,236.0798,247.7374,275.677,293.783,282.776,273.3805,296.1423,276.4566
102401,UTI - Banking and Financial Services Fund,Sectoral/Thematic,174.4329,166.1407,184.9687,188.5062,196.2528,195.7616,188.4344,195.9471,187.7829
102414,SBI CONTRA FUND,Contra,383.8791,358.3211,372.3124,381.4973,391.7503,383.2237,370.2245,375.6986,357.5878
102431,Nippon India Pharma Fund,Sectoral/Thematic,513.4885,484.5912,497.1053,517.3989,512.4685,502.5813,526.6842,568.8199,551.2853
102434,DSP India T.I.G.E.R. Fund,Sectoral/Thematic,330.788,284.9014,298.6359,314.283,314.9625,313.742,345.2934,360.6576,344.6183
102448,DSP Conservative Hybrid Fund,Conservative Hybrid,55.9607,56.0601,58.2292,58.8671,59.6471,59.6847,59.9528,60.9562,60.2971
102452,HDFC Ultra Short to Short Term Fund,Low Duration,55.0944,55.9659,57.3608,58.2758,59.1493,59.8196,60.6145,61.6134,62.0009
102503,SBI Money Market Fund,Money Market,39.5922,40.2417,41.1918,41.8481,42.451,42.9758,43.5696,44.324,44.7103
102505,SBI CREDIT RISK FUND,Credit Risk,43.2599,44.0456,45.3166,46.0683,46.8334,47.3891,48.2262,49.5376,49.7946
102510,UTI - Gilt Fund,Gilt,60.0433,60.8942,63.1994,62.7434,63.2473,63.8223,64.8822,65.7896,65.3862
102512,UTI - Gilt Fund,Gilt,44.6442,45.2768,46.9908,46.6518,47.0264,47.454,48.242,48.9167,48.6168
102528,ICICI Prudential Mid Cap Fund,Mid Cap,288.0951,259.9032,277.7059,298.77,308.3503,310.2468,330.049,340.9974,322.7367
102532,UTI Ultra Short Term Fund,Ultra Short Duration,4057.5051,4123.1633,4208.6918,4272.6566,4334.1449,4387.0177,4451.6913,4526.4175,4565.009
102535,UTI Conservative Hybrid Fund,Conservative Hybrid,66.7067,66.2403,68.7437,69.5021,70.3391,69.8144,69.4527,70.8449,69.6099
102540,UTI Ultra Short to Short Term Fund,Low Duration,5977.513,6078.0747,6232.7386,6336.0555,6438.6103,6517.1034,6609.4665,6726.5138,6777.1953
102544,UTI Ultra Short to Short Term Fund,Low Duration,3379.4974,3436.5536,3524.0048,3582.4209,3640.4056,3684.7858,3737.0083,3803.1871,3831.8425
102574,Kotak Multi Asset Omni FOF,FoF Domestic,222.6148,215.4315,226.1024,235.8115,250.5792,256.56,252.135,257.8052,251.1643
102591,Kotak Ultra Short Term Fund,Ultra Short Duration,41.0071,41.6672,42.5695,43.2285,43.8672,44.4307,45.0825,45.8254,46.2034
102594,ICICI Prudential Value Fund (erstwhile Value Discovery Fund),Value,450.6102,430.2294,454.5985,470.1229,489.8231,479.087,458.3958,458.8551,434.3183
102672,Tata Liquid Fund,Liquid,3940.0491,4008.3911,4081.2943,4142.0896,4201.8779,4262.8793,4334.4221,4404.2003,4441.5136
102673,Nippon India Floating Interest Rates Fund,Floater,42.8669,43.58,44.9756,45.6676,46.4062,46.8075,47.2987,48.1759,48.2861
102741,ICICI Prudential Medium Term Fund,Medium Duration,42.3943,43.1842,44.5706,45.2717,46.2386,46.7673,47.3586,48.491,48.5599
102751,Nippon India Consumption Fund,Sectoral/Thematic,199.3843,184.7051,193.556,201.9455,200.869,184.5103,181.9042,192.9635,180.3609
102756,SBI FOCUSED FUND,Focused,332.6958,321.9492,338.7239,352.8178,372.8956,368.9169,378.6175,397.2133,385.9579
102760,HDFC Focused Fund,Focused,218.1387,209.1606,222.498,231.03,237.9532,232.5002,223.1962,232.8967,223.0138
102767,Aditya Birla Sun Life Dynamic Term Fund,Dynamic Bond,43.9753,44.6329,46.4245,46.5868,47.1357,47.4467,47.9585,49.0143,49.0141
102823,SBI HEALTHCARE OPPORTUNITIES FUND,Sectoral/Thematic,422.2508,410.2669,416.9849,433.8781,430.2722,418.8856,453.1488,513.701,499.4172
102846,Nippon India Balanced Advantage Fund,Balanced Advantage,170.5636,165.8275,172.7054,176.7732,180.7016,178.0344,177.8909,183.4156,177.6222
102849,Nippon India Dynamic Term Fund,Dynamic Bond,35.3373,35.9247,37.3549,37.5684,38.017,38.3276,38.5632,39.3573,39.1556
102875,Kotak Small Cap Fund,Small Cap,277.9667,242.8074,248.6338,262.5075,254.418,238.0422,251.5943,272.8673,267.2893
102883,Franklin India Large & Mid Cap Fund,Large & Mid Cap,185.9967,172.6343,182.5304,192.289,195.5814,185.4654,182.6409,191.4897,179.1346
102885,SBI AGGRESSIVE HYBRID FUND,Aggressive Hybrid,278.4619,272.9091,292.3694,301.5276,309.4038,301.8419,306.3915,315.4723,304.5254
102913,Canara Robeco Ultra Short to Short Term Fund,Low Duration,40.2135,40.86,41.8643,42.5471,43.1894,43.6836,44.3102,45.0983,45.4452
102920,Canara Robeco Large and Mid Cap Fund,Large & Mid Cap,254.3452,234.3802,247.3154,258.5662,256.9679,242.0068,243.0483,256.5483,242.6
102941,SBI MIDCAP FUND,Mid Cap,237.1596,220.1522,228.917,231.3548,232.7113,228.3934,232.7354,241.6628,230.5227
102948,HDFC Aggressive Hybrid Fund,Aggressive Hybrid,114.737,110.1954,115.9903,118.5164,120.2263,116.2126,111.2448,113.9305,109.5252
103024,SBI LARGE & MIDCAP FUND,Large & Mid Cap,601.8643,564.807,591.9334,622.6524,639.9432,636.7251,628.4842,647.555,609.8043
103026,UTI - Dividend Yield Fund,Dividend Yield,178.9072,164.7054,170.0626,176.4652,180.287,177.8262,173.6366,175.8634,166.6733
103034,SBI MNC FUND,Sectoral/Thematic,373.5915,348.6463,355.3451,360.4661,356.4988,348.1788,371.0588,406.1264,395.0322
103040,Kotak Contra Fund,Contra,149.3586,136.4124,143.1637,150.146,154.6618,151.4961,148.0229,153.3002,145.2152
103048,Nippon India Money Market Fund,Money Market,3956.1346,4024.8361,4123.6706,4193.3127,4256.8127,4311.5617,4376.566,4456.5647,4497.4828
103085,Nippon India Value Fund,Value,225.7862,208.0072,217.8212,224.8546,231.3524,224.0167,220.7915,223.7145,210.0302
103098,UTI Value Fund,Value,167.8059,155.6384,161.821,168.6408,172.4325,167.0188,161.3164,165.5281,156.1757
103111,Aditya Birla Sun Life Consumption Fund,Sectoral/Thematic,214.9943,198.0079,208.7784,218.0373,219.9411,205.8352,199.1553,207.0418,195.9733
103131,HDFC Multi Asset Allocation Fund,Multi Asset Allocation,67.5566,66.357,69.7897,71.8743,74.7897,75.3681,73.7591,74.9346,72.4565
103145,SBI COMMA FUND,Sectoral/Thematic,102.4414,93.0272,99.5016,104.6414,106.841,110.8024,115.4231,116.5821,111.3816
103149,ICICI Prudential Infrastructure Fund,Sectoral/Thematic,190.9956,174.5985,187.3611,195.0537,197.2615,191.2112,198.2715,202.642,191.4283
103151,Franklin India Opportunities Fund,Sectoral/Thematic,250.0605,230.3044,240.7546,254.6131,259.5711,248.6836,247.7953,263.7567,257.2599
103155,Aditya Birla Sun Life Aggressive Hybrid Fund,Aggressive Hybrid,1487.6216,1409.384,1475.8679,1525.1124,1559.8344,1518.7463,1485.5693,1543.4102,1482.9317
103159,Tata Ultra Short to Short Term Fund,Low Duration,3750.0964,3812.5143,3905.1556,3966.6733,4025.95,4072.9576,4131.0014,4206.2074,4238.4234
103166,Aditya Birla Sun Life Flexi Cap Fund,Flexi Cap,1742.7857,1623.3218,1728.0792,1787.8881,1860.7467,1821.7353,1831.6225,1942.2057,1869.9583
103168,Aditya Birla Sun Life Digital India Fund,Sectoral/Thematic,186.6659,172.2103,164.0105,169.1998,174.2411,157.8057,144.3938,154.4742,150.585
103174,Aditya Birla Sun Life Large Cap Fund,Large Cap,514.0766,481.8947,511.2333,527.0163,541.6743,522.1105,502.3278,517.2594,489.7183
103178,Aditya Birla Sun Life Corporate Bond Fund,Corporate Bond,107.1979,109.0265,112.6776,113.7992,115.485,116.1323,117.0581,119.4688,119.1957
103192,Aditya Birla Sun Life Ultra short to short term Fund,Low Duration,627.3479,637.0671,652.2244,662.4315,672.3685,679.2819,687.4498,698.4406,702.4988
103196,Nippon India ELSS Tax Saver Fund,ELSS,127.0213,115.754,123.9308,128.4364,130.8232,127.4504,128.2654,130.4764,125.152
103215,SBI FLEXICAP FUND,Flexi Cap,108.8772,102.0985,104.9442,108.4217,111.9205,108.196,105.2686,108.0563,104.2835
103225,Quant Liquid Fund,Liquid,39.6069,40.2868,40.9904,41.5752,42.1607,42.7363,43.3501,43.9774,44.3226
103234,Kotak Large & Mid Cap Fund,Large & Mid Cap,337.7256,308.5642,325.117,340.5646,349.9405,346.0173,339.9776,351.9092,332.1522
103309,Aditya Birla Sun Life Focused Fund,Focused,138.8159,130.1578,137.3325,140.5171,146.401,144.3941,140.8201,146.567,139.4778
103312,ICICI Prudential Exports & Services Fund,Sectoral/Thematic,158.7592,150.2647,159.4766,164.1749,168.4318,162.8707,162.4263,169.5229,163.8867
103339,Kotak ELSS Tax Saver Fund,ELSS,116.89,106.3132,111.5689,115.5059,117.1109,113.6965,111.5871,116.929,112.398
103340,ICICI Prudential Liquid Fund -,Liquid,370.4443,376.8008,383.6273,389.2931,394.8943,400.6188,407.152,413.8563,417.3773
103347,DSP Liquid Fund,Liquid,3571.652,3633.6794,3699.1098,3754.5796,3808.8505,3864.8408,3929.9955,3994.1357,4028.4024
103360,Franklin India Small Cap Fund,Small Cap,179.5779,157.7249,164.8721,171.4982,167.7648,158.2689,168.5927,178.6806,172.0268
103390,Canara Robeco Infrastructure Fund,Sectoral/Thematic,160.9274,142.2768,152.5751,161.0421,160.7707,158.5328,168.465,167.4283,158.3833
103408,SBI MULTI ASSET ALLOCATION FUND,Multi Asset Allocation,55.836,54.6923,57.454,59.8347,63.6062,65.9219,65.9547,66.853,65.136
103476,Aditya Birla Sun Life Infrastructure Fund,Sectoral/Thematic,96.4782,85.195,90.0325,95.1837,95.4298,93.293,101.1805,107.5718,105.545
103504,SBI Large Cap Fund,Large Cap,90.1353,85.1142,89.7072,92.4846,94.8778,93.1232,91.3456,93.1042,88.6576
103633,ICICI Prudential Money Market Fund - Cash Option,Money Market,361.6812,367.9949,377.0569,383.3679,389.1735,394.3754,400.1773,407.4702,411.2386
103678,Franklin India Dividend Yield Fund,Dividend Yield,142.1428,132.7649,135.7258,136.8636,139.0324,138.1554,135.829,135.692,130.0491
103780,JM Arbitrage Fund,Arbitrage,31.3882,31.8871,32.3859,32.799,33.2467,33.7443,34.1707,34.6468,34.9118
103819,DSP Large & Mid Cap Fund,Large & Mid Cap,612.0373,568.2976,600.6713,613.6205,631.4972,621.5254,605.3649,618.4221,580.6033
104075,UTI - Arbitrage Fund,Arbitrage,33.5717,34.1509,34.7851,35.2816,35.7957,36.352,36.8489,37.4067,37.7044
104138,DSP Ultra Short Term Fund,Ultra Short Duration,3257.4867,3310.6095,3382.7557,3432.6049,3481.0269,3520.7135,3575.4408,3634.882,3664.3924
104457,SBI Arbitrage Fund,Arbitrage,32.4019,32.9485,33.5541,34.0491,34.5365,35.0659,35.5533,36.0866,36.3744
104481,DSP Midcap Fund,Mid Cap,146.909,131.9126,138.2571,147.2876,149.1752,145.4388,148.2692,155.013,146.0173
104486,Invesco India Liquid Fund,Liquid,3438.1813,3497.8436,3562.1635,3614.6244,3667.1134,3720.4319,3782.2042,3844.7521,3878.4542
104488,Invesco India Liquid Fund,Liquid,3054.626,3103.5323,3156.3961,3198.7183,3240.7805,3283.5191,3334.0693,3385.3904,3412.8918
104513,Quant Large & Mid Cap Fund,Large & Mid Cap,120.0902,109.1501,113.151,113.7851,114.7817,106.7973,117.6629,124.6008,119.5221
104523,SBI ESG Exclusionary Strategy Fund,Sectoral/Thematic,237.0537,222.1679,232.2407,238.1496,244.8982,236.5153,231.096,238.3181,225.0722
104636,Invesco India ELSS Tax Saver Fund,ELSS,128.0075,116.9174,121.1967,126.056,126.3269,117.2277,116.6228,125.7785,121.4417
104637,Nippon India Focused Fund,Focused,117.5787,108.8244,116.8609,121.0948,123.4828,119.4158,118.9688,122.3762,116.3082
104683,ICICI Prudential Arbitrage Fund,Arbitrage,32.8873,33.4439,34.0582,34.5394,35.0295,35.5702,36.0613,36.6223,36.9162
104685,ICICI Prudential Balanced Advantage Fund,Balanced Advantage,69.8467,68.5903,72.0169,74.3171,76.7466,76.2352,75.8262,78.6562,75.9033
104726,Invesco India Ultra Short to Short Term Fund,Low Duration,3609.2588,3669.4988,3758.2782,3819.4702,3877.0519,3921.0946,3975.0323,4041.3101,4069.3196
104728,Invesco India Ultra Short to Short Term Fund,Low Duration,3227.0303,3275.6358,3349.2933,3398.5169,3443.9446,3477.7996,3520.6525,3574.783,3596.894
104772,DSP ELSS Tax Saver Fund,ELSS,137.7632,128.3513,136.0723,138.591,142.5517,139.9678,135.4216,138.2092,130.5693
104908,Kotak Mid Cap Fund,Mid Cap,133.2105,119.7692,125.612,136.4425,137.3733,132.669,138.3575,145.801,137.0418
105001,Sundaram Large and Midcap Fund,Large & Mid Cap,85.6058,78.1972,81.6118,85.0244,87.6238,84.8923,84.5215,92.3805,88.3382
105185,Invesco India Short Term Fund,Short Duration,3386.2924,3441.9754,3551.8656,3600.2204,3652.0685,3676.4848,3708.2774,3771.5002,3771.6685
105189,Invesco India Short Term Fund,Short Duration,3372.3356,3426.5287,3534.5677,3581.3959,3631.5675,3654.5154,3684.773,3746.4983,3746.0777
105274,SBI LIQUID FUND,Liquid,3949.7891,4017.0102,4089.2493,4148.9752,4208.6039,4268.8414,4340.1732,4412.0761,4448.654
105280,SBI LIQUID FUND,Liquid,3912.7823,3979.3764,4050.9472,4110.1121,4169.1733,4228.8331,4299.5075,4370.752,4406.9891
105417,Taurus Infrastructure Fund,Sectoral/Thematic,69.4385,61.4308,64.6857,67.6637,68.1405,63.7747,64.3463,63.2267,58.1033
105460,Invesco India Contra Fund,Contra,135.582,124.0463,130.0398,135.549,137.4308,130.9137,128.2287,134.6015,128.0433
105503,Invesco India Mid Cap Fund,Mid Cap,168.0505,153.5416,164.6721,180.901,184.4477,174.2833,181.6428,198.4138,188.3933
105603,Invesco India Arbitrage Fund,Arbitrage,30.6027,31.1229,31.6718,32.1227,32.591,33.1011,33.5557,34.0758,34.362
105628,SBI ELSS Tax Saver Fund,ELSS,434.4414,406.6915,423.6322,436.3935,446.0791,435.5495,425.6216,431.6872,405.9351
105669,DSP Dynamic Term Fund,Dynamic Bond,3238.8512,3267.9042,3394.5962,3361.2728,3378.8582,3373.0212,3375.8168,3453.8865,3409.0568
105758,HDFC Mid Cap Fund,Mid Cap,188.6416,174.2125,183.0671,194.5284,201.1259,197.6319,198.2735,209.3954,198.2687
105804,Aditya Birla Sun Life Small Cap Fund,Small Cap,89.3205,77.1278,81.1476,85.7004,85.8205,82.2789,89.2375,98.6879,97.5886
105817,Franklin India Focused Equity Fund,Focused,106.9561,99.1044,103.8281,108.2668,110.4126,105.2857,99.7525,101.0161,94.1692
105823,LIC MF Banking & PSU Debt Fund,Banking & PSU,33.0365,33.5382,34.7277,35.1326,35.6155,35.8234,36.1901,36.8728,36.9951
105875,DSP Flexi Cap Fund,Flexi Cap,102.8413,94.6576,99.7661,102.3176,104.4209,100.8201,99.1318,103.319,97.819
105968,Kotak Arbitrage Fund,Arbitrage,35.9165,36.539,37.2055,37.7246,38.2584,38.8491,39.397,40.0077,40.3255
105989,DSP Small Cap Fund,Small Cap,199.0523,176.2087,183.3897,198.2572,195.2938,188.8014,203.7735,226.8416,224.807
106096,SBI INFRASTRUCTURE FUND,Sectoral/Thematic,51.3232,46.0162,48.4051,48.9222,49.2072,47.7122,49.9531,50.512,48.0563
106144,Invesco India Large & Mid Cap Fund,Large & Mid Cap,94.8152,87.034,93.6651,101.5652,102.2616,96.175,99.9847,109.9748,105.1
106166,Canara Robeco Aggressive Hybrid Fund,Aggressive Hybrid,351.7821,332.3053,349.9759,360.3871,367.5149,359.5568,356.9165,367.492,353.42
106170,Quant Infrastructure Fund,Sectoral/Thematic,39.8778,35.2146,36.2193,37.3621,38.1331,35.5531,39.4687,41.4917,39.7806
106177,Invesco India Corporate Bond Fund,Corporate Bond,3014.5475,3064.0097,3170.8328,3208.6182,3255.1651,3273.0561,3298.3538,3363.484,3356.3682
106212,SBI Ultra Short to Short Term Fund,Low Duration,3335.315,3387.9924,3471.1678,3525.3716,3576.6373,3615.2011,3659.8017,3719.9713,3746.3144
106217,SBI Ultra Short to Short Term Fund,Low Duration,3394.1118,3447.7246,3532.3794,3587.5394,3639.7107,3678.9564,3724.3443,3785.5762,3812.384
106227,SBI SHORT TERM FUND,Short Duration,34.4752,35.0548,36.1967,36.7142,37.2779,37.5617,37.8993,38.5736,38.6253
106231,SBI SHORT TERM FUND,Short Duration,30.4708,30.9832,31.9924,32.4497,32.948,33.1988,33.4972,34.0932,34.1388
106235,Nippon India Large Cap Fund,Large Cap,87.7993,82.3867,87.2708,91.0105,93.3948,90.3788,88.0436,89.3391,84.4514
106317,Invesco India Balanced Advantage Fund,Balanced Advantage,53.0934,51.0297,52.378,53.8379,54.6134,52.8333,51.4732,52.5348,51.415
106370,Sundaram Global Brand Theme-Equity Active FOF,FoF Overseas,31.536,33.4208,32.3575,35.9665,38.9918,39.6764,41.6716,43.3696,43.3694
106384,UTI Short Term Fund,Short Duration,42.4503,43.1275,44.4625,45.0745,45.708,46.0575,46.523,47.3785,47.4579
106425,UTI - India Consumer Fund,Sectoral/Thematic,58.893,53.5541,55.5119,58.158,59.5464,55.5696,54.603,57.8984,53.7437
106441,Kotak Global Emerging Market Overseas Equity Active FOF,FoF Overseas,23.0175,22.9184,23.5336,27.0684,30.0589,33.5869,38.8723,39.377,40.3875
106597,DSP World Gold Mining Overseas Equity Omni FoF,FoF Overseas,21.9795,23.7239,28.8892,34.9746,47.1795,60.9548,57.6705,57.1391,57.8984
106624,UTI Short Term Fund,Short Duration,30.1548,30.6376,31.586,32.0208,32.4708,32.7191,33.0497,33.6575,33.7139
106654,Invesco India Infrastructure Fund,Sectoral/Thematic,65.5449,57.29,61.1608,64.1919,61.9169,58.2728,64.6648,67.9586,65.2333
106793,HDFC Arbitrage Fund,Arbitrage,29.392,29.8897,30.415,30.8377,31.2813,31.7652,32.2047,32.7005,32.963
106823,ICICI Prudential Small Cap Fund,Small Cap,88.3513,78.9102,82.4821,88.2971,86.6898,82.1443,84.9995,90.5134,89.9633
106841,HDFC Floating Interest Rates Fund,Floater,47.4641,48.2798,49.6651,50.4718,51.2885,51.8717,52.5522,53.5089,53.6941
106871,LIC MF Large Cap Fund,Large Cap,55.2085,51.5144,54.6922,55.9283,56.9625,54.3813,52.015,53.494,51.011
106873,Aditya Birla Sun Life International Equity Fund,Sectoral/Thematic,35.3155,36.8499,38.3483,43.0668,45.7063,47.6388,51.1787,52.7735,53.6393
106979,Franklin Asian Equity Fund,Sectoral/Thematic,29.0301,28.4968,28.9124,31.9288,34.7745,37.8964,42.5124,44.7948,44.6526
107288,JM ELSS - Tax Saver Fund,ELSS,49.7216,45.1128,46.1634,48.4634,50.0605,46.883,47.5215,51.907,50.5246
107353,Invesco India Multi Cap Fund,Multi Cap,134.6789,122.0245,126.2584,130.7016,129.3884,120.3425,121.9663,131.4057,126.3517
107410,JM Focused Fund,Focused,20.5702,18.679,19.0018,19.6672,20.3278,19.0786,19.0495,20.2843,19.2824
107477,Invesco India Gilt Fund,Gilt,2725.5717,2753.2071,2858.629,2826.7967,2835.4418,2829.4293,2835.4062,2913.8942,2866.7877
107524,HDFC Infrastructure Fund,Sectoral/Thematic,47.5359,42.6806,45.9186,47.6111,47.8627,46.1076,46.7146,46.8982,44.8005
107578,Mirae Asset Large Cap Fund,Large Cap,109.5361,103.0902,108.9325,112.8877,116.3545,112.0216,108.2688,111.7104,105.5828
107705,Mirae Asset Ultra Short to Short Term Fund,Low Duration,2156.0467,2191.3788,2243.9825,2279.5162,2313.5376,2338.3676,2369.18,2410.2598,2427.0609
107745,Aditya Birla Sun Life ELSS Tax Saver Fund,ELSS,58.7128,54.1289,57.6092,60.7444,62.2577,60.2145,59.72,61.6889,57.9483
107763,LIC MF Infrastructure Fund,Sectoral/Thematic,50.9063,44.3241,46.5412,49.4898,49.6273,48.488,52.1888,54.6495,52.9347
107988,HSBC Global Emerging Markets Fund,FoF Overseas,19.0806,19.493,19.9226,22.6348,25.4724,29.1902,33.994,34.3285,35.0835
108167,Aditya Birla Sun Life Value Fund,Value,129.3099,116.2583,119.9229,122.9277,126.8452,125.0174,129.3899,136.7748,131.7635
108202,DSP Natural Resources And New Energy Fund,Sectoral/Thematic,90.8628,82.6142,86.0947,90.0297,95.8407,105.2185,109.524,107.3122,103.0717
108249,Nippon India Quant Fund,Sectoral/Thematic,70.0765,65.0426,68.8573,71.145,73.1659,72.6133,71.0578,73.0918,68.5662
108273,Aditya Birla Sun Life Banking & PSU Debt Fund,Banking & PSU,348.3513,353.8251,365.7699,369.8144,375.2569,377.3035,380.8401,387.5785,387.6794
108378,Invesco India Financial Services Fund,Sectoral/Thematic,128.3943,119.7456,132.0366,136.9683,142.8189,142.9777,142.0018,146.7868,139.1283
108466,ICICI Prudential Large Cap Fund (erstwhile Bluechip Fund),Large Cap,106.5967,100.8521,107.0057,110.4354,114.2005,110.6422,106.3883,107.9372,101.875
108511,Kotak Dynamic Term Fund,Dynamic Bond,35.872,36.2548,37.5392,37.4781,37.9373,38.1424,38.5098,39.6001,39.5407
108545,Bandhan Income Plus Arbitrage Active FOF,FoF Domestic,41.6251,42.3166,43.4876,44.0698,44.6818,45.158,45.7889,46.6283,46.856
108592,Bandhan Focused Fund,Focused,87.6033,81.2126,83.4743,87.4322,88.7575,84.865,86.3897,89.2077,87.449
108594,BANDHAN Flexi Cap Fund,Flexi Cap,202.3338,189.6827,200.7005,208.5754,213.9215,206.9198,203.8661,209.9392,200.6108
108596,Bandhan Large & Mid Cap Fund,Large & Mid Cap,131.2299,121.157,127.7293,133.7803,138.7798,134.5182,136.5206,140.3857,135.0678
108632,BANDHAN ULTRA SHORT TO SHORT TERM FUND,Low Duration,36.8018,37.4106,38.328,38.9345,39.5123,39.9475,40.507,41.2078,41.494
108690,BANDHAN LIQUID Fund,Liquid,3023.4568,3075.7516,3130.2563,3176.1191,3221.8897,3267.9571,3321.6889,3375.9615,3404.0013
108728,Bandhan Medium Term Fund,Medium Duration,43.4687,44.1789,45.6545,46.0186,46.5325,46.8026,47.4127,48.4378,48.586
108753,Bandhan   10 year Constant Maturity Gilt Fund,Gilt 10Y Constant Duration,43.1363,43.9361,45.9127,46.0166,46.5215,46.9267,47.1929,48.4191,47.7249
108756,Bandhan Money Market  Fund,Money Market,38.4492,39.1073,40.0509,40.7116,41.321,41.872,42.5061,43.2725,43.6679
108765,Bandhan Medium to Long Term Fund,Medium to Long Duration,62.4463,63.0843,64.7899,64.5821,65.1404,65.3776,66.4902,67.9778,67.9415
108768,Bandhan Medium to Long Term Fund,Medium to Long Duration,54.2004,55.1377,56.9322,57.6707,58.434,58.9379,59.7493,60.9957,61.2464
108799,BANDHAN LARGE CAP FUND,Large Cap,75.5054,70.1177,74.0031,76.9462,79.6042,77.1307,75.2468,78.1423,74.2938
108845,BANDHAN Arbitrage Fund,Arbitrage,31.1341,31.6536,32.2224,32.6544,33.0975,33.5771,34.0117,34.5099,34.7711
108909,Bandhan Value Fund,Value,149.2272,137.6581,143.5437,146.7028,150.829,146.2236,143.6675,146.8019,141.6105
108995,BANDHAN EQUITY SAVINGS FUND,Equity Savings,29.9628,30.1985,30.8367,31.3015,31.734,31.805,31.8825,32.4939,32.1698
109059,Sundaram Financial Services Opportunities Fund,Sectoral/Thematic,97.3164,92.1019,102.2666,101.9634,107.0335,107.7865,104.5346,108.6778,103.3231
109254,BANK OF INDIA LIQUID FUND,Liquid,2880.4811,2930.3807,2984.6897,3028.7877,3073.7932,3118.344,3170.056,3223.0257,3251.0492
109269,BANK OF INDIA ULTRA SHORT TERM FUND,Ultra Short Duration,3030.069,3077.4738,3139.8503,3185.8355,3230.0239,3268.0574,3320.6757,3374.1997,3401.5805
109275,Quant Focused Fund,Focused,88.1183,80.0589,82.9638,84.9627,86.2114,82.007,86.2045,92.71,89.9629
109353,Canara Robeco Liquid Fund,Liquid,3011.4103,3063.251,3119.001,3165.6221,3212.2417,3258.8353,3313.0081,3366.1598,3395.4706
109371,Canara Robeco Ultra Short Term Fund,Ultra Short Duration,3639.4937,3696.0778,3773.0023,3828.7094,3880.9414,3925.3012,3986.9464,4052.1889,4085.7705
109445,ICICI Prudential Banking & Financial Services Fund,Sectoral/Thematic,122.7474,118.0711,130.2513,133.643,137.7513,133.7647,127.9332,130.9331,125.965
109522,JM Flexi Cap Fund,Flexi Cap,104.5491,93.9841,95.0108,97.5671,98.0278,92.4722,93.2214,99.1813,96.3337
109717,Nippon India Gilt Fund,Gilt,37.1086,37.5712,38.9392,38.4748,38.6118,38.5488,38.8933,39.8882,39.5868
109720,Nippon India Gilt Fund,Gilt,36.5257,36.9812,38.3277,37.8706,38.0054,37.9405,38.1643,39.117,38.8096
109740,ICICI Prudential Medium to Long Term Fund,Medium to Long Duration,38.1293,38.7844,40.2417,40.4061,40.8016,41.0142,41.3071,42.2772,41.9644
109830,Quant Flexi Cap Fund,Flexi Cap,100.4534,90.3521,95.155,96.4039,98.8457,94.8486,103.2297,108.31,103.2849
110603,BANK OF INDIA LARGE & MID CAP FUND,Large & Mid Cap,88.5059,80.1535,84.2131,87.0187,90.058,88.4713,89.4422,92.8225,88.565
111524,BANDHAN Dynamic Term Fund,Dynamic Bond,32.8528,33.0868,34.1977,33.6969,33.9764,34.1561,34.839,35.827,35.8424
111525,Bandhan Gilt   Fund,Gilt,34.0396,34.3201,35.5214,35.0258,35.3222,35.5713,36.4034,37.5665,37.5264
111569,BANDHAN ELSS - Tax Saver Fund,ELSS,151.1442,140.3463,147.1198,151.5149,156.5248,152.2539,149.9718,154.2329,147.9938
111585,BANK OF INDIA SHORT TERM FUND,Short Duration,25.338,25.9013,26.6274,26.9868,27.3686,27.5719,27.8232,28.3305,28.3926
111599,UTI Multi Asset Allocation Fund,Multi Asset Allocation,72.0035,69.7313,72.376,74.5622,78.1088,78.269,77.3616,78.8082,75.6624
111638,Edelweiss ELSS Tax Saver Fund,ELSS,110.3887,101.2027,105.8921,109.6422,114.052,111.4327,111.0762,115.4534,109.0783
111646,Mirae Asset Liquid Fund,Liquid,2623.6582,2669.6393,2717.67,2757.8958,2797.4829,2837.9063,2884.2488,2930.4002,2955.8348
111704,BARODA BNP PARIBAS LIQUID FUND,Liquid,2877.574,2926.8221,2980.5502,3023.2137,3066.1306,3112.2967,3162.243,3213.2781,3241.2523
111710,BANK OF INDIA ELSS TAX SAVER FUND,ELSS,169.653,149.6495,154.8857,159.0721,160.3425,157.1197,161.1818,164.6735,159.4417
111712,BANK OF INDIA CONSERVATIVE HYBRID FUND,Conservative Hybrid,33.2941,32.7952,33.7624,34.2362,34.5645,34.5026,34.8575,35.1961,34.8429
111722,Canara Robeco ELSS - Tax Saver Fund,ELSS,174.6834,160.7489,169.3431,175.4408,179.0105,173.6332,172.5757,178.2123,169.2067
111748,Nippon India Ultra Short to Short Term Fund,Low Duration,3394.8979,3450.003,3531.728,3587.6936,3641.7269,3681.7529,3744.3634,3811.2584,3839.7642
111753,Nippon India Ultra Short to Short Term Fund,Low Duration,3571.3508,3630.8306,3718.3129,3778.6539,3837.1544,3880.4339,3931.6556,3999.7404,4028.4755
111787,Taurus Ethical Fund,Sectoral/Thematic,133.0323,121.7818,122.9374,126.8067,128.2434,123.8533,123.6062,126.8156,118.9683
111803,Aditya Birla Sun Life Medium Term Fund,Medium Duration,36.812,37.9186,39.6015,40.257,41.0171,42.1154,42.7142,43.7011,43.7577
111940,Edelweiss Large Cap Fund,Large Cap,83.1521,77.8998,81.7726,83.5238,86.0677,83.9637,80.8418,83.0843,79.2617
111957,ICICI Prudential Focused Fund,Focused,86.8393,81.2232,88.0333,92.1806,96.071,93.5868,90.5982,94.9263,90.0783
111962,Canara Robeco Dynamic Term Fund,Dynamic Bond,28.2603,28.5492,29.5951,29.2272,29.3153,29.33,29.3621,29.7644,29.4887
111987,ICICI Prudential Corporate Bond Fund,Corporate Bond,28.301,28.787,29.6963,30.1241,30.6272,30.9062,31.2632,31.9079,31.9012
112077,UTI - Money Market Fund,Money Market,2938.4395,2990.2968,3063.7288,3115.2609,3163.2274,3205.0065,3253.412,3313.2863,3344.3972
112083,UTI Ultra Short Term Fund,Ultra Short Duration,2907.2769,2954.3915,3015.6756,3061.5087,3105.5671,3143.4523,3189.7932,3243.3372,3270.9894
112088,ADITYA BIRLA SUN LIFE ARBITRAGE FUND,Arbitrage,25.4686,25.8894,26.3705,26.7419,27.1226,27.5329,27.9027,28.3312,28.5513
112090,Kotak Flexi Cap Fund,Flexi Cap,81.0704,75.7676,81.5873,84.8596,86.6532,85.3173,83.4772,85.1194,80.5353
112092,Franklin Build India Fund,Sectoral/Thematic,141.6342,127.3558,135.4035,141.6331,143.4909,142.3703,145.0439,143.0919,134.9379
112096,ICICI Prudential Dynamic Term Fund,Dynamic Bond,35.0345,35.6532,36.8695,37.2029,37.6731,37.938,38.2719,39.1414,38.9729
112098,Invesco India Large Cap Fund,Large Cap,68.2936,62.955,66.7961,69.3914,71.1313,68.044,67.9673,71.9769,68.3333
112108,Edelweiss Aggressive Hybrid Fund,Aggressive Hybrid,61.4251,58.8745,61.6595,63.5529,64.658,63.1028,63.107,65.0149,62.8
112117,Edelweiss Balanced Advantage Fund,Balanced Advantage,49.8015,47.7815,49.5343,50.6465,52.0879,51.4948,51.4443,53.0243,51.5817
112120,Invesco India Money Market Fund,Money Market,2584.3032,2622.3337,2679.1994,2717.3844,2751.5674,2781.1892,2816.1373,2861.6999,2884.5925
112123,Invesco India Money Market Fund,Money Market,2908.6296,2957.0439,3027.1092,3075.9121,3121.0042,3160.9669,3206.7574,3264.0912,3293.3908
112126,DSP Global Clean Energy Overseas Equity Omni FoF,FoF Overseas,17.8528,17.0616,17.1921,20.3685,23.0255,25.928,29.7479,28.6376,27.6682
112152,Canara Robeco Consumption Fund,Sectoral/Thematic,109.912,100.7887,106.5579,110.751,111.7738,104.4503,102.1675,107.3511,101.9817
112171,Invesco India PSU Equity Fund,Sectoral/Thematic,63.0652,55.2019,61.5641,63.0179,65.1941,66.292,66.0972,64.7515,61.2233
112210,Axis Liquid Fund,Liquid,2784.6389,2833.2057,2885.1666,2928.3903,2970.8778,3014.2996,3064.9405,3116.296,3143.0734
112214,Axis Ultra Short to Short Term Fund,Low Duration,2947.5448,2997.4373,3072.9353,3124.4431,3173.9215,3212.3705,3256.823,3313.3724,3337.9074
112277,Axis Large Cap Fund,Large Cap,59.2715,56.3456,59.0789,60.575,61.8155,59.735,57.4482,59.9362,56.8433
112293,DSP World Mining Overseas Equity Omni FoF,FoF Overseas,16.5347,16.0332,16.4011,19.2359,24.0416,31.0202,32.6558,32.6194,32.3834
112323,Axis ELSS- Tax Saver Fund,ELSS,94.9303,88.945,93.6108,96.5402,97.7885,93.967,92.3553,97.1241,92.4351
112327,Bandhan Conservative Hybrid Passive FOF,FoF Domestic,32.0708,31.8888,32.9525,33.6027,34.2109,34.3719,34.2389,34.8333,34.2858
112329,Bandhan Multi-Asset Passive FOF,FoF Domestic,39.1631,38.053,39.4588,40.4943,41.3607,42.0132,41.4661,42.0211,40.8523
112332,Bandhan Aggressive Hybrid Passive FOF,FoF Domestic,44.4258,42.4862,44.2328,45.57,46.755,46.2168,47.9298,49.6839,47.5194
112342,ICICI Prudential Banking and PSU Debt Fund,Banking & PSU,31.0798,31.6184,32.599,33.0121,33.5435,33.8289,34.1675,34.8351,34.8663
112353,BANDHAN CONSERVATIVE HYBRID FUND,Conservative Hybrid,30.8632,30.7202,31.8206,31.9727,32.5462,32.4459,32.2844,32.9683,32.477
112354,Axis Short Term Fund,Short Duration,29.2705,29.7843,30.7762,31.2455,31.7362,32.0069,32.3757,32.987,33.0705
112359,BANK OF INDIA MANUFACTURING & INFRASTRUCTURE FUND,Sectoral/Thematic,56.7775,50.6369,53.0284,56.7159,58.362,58.0933,62.4877,66.658,65.5517
112636,Navi Liquid Fund,Liquid,27.2732,27.7279,28.1826,28.5843,28.9776,29.375,29.7905,30.2208,30.4476
112717,Axis Ultra Short to Short Term Fund,Low Duration,2763.4619,2810.2382,2881.0434,2929.3409,2975.7294,3011.7763,3053.4538,3106.4723,3129.4754
112721,Axis Short Term Fund,Short Duration,28.932,29.4398,30.4203,30.8841,31.3692,31.6368,32.0013,32.6056,32.688
112868,Sundaram Conservative Hybrid Fund (Formerly Known as Sundaram Debt Oriented Hybrid Fund),Conservative Hybrid,28.7554,28.6025,29.5679,29.5192,29.7717,29.5888,29.129,29.4423,28.9792
112877,BANDHAN Nifty 50 Index Fund,Index - Equity,52.126,49.513,52.3875,53.7111,55.5864,53.7262,51.2324,51.8297,48.7074
112901,DSP Focused Fund,Focused,53.6756,50.1889,53.0542,54.124,55.5956,53.8637,52.5211,55.2553,52.6542
112924,Axis Conservative Hybrid Fund,Conservative Hybrid,28.7829,28.746,29.8399,30.0124,30.436,30.3472,30.0763,30.5257,29.9839
112932,Mirae Asset Large & Midcap Fund,Large & Mid Cap,147.5329,134.7751,142.7531,149.9763,155.8457,150.9561,150.1216,156.8742,147.5368
112936,Nippon India Aggressive Hybrid Fund (Existing Number of Segregated Portfolios - 2),Aggressive Hybrid,102.3915,96.7535,101.4323,104.7352,107.1586,104.8242,104.0131,106.8946,102.3546
112938,Nippon India Credit Risk Fund (Existing Number of Segregated Portfolios - 1),Credit Risk,33.041,33.6651,34.7032,35.4307,36.0805,36.5744,37.178,37.9669,38.1966
112939,Nippon India Credit Risk Fund (Existing Number of Segregated Portfolios - 1),Credit Risk,34.4573,35.1142,36.2248,36.9805,37.6615,38.1909,39.0885,39.9914,40.2524
112948,Taurus Nifty 50 Index Fund,Index - Equity,46.1977,43.8351,46.324,47.4781,49.064,47.3646,45.1078,45.5608,42.8536
112957,ICICI Prudential Nifty Next 50 Index Fund,Index - Equity,62.6866,54.5647,57.5905,59.5373,60.5837,59.36,61.2641,63.9672,60.5448
113036,Baroda BNP Paribas Short Term Fund (the scheme has 2 segregated portfolios),Short Duration,27.7563,28.204,29.1262,29.5224,29.9326,30.1312,30.4104,30.9599,31.0871
113047,HDFC Short Term Fund,Short Duration,30.3827,30.8939,31.8795,32.338,32.8485,33.137,33.4942,34.1213,34.1666
113064,Axis Multi Asset Allocation Fund,Multi Asset Allocation,38.6915,37.2293,38.826,40.4685,43.1643,44.5039,43.6171,45.0463,43.7111
113070,HDFC Corporate Bond Fund,Corporate Bond,30.9169,31.41,32.4777,32.8236,33.2944,33.4531,33.6984,34.3934,34.2825
113077,UTI Dynamic Term Fund,Dynamic Bond,29.5079,29.9173,30.9928,31.0755,31.3886,31.5808,31.9447,32.4354,32.4115
113099,SBI PSU FUND,Sectoral/Thematic,31.9959,28.752,31.2094,31.6192,33.2763,34.9791,35.1681,34.1517,32.2214
113177,Nippon India Small Cap Fund,Small Cap,176.4851,154.2087,160.7091,169.9733,168.0185,159.088,170.7099,183.0185,179.8806
113221,Canara Robeco Large Cap Fund,Large Cap,61.3975,58.139,61.3956,63.0435,64.4675,62.0682,59.79,61.4789,58.0783
113269,Nippon India Index Fund - BSE Sensex Plan,Index - Equity,40.5413,38.5991,40.7078,41.5431,42.9284,41.1509,38.7855,39.2172,37.0236
113296,Nippon India Index Fund - Nifty 50 Plan,Index - Equity,41.0316,38.9874,41.2542,42.3354,43.8084,42.356,40.4408,40.9269,38.471
113345,Nippon India Arbitrage Fund,Arbitrage,25.4902,25.9098,26.3554,26.7102,27.0893,27.5015,27.8745,28.3007,28.5213
114239,ICICI Prudential Credit Risk Fund,Credit Risk,30.1179,30.6021,31.5364,32.1538,32.9297,33.3958,33.8849,34.7112,34.852
114359,Invesco India Ultra Short Term Fund,Ultra Short Duration,2577.6454,2621.3159,2677.7439,2719.3028,2758.7005,2792.4895,2836.7461,2885.7594,2911.1388
114458,Kotak Large Cap Fund,Large Cap,558.777,523.5225,554.0549,571.1943,588.9623,572.6938,551.222,564.2363,532.5123
114476,BANDHAN Infrastructure Fund,Sectoral/Thematic,52.6064,45.764,48.6805,50.2174,48.9932,46.0434,48.2325,49.2131,46.9883
114564,Axis Midcap Fund,Mid Cap,111.7434,101.5432,107.2015,113.5136,114.0923,110.4708,114.9815,121.2666,117.0667
114616,Nippon India Gold Savings Fund,FoF Domestic,29.8097,32.4684,36.8261,39.388,48.1963,57.6111,57.3096,56.4064,55.8746
114758,Kotak Gold Fund,FoF Domestic,29.967,32.6188,36.9499,39.5341,48.3293,57.7631,57.529,56.6609,56.1441
114859,Kotak Conservative Hybrid Fund,Conservative Hybrid,56.7072,56.1456,58.0918,58.3532,59.2748,58.9851,58.6398,59.8366,58.9481
114931,Mirae Asset Great Consumer Fund,Sectoral/Thematic,94.3013,85.3855,88.8155,94.6506,95.6956,88.0643,87.3888,92.8836,88.2298
115068,Axis Dynamic Term Fund,Dynamic Bond,28.1175,28.4954,29.6654,29.7359,30.149,30.3624,30.7767,31.5516,31.5262
115077,Canara Robeco Short Term Fund,Short Duration,24.199,24.5815,25.2982,25.6057,25.948,26.1376,26.4173,26.8549,26.9396
115092,ICICI Prudential Ultra Short term Fund,Ultra Short Duration,26.4567,26.8983,27.492,27.9405,28.3779,28.741,29.1877,29.6907,29.9434
115116,HSBC Brazil Fund,FoF Overseas,6.4966,6.4512,7.0377,7.6707,8.6326,10.2237,10.6743,10.3808,12.0803
115270,Union Flexi Cap Fund,Flexi Cap,50.5146,46.6384,49.1284,51.0648,51.9305,49.9978,49.581,52.3351,50.5817
115398,Union Liquid Fund,Liquid,2407.2403,2448.759,2493.594,2530.5127,2567.5665,2604.7219,2647.5381,2691.5464,2714.4686
115676,SBI GOLD FUND,FoF Domestic,22.744,24.7768,28.1471,30.0692,36.8372,44.2187,43.9258,43.2167,42.7954
115833,ICICI Prudential Gold ETF FOF,FoF Domestic,24.0972,26.2304,29.804,31.839,38.9656,46.6613,46.3998,45.6605,45.222
115897,Axis Gold Fund,FoF Domestic,22.7459,24.7684,28.0307,29.9628,36.6212,43.8782,43.5645,42.8634,42.4317
115934,HDFC Gold ETF Fund of Fund,FoF Domestic,23.2657,25.3427,28.7517,30.7569,37.6376,45.0187,44.7541,44.0502,43.6295
115942,Tata Retirement Savings Fund-Progressive Plan,Retirement,66.097,60.4083,63.3792,65.3192,65.4419,62.4162,65.0192,68.8255,65.2497
115943,Tata Retirement Savings Fund-Moderate Plan,Retirement,64.0489,59.634,62.5525,64.4181,64.8815,62.2754,64.4136,67.8774,64.7987
115944,Tata Retirement Savings Fund-Conservative Plan,Retirement,30.8476,30.2067,31.2574,31.7079,31.9343,31.5743,31.9893,32.8823,32.1905
115991,Groww Liquid Fund,Liquid,2418.4993,2460.0757,2506.31,2543.2722,2580.2709,2617.7621,2660.5712,2704.6561,2727.9096
116051,Union ELSS Tax Saver Fund (Formerly Union Tax Saver (ELSS) Fund,ELSS,64.4328,58.9653,61.7734,65.166,66.3902,63.6042,62.834,65.6751,62.995
116077,Invesco India Gold ETF Fund of Fund,FoF Domestic,22.1024,24.0099,27.193,29.0197,35.3401,42.0649,41.9597,41.3916,41.1352
116471,Axis Gilt Fund,Gilt,24.4045,24.7339,25.7343,25.5434,25.7531,25.8475,26.0508,26.6971,26.4668
116485,PGIM India Dynamic Term Fund,Dynamic Bond,2517.5896,2548.4644,2643.3808,2634.7685,2657.0658,2655.3,2667.021,2706.3299,2691.1979
116547,Groww Large Cap Fund,Large Cap,42.4995,38.9302,41.101,42.8973,44.0611,42.8467,41.8217,42.7846,40.4933
116555,Union Dynamic Term Fund,Dynamic Bond,22.3056,22.5911,23.4706,23.2226,23.2713,23.1285,23.1172,23.5934,23.33
116633,Franklin U. S. Opportunities Equity Active Fund of Funds,FoF Overseas,72.6469,72.7484,69.2374,78.3161,80.5811,79.5488,88.5927,91.6211,96.402
116796,Aditya Birla Sun Life Gold Fund,FoF Domestic,22.5998,24.6245,27.9325,29.9128,36.5819,43.8431,43.5739,42.8922,42.4656
116894,Axis Medium Term Fund,Medium Duration,26.5002,26.9707,27.8901,28.2728,28.7632,29.0708,29.4189,30.0794,30.1115
117312,Taurus Banking & Financial Services Fund,Sectoral/Thematic,50.5862,47.7894,52.8777,53.6952,55.0959,53.628,52.412,52.9717,50.4967
117446,Axis Banking and PSU Debt Fund,Banking & PSU,2501.881,2543.3562,2625.3688,2659.7023,2699.0799,2718.614,2746.3001,2795.785,2798.7682
117549,Baroda BNP Paribas Banking and Financial Services Fund,Sectoral/Thematic,44.2672,42.3853,46.7636,47.7134,49.4116,48.9117,47.1792,49.5234,47.1452
117560,Axis Focused Fund,Focused,54.1869,50.149,53.4676,55.25,55.5521,52.0306,51.3536,55.5812,52.9383
117620,ICICI Prudential US Bluechip Equity Fund,Sectoral/Thematic,63.6307,62.574,59.2271,66.2661,69.9508,73.5991,73.14,79.129,78.9367
117691,DSP US Specific Equity Omni FoF,FoF Overseas,56.4074,58.2373,56.5341,66.8983,73.8004,78.3207,90.4207,93.0844,94.9352
117716,Kotak Credit Risk Fund,Credit Risk,27.9369,28.3473,29.2033,29.7796,30.4382,30.7931,31.1133,31.8194,31.9154
117981,UTI - Credit Risk Fund.,Credit Risk,16.2727,16.5373,16.9767,17.2268,17.5031,17.703,17.9222,18.2622,18.332
118232,Invesco India Banking and PSU Debt Fund,Banking & PSU,2153.9713,2186.9072,2261.4237,2284.6108,2315.773,2332.5166,2350.5197,2398.2482,2398.5934
118902,HSBC Liquid Fund,Liquid,2494.4067,2537.3896,2583.672,2622.2024,2659.9399,2698.2795,2743.1227,2788.2611,2811.7823
118907,HSBC Liquid Fund,Liquid,3598.9399,3660.956,3727.7325,3783.3245,3837.7724,3893.0888,3957.789,4022.915,4056.8516
120576,SBI CONSUMPTION OPPORTUNITIES FUND,Sectoral/Thematic,331.3833,299.6553,304.2001,312.2886,309.0743,287.311,282.7335,285.219,266.4338
120577,SBI TECHNOLOGY OPPORTUNITIES FUND,Sectoral/Thematic,219.8452,211.226,205.9928,216.1849,225.2161,204.3216,185.7126,197.7767,192.6339
121280,Bandhan Banking and PSU Debt Fund,Banking & PSU,23.4085,23.7948,24.5143,24.8231,25.155,25.3555,25.6859,26.2124,26.3103
122387,Motilal Oswal Focused Fund,Focused,47.074,39.4205,40.8349,43.0366,43.7978,42.401,45.454,51.8397,53.2024
122612,360 ONE Dynamic Term Fund,Dynamic Bond,21.3647,21.7107,22.5467,22.8091,23.2216,23.4036,23.5744,24.1755,24.038
122640,Parag Parikh Flexi Cap Fund,Flexi Cap,80.431,78.9256,81.6006,84.8117,86.4296,84.0963,82.3479,82.7342,80.658
122644,Aditya Birla Sun Life Floating Interest Rates Fund,Floater,331.0231,336.6555,345.6111,351.3434,357.0836,361.1708,366.1276,372.5324,375.0404
122711,360 ONE Dynamic Term Fund,Dynamic Bond,21.3646,21.7107,22.5466,22.809,23.2215,23.4036,23.5743,24.1754,24.0379
123651,ICICI Prudential Global Stable Equity Fund (FOF),FoF Overseas,26.0424,26.7754,26.8877,28.3567,29.3226,31.0673,31.7863,33.5253,32.9783
123690,Kotak Banking and PSU Debt Fund,Banking & PSU,62.1229,63.0981,65.2239,65.9472,67.0442,67.6024,68.2436,69.5237,69.5474
123708,Groww Short Term Fund,Short Duration,1979.8392,2008.9061,2073.354,2102.1577,2131.3032,2144.8691,2165.3298,2206.2475,2214.6686
124172,DSP Banking and PSU Debt Fund,Banking & PSU,22.9446,23.2456,24.0538,24.2466,24.5714,24.6791,24.8532,25.3491,25.3025
124233,Motilal Oswal Ultra Short Term Fund,Ultra Short Duration,15.9085,16.1239,16.3799,16.5843,16.791,16.971,17.2109,17.4565,17.586
125259,360 ONE Liquid Fund,Liquid,1928.9626,1960.7967,1996.1691,2024.2665,2052.9996,2081.7966,2115.3661,2147.7505,2166.0561
125305,PGIM India Midcap Fund,Mid Cap,63.69,58.3831,61.5218,65.5492,64.8018,61.4107,62.6967,65.9255,63.18
125350,Axis Small Cap Fund,Small Cap,106.3081,96.8037,101.1158,106.7655,106.0863,100.4906,105.8375,115.6015,113.5567
125494,SBI SMALL CAP FUND,Small Cap,180.2575,159.4507,164.8072,173.3128,170.1638,159.0208,167.2675,183.1196,178.2894
125498,SBI BANKING & PSU DEBT FUND,Banking & PSU,2959.1885,3005.3859,3108.2729,3144.5214,3191.6863,3209.6423,3239.6043,3301.5428,3312.2721
125595,Aditya Birla Sun Life Banking and Financial Services Fund,Sectoral/Thematic,56.4221,53.2092,59.2054,60.4581,63.2739,62.466,60.8948,63.0205,59.645
125713,Shriram Aggressive Hybrid Fund,Aggressive Hybrid,32.0036,29.6101,30.604,31.3888,32.1838,31.453,31.1603,31.8595,30.6553
126351,Invesco India - Invesco Pan European Equity Fund of Fund,FoF Overseas,16.1865,17.0236,18.1183,19.7747,21.0675,23.5175,25.198,26.9109,25.9069
126394,DSP Dynamic Asset Allocation Fund,Balanced Advantage,26.4351,26.0323,27.0683,27.5855,28.2497,28.1115,28.1,28.734,27.9565
126687,Canara Robeco Corporate Bond Fund,Corporate Bond,20.7786,21.0696,21.6776,21.8622,22.1375,22.2647,22.4584,22.8266,22.8369
126939,UTI Banking & PSU Debt Fund,Banking & PSU,20.8223,21.156,21.8114,22.1567,22.4884,22.7081,23.0135,23.4258,23.6288
127073,HSBC Asia Pacific (Ex Japan) Dividend Yield Fund,FoF Overseas,22.0596,21.7726,22.4959,26.0308,28.5665,31.6605,35.5997,36.2798,36.7395
127849,BANK OF INDIA BALANCED ADVANTAGE FUND,Balanced Advantage,24.5363,23.2528,24.2668,24.7931,25.5628,25.5731,25.7653,26.0689,25.2427
128009,Kotak Medium Term Fund,Medium Duration,21.5842,21.9015,22.608,22.9592,23.4822,23.7261,23.9214,24.4774,24.4735
128053,HDFC Credit Risk Fund,Credit Risk,22.8875,23.2403,23.8963,24.2855,24.7175,25.0055,25.3749,25.9648,26.0772
128628,HDFC Banking and PSU Debt Fund,Banking & PSU,21.8532,22.1961,22.9457,23.2095,23.5529,23.7004,23.9032,24.3651,24.339
129006,Franklin India Banking & PSU Debt Fund,Banking & PSU,21.3299,21.6723,22.3408,22.6502,23.0458,23.2975,23.5967,24.0328,24.1763
129048,Motilal Oswal Flexi Cap Fund,Flexi Cap,62.0873,56.8297,58.8259,62.1959,61.8716,56.9072,56.2532,62.1372,61.793
129065,HSBC Aggressive Hybrid Active FOF (erstwhile HSBC Managed Solutions India - Growth fund),FoF Domestic,40.0377,37.3164,38.7095,40.1695,40.6538,39.7709,40.5991,42.7402,41.901
129187,Invesco India - Invesco Global Equity Income Fund of Fund,FoF Overseas,26.3444,27.2415,27.7594,30.9774,31.5738,33.2882,36.1585,38.2005,36.9025
129191,HSBC Multi Asset Active FOF (erstwhile HSBC Managed Solutions India - Moderate Fund),FoF Domestic,34.7542,32.9726,34.5178,36.2909,38.2253,39.4771,40.2598,41.6405,40.7287
129195,HSBC Income Plus Arbitrage Active FOF (erstwhile HSBC Managed Solution India - Conservative Plan),FoF Domestic,20.7608,20.8628,21.325,21.5708,21.8672,22.0673,22.3037,22.6686,22.7585
129213,Sundaram Infrastructure Advantage Fund (Erstwhile Sundaram Capex Opportunities),Sectoral/Thematic,94.7106,84.5881,90.4197,95.0724,96.5932,95.5517,100.9815,101.1938,95.4061
129310,ICICI Prudential Dividend Yield Fund,Dividend Yield,50.8159,48.0069,50.842,52.5263,54.4387,53.4392,52.3563,52.7191,49.415
129647,Union Small Cap Fund,Small Cap,50.6584,44.0361,45.0425,49.1594,49.433,47.7883,52.8127,58.9883,58.7583
130037,Nippon India Medium Term Fund (Existing Number of Segregated Portfolios - 1),Medium Duration,14.6799,14.9411,15.4121,15.8868,16.1489,16.3121,16.4994,16.8354,16.8605
130205,Edelweiss Arbitrage Fund,Arbitrage,18.5853,18.906,19.2423,19.5096,19.7842,20.0818,20.3578,20.6701,20.8266
130309,Axis Credit Risk Fund,Credit Risk,20.308,20.6435,21.2644,21.6376,22.0961,22.3897,22.7578,23.3295,23.4388
130492,DSP Income Plus Arbitrage Omni FoF,FoF Domestic,20.4947,21.0208,21.1866,21.3903,21.6794,21.8559,22.0603,22.4432,22.4831
130496,HDFC Large & Mid Cap Fund,Large & Mid Cap,334.1153,307.8906,325.245,339.8454,347.6252,334.7688,331.8835,347.0484,328.6415
130502,HDFC Small Cap Fund,Small Cap,139.639,124.4079,129.7915,141.9457,140.8084,131.5904,132.7518,139.7576,135.044
130533,HDFC Income Plus Arbitrage Active FOF,FoF Domestic,39.4591,38.2329,38.6848,39.1476,39.7073,40.0963,40.5352,41.2744,41.4041
130721,Invesco India Credit Risk Fund,Credit Risk,1802.5936,1841.4273,1923.0792,1944.8674,1971.9968,1992.1562,2035.9441,2079.3807,2079.9468
130771,Axis Arbitrage Fund,Arbitrage,17.9337,18.2285,18.56,18.8164,19.0804,19.3716,19.6359,19.9314,20.0841
130863,Nippon India Japan Equity Fund,Sectoral/Thematic,18.8184,19.075,19.513,21.1742,22.3271,24.2428,26.3514,27.8533,28.61
131051,ICICI Prudential 10 year Constant Maturity Gilt Fund,Gilt 10Y Constant Duration,23.2496,23.702,24.7703,24.8618,25.1059,25.2976,25.3874,26.0488,25.6623
131297,DSP 10 year Constant Maturity Gilt Fund,Gilt 10Y Constant Duration,20.625,21.0281,21.8614,21.926,22.057,22.0897,22.0543,22.4916,22.1443
131357,BANDHAN Balanced Advantage Fund,Balanced Advantage,23.6484,22.9009,23.6735,24.2187,24.7369,24.3479,24.468,25.2626,24.7425
131372,Kotak Equity Savings Fund,Equity Savings,25.2922,24.7826,25.5462,26.253,27.0299,26.8277,26.9314,27.5141,27.1725
131578,360 ONE Focused Fund,Focused,46.9546,43.4914,45.5254,46.6789,47.4297,45.737,45.6834,48.5437,47.406
131666,Aditya Birla Sun Life Balanced Advantage Fund,Balanced Advantage,101.1251,98.3819,103.7349,106.5263,108.8115,107.9192,108.6443,113.062,110.005
131864,Aditya Birla Sun Life Multi Asset Omni FoF,FoF Domestic,63.4247,61.6555,65.0926,67.0625,71.6473,74.1973,73.1038,76.4509,74.2636
131896,Aditya Birla Sun Life Income Plus Arbitrage Active FOF,FoF Domestic,35.6338,36.1977,37.2868,37.7373,38.2913,38.6351,39.0526,39.7234,39.8878
132005,Aditya Birla Sun Life Global Excellence Equity Fund Of Fund,FoF Overseas,32.3736,33.0323,31.9006,35.1914,37.3626,38.8222,41.988,43.8778,44.7969
132138,Aditya Birla Sun Life Global Emerging Opportunities Fund,FoF Overseas,25.2913,25.8909,25.2012,27.4466,28.2894,28.8781,32.9487,33.2983,34.3623
132174,Aditya Birla Sun Life Aggressive Hybrid Omni FOF,FoF Domestic,40.3809,39.1087,41.303,42.285,43.3709,42.4298,42.1975,43.8597,42.5343
132178,Aditya Birla Sun Life Conservative Hybrid Active FOF,FoF Domestic,32.5024,32.21,33.6847,34.1261,34.6915,34.6105,34.7482,35.6071,35.282
132180,Aditya Birla Sun Life Dynamic Asset Allocation Omni FOF,FoF Domestic,51.6691,48.9402,51.904,53.5932,54.8765,54.0334,54.0398,56.2849,54.7184
132757,Tata ELSS - Tax Saver Fund,ELSS,44.6059,41.0043,42.7123,44.1043,45.6224,44.6236,44.8301,46.9167,44.4964
132987,Franklin India Income Plus Arbitrage Active Fund of Funds,FoF Domestic,19.0196,19.2292,20.6031,21.1104,21.4287,21.6996,21.9785,22.3606,22.4985
132998,Aditya Birla Sun Life Equity Savings Fund,Equity Savings,20.9003,20.9674,21.6146,22.1252,22.6352,22.7515,22.8578,23.3371,23.0883
133036,Kotak Aggressive Hybrid Fund,Aggressive Hybrid,61.3482,57.3082,59.5606,62.5743,63.6059,62.1957,62.8581,65.1986,62.9395
133385,Motilal Oswal ELSS Tax Saver Fund,ELSS,54.0395,46.691,48.922,51.9464,51.7078,48.5634,53.2041,56.3321,55.1094
133513,Aditya Birla Sun Life Manufacturing Equity Fund,Sectoral/Thematic,32.9621,29.5061,30.2726,32.0802,33.1666,32.8267,35.4478,39.1197,38.4483
133565,Nippon India Retirement Fund- Wealth Creation Scheme,Retirement,29.0826,26.603,27.7237,28.7872,29.0684,28.1417,27.9059,28.6937,27.1311
133572,Nippon India Retirement Fund- Income Generation Scheme,Retirement,19.654,19.4714,20.2222,20.2005,20.2884,20.0594,19.8858,20.3791,19.8132
133711,LIC MF Large & Mid Cap Fund,Large & Mid Cap,39.0644,35.8579,37.4096,38.5787,38.9065,37.4536,37.1413,39.1086,36.9023
133782,Kotak Corporate Bond Fund,Corporate Bond,3578.3643,3637.6864,3761.6163,3811.0587,3870.07,3897.8525,3931.7207,4005.8504,4009.0834
133796,Kotak Infrastructure and Economic Reform Fund,Sectoral/Thematic,68.3082,59.1369,62.0061,65.4626,65.5685,63.5376,66.6206,69.8096,68.4018
133805,Kotak Ultra Short to Short Term Fund,Low Duration,3192.0642,3242.4872,3322.0731,3374.0192,3423.743,3460.2311,3504.6394,3563.1021,3584.2049
133836,PGIM India Flexi Cap Fund,Flexi Cap,35.4615,33.1026,34.8093,36.4543,36.9679,35.27,35.0722,36.8212,35.3467
133858,SBI BANKING & FINANCIAL SERVICES FUND,Sectoral/Thematic,38.4638,36.9233,40.7345,42.4772,44.8231,44.8762,42.8812,43.513,41.5679
133867,BANK OF INDIA CREDIT RISK FUND,Credit Risk,11.739,11.8732,12.1241,12.2741,12.4921,13.1513,13.9444,14.3823,14.5043
133926,DSP Ultra Short to Short Term Fund,Low Duration,18.9231,19.2353,19.7026,20.0128,20.3109,20.5314,20.809,21.1655,21.3004
134016,LIC MF Banking and Financial Services Fund,Sectoral/Thematic,19.6076,18.2719,20.2091,20.9215,21.9767,21.6997,20.7732,21.59,20.0588
134383,Aditya Birla Sun Life Credit Risk Fund,Credit Risk,20.3164,21.0877,22.1194,22.6164,23.1414,24.2073,24.7076,25.3254,25.4548
134499,UTI Medium Term Fund,Medium Duration,17.3962,17.6798,18.2211,18.3694,18.5901,18.7275,18.8602,19.2022,19.1238
134545,Nippon India Banking and PSU Debt Fund,Banking & PSU,19.7023,20.0108,20.7135,20.9395,21.2293,21.3307,21.5381,21.9613,21.9669
134593,Nippon India Equity Savings Fund (Existing number of Segregated Portfolios - 2),Equity Savings,15.4892,15.3404,15.7535,16.0001,16.2518,16.3229,16.2636,16.416,16.1022
134644,SBI EQUITY SAVINGS FUND,Equity Savings,23.1816,22.5695,23.4591,24.0113,24.3153,24.2801,24.3792,24.707,24.4788
134815,Mirae Asset Aggressive Hybrid Fund,Aggressive Hybrid,31.1406,29.529,31.1473,32.1947,33.0286,32.7528,32.512,33.312,32.2542
134922,Nippon India US Equity Opportunities Fund,Sectoral/Thematic,33.524,34.8642,33.1316,35.9309,37.1744,37.2093,38.968,41.9088,43.0484
135122,Axis Equity Savings Fund,Equity Savings,21.584,21.229,21.7782,22.1492,22.6195,22.4702,22.4272,23.1462,22.79
135343,Groww Value Fund,Value,26.1624,24.1524,25.9784,27.1023,27.4827,26.4016,26.367,27.3914,26.2844
135598,PGIM India ELSS Tax Saver Fund,ELSS,34.1938,32.434,33.892,34.987,35.2172,33.1937,32.7323,34.5948,33.205
135678,Navi Large & Midcap Fund,Large & Mid Cap,35.71,32.8475,34.1959,35.1668,35.7873,34.4023,34.9249,36.5396,34.6973
135759,Axis Children's Fund,Children's,25.5468,24.3432,25.3879,25.9533,26.4874,25.8063,25.4199,26.2942,25.3283
135766,Axis Children's Fund,Children's,25.5437,24.3402,25.3847,25.9501,26.4841,25.8031,25.4168,26.2909,25.3252
135784,Mirae Asset ELSS Tax Saver Fund,ELSS,47.4884,44.0199,46.6786,48.9179,50.596,48.8113,48.3245,50.3096,47.2835
135794,Tata Banking & Financial Services Fund,Sectoral/Thematic,39.329,37.4771,41.9601,42.7542,44.6093,44.0725,42.4838,44.1165,41.7146
135797,Tata Digital India Fund,Sectoral/Thematic,53.3061,49.2167,45.9142,46.7256,47.7013,43.3893,39.0992,41.0106,38.8097
135804,Tata India Consumer Fund,Sectoral/Thematic,45.7447,41.5328,42.5607,44.9913,45.647,42.1629,43.6202,47.3741,45.3852
135812,Tata India Pharma & Healthcare Fund,Sectoral/Thematic,30.6061,28.9539,29.2416,30.7286,30.6038,29.3899,30.6813,33.372,31.7604
135815,Tata Resources & Energy Fund,Sectoral/Thematic,43.7888,40.2721,43.3903,45.4994,45.5619,45.7675,48.3137,48.9416,46.337
135914,BANDHAN Corporate Bond Fund,Corporate Bond,18.2476,18.5502,19.1617,19.4057,19.6625,19.8068,20.0786,20.4853,20.5355
136090,HDFC Retirement Fund - Equity Plan,Retirement,50.0801,46.7862,49.2313,50.5602,51.5284,49.7108,47.7064,48.5983,46.3482
136463,HDFC Retirement Fund - Hybrid-Equity Plan,Retirement,38.0846,36.1167,37.7751,38.625,39.2891,38.1261,36.6917,37.1477,35.6285
136466,HDFC Retirement Fund - Hybrid-Debt Plan,Retirement,20.9214,20.7037,21.4052,21.6045,21.8676,21.7638,21.539,21.8051,21.3988
136563,DSP Equity Savings Fund,Equity Savings,21.0257,20.9412,21.5959,21.8267,22.1322,22.1179,22.0593,22.2795,22.0177
138288,PGIM India Liquid Fund,Liquid,325.6093,331.2155,337.3853,342.3558,347.317,352.3134,358.272,364.1715,367.2566
138308,PGIM India Large Cap Fund,Large Cap,331.1341,313.1216,330.8039,340.607,348.5082,332.6755,322.0232,330.758,314.5717
138318,PGIM India Corporate Bond Fund,Corporate Bond,41.0089,41.6385,43.0521,43.5386,44.175,44.3821,44.7164,45.4685,45.4538
138343,PGIM India Ultra Short Term Fund,Ultra Short Duration,32.652,33.1676,33.8343,34.3345,34.7969,35.1773,35.6834,36.2556,36.5485
138372,PGIM India Equity Savings Fund,Equity Savings,47.327,47.4704,48.6764,49.3736,50.0832,50.0905,49.9804,51.0853,50.4064
138382,PGIM India Aggressive Hybrid Equity Fund,Aggressive Hybrid,125.2967,122.0434,126.5667,130.8413,131.938,126.1697,125.7147,129.0755,123.5117
138453,PGIM India Emerging Markets Equity Fund of Fund,FoF Overseas,15.58,15.7884,15.4705,17.289,18.038,20.4478,23.7604,22.6327,23.205
138470,PGIM India Gilt Fund,Gilt,28.9798,29.3168,30.4185,30.1538,30.2576,30.1389,30.1576,30.7633,30.4335
138523,PGIM India Global Equity Opportunities Fund of Fund,FoF Overseas,43.4842,43.0616,40.73,45.3133,47.2,45.1547,50.8653,49.9187,50.9367
139529,BANK OF INDIA AGGRESSIVE HYBRID FUND,Aggressive Hybrid,38.607,35.0976,36.7026,38.0803,37.9911,37.561,40.1207,42.5318,42.615
139537,Mahindra Manulife Liquid Fund,Liquid,1628.5017,1656.4882,1686.8682,1711.2842,1736.6032,1761.4686,1790.8874,1819.9641,1835.4665
139783,Mahindra Manulife ELSS Tax Saver Fund,ELSS,27.8031,26.0041,27.6237,28.5411,29.0739,27.961,26.8029,27.4304,25.8528
139870,Motilal Oswal Balanced Advantage Fund,Balanced Advantage,21.6402,18.6264,18.4827,19.8485,20.0159,18.0862,17.9792,19.1722,19.3295
139889,Franklin India Liquid Fund,Liquid,16.009,16.2867,16.5949,16.8473,17.0969,17.3471,17.6393,17.9393,18.0965
139891,Franklin India Liquid Fund,Liquid,10.0,10.0,10.0,10.0,10.0,10.0,10.0,10.0,10.0
140172,Edelweiss Large & Mid Cap Fund,Large & Mid Cap,87.1184,79.5921,82.9234,86.3767,88.6082,86.7629,86.8525,90.198,85.4693
140182,Edelweiss Liquid Fund,Liquid,3198.2524,3253.6421,3313.6179,3363.3627,3412.1947,3461.64,3520.6817,3578.8312,3609.9558
140225,Edelweiss Mid Cap Fund,Mid Cap,99.7175,90.336,95.7246,100.9515,103.2242,100.8821,103.6692,108.6026,103.1168
140229,Edelweiss Money Market Fund,Money Market,27.2031,27.6349,28.2683,28.6962,29.0915,29.4427,29.8556,30.3678,30.6333
140242,Edelweiss Greater China Equity Off-shore Fund,FoF Overseas,38.3746,39.7868,39.4333,46.7667,51.7349,55.5546,64.5034,63.866,64.7822
140255,Edelweiss ASEAN Equity Off-shore Fund,FoF Overseas,28.1668,27.8341,28.1522,30.5759,31.7698,33.9881,35.3358,37.7491,36.8278
140273,Edelweiss US Value Equity Offshore Fund,FoF Overseas,32.1801,32.5101,30.7876,33.4568,35.1986,37.9488,40.9951,43.9761,43.48
140283,Edelweiss Banking and PSU Debt Fund,Banking & PSU,23.4042,23.7518,24.5934,24.8614,25.186,25.3322,25.53,25.9672,26.0956
140295,Edelweiss Europe Dynamic Equity Offshore Fund,FoF Overseas,19.171,20.2407,22.7354,24.64,26.1628,28.6585,30.0361,31.2908,30.3341
140297,Edelweiss Gilt Fund,Gilt,23.5798,23.8703,24.7393,24.4945,24.5422,24.4969,24.471,24.9851,24.6247
140328,Edelweiss Emerging Markets Opportunities Equity Offshore Fund,FoF Overseas,15.3253,15.6137,16.0076,18.1217,20.552,23.4812,27.5413,28.0971,28.8698
140351,Edelweiss Equity Savings Fund,Equity Savings,23.9046,23.9434,24.6201,25.3716,25.9296,25.9231,26.3338,27.2166,27.2023
140355,Edelweiss Flexi Cap Fund,Flexi Cap,38.4653,35.0058,36.5104,37.9415,39.2458,38.4006,37.6661,38.8893,36.778
140381,Bandhan Aggressive Hybrid Fund,Aggressive Hybrid,24.9149,23.5721,24.751,25.9673,26.8197,26.3655,26.538,27.8547,27.0458
140447,Mahindra Manulife Equity Savings Fund,Equity Savings,19.8897,19.5354,20.0836,20.5294,21.0751,21.0303,21.0482,21.6019,21.3375
140609,BANDHAN CREDIT RISK FUND,Credit Risk,15.682,15.9204,16.3567,16.5075,16.7082,16.827,17.0105,17.3243,17.363
140620,Mahindra Manulife Ultra Short to Short Term Fund,Low Duration,1562.0581,1586.8387,1623.8919,1649.2822,1673.1385,1691.124,1714.4281,1743.085,1754.569
140771,Mirae Asset Dynamic Term Fund,Dynamic Bond,15.4159,15.6427,16.0693,16.2994,16.515,16.687,16.8885,17.0441,16.8961
141061,Quantum Dynamic Term Fund,Dynamic Bond,20.4159,20.6821,21.5288,21.5281,21.7297,21.767,21.8805,22.3058,22.1311
141063,Quantum Diversified Equity All Cap Active FOF,FoF Domestic,81.887,76.3229,80.6567,83.4336,85.4946,82.7641,81.1759,84.5534,81.148
141064,Quantum Gold ETF FOF,FoF Domestic,29.4063,32.0558,36.3901,38.9649,47.7066,57.1056,56.7966,55.9262,55.3472
141066,Quantum Liquid Fund,Liquid,33.6159,34.1679,34.7497,35.2272,35.7067,36.1999,36.7158,37.2652,37.5565
141068,Quantum Value Fund,Value,125.4418,118.6894,122.4789,125.2487,126.6795,121.9353,117.0733,118.3542,111.4583
141070,Quantum ELSS Tax Saver Fund,ELSS,124.4866,117.7918,121.5451,124.3329,125.7285,121.0712,116.333,117.5798,110.7517
141072,Quantum Multi Asset Active FOF,FoF Domestic,31.7112,31.7364,33.4272,34.2117,35.8326,36.4249,35.8642,36.3638,35.295
141224,Mahindra Manulife Multi Cap Fund,Multi Cap,35.0009,31.8809,33.6721,35.3847,35.8624,35.0844,36.2838,39.0414,37.8431
141247,Union Largecap Fund,Large Cap,23.3492,21.8056,22.8313,23.4841,24.0039,23.1783,22.6167,23.0702,21.83
141593,AXIS Corporate Bond Fund,Corporate Bond,16.169,16.4409,17.0268,17.2567,17.5168,17.6309,17.8199,18.1588,18.1732
141644,Axis Balanced Advantage Fund,Balanced Advantage,20.3877,19.8869,20.6313,20.9116,21.4639,21.205,20.9775,21.4725,20.8117
141862,Groww ELSS Tax Saver Fund,ELSS,20.5341,18.3713,18.9602,20.0581,20.1021,19.1853,18.5298,18.9478,17.9483
141875,DSP Nifty 50 Equal Weight Index Fund,Index - Equity,24.4748,23.0463,24.3807,25.2871,26.2871,25.9346,25.7103,26.2193,24.5057
141923,HDFC Housing Opportunities Fund,Sectoral/Thematic,23.0564,20.3766,21.601,22.4453,22.4764,21.8027,21.4407,21.4598,20.2642
141927,Axis Flexi Cap Fund,Flexi Cap,26.3116,24.2403,25.6032,26.8416,26.9848,25.8135,26.0092,28.0523,27.1983
142035,Union Balanced Advantage Fund,Balanced Advantage,19.6359,18.9674,19.7039,20.246,20.6266,20.2297,19.946,20.5577,20.01
142109,Mahindra Manulife Mid Cap Fund,Mid Cap,33.7193,30.3201,31.7147,32.9339,33.4776,33.1689,34.8714,36.4743,33.8106
142282,DSP Arbitrage fund,Arbitrage,14.3443,14.5836,14.8348,15.0372,15.2469,15.4739,15.6806,15.9114,16.0332
142383,Edelweiss Recently Listed IPO Fund,Sectoral/Thematic,27.5111,24.8423,24.8263,27.0118,27.0398,25.2703,28.5384,32.0918,33.0624
142642,Mirae Asset Short Term Fund,Short Duration,14.9463,15.1992,15.6852,15.8828,16.1052,16.2115,16.3129,16.6138,16.6082
143162,Navi Aggressive Hybrid Fund,Aggressive Hybrid,20.1676,19.2016,19.7127,20.6208,20.9616,20.3377,20.7391,22.1132,21.8333
143239,Union Corporate Bond Fund,Corporate Bond,14.4833,14.7116,15.2341,15.4317,15.6447,15.7145,15.8278,16.1088,16.0747
143260,Parag Parikh Liquid Fund,Liquid,1390.9778,1413.7414,1437.8822,1458.8027,1479.3561,1500.5758,1525.3339,1550.4481,1563.5381
143340,UTI - Nifty Next 50 Index Fund,Index - Equity,25.327,22.1045,23.3349,24.1223,24.5574,24.0569,24.8363,25.9564,24.5738
143464,Baroda BNP Paribas Ultra Short Term Fund,Ultra Short Duration,1473.0753,1498.2338,1530.7781,1555.4525,1578.8719,1598.5873,1625.3669,1654.4005,1669.4086
143493,Nippon India Ultra Short Term Fund,Ultra Short Duration,3853.549,3916.7848,3999.7859,4061.2513,4121.6345,4174.5648,4240.6908,4312.0398,4349.298
143536,Invesco India Aggressive Hybrid Fund,Aggressive Hybrid,22.5717,21.2328,22.0406,22.6115,22.68,21.5532,20.779,21.3218,20.6248
143607,JM Ultra Short to Short Term Fund,Low Duration,35.3535,35.9432,36.8146,37.4064,37.9682,38.3865,38.9011,39.5557,39.839
143620,BANK OF INDIA ARBITRAGE FUND,Arbitrage,13.2723,13.4832,13.7057,13.8797,14.067,14.2725,14.4553,14.6451,14.7636
143702,Nippon India Nivesh Lakshya Long Term Fund,Long Duration,17.1283,17.3348,18.0297,17.8346,17.9173,17.7894,17.7743,18.2863,17.9345
143785,Mirae Asset Healthcare Fund,Sectoral/Thematic,38.3188,36.304,36.7119,38.8375,38.5302,37.9898,41.0105,45.3981,44.6888
143787,Navi Flexi Cap Fund,Flexi Cap,23.1035,21.0389,21.7182,22.6313,23.359,22.8585,23.4316,24.8724,24.195
144171,BANDHAN ULTRA SHORT TERM FUND,Ultra Short Duration,14.5457,14.79,15.1091,15.3476,15.5795,15.776,16.0295,16.3094,16.4519
144310,Union Equity Savings Fund,Equity Savings,16.3556,16.1194,16.5441,16.8308,17.0759,16.987,16.9943,17.4182,17.225
144333,Kotak Balanced Advantage Fund,Balanced Advantage,19.9207,19.2525,20.1079,20.5377,20.9142,20.5981,20.4773,21.093,20.3925
144345,UTI - Corporate Bond Fund,Corporate Bond,15.5394,15.7975,16.3495,16.5598,16.8046,16.9179,17.0909,17.4071,17.4425
144393,Axis Aggressive Hybrid Fund,Aggressive Hybrid,20.1335,19.1224,19.9826,20.4513,20.8963,20.3576,20.0616,20.7638,20.07
144401,Mahindra Manulife Dynamic Term Fund,Dynamic Bond,13.6464,13.8079,14.3043,14.3629,14.5104,14.5275,14.6802,14.9853,14.9224
144461,Franklin India Equity Savings Fund,Equity Savings,15.8007,15.8014,16.1563,16.4215,16.6972,16.74,16.7371,17.0004,16.8704
144484,UTI - Equity Savings Fund,Equity Savings,17.5815,17.5188,18.0513,18.249,18.7406,18.8389,18.6773,18.8855,18.5057
144548,Tata Flexi Cap Fund,Flexi Cap,23.2885,21.9867,23.541,24.3894,24.7912,23.9172,23.2822,23.5857,22.2931
144644,DSP Corporate Bond Fund,Corporate Bond,15.1697,15.417,15.865,16.1269,16.3673,16.5364,16.7586,17.0481,17.192
144759,Axis Ultra Short Term Fund,Ultra Short Duration,14.1064,14.3278,14.6267,14.8475,15.0601,15.2383,15.4614,15.7146,15.8466
144838,Sundaram Services Fund,Sectoral/Thematic,33.0729,31.1483,33.5971,35.0724,35.9514,34.1128,33.7756,36.5079,34.8403
144902,Shriram Flexi Cap Fund,Flexi Cap,22.0725,19.3287,19.5427,20.0765,20.4474,19.6851,19.2634,19.7609,18.5784
145040,HDFC Ultra Short Term Fund,Ultra Short Duration,14.4786,14.7211,15.0407,15.2781,15.5108,15.6993,15.9302,16.1991,16.3391
145042,Sundaram Money Market Fund,Money Market,14.2968,14.5438,14.8941,15.1441,15.3723,15.5706,15.801,16.0923,16.2406
145112,Axis Large & Mid Cap Fund,Large & Mid Cap,32.3266,29.9248,31.0881,32.65,33.3121,32.362,32.8764,34.7585,33.6267
145139,Invesco India Small Cap Fund,Small Cap,42.0407,37.6347,39.2503,42.0052,42.2377,40.0327,42.6525,47.7346,46.5483
145208,Tata Small Cap Fund,Small Cap,42.8143,37.065,38.024,40.4517,38.025,34.1628,35.3114,38.9356,39.1845
145287,UTI Floating Interest Rates Fund,Floater,1427.8464,1450.3253,1488.4535,1508.5472,1531.0602,1547.7119,1569.728,1595.7121,1605.2416
145355,Mahindra Manulife Consumption Fund,Sectoral/Thematic,23.2324,21.0545,21.7409,22.8098,23.1028,21.4426,21.0035,21.9432,20.7048
145387,Baroda BNP Paribas Balanced Advantage Fund,Balanced Advantage,23.5277,22.4252,23.5725,24.3777,25.0233,24.6777,24.9954,25.7845,24.7412
145456,DSP Healthcare Fund,Sectoral/Thematic,40.9882,38.5129,37.4283,39.6503,39.3734,37.4886,39.7807,44.9486,44.3265
145471,Union Value Fund,Value,27.9184,25.5537,26.9193,28.2649,28.857,28.1962,27.9373,28.7778,27.235
145481,ADITYA BIRLA SUN LIFE OVERNIGHT FUND,Overnight,1339.4102,1360.4177,1380.9184,1399.2225,1417.6531,1435.9808,1453.4226,1471.5894,1481.7673
145535,ICICI Prudential Overnight Fund,Overnight,1336.888,1358.1174,1378.3993,1396.6765,1415.5807,1433.8895,1451.5289,1469.9602,1480.118
145590,Groww Dynamic Term Fund,Dynamic Bond,1408.5066,1423.4758,1471.2746,1462.3886,1469.139,1469.4329,1476.7792,1497.1243,1498.4144
145605,Groww Aggressive Hybrid Fund,Aggressive Hybrid,20.6615,19.3482,20.1995,20.7427,21.1735,20.6262,20.1405,20.5905,19.7754
145677,BANK OF INDIA SMALL CAP FUND,Small Cap,49.3666,42.7747,44.2459,46.633,45.8749,42.9178,49.5487,56.7762,59.075
145695,Mirae Asset Equity Savings Fund,Equity Savings,19.2774,18.9982,19.7872,20.2999,20.7184,20.7421,20.7876,21.2667,21.0293
145723,Tata Arbitrage Fund,Arbitrage,13.7771,14.0041,14.2604,14.4625,14.6637,14.8917,15.0965,15.3209,15.4394
145811,Nippon India Overnight Fund,Overnight,133.1621,135.2838,137.3344,139.1604,141.0461,142.8616,144.6363,146.4597,147.4688
145820,Shriram ELSS Tax Saver Fund,ELSS,22.9111,20.1033,20.3852,20.9824,21.3801,20.5918,20.188,20.7231,19.5436
145890,LIC MF Arbitrage Fund,Arbitrage,13.2736,13.4901,13.724,13.9019,14.0916,14.3011,14.5034,14.7249,14.8443
145952,LIC MF Short Term Fund,Short Duration,13.8664,14.0805,14.5226,14.704,14.8954,14.9982,15.1366,15.4197,15.4527
145968,WhiteOak Capital Liquid Fund,Liquid,1346.4455,1369.3619,1394.2969,1414.3034,1434.0899,1454.9982,1478.9944,1502.6737,1515.4232
146007,Tata Balanced Advantage Fund,Balanced Advantage,20.0531,19.4161,20.0375,20.4522,20.858,20.5877,20.5441,21.0308,19.971
146061,DSP Overnight Fund,Overnight,1329.2258,1350.5082,1370.627,1388.888,1407.6118,1425.8302,1443.6091,1461.657,1471.7275
146070,Tata Ultra Short Term Fund,Ultra Short Duration,13.571,13.7921,14.074,14.283,14.486,14.6609,14.8939,15.145,15.2761
146127,Canara Robeco Small Cap Fund,Small Cap,40.6359,35.5034,36.8384,38.986,38.5626,36.7015,38.1225,40.844,39.42
146142,Kotak Overnight Fund,Overnight,1323.0015,1344.0003,1364.1403,1382.312,1401.0457,1419.0461,1436.7416,1454.7855,1464.5638
146187,BANDHAN Overnight Fund,Overnight,1321.3505,1342.4895,1362.2829,1380.3624,1399.0545,1416.955,1434.2029,1452.4694,1462.373
146193,Edelweiss Small Cap Fund,Small Cap,45.1347,40.0705,41.44,44.1343,43.7786,41.8962,43.9164,47.5852,45.9038
146207,SBI Corporate Bond Fund,Corporate Bond,14.7034,14.9433,15.469,15.6607,15.8934,15.9958,16.1154,16.4245,16.4412
146294,Union Arbitrage Fund,Arbitrage,13.4865,13.7121,13.9387,14.1231,14.3155,14.5232,14.7185,14.9495,15.0739
146346,ICICI Prudential Retirement Fund Pure Equity Plan,Retirement,30.5698,28.3092,30.389,32.613,33.7605,33.22,34.012,35.1735,33.4383
146379,DSP Nifty 50 Index Fund,Index - Equity,23.3284,22.1718,23.4703,24.0894,24.9359,24.115,23.0293,23.3113,21.9214
146380,DSP Nifty Next 50 Index Fund,Index - Equity,27.4859,23.9455,25.2925,26.1583,26.6436,26.1097,26.9372,28.1327,26.6442
146409,ADITYA BIRLA SUN LIFE BAL BHAVISHYA YOJNA,Children's,19.68,18.0282,18.95,19.8384,20.3777,19.684,19.8495,20.8545,19.9033
146456,Invesco India Equity Savings Fund,Equity Savings,16.6394,16.2035,16.6676,16.9755,16.9432,16.4968,16.3311,16.7164,16.5322
146514,Nippon India Nifty Next 50 Junior BeES FoF,FoF Domestic,26.2892,22.9475,24.2133,25.0541,25.5175,25.0208,25.8524,27.0321,25.6234
146551,Mahindra Manulife Large Cap Fund,Large Cap,22.4995,21.2542,22.5894,23.017,23.5134,22.9209,21.7122,22.0722,20.791
146577,Aditya Birla Sun Life Retirement Fund-The 30s Plan,Retirement,19.4893,17.7189,18.8799,19.9935,20.517,20.0024,20.9298,22.6466,21.9082
146644,SBI Equity Minimum Variance Fund,Sectoral/Thematic,24.0112,22.4547,23.3032,23.8943,24.5784,23.6998,23.4594,23.7931,22.2196
146678,Axis Overnight Fund,Overnight,1315.1179,1336.2868,1356.6243,1374.9186,1393.6583,1411.7976,1429.3839,1447.8321,1457.8773
146717,ICICI Prudential Retirement Fund Hybrid Conservative Plan,Retirement,16.4899,16.3378,16.8973,17.3741,17.7394,17.9016,17.9286,18.3344,17.9947
146722,ICICI Prudential Retirement Fund Hybrid Aggressive Plan,Retirement,24.6736,23.1148,24.4407,26.0097,26.8903,26.6292,27.1148,28.0849,26.8333
146726,ICICI Prudential Retirement Fund Pure Debt Plan,Retirement,14.3895,14.6007,15.0245,15.1263,15.2612,15.3363,15.44,15.6947,15.642
146771,HSBC Large & Mid Cap Fund,Large & Mid Cap,27.6756,24.3276,25.1239,26.7834,27.4502,26.6017,28.0517,29.7159,28.8163
146929,Aditya Birla Sun Life Retirement Fund-The 40s Plan,Retirement,18.2097,17.4326,18.26,18.8174,19.2334,18.8083,18.7091,19.336,18.5443
146938,Aditya Birla Sun Life Retirement Fund-The 50s Plan,Retirement,14.0319,13.8763,14.3223,14.5598,14.7914,14.7952,14.8671,15.1749,14.9088
146941,Aditya Birla Sun Life Retirement Fund-The 50s Plus-Debt Plan,Retirement,12.6841,12.8359,13.141,13.2222,13.3313,13.392,13.4501,13.6256,13.5651
146950,ICICI Prudential Bharat Consumption Fund,Sectoral/Thematic,25.4436,23.5366,24.2707,25.5659,25.7964,23.9295,23.7842,24.9809,23.5383
146959,Sundaram Overnight Fund,Overnight,1317.3726,1338.0002,1358.5008,1376.3267,1394.6835,1412.4092,1429.7394,1447.7458,1457.5988
146977,Tata Overnight Fund,Overnight,1307.5203,1328.3865,1348.1979,1366.0519,1384.3942,1402.1175,1419.6544,1437.3186,1447.1465
146997,Union Overnight Fund,Overnight,1305.4673,1325.9829,1345.9743,1363.7075,1382.0661,1399.4706,1416.651,1434.8423,1444.6508
147153,ITI Liquid Fund,Liquid,1304.8135,1326.4938,1349.6378,1370.119,1389.9416,1409.304,1431.2444,1452.6015,1464.2543
147184,ITI Multi Cap Fund,Multi Cap,23.858,21.2352,22.3881,23.4801,23.8355,23.2341,24.2925,25.9551,25.5774
147193,Baroda BNP Paribas Overnight Fund,Overnight,1304.8333,1325.5582,1345.9564,1363.4693,1381.7392,1400.2566,1417.1721,1435.1803,1445.3294
147203,Mirae Asset Focused Fund,Focused,25.6714,23.609,24.6843,25.8934,26.0601,23.8882,23.1654,24.937,24.3658
147213,Franklin India Overnight Fund,Overnight,1296.5514,1317.2538,1336.936,1355.0867,1373.494,1391.5271,1409.1895,1427.4259,1437.2296
147266,Kotak Floating Interest Rates Fund,Floater,1434.2225,1458.241,1502.0354,1528.5293,1553.9659,1572.2524,1588.2548,1617.0946,1622.106
147290,HSBC Overnight Fund,Overnight,1295.3796,1315.892,1335.5479,1353.231,1371.522,1389.2398,1406.5349,1424.3731,1434.0696
147303,DSP Quant Fund,Sectoral/Thematic,21.6727,20.0496,20.644,21.4377,22.1817,21.6878,20.8933,21.295,20.0043
147307,WhiteOak Capital Ultra Short Term Fund,Ultra Short Duration,1305.0561,1325.8047,1352.3229,1372.1536,1390.607,1406.0179,1427.6843,1451.1419,1463.4074
147345,ICICI Prudential MNC Fund,Sectoral/Thematic,28.6179,26.5624,26.7818,28.18,29.05,28.4992,29.058,30.4734,28.7383
147371,QUANTUM ESG BEST IN CLASS STRATEGY FUND,Sectoral/Thematic,24.282,22.5835,23.2915,24.1857,24.1187,22.9332,22.3052,23.2626,21.8467
147382,Baroda BNP Paribas Money Market Fund,Money Market,1315.1797,1337.6664,1369.4115,1392.3317,1413.7556,1431.2553,1453.0815,1479.2745,1492.9246
147405,Shriram Balanced Advantage Fund,Balanced Advantage,17.3341,16.2306,16.5991,16.7402,17.1007,16.7002,16.3118,16.5619,15.9417
147407,Aditya Birla Sun Life Pharma and Healthcare Fund,Sectoral/Thematic,31.2854,29.4255,29.7174,31.194,30.9813,30.5792,32.5422,36.2211,35.075
147447,Mahindra Manulife Aggressive Hybrid Fund,Aggressive Hybrid,26.2344,24.99,26.3866,27.2408,27.7185,26.9921,26.2652,26.8216,25.5998
147454,Groww Overnight Fund,Overnight,1280.0038,1299.9529,1319.2668,1336.2962,1354.0223,1370.9597,1387.2325,1404.5523,1413.9011
147477,Kotak Focused Fund,Focused,24.5583,22.6939,23.9684,25.3752,26.587,26.3771,26.0468,27.3543,25.8623
147479,Mirae Asset Midcap Fund,Mid Cap,35.4774,31.647,33.5818,36.3675,37.7546,36.3612,37.3305,40.1241,37.7628
147482,Parag Parikh ELSS Tax Saver Fund,ELSS,30.5947,29.5446,30.9752,31.9152,31.9904,30.4638,29.2281,29.2749,27.915
147490,Union Focused Fund,Focused,25.3966,23.5158,24.2762,25.624,25.6569,24.9932,25.9872,27.5555,26.49
147494,Baroda BNP Paribas Equity Savings Fund,Equity Savings,16.0074,15.7137,16.2669,16.6118,16.9914,16.8829,16.9655,17.3345,17.0663
147519,LIC MF Overnight Fund,Overnight,1283.2911,1303.6278,1323.418,1340.6427,1359.0268,1376.2052,1393.4142,1411.3125,1421.0789
147534,Canara Robeco Overnight Fund,Overnight,1287.7267,1307.9763,1327.1615,1345.011,1363.5202,1381.0281,1397.8522,1415.5939,1425.5458
147544,ITI ELSS Tax Saver Fund,ELSS,24.4509,21.7462,23.2685,24.2316,24.5688,22.9344,23.6801,25.2926,24.1785
147565,Mahindra Manulife Overnight Fund,Overnight,1284.0026,1304.1679,1323.9979,1341.0959,1359.4444,1376.5792,1393.6353,1410.7957,1420.2754
147568,Axis Money Market Fund,Money Market,1363.9752,1387.7537,1421.8123,1445.6331,1467.6513,1487.0627,1509.7341,1537.4067,1551.6773
147569,Edelweiss Overnight Fund,Overnight,1286.7084,1307.1241,1326.863,1344.3973,1362.3303,1379.737,1397.0529,1414.7597,1424.5674
147600,PGIM India Overnight Fund,Overnight,1281.6695,1302.0327,1321.9189,1339.2618,1357.2445,1374.573,1391.2162,1408.5215,1418.0344
147618,ITI Arbitrage Fund,Arbitrage,12.4222,12.6291,12.8608,13.0459,13.23,13.4417,13.6248,13.7924,13.8909
147619,Motilal Oswal Nifty Bank Index Fund,Index - Equity,18.4128,17.5264,19.4295,19.7658,20.7091,20.646,19.5501,20.2359,19.4024
147621,Motilal Oswal Nifty Midcap 150 Index Fund,Index - Equity,36.8134,33.3759,35.4798,37.199,38.1085,37.001,38.1689,39.7335,37.3826
147624,Motilal Oswal Nifty Smallcap 250 Index Fund,Index - Equity,38.2154,33.2589,34.8408,36.9762,36.1196,33.5973,35.7597,38.7638,37.7314
147626,Motilal Oswal Nifty 500 Index Fund,Index - Equity,25.4451,23.51,24.8622,25.7095,26.339,25.4151,25.142,25.8731,24.4395
147647,ICICI Prudential Global Advantage Fund (FOF),FoF Domestic,15.9166,16.2825,16.2136,18.1165,19.6622,20.684,21.4385,22.1753,22.0317
147661,ICICI Prudential Commodities Fund,Sectoral/Thematic,40.171,37.5211,39.5695,42.5603,43.6323,45.422,47.0847,47.0609,44.905
147665,Axis Nifty 100 Index Fund,Index - Equity,21.4111,20.0442,21.1907,21.7391,22.4242,21.7087,20.9832,21.3388,20.0728
147701,Motilal Oswal Large and Midcap Fund,Large & Mid Cap,33.6134,29.6658,31.4384,33.7481,34.231,31.8955,34.4606,36.5611,36.0962
147714,ITI Overnight Fund,Overnight,1259.4309,1278.5413,1296.7749,1313.6659,1330.9127,1347.1591,1362.6947,1378.6853,1387.7723
147724,Kotak Pioneer Fund,Sectoral/Thematic,30.1924,27.9963,29.1988,31.9069,32.2559,30.6827,32.3703,35.1016,34.8686
147734,Mahindra Manulife Ultra Short Term Fund,Ultra Short Duration,1315.5433,1337.5449,1365.8363,1387.0447,1407.313,1424.5608,1448.0034,1472.491,1485.0571
147739,Mirae Asset Overnight Fund,Overnight,1272.5735,1293.0424,1312.31,1329.7309,1347.6593,1365.0842,1381.859,1399.2767,1408.9971
147748,Union Large & Midcap Fund,Large & Mid Cap,25.4074,23.2565,24.3126,25.6648,26.0969,25.2565,25.4267,27.0065,26.2233
147760,Tata Focused Fund,Focused,23.9827,21.7936,22.3839,23.267,23.6924,22.9022,22.5553,22.8566,21.3803
147770,LIC MF Ultra Short Term Fund,Ultra Short Duration,1266.6243,1286.5723,1312.4202,1331.7045,1349.8991,1365.5395,1386.1637,1408.302,1419.8064
147787,ITI Balanced Advantage Fund,Balanced Advantage,14.2417,13.7175,14.1216,14.4624,14.7138,14.3481,14.0061,14.3731,14.0109
147795,Motilal Oswal Nifty 50 Index Fund,Index - Equity,20.4346,19.41,20.5348,21.0688,21.7972,21.0736,20.1134,20.3489,19.1232
147797,Motilal Oswal Nifty Next 50 Index Fund,Index - Equity,24.5085,21.3921,22.5573,23.3078,23.709,23.2093,23.9355,24.9879,23.6449
147823,Axis Retirement Fund - Aggressive Plan,Retirement,18.2989,17.2873,18.1584,18.4239,18.7135,18.0852,17.7664,18.3835,17.645
147828,Axis Retirement Fund - Dynamic Plan,Retirement,19.7492,18.4526,19.169,19.6005,19.9097,19.0931,18.7979,19.5694,18.8133
147832,Axis Retirement Fund - Conservative Plan,Retirement,15.6027,15.2823,15.8632,15.8835,16.1617,16.0107,15.6952,15.9639,15.4466
147836,JM Overnight Fund,Overnight,1261.5468,1281.3098,1300.3621,1317.4558,1334.8849,1351.2869,1367.342,1384.0714,1393.4916
147843,Mahindra Manulife Large & Mid Cap Fund,Large & Mid Cap,27.0396,24.5418,25.8837,26.896,27.2328,26.4693,26.2936,27.8524,26.6368
147846,Aditya Birla Sun Life PSU Equity Fund,Sectoral/Thematic,33.401,29.6721,32.3084,32.4957,34.008,35.6415,36.2632,35.8912,34.1533
147854,Bharat Bond FOF - April 2030,FoF Domestic,14.2638,14.4846,15.0282,15.2342,15.4972,15.5531,15.6794,16.0162,15.9875
147878,Invesco India Overnight Fund,Overnight,1256.4454,1276.5757,1295.8634,1312.9405,1330.7695,1347.9637,1364.5916,1382.0048,1391.7066
147890,Axis Income Plus Arbitrage Omni FOF,FoF Domestic,13.6826,13.8697,14.3506,14.5372,14.7554,14.9105,15.0878,15.3549,15.4172
147920,ITI Small Cap Fund,Small Cap,28.8744,25.6582,27.0299,28.5837,28.3607,26.755,29.416,33.4779,33.1874
147929,Axis ESG Integration Strategy Fund,Sectoral/Thematic,21.7724,20.2266,20.8027,21.2766,21.7652,20.9774,20.3592,20.9137,19.9617
147936,BANK OF INDIA OVERNIGHT FUND,Overnight,1261.7244,1282.0735,1302.0784,1319.5868,1338.2597,1355.4044,1373.6692,1392.5743,1402.3959
147944,BANDHAN Small Cap Fund,Small Cap,46.9228,41.7048,43.8305,46.7426,46.9418,44.4874,47.364,51.1747,50.7193
148033,ICICI Prudential Diversified Equity All Cap Omni FOF,FoF Domestic,29.8468,28.186,29.6135,30.6659,31.5406,30.6069,30.1776,31.4767,30.0348
148050,Tata Multi Asset Allocation Fund,Multi Asset Allocation,22.4602,21.6005,22.762,23.6415,24.8933,24.9594,24.901,25.4142,24.3532
148064,Edelweiss US Technology Equity Fund of Fund,FoF Overseas,25.5139,26.9768,25.4403,30.1799,32.7227,31.2528,37.0787,38.0129,40.6703
148071,Union Midcap Fund,Mid Cap,46.9698,42.2666,44.6625,47.704,48.587,47.2275,49.0728,52.2352,50.0583
148159,PGIM India Money Market Fund,Money Market,1267.276,1288.2258,1318.7451,1339.8226,1359.4716,1375.9501,1396.1435,1420.5625,1433.1864
148351,ITI Large Cap Fund,Large Cap,17.6537,16.3987,17.1529,17.5385,17.8969,17.1952,16.7354,17.3921,16.6667
148382,Motilal Oswal S&P 500 Index Fund,Index - Equity,22.3537,22.8503,21.9883,25.0121,26.955,27.8059,30.6899,32.4108,33.3942
148400,Mirae Asset Arbitrage Fund,Arbitrage,12.511,12.7212,12.9314,13.1026,13.2878,13.4908,13.6654,13.8711,13.9792
148405,BANK OF INDIA FLEXI CAP FUND,Flexi Cap,35.8167,31.7974,32.8198,34.3889,35.3821,34.2753,35.9115,38.1765,37.8133
148409,HSBC Focused Fund,Focused,25.4415,22.9375,23.7121,25.0886,25.5815,25.03,25.3363,26.9726,26.297
148416,Mirae Asset Banking and PSU Debt Fund,Banking & PSU,12.3126,12.5189,12.9357,13.0622,13.2305,13.3076,13.4009,13.637,13.6502
148452,BHARAT Bond FOF- April 2031,FoF Domestic,12.7742,12.9643,13.4783,13.6484,13.8792,13.8998,13.998,14.32,14.2265
148459,Nippon India Multi Asset Allocation Fund,Multi Asset Allocation,20.2358,19.7069,20.7929,21.9554,23.3853,24.1781,24.3109,24.9795,24.257
148467,Mahindra Manulife Arbitrage Fund,Arbitrage,11.9346,12.0976,12.2648,12.4056,12.5708,12.7501,12.9057,13.0778,13.1698
148471,Baroda BNP Paribas Large and Mid Cap fund,Large & Mid Cap,27.6,25.0994,26.0681,26.7556,27.3689,26.5941,26.3888,27.5064,26.2523
148483,Invesco India Focused Fund,Focused,28.4603,25.9424,27.2503,28.444,27.5979,25.3637,26.2688,29.2263,28.3967
148486,Axis Global Equity Alpha Fund of Fund,FoF Overseas,17.3946,18.1675,18.1038,20.4106,21.5822,22.3241,23.6953,24.9878,25.4355
148489,SBI Children's Fund - Investment Plan,Children's,41.222,39.345,40.0234,42.8025,44.9473,43.0391,46.127,49.8206,49.4638
148502,Mirae Asset Diversified Equity Allocator Passive FOF,FoF Domestic,24.4928,22.7467,24.0688,24.8524,25.6221,24.8846,24.4754,25.0623,23.6035
148504,Sundaram Large Cap Fund ( Formerly Know as Sundaram Blue Chip Fund),Large Cap,21.094,19.9272,20.7009,21.1259,21.5405,20.9817,20.2102,20.7475,19.7322
148517,ICICI Prudential ESG Exclusionary Strategy Fund,Sectoral/Thematic,21.9797,20.59,21.7218,22.32,22.8289,21.5512,20.7918,21.3351,20.1983
148518,Nippon India Nifty Smallcap 250 Index Fund,Index - Equity,34.3521,29.8917,31.0936,33.0027,32.2262,29.9872,31.9322,34.6242,33.6871
148530,Mirae Asset Ultra Short-Term Fund,Ultra Short Duration,1248.2994,1270.135,1298.1239,1319.5247,1340.2298,1357.2003,1379.323,1404.1628,1416.77
148535,ITI Banking & PSU Debt Fund,Banking & PSU,12.4062,12.6086,12.9659,13.1357,13.3089,13.4124,13.5476,13.7439,13.7829
148537,Aditya Birla Sun Life Special Opportunities Fund,Sectoral/Thematic,24.0377,22.3345,23.3684,24.7603,26.1934,25.7445,26.3557,28.3795,27.9483
148543,SBI Floating Interest Rates Fund,Floater,12.6698,12.8813,13.2301,13.4276,13.5907,13.7684,13.9827,14.282,14.3361
148557,Edelweiss MSCI India Domestic & World Healthcare 45 Index Fund,Index - Equity,19.6495,19.048,18.8843,19.7384,20.5812,20.7901,21.3878,23.8079,23.3063
148560,quant ESG Integration Strategy Fund,Sectoral/Thematic,34.4399,30.5389,32.0403,32.4982,33.2294,31.9419,35.2339,38.8736,38.1
148571,Mahindra Manulife Focused Fund,Focused,26.3382,24.6353,25.87,26.3413,27.0685,26.6938,26.4566,26.5427,24.7408
148576,Mirae Asset Nifty 100 ESG Sector Leaders Fund of Fund,FoF Domestic,18.0084,16.9643,18.0458,18.6002,19.0832,18.3885,17.6278,17.8698,16.6847
148591,Union Aggressive Hybrid Fund,Aggressive Hybrid,17.553,16.5795,17.4567,18.0587,18.3752,17.921,17.7942,18.5862,18.06
148594,DSP Value Fund,Value,20.8658,20.0537,20.6394,21.588,22.6082,22.8143,23.1042,23.6504,22.6954
148598,ICICI Prudential QUANT FUND,Sectoral/Thematic,22.1702,21.1206,22.1185,22.7835,23.2143,22.6545,22.1933,22.966,22.005
148602,Kotak ESG Exclusionary Strategy Fund,Sectoral/Thematic,16.974,15.6463,16.5007,17.1032,17.5892,17.0933,16.3173,16.7669,15.7688
148610,HDFC DIVIDEND YIELD FUND,Dividend Yield,25.1355,22.9242,23.9741,24.8094,25.257,24.2759,24.1154,24.8132,23.75
148613,Invesco India - Invesco Global Consumer Trends Fund of Fund,FoF Overseas,8.836,9.414,9.1686,11.547,12.3776,11.4075,13.2486,12.5612,12.7989
148617,UTI Small Cap Fund,Small Cap,26.4643,23.8338,24.4515,26.137,25.8039,23.9893,25.6299,27.4747,26.4095
148621,Mirae Asset Banking and Financial Services Fund,Sectoral/Thematic,18.7897,17.782,19.875,20.4714,21.5296,21.5704,20.7459,21.4849,20.3118
148631,Axis Innovation Fund,Sectoral/Thematic,18.629,17.1494,17.5995,18.7234,19.0734,18.0398,18.7885,21.0315,21.3517
148635,Aditya Birla Sun Life ESG Integration Strategy Fund,Sectoral/Thematic,17.9867,16.6315,17.1854,17.6968,18.288,17.8227,17.2783,17.9231,17.0717
148641,Nippon India Diversified Equity Flexicap Passive FoF,FoF Domestic,20.6805,19.0834,20.0964,20.7802,21.2764,20.5406,20.2416,20.8026,19.6861
148645,Kotak International REIT Overseas Equity Active FOF,FoF Overseas,9.8325,9.5763,9.8312,10.8733,11.2528,11.4922,11.6535,11.6798,11.0498
148653,ICICI Prudential Business Cycle Fund,Sectoral/Thematic,22.941,21.674,23.3584,24.5533,25.4977,24.8703,24.2927,24.6014,23.2767
148657,PGIM India Balanced Advantage Fund,Balanced Advantage,14.8705,14.2255,14.9489,15.3654,15.5585,15.0375,14.7655,15.0635,14.3867
148661,Kotak US Specific Equity Passive FOF,FoF Overseas,17.6098,18.1507,17.6594,20.4529,22.4062,22.7572,26.7587,27.9248,29.6178
148663,Nippon India Multi - Asset Omni FoF,FoF Domestic,19.9851,19.4845,20.8094,21.5958,22.4704,22.8839,23.1854,23.729,23.018
148692,SBI Retirement Benefit Fund - Conservative Hybrid Plan,Retirement,15.1374,14.7837,15.3628,15.5183,15.6732,15.4425,15.4027,15.8552,15.585
148695,SBI Retirement Benefit Fund - Aggressive Hybrid Plan,Retirement,18.6834,17.4925,18.1889,18.804,19.3223,18.8069,18.7016,19.5473,18.91
148696,SBI Retirement Benefit Fund - Conservative Plan,Retirement,13.7498,13.6826,14.2167,14.2797,14.3802,14.28,14.2673,14.6352,14.5044
148698,SBI Retirement Benefit Fund - Aggressive Plan,Retirement,20.169,18.5569,19.3649,19.9882,20.3699,19.5022,19.2857,20.2412,19.4383
148701,Axis Greater China Equity Fund of Fund,FoF Overseas,7.4567,7.6083,7.6107,8.932,9.9326,10.664,11.6579,11.7931,12.132
148704,UTI Nifty 200 Momentum 30 Index Fund,Index - Equity,23.5941,19.7487,20.2461,20.7431,21.3163,20.525,20.4696,20.7003,19.8438
148705,BANDHAN FLOATING INTEREST RATES FUND,Floater,12.2249,12.4436,12.8413,13.0058,13.1996,13.3158,13.5084,13.8047,13.8575
148719,Nippon India Nifty 50 Value 20 Index Fund,Index - Equity,19.7191,18.2947,18.1746,18.2549,18.8074,18.5137,17.5126,17.0827,16.092
148723,Nippon India Nifty Midcap 150 Index Fund,Index - Equity,23.9663,21.7372,23.0952,24.2135,24.8183,24.1082,24.8781,25.9114,24.3881
148727,Mahindra Manulife Short Term Fund,Short Duration,12.1245,12.3213,12.6882,12.8598,13.0292,13.1331,13.2857,13.5345,13.5458
148732,ITI Mid Cap Fund,Mid Cap,21.4275,19.2213,20.1937,20.9811,21.6431,21.2896,21.8873,23.2017,22.0485
148743,Kotak Nifty Next 50 Index Fund,Index - Equity,20.25,17.6883,18.6623,19.2916,19.6385,19.2452,19.8781,20.7763,19.6699
148749,Motilal Oswal Asset Allocation Fund of Fund- Conservative,FoF Domestic,14.7616,14.7417,15.4013,15.9827,16.7336,17.0264,17.154,17.5424,17.2463
148753,Invesco India ESG Integration Strategy Fund,Sectoral/Thematic,18.1475,16.6802,17.1705,17.5229,17.5589,16.3267,15.8513,17.036,16.335
148757,Mirae Asset Corporate Bond Fund,Corporate Bond,12.1094,12.3149,12.7373,12.8757,13.0542,13.1436,13.24,13.496,13.5202
148762,SBI US Specific Equity Active FoF,FoF Overseas,16.8182,16.7445,16.2379,19.0279,20.6253,21.9219,23.9573,24.1661,24.7914
148768,DSP Floating Interest Rates Fund,Floater,12.5472,12.7519,13.1675,13.3306,13.5244,13.64,13.7866,14.0773,14.0989
148786,BANDHAN CRISIL IBX GILT JUNE 2027 INDEX FUND,Index - Equity,12.2274,12.4383,12.7953,12.989,13.1827,13.3452,13.4964,13.6838,13.7581
148790,BANDHAN CRISIL IBX GILT APRIL 2028 INDEX FUND,Index - Equity,12.2829,12.498,12.8882,13.0722,13.2755,13.4432,13.5759,13.7718,13.8277
148805,Aditya Birla Sun Life Nifty Midcap 150 Index Fund,Index - Equity,23.3957,21.202,22.5203,23.6081,24.1838,23.4765,24.2216,25.2206,23.729
148811,Aditya Birla Sun Life Nifty Smallcap 50 Index Fund,Index - Equity,21.4863,18.8121,19.8638,20.8633,20.6058,19.4535,20.8062,23.1549,22.6299
148821,ICICI Prudential Nifty 100 Low Volatility 30 ETF FOF,FoF Domestic,17.7471,16.8515,17.4494,18.1881,18.7005,18.1737,17.5147,17.9743,16.6933
148833,TRUSTMF Liquid Fund,Liquid,1216.98,1237.8975,1259.5135,1277.8816,1296.2387,1314.2687,1336.2499,1357.7201,1369.0745
148884,Canara Robeco Focused Fund,Focused,19.432,18.1466,19.0611,20.066,20.4811,19.6012,18.9468,19.7492,18.735
148901,HDFC Multi-Asset Active FOF,FoF Domestic,17.0762,16.8886,17.8367,18.3366,19.0853,19.2301,19.0073,19.5516,18.9405
148906,ITI Ultra Short Term Fund,Ultra Short Duration,1186.8154,1204.7364,1228.0638,1245.2839,1262.1738,1276.868,1296.0134,1315.7702,1326.1357
148918,Aditya Birla Sun Life Multi-Cap Fund,Multi Cap,19.6715,17.791,18.6726,19.6178,19.9103,19.1673,19.5918,21.0892,20.51
148923,quant Quantamental Fund,Sectoral/Thematic,23.1783,20.9629,21.8994,22.5065,23.3187,22.6777,24.2044,25.0147,23.6835
148929,Mirae Asset NYSE FANG + ETF Fund of Fund,FoF Domestic,23.3752,27.5814,26.6313,33.0364,35.7949,33.4999,38.4686,43.5665,57.0403
148943,SBI Nifty Next 50 Index Fund,Index - Equity,19.2412,16.7868,17.7242,18.3095,18.6494,18.2802,18.8664,19.7163,18.6634
148948,Tata Dividend Yield Fund,Dividend Yield,17.9416,16.1421,17.2134,17.9085,18.5972,18.2833,18.9288,19.7195,18.8484
148953,Axis Global Innovation Fund of Fund,FoF Overseas,13.168,13.4539,13.1147,14.9858,15.8893,15.8278,17.9553,19.01,19.9833
148959,Parag Parikh Conservative Hybrid Fund,Conservative Hybrid,14.3168,14.3994,14.9457,15.1072,15.3546,15.5011,15.5802,15.8813,15.7333
148965,Aditya Birla Sun Life Nifty 50 Equal Weight index Fund,Index - Equity,17.2,16.192,17.1217,17.7529,18.4463,18.1955,18.0353,18.3847,17.173
148973,ITI Value Fund,Value,16.9713,15.268,15.8615,16.438,16.9212,16.5753,16.6027,17.042,16.1216
148974,Kotak Nifty 50 Index Fund,Index - Equity,15.7288,14.9136,15.7874,16.2031,16.7703,16.2184,15.4837,15.6763,14.7383
148982,BANK OF INDIA LARGE CAP FUND,Large Cap,16.1785,14.5692,15.3244,15.917,16.4341,16.2822,16.2428,16.7052,16.0617
148987,HDFC Banking & Financial Services Fund,Sectoral/Thematic,15.71,14.8719,16.5208,16.8995,17.7049,17.6628,17.2512,17.9224,17.0142
148989,ICICI Prudential Flexi Cap fund,Flexi Cap,18.5341,16.9979,17.8121,18.901,19.821,18.944,18.8865,20.4309,19.66
148992,Axis Quant Fund,Sectoral/Thematic,16.5173,14.7918,15.2589,15.5795,15.9552,15.6192,15.4659,16.0331,14.855
149003,Tata Floating Interest Rates Fund,Floater,12.1348,12.3289,12.718,12.8663,13.0775,13.2239,13.3865,13.6257,13.6886
149012,Invesco India Medium Term Fund,Medium Duration,1177.3377,1195.8734,1236.527,1247.0561,1260.758,1267.7064,1276.0592,1301.4073,1296.6893
149020,PGIM India Small Cap Fund,Small Cap,16.2198,14.43,15.0198,16.4002,16.3048,15.2602,16.2855,18.1712,18.0017
149021,ITI Dynamic Term Fund,Dynamic Bond,12.0339,12.2413,12.6118,12.5519,12.5761,12.6603,12.723,12.8053,12.6909
149040,Navi Nifty 50 Index Fund,Index - Equity,15.6611,14.8853,15.7564,16.1753,16.7387,16.1946,15.4656,15.6541,14.7206
149048,Axis Floating Interest Rates Fund,Floater,1232.6202,1251.0889,1302.8381,1307.8613,1326.774,1339.4989,1360.2898,1398.0916,1400.1022
149056,Kotak Global Innovation Overseas Equity Active FOF,FoF Overseas,10.4957,10.483,10.0179,11.422,12.3206,12.656,14.0987,14.8682,15.5738
149068,Tata Business Cycle Fund,Sectoral/Thematic,19.3055,17.4326,18.1736,18.7682,18.9148,18.1146,18.483,19.0925,17.7961
149073,TRUSTMF Short Term Fund,Short Duration,1187.0894,1206.3107,1245.3158,1262.8217,1280.2978,1289.8381,1301.8045,1323.8482,1330.1689
149088,Canara Robeco Value Fund,Value,18.3267,16.8181,17.7072,18.1983,18.4307,17.8365,17.543,17.9011,16.9133
149089,Nippon India Flexi Cap Fund,Flexi Cap,16.7682,15.2624,15.9836,16.6075,16.8794,16.1039,16.0711,16.7135,15.8825
149090,UTI Focused Fund (30 stocks),Focused,15.4645,14.3569,15.0333,15.4607,15.7856,15.1572,14.7226,15.3827,14.569
149100,Bandhan US specific Equity Active FOF,FoF Overseas,15.1057,15.4378,14.8506,17.0795,18.3143,17.8322,19.5146,19.5336,20.5652
149101,Mahindra Manulife Flexi Cap Fund,Flexi Cap,15.8895,14.8106,15.6779,16.2067,16.5333,15.8776,15.4429,15.9109,15.2315
149106,HDFC NIFTY50 Equal Weight Index Fund,Index - Equity,16.8991,15.9156,16.8364,17.4637,18.1558,17.9137,17.7601,18.1011,16.9125
149115,Mirae Asset Money Market Fund,Money Market,1201.9889,1222.723,1251.9323,1272.5049,1291.1039,1306.8806,1325.7916,1349.3684,1361.6116
149116,Union Money Market Fund,Money Market,1180.5094,1198.8062,1224.3801,1242.2248,1258.728,1274.4485,1294.0722,1316.48,1327.6819
149132,SBI Balanced Advantage Fund,Balanced Advantage,14.7673,14.4801,15.1056,15.3531,15.8502,15.8251,15.6886,15.8511,15.3043
149140,Baroda BNP Paribas Business Cycle Fund,Sectoral/Thematic,16.1507,14.6246,15.1088,15.535,15.862,15.4669,15.4738,16.0313,15.4654
149157,ICICI Prudential Nifty Alpha Low - Volatility 30 ETF FOF,FoF Domestic,15.7744,14.0627,14.4817,14.6851,14.8528,14.5762,14.1769,14.7877,13.7063
149167,Axis Value Fund,Value,18.4619,17.1269,17.6721,18.4272,19.1305,18.7845,18.7402,19.9291,19.28
149171,Mirae Asset S&P 500 Top 50 ETF Fund of Fund,FoF Domestic,17.9011,19.7898,18.3091,22.0623,24.6242,24.5683,27.108,29.6163,38.5768
149182,Kotak Multi Cap Fund,Multi Cap,19.0979,17.339,18.0496,18.964,19.9061,19.298,19.396,20.1426,19.5087
149198,Aditya Birla Sun Life Nifty SDL Plus PSU Bond SEP 2026 60:40 Index Fund,Index - Equity,11.7542,11.9474,12.2546,12.4515,12.6353,12.7955,12.9905,13.1721,
149208,ICICI Prudential Nifty PSU Bond Plus SDL Sep 2027 40:60 Index Fund,Index - Equity,11.7527,11.947,12.3185,12.5098,12.694,12.8399,12.9891,13.2242,13.3086
149218,ICICI Prudential NASDAQ 100 Index Fund,Index - Equity,15.0771,15.5401,15.0478,17.5575,19.1987,19.4841,22.8251,23.8767,25.3336
149228,Mahindra Manulife Asia Pacific REITs FOF,FoF Overseas,8.5102,8.2908,8.6108,9.6311,10.1036,10.5501,10.709,10.6981,10.2195
149241,Motilal Oswal 5 Year G-Sec Fund of Fund,FoF Domestic,11.7623,12.0013,12.4864,12.6194,12.7389,12.8424,12.9533,13.2372,13.1496
149249,Edelweiss NIFTY PSU Bond Plus SDL Apr 2027 50:50 Index Fund,Index - Equity,11.7785,11.9691,12.3176,12.5119,12.6973,12.8499,13.0253,13.2383,13.3385
149252,Edelweiss Nifty 50 Index Fund,Index - Equity,13.7595,13.0692,13.8252,14.1843,14.6754,14.1893,13.5442,13.7077,12.897
149256,Edelweiss Nifty 100 Quality 30 Index Fund,Index - Equity,14.6008,13.423,13.7888,14.2525,14.6488,14.2128,13.928,14.2478,13.4156
149259,LIC MF Balanced Advantage Fund,Balanced Advantage,13.2491,12.9379,13.5274,13.6912,13.7312,13.3569,13.1749,13.7736,13.4227
149266,NJ Balanced Advantage Fund,Balanced Advantage,13.6997,12.9885,13.2357,13.7144,13.6411,13.3465,13.2622,13.6606,13.2233
149270,ITI Pharma and Healthcare Fund,Sectoral/Thematic,16.9275,15.7954,15.8714,16.3973,16.1102,15.1855,16.2333,17.9275,17.4565
149281,ICICI Prudential Nifty Smallcap 250 Index Fund,Index - Equity,17.8742,15.5575,16.2646,17.2648,16.8647,15.6908,16.7047,18.1094,17.5994
149287,HDFC NIFTY Next 50 index Fund,Index - Equity,16.5088,14.37,15.1692,15.683,15.9653,15.6414,16.1441,16.8709,15.9719
149290,Aditya Birla Sun Life US Equity Passive FOF,FoF Overseas,14.3039,14.729,14.2489,16.613,18.1974,18.4779,21.6416,22.6555,24.0506
149296,Aditya Birla Sun Life Business Cycle Fund,Sectoral/Thematic,15.1439,13.9692,14.58,15.0394,15.4349,15.0275,14.938,16.0978,15.4567
149299,PGIM India Global Select Real Estate Securities Fund of Fund,FoF Overseas,10.7282,10.5325,10.4312,11.0695,11.3936,12.2725,13.1867,13.4116,12.4617
149305,BANDHAN MULTI CAP FUND,Multi Cap,16.9975,15.604,16.4648,17.1169,17.3943,16.7053,16.8303,17.5025,16.7675
149317,360 ONE QUANT FUND,Sectoral/Thematic,18.8717,17.2579,18.7205,19.3035,19.5897,19.1353,18.3292,18.8313,17.7798
149324,ITI Banking and Financial Services Fund,Sectoral/Thematic,13.6836,13.2217,14.6738,14.9224,15.8356,15.8538,15.3998,16.0251,15.1003
149328,Nippon India Taiwan Equity Fund,Sectoral/Thematic,11.6942,11.2826,10.9474,14.4725,16.9376,21.0494,33.7885,33.6024,37.0901
149334,ICICI Prudential BSE 500 ETF FOF,FoF Domestic,15.4637,14.2527,15.051,15.5445,15.9186,15.3484,15.1588,15.5884,14.7182
149337,Quant Value Fund,Value,20.3821,18.1417,18.704,19.33,19.7782,19.0872,21.5001,22.4098,21.2987
149341,Edelweiss NIFTY Large Midcap 250 Index Fund,Index - Equity,16.2194,14.9514,15.8514,16.4477,16.9024,16.3836,16.3643,16.841,15.8371
149351,Tata Corporate Bond Fund,Corporate Bond,11.7655,11.9541,12.3532,12.4728,12.6429,12.7253,12.8301,13.0667,13.0752
149366,HDFC Multi Cap Fund,Multi Cap,18.9441,17.2389,18.1017,18.9443,19.2286,18.2952,18.1373,18.7886,17.7975
149371,Axis Nifty 50 Index Fund,Index - Equity,14.4072,13.694,14.4932,14.8645,15.3899,14.8824,14.2028,14.374,13.5116
149380,Mirae Asset Hang Seng TECH ETF Fund of Fund,FoF Domestic,9.8167,11.3876,11.2938,12.5989,13.6913,12.6201,12.0015,11.552,11.385
149382,Axis Multicap Fund,Multi Cap,17.7411,16.376,16.9571,17.8358,18.144,17.4487,17.7841,19.3742,19.0867
149390,ICICI Prudential Nifty Midcap 150 Index Fund,Index - Equity,18.5102,16.7756,17.8238,18.687,19.1445,18.5856,19.1684,19.9523,18.7707
149399,BHARAT Bond ETF FOF - April 2032,FoF Domestic,12.0207,12.2148,12.6926,12.8113,13.0364,13.0652,13.1292,13.4373,13.317
149404,Mahindra Manulife Balanced Advantage Fund,Balanced Advantage,14.1422,13.514,14.0574,14.4492,14.6228,14.3682,14.3284,14.894,14.3731
149439,ICICI Prudential Passive Multi-Asset Fund of Funds,FoF Domestic,13.8684,13.9538,14.6201,15.2372,15.9577,16.2783,16.352,16.7127,16.3777
149448,Navi Nifty Next 50 Index Fund,Index - Equity,16.5598,14.4829,15.2712,15.7794,16.0479,15.7114,16.1926,16.9045,16.0026
149449,Samco Flexi Cap Fund,Sectoral/Thematic,12.1157,10.1305,10.1549,10.4014,9.9857,9.623,9.694,9.7145,9.2567
149456,ICICI Prudential Strategic Metal and Energy Equity Fund of Fund,FoF Overseas,14.9505,15.8242,16.7499,18.7308,21.8902,27.6401,28.9067,30.6804,32.1993
149467,Axis Nifty Next 50 Index Fund,Index - Equity,17.1873,14.994,15.8148,16.3217,16.6091,16.2717,16.7826,17.5131,16.567
149472,SBI CPSE Bond Plus SDL Sep 2026 50:50 Index Fund,Index - Equity,11.6639,11.8523,12.1568,12.3521,12.535,12.6956,12.8908,13.0765,
149481,Sundaram Nifty 100 Equal Weight Fund (Formerly Known as Principal Nifty 100 Equal Weight Fund),Index - Equity,172.8827,158.5521,167.6636,174.1118,178.539,175.1726,177.8832,183.9909,172.8216
149519,Sundaram Ultra Short to Short Term Fund (Formerly Known as Sundaram Low Duration Fund),Low Duration,3307.6258,3360.2322,3438.7275,3491.1054,3540.0846,3574.785,3617.7694,3675.856,3700.7494
149532,Sundaram Focused Fund (Formerly Known as Principal Focused Multicap Fund),Focused,163.0551,151.2088,154.4287,160.3703,161.9884,156.4379,154.7178,164.9631,158.3522
149535,Sundaram Ultra Short Term Fund (Formerly Known as Sundaram Ultra Short Duration Fund),Ultra Short Duration,2580.7088,2618.3675,2668.746,2705.1237,2738.4928,2766.6979,2803.5255,2846.4044,2868.2028
149552,Sundaram Arbitrage Fund(Formerly Known as Prinicpal Arbitrage Fund),Arbitrage,13.8732,14.1002,14.3436,14.5348,14.7337,14.9587,15.1743,15.3991,15.5204
149569,Sundaram ELSS Tax Saver Fund,ELSS,496.3344,466.9992,491.1835,512.3449,522.4454,504.0611,487.6326,494.8065,468.0637
149585,Sundaram Short Term Fund (Formerly Known as Sundaram Short Duration Fund),Short Duration,42.1099,42.792,44.1051,44.6722,45.3045,45.7077,46.1934,46.987,47.1471
149599,Sundaram Aggressive Hybrid Fund (Formerly Known as Principal Hybrid Equity Fund),Aggressive Hybrid,158.9914,150.6933,157.7353,161.0917,164.8197,159.9059,156.2255,160.1734,153.2414
149661,Sundaram Liquid Fund (Formerly Known as Principal Cash Management Fund),Liquid,2207.5802,2244.941,2286.2056,2319.3483,2352.2654,2385.5906,2424.7779,2465.6478,2486.3386
149667,Sundaram Multi Cap Fund (Formerly Known as Principal Multi Cap Growth Fund),Multi Cap,375.9561,346.4026,362.8341,382.1817,390.1241,371.5186,367.0263,390.9224,372.33
149674,Sundaram Equity Savings Fund (Formerly Known as Principal Equity Savings Fund),Equity Savings,67.7724,66.8982,69.1763,70.597,71.8197,70.8476,70.0704,71.2621,69.716
149697,Sundaram Dividend Yield Fund (Formerly Known as Principal Dividend Yield Fund),Dividend Yield,138.7771,127.2911,131.9143,134.3481,138.4156,135.7751,131.2033,130.7524,123.9512
149715,Sundaram Dynamic Asset Allocation Fund (Formerly Known as Sundaram Balanced Advantage Fund),Balanced Advantage,34.4984,33.158,34.4935,35.1576,35.9246,35.0437,34.4452,35.2528,33.8641
149759,Nippon India Silver ETF FOF,FoF Domestic,14.1442,14.5687,15.2796,18.0446,25.7761,39.1175,36.9019,33.9684,32.772
149766,Invesco India Flexi Cap Fund,Flexi Cap,18.6611,16.9321,17.8854,19.1217,19.118,17.6983,17.96,19.4805,18.595
149777,ICICI Prudential Silver ETF FOF,FoF Domestic,14.1468,14.564,15.3093,18.0403,25.6566,38.9065,36.8884,33.9599,32.7556
149783,Aditya Birla Sun Life Silver ETF FOF,FoF Domestic,14.3532,14.7989,15.5314,18.352,26.1805,39.5345,37.4807,34.5216,33.3087
149788,Mirae Asset Nifty India Manufacturing ETF Fund of Fund,FoF Domestic,18.074,16.423,17.2594,18.2606,19.0322,19.0437,19.5265,20.2529,18.9855
149792,Aditya Birla Sun Life Nifty SDL Apr 2027 Index Fund,Index - Equity,11.7231,11.9122,12.2294,12.4132,12.5944,12.761,12.9322,13.1052,13.1915
149795,TRUSTMF Overnight Fund,Overnight,1178.9909,1198.0514,1215.4079,1231.4922,1248.1824,1263.4926,1279.1499,1295.0768,1303.6924
149802,UTI BSE Sensex Index Fund,Index - Equity,14.2115,13.5359,14.2818,14.5821,15.0778,14.4623,13.6367,13.796,13.028
149805,Navi Nifty Bank Index Fund,Index - Equity,13.278,12.636,14.0102,14.2515,14.9255,14.8843,14.092,14.5857,13.9885
149817,DSP Global Innovation Overseas Equity Omni FoF,FoF Overseas,14.659,15.0668,14.7259,16.9993,18.473,18.6664,20.7015,21.9002,22.943
149833,BANDHAN NIFTY 100 INDEX FUND,Index - Equity,14.7133,13.7825,14.5752,14.9624,15.4453,14.9632,14.4734,14.7294,13.8597
149837,Aditya Birla Sun Life Nifty Next 50 Index Fund,Index - Equity,17.2886,15.0393,15.8636,16.393,16.6778,16.3311,16.866,17.6184,16.6868
149840,Kotak Manufacture in India Fund,Sectoral/Thematic,18.492,16.8671,17.7093,18.8546,19.4775,19.5115,20.2552,21.9178,21.7445
149844,Axis Multi Factor Passive FoF,FoF Domestic,15.6025,14.0798,14.5538,15.0119,15.5485,15.4162,15.3213,15.3916,14.5255
149852,Kotak Nifty SDL Apr 2027 Top 12 Equal Weight Index Fund,Index - Equity,11.6679,11.8625,12.1991,12.3817,12.5682,12.7519,12.9279,13.1155,13.1976
149859,ICICI Prudential Nifty Bank Index Fund,Index - Equity,14.5387,13.8367,15.3456,15.6172,16.3708,16.331,15.4765,16.0303,15.3765
149862,Kotak Nifty SDL Apr 2032 Top 12 Equal Weight Index Fund,Index - Equity,12.0467,12.2404,12.7513,12.7989,12.8921,13.0001,13.0742,13.4099,13.3024
149869,HDFC NIFTY 100 Index Fund,Index - Equity,14.6612,13.7258,14.5133,14.9016,15.3679,14.8799,14.395,14.6464,13.7806
149871,HDFC NIFTY 100 Equal Weight Index Fund,Index - Equity,16.2006,14.8415,15.7085,16.3225,16.7562,16.4282,16.6675,17.2175,16.1625
149872,Axis CRISIL IBX SDL May 2027 Index Fund,Index - Debt,11.6557,11.8513,12.1976,12.3779,12.5674,12.7426,12.9119,13.1223,13.2004
149880,UTI BSE Low Volatility Index Fund,Index - Equity,16.3955,15.4733,16.1268,16.5973,16.8846,16.465,15.8268,15.9179,14.7987
149886,SBI MultiCap Fund,Multi Cap,16.5193,15.6389,16.4764,17.1462,17.1435,16.2631,16.4668,17.1894,16.5459
149896,Axis Nifty Smallcap 50 Index Fund,Index - Equity,18.7511,16.4232,17.2871,18.1337,17.9259,16.9247,18.0947,20.1253,19.6706
149938,Axis Nifty Midcap 50 Index Fund,Index - Equity,18.9852,17.3102,18.5962,19.3513,20.1479,19.5752,20.1623,21.1918,19.8431
149960,Invesco India - Invesco EQQQ Nasdaq-100 ETF Fund of Fund,FoF Overseas,16.3432,16.8076,16.3422,19.0777,20.8883,21.2593,24.8756,26.0311,27.6326
149963,HSBC CRISIL IBX 50:50 Gilt Plus SDL Apr 2028 Index Fund,Index - Debt,11.7732,11.9785,12.3712,12.538,12.732,12.8901,13.0005,13.223,13.2795
149968,DSP Nifty SDL Plus G-Sec Jun 2028 30:70 Index Fund,Index - Equity,11.787,11.996,12.3851,12.5595,12.757,12.918,13.0339,13.2483,13.3008
149998,ICICI Prudential Nifty SDL Sep 2027 Index Fund,Index - Equity,11.6874,11.8841,12.2493,12.4305,12.6123,12.7772,12.9223,13.1588,13.2322
150011,Nippon India Nifty AAA CPSE Bond Plus SDL - Apr 2027 Maturity 60:40 Index Fund,Index - Equity,11.5617,11.751,12.0828,12.2763,12.4613,12.6131,12.8031,13.016,13.1228
150156,Baroda BNP Paribas ELSS Tax Saver Fund,ELSS,95.3956,87.9826,91.5726,94.9944,98.3584,95.8734,95.6029,99.9806,94.5155
150165,BARODA BNP PARIBAS ULTRA SHORT TO SHORT TERM FUND,Low Duration,38.3071,38.9045,39.8213,40.4346,41.0098,41.4551,42.0107,42.7071,42.9985
150173,Baroda BNP Paribas Dynamic Term Fund,Dynamic Bond,43.7182,44.3754,45.9648,45.6736,45.8919,45.7498,45.8291,46.5821,46.4219
150185,BARODA BNP PARIBAS LARGE CAP FUND,Large Cap,221.8939,205.2405,214.3476,219.4801,223.8573,218.9068,215.0356,220.4456,209.5234
150203,BARODA BNP PARIBAS CONSERVATIVE HYBRID FUND,Conservative Hybrid,43.1417,42.8441,44.2609,44.7593,45.4443,45.2935,45.6503,46.5333,46.1207
150209,Baroda BNP Paribas Mid Cap Fund,Mid Cap,102.1973,93.1186,96.4616,100.6529,103.6895,102.7413,107.0446,111.5919,105.2503
150235,BARODA BNP PARIBAS CORPORATE BOND FUND,Corporate Bond,25.9818,26.41,27.3994,27.7903,28.2357,28.4155,28.7608,29.3894,29.4934
150250,BARODA BNP PARIBAS ARBITRAGE FUND,Arbitrage,15.4399,15.6751,15.9441,16.1661,16.3911,16.624,16.8337,17.0626,17.1795
150258,BARODA BNP PARIBAS AGGRESSIVE HYBRID FUND,Aggressive Hybrid,27.7183,26.1325,27.1173,27.8168,28.215,27.6051,27.4785,28.0111,26.9392
150263,Baroda BNP Paribas Focused Fund,Focused,22.3055,20.0184,21.2854,21.7331,22.2149,21.1859,20.5549,21.0902,19.8206
150268,Baroda BNP Paribas India Consumption Fund,Sectoral/Thematic,32.2052,29.82,30.5671,31.8083,32.1501,30.0351,29.2151,30.506,28.693
150284,Baroda BNP Paribas Aqua Fund of Fund,FoF Overseas,12.4051,12.2773,12.5681,13.6043,13.8841,14.9282,15.3347,15.6539,15.1636
150308,ICICI PRUDENTIAL HOUSING OPPORTUNITIES FUND,Sectoral/Thematic,16.8228,15.5515,16.6074,17.2727,17.4659,16.9975,17.0535,17.2628,16.2517
150312,UTI Nifty Midcap 150 Quality 50 Index Fund,Index - Equity,14.4469,12.9718,13.6919,14.2517,14.0942,13.368,13.64,14.0834,13.2812
150330,Tata Nifty SDL Plus AAA PSU Bond Dec 2027 60 40 Index Fund,Index - Equity,11.747,11.9376,12.3193,12.5087,12.6883,12.8268,12.9551,13.1824,13.2488
150345,Tata Nifty India Digital ETF Fund of Fund,FoF Domestic,15.1347,13.9501,13.7078,14.3598,14.9739,13.5296,12.4607,13.454,12.8112
150347,WhiteOak Capital Flexi Cap Fund,Flexi Cap,16.9212,15.754,16.5545,17.2967,17.7636,16.957,16.9348,18.0228,17.2733
150351,Aditya Birla Sun Life Crisil IBX 60:40 SDL+AAA PSU-APR 2027 Index Fund,Index - Equity,11.5793,11.7714,12.1024,12.2941,12.4796,12.6423,12.8267,13.0264,13.1239
150360,Mirae Asset Nifty SDL Jun 2027 Index Fund,Index - Debt,11.6734,11.8682,12.2144,12.394,12.5794,12.7513,12.9169,13.1287,13.2054
150366,NJ Arbitrage Fund,Arbitrage,11.5607,11.7341,11.9061,12.0523,12.208,12.388,12.545,12.7177,12.8133
150368,NJ Overnight Fund,Overnight,1152.4556,1170.368,1187.9123,1203.3433,1219.407,1234.6063,1249.4823,1265.1815,1273.775
150382,Edelweiss Focused Fund,Focused,16.5566,15.3458,15.9501,16.381,16.736,16.4597,16.1376,16.6114,15.5213
150385,Baroda BNP Paribas Flexi Cap Fund,Flexi Cap,15.7505,14.2472,14.9755,15.4933,15.7205,15.2441,15.2847,15.9401,15.1473
150389,Quantum Nifty 50 ETF FOF,FoF Domestic,14.2196,13.5221,14.3064,14.6901,15.2014,14.7168,14.0399,14.2139,13.3718
150393,LIC MF Money Market Fund,Money Market,1141.1365,1157.0186,1180.9927,1200.3315,1218.5633,1234.2,1252.9713,1276.1238,1287.7844
150402,BANDHAN MID CAP FUND,Mid Cap,17.6846,15.6942,16.2815,17.4502,17.6127,16.682,17.6629,19.0183,18.5635
150405,Union Gilt Fund,Gilt,11.7376,11.8747,12.3068,12.1177,12.0992,12.0221,11.9928,12.2746,12.1041
150409,UTI 10 year Constant Maturity Gilt Fund,Gilt 10Y Constant Duration,11.9224,12.1399,12.639,12.6636,12.7697,12.8322,12.8402,13.1294,12.9333
150427,DSP Nifty Midcap 150 Quality 50 Index Fund,Index - Equity,14.8088,13.2942,14.0321,14.6079,14.4487,13.7099,13.9878,14.4372,13.6084
150441,quant Large Cap Fund,Large Cap,15.1549,13.8025,14.2967,14.901,15.2403,14.5676,14.9886,15.8252,15.1616
150454,ICICI Prudential Nifty 200 Momentum 30 Index Fund,Index - Equity,18.7131,15.6004,15.9739,16.3482,16.7899,16.1604,16.1067,16.2593,15.5828
150466,ICICI Prudential Nifty IT Index Fund,Index - Equity,14.5986,13.8208,12.5391,12.3711,12.6818,11.7067,10.1312,10.2956,9.7786
150473,Mirae Asset Balanced Advantage Fund,Balanced Advantage,13.5061,13.1513,13.7558,14.107,14.4056,14.3509,14.3111,14.658,14.3375
150480,Franklin India Balanced Advantage Fund,Balanced Advantage,13.9122,13.6012,14.0965,14.3745,14.5719,14.2816,14.1394,14.4669,13.9451
150482,Aditya Birla Sun Life Long Term Fund,Long Duration,12.2211,12.354,12.877,12.7574,12.825,12.7899,12.8055,13.121,12.9766
150490,Nippon India Nifty Alpha Low Volatility 30 Index Fund,Index - Equity,16.8333,15.0353,15.4815,15.6946,15.8933,15.5759,15.1509,15.8328,14.6698
150503,Canara Robeco Banking and PSU Debt Fund,Banking & PSU,11.5169,11.6931,12.0259,12.1535,12.3316,12.4016,12.5097,12.7356,12.7282
150511,TRUSTMF Money Market Fund,Money Market,1165.2317,1184.9693,1211.3299,1230.4928,1248.0607,1263.8239,1282.4975,1304.9796,1316.6775
150516,Navi Nifty India Manufacturing Index Fund,Index - Equity,17.0228,15.4693,16.2575,17.2073,17.9302,17.9321,18.4027,19.0851,17.8804
150537,TATA HOUSING OPPORTUNITIES FUND,Sectoral/Thematic,15.8889,13.9174,14.5196,15.2221,15.1463,14.4282,14.3512,14.8739,14.0997
150538,ICICI PRUDENTIAL PSU EQUITY FUND,Sectoral/Thematic,20.883,18.8431,20.2034,20.4103,21.1011,21.7702,21.9975,21.8223,20.67
150542,JM Short Term Fund,Short Duration,11.4422,11.621,11.9834,12.1375,12.3004,12.3862,12.4993,12.7037,12.7368
150552,Union Retirement Fund,Retirement,15.3993,14.2169,14.929,15.6173,15.9949,15.7053,15.8157,16.5283,15.7367
150568,Sundaram Flexicap Fund,Flexi Cap,14.4364,13.5402,14.2039,14.8426,15.1273,14.5961,14.1279,14.3315,13.5484
150579,Edelweiss Gold and Silver ETF FOF,FoF Domestic,15.1432,16.0453,17.5049,19.6745,26.1313,35.6113,34.7145,33.0695,32.344
150583,WhiteOak Capital Mid Cap Fund,Mid Cap,18.7249,17.0973,17.9158,19.2481,20.0524,19.2338,20.2575,21.9073,21.0972
150589,WhiteOak Capital ELSS Tax Saver Fund,ELSS,17.0949,15.9202,16.6866,17.4585,17.7982,16.8392,16.8123,17.9635,17.301
150592,BANDHAN NIFTY200 MOMENTUM 30 INDEX FUND,Index - Equity,17.5959,14.6871,15.0452,15.3682,15.7928,15.1934,15.1362,15.2735,14.6356
150594,Mirae Asset Global Electric & Autonomous Vehicles Equity Passive FOF,FoF Overseas,9.7383,9.9298,9.2032,11.0272,13.3227,14.7654,17.8386,16.23,15.5752
150596,Mirae Asset Global X Artificial Intelligence & Technology ETF Fund of Fund,FoF Overseas,19.0767,20.0195,19.5508,23.2352,26.4824,26.8597,33.0324,34.9749,37.3617
150617,Axis Silver Fund of Fund,FoF Domestic,15.878,16.3691,17.204,20.2432,28.8059,43.6959,41.4072,38.1493,36.8248
150626,Kotak Business Cycle Fund,Sectoral/Thematic,15.7518,14.5592,15.2909,16.3483,16.5278,15.7835,16.0701,17.2615,16.8393
150632,Samco Overnight Fund,Overnight,1137.5853,1154.5334,1170.7926,1185.3098,1200.2821,1214.5017,1228.0154,1242.4822,1250.2244
150633,BANDHAN Nifty100 Low Volatility 30 Index Fund,Index - Equity,15.1411,14.3896,14.9031,15.5322,15.9676,15.5104,14.9665,15.3682,14.2885
150637,ICICI Prudential Nifty50 Equal Weight Index Fund-,Index - Equity,15.6154,14.695,15.5637,16.136,16.7654,16.5339,16.3872,16.6942,15.592
150641,Motilal Oswal Gold and Silver Passive Fund of Funds,FoF Domestic,14.7836,15.8431,17.5536,19.3318,24.6926,31.9878,31.1856,29.9245,29.3451
150645,ICICI Prudential Nifty Auto Index Fund,Index - Equity,19.0372,17.4548,17.9559,19.7694,21.5614,21.2861,20.6117,22.0575,19.8922
150661,LIC MF Multi Cap Fund,Multi Cap,17.0223,15.5846,16.1508,16.9541,17.3573,16.5902,17.044,18.4175,17.8246
150672,SBI Nifty Midcap 150 Index Fund,Index - Equity,18.1974,16.5011,17.5461,18.3833,18.8582,18.3157,18.9057,19.6948,18.5352
150676,SBI Nifty Smallcap 250 Index Fund,Index - Equity,19.1171,16.6392,17.4172,18.47,18.0549,16.8056,17.9004,19.4106,18.8746
150683,SBI CRISIL IBX Gilt Index - June 2036 Fund,Index - Equity,12.0792,12.2979,12.8511,12.8346,12.9536,13.0753,13.1281,13.4294,13.2324
150684,ICICI PRUDENTIAL TRANSPORTATION AND LOGISTICS FUND,Sectoral/Thematic,18.3246,16.8669,17.51,19.4286,20.7033,20.1498,19.7948,22.0528,20.9
150690,Aditya Birla Sun Life Multi-Asset Passive FOF,FoF Domestic,15.1661,14.6806,15.2662,15.6654,16.7307,17.2229,16.8467,17.4998,16.8361
150703,Aditya Birla Sun Life Crisil IBX 50:50 Gilt Plus SDL Apr 2028 Index Fund,Index - Equity,11.8013,12.0094,12.4141,12.5814,12.7799,12.9362,13.032,13.2542,13.3119
150707,SBI CRISIL IBX Gilt Index - April 2029 Fund,Index - Equity,11.8039,12.0209,12.4677,12.6153,12.8276,12.9619,13.0509,13.2613,13.2295
150712,SBI CRISIL IBX SDL Index - September 2027 Fund,Index - Equity,11.6929,11.8891,12.2533,12.4325,12.6147,12.7789,12.9246,13.1526,13.2231
150715,UTI Gold ETF Fund of Fund,FoF Domestic,14.7819,16.1119,18.2861,19.5785,23.9991,28.6991,28.5283,28.0937,27.8177
150717,BANDHAN TRANSPORTATION AND LOGISTICS FUND,Sectoral/Thematic,17.4451,15.6841,16.3328,18.2913,19.5598,19.1399,18.6852,20.3737,19.1243
150720,Edelweiss CRISIL IBX 50:50 Gilt Plus SDL April 2037 Index Fund,Index - Equity,12.1347,12.3388,12.8911,12.8329,12.9062,12.9684,13.0259,13.3478,13.1546
150723,Kotak Nifty SDL Plus AAA PSU Bond Jul 2028 60 - 40 Index Fund,Index - Equity,11.709,11.9039,12.3107,12.4814,12.6693,12.8053,12.9141,13.153,13.2142
150728,ICICI Prudential Nifty SDL Dec 2028 Index Fund,Index - Equity,11.8544,12.0571,12.5074,12.6535,12.8303,12.9805,13.0489,13.2977,13.3212
150732,ICICI Prudential Nifty G-Sec Dec 2030 Index Fund,Index - Equity,11.8771,12.105,12.5905,12.6988,12.8757,12.983,13.0728,13.3455,13.2478
150736,HDFC Silver ETF Fund of Fund,FoF Domestic,15.3671,15.8265,16.6199,19.6195,28.07,42.405,40.1218,36.9102,35.6004
150741,Tata Nifty Midcap 150 Momentum 50 Index Fund,Index - Equity,18.8763,16.281,17.1983,17.7049,17.9135,17.2992,17.756,18.0508,17.3528
150750,Axis NASDAQ 100 US Specific Equity Passive FOF,FoF Overseas,18.6244,19.1917,18.6064,21.5747,23.611,23.9844,28.1573,29.3423,31.1172
150771,Edelweiss CRISIL IBX 50:50 Gilt Plus SDL June 2027 Index Fund,Index - Equity,11.6763,11.8742,12.2142,12.3965,12.5808,12.7457,12.898,13.0842,13.1584
150777,Aditya Birla Sun Life Crisil IBX Gilt -Apr 2029 Index Fund,Index - Equity,11.8648,12.0848,12.5347,12.6868,12.9002,13.0361,13.1331,13.3467,13.3206
150790,Mirae Asset CRISIL IBX Gilt Index - April 2033 Index Fund,Index - Debt,11.9488,12.183,12.6982,12.7661,12.9145,13.0047,13.0425,13.3502,13.1793
150799,WhiteOak Capital Large Cap Fund,Large Cap,14.4546,13.546,14.315,14.8164,15.2601,14.8088,14.3624,14.8928,14.1078
150803,HDFC Business Cycle Fund,Sectoral/Thematic,14.5679,13.5003,13.9409,14.7862,14.8389,14.0428,14.1116,15.252,14.7503
150812,JM Mid Cap Fund,Mid Cap,19.4936,17.5258,18.1674,19.2635,19.3104,18.1096,19.4471,21.0772,20.3588
150816,Canara Robeco Mid Cap Fund,Mid Cap,16.7203,15.0192,15.9928,17.3132,17.4231,16.6855,17.329,18.374,17.7217
150820,Kotak Income Plus Arbitrage Omni FOF,FoF Domestic,11.7358,11.9249,12.251,12.4212,12.612,12.7519,12.8933,13.1305,13.1797
150825,Nippon India Nifty SDL Plus G-Sec - Jun 2028 Maturity 70:30 Index Fund,Index - Equity,11.602,11.8016,12.192,12.3535,12.54,12.6935,12.7972,13.0243,13.0838
150839,Samco ELSS Tax Saver Fund,ELSS,14.6162,12.2644,12.7613,13.3675,12.8613,12.086,12.2777,12.9477,12.9917
150844,HDFC Nifty G-Sec Dec 2026 Index Fund,Index - Equity,11.5727,11.7671,12.0751,12.2572,12.4354,12.5931,12.7565,12.9273,13.0184
150846,HDFC Nifty G-Sec July 2031 Index Fund,Index - Equity,11.8063,12.0362,12.5642,12.6415,12.8055,12.9038,12.9922,13.2984,13.1631
150848,Edelweiss CRISIL IBX 50:50 Gilt Plus SDL Sep 2028 Index Fund,Index - Equity,11.71,11.9138,12.3244,12.4828,12.6749,12.8234,12.9153,13.1323,13.1758
150851,Axis Nifty SDL September 2026 Debt Index Fund,Index - Debt,11.548,11.7347,12.039,12.2311,12.4152,12.5772,12.755,12.9241,
150855,Union Multicap Fund,Multi Cap,15.8672,14.4089,14.9828,15.8427,16.2349,15.7192,16.1505,17.3949,16.8617
150863,Baroda BNP Paribas Multi Asset Fund,Multi Asset Allocation,14.3338,13.6956,14.4975,14.9421,15.6707,15.9048,15.9369,16.1898,15.5485
150869,BANDHAN CRISIL IBX 90:10 SDL PLUS GILT - NOV 2026 INDEX FUND,Index - Equity,11.5352,11.7247,12.0313,12.2202,12.4036,12.565,12.7359,12.9052,12.9979
150873,BANDHAN CRISIL IBX 90:10 SDL PLUS GILT - APRIL 2032 INDEX FUND,Index - Equity,11.7866,11.9837,12.4878,12.5366,12.6394,12.7469,12.827,13.1591,13.0464
150890,BANDHAN CRISIL IBX 90:10 SDL PLUS GILT - SEPTEMBER 2027 INDEX FUND,Index - Equity,11.5659,11.761,12.118,12.2971,12.4774,12.6396,12.778,13.0067,13.0787
150894,Edelweiss Nifty Smallcap 250 Index Fund,Index - Equity,18.1859,15.8265,16.54,17.5664,17.1581,15.9674,17.0176,18.4543,17.9754
150897,Edelweiss Nifty Next 50 Index Fund,Index - Equity,16.2153,14.1435,14.9051,15.4102,15.6793,15.3557,15.8385,16.5506,15.6894
150900,Edelweiss Nifty Midcap150 Momentum 50 Index Fund,Index - Equity,18.9204,16.3452,17.2586,17.7639,17.9713,17.3501,17.8074,18.1693,17.4694
150904,Nippon India Nifty G-Sec Sep 2027 Maturity Index Fund,Index - Equity,11.4673,11.6677,12.0093,12.1931,12.3759,12.5301,12.6689,12.849,12.9149
150912,Mahindra Manulife Small Cap Fund,Small Cap,20.3055,17.4982,18.1227,19.297,19.5008,18.3679,19.8271,22.0713,21.7989
150923,Nippon India Nifty G-Sec Jun 2036 Maturity Index Fund,Index - Equity,11.823,12.0415,12.589,12.5834,12.7017,12.8183,12.8628,13.1622,12.9678
150929,ICICI Prudential Nifty Pharma Index Fund,Index - Equity,17.2011,16.2764,16.2915,16.8684,17.0712,17.0295,17.9751,19.9386,19.7997
150991,BHARAT Bond ETF FOF - April 2033,FoF Domestic,11.7517,11.9328,12.4234,12.518,12.7166,12.7378,12.795,13.1363,13.0056
150992,HSBC Corporate Bond Fund,Corporate Bond,69.3376,70.4132,72.7777,73.8913,75.0572,75.5863,76.2931,77.7147,77.9293
151013,HSBC Gilt Fund,Gilt,63.5608,64.2336,66.5696,65.7527,65.8738,65.6007,65.5186,66.9084,66.3436
151034,HSBC Midcap Fund,Mid Cap,398.8679,345.8829,362.5564,390.9086,401.6029,391.7239,429.9589,464.9532,452.0118
151037,HSBC Infrastructure Fund,Sectoral/Thematic,49.3533,42.969,45.2666,46.7783,46.4035,45.3867,49.0228,50.0589,49.636
151043,HSBC Credit Risk Fund,Credit Risk,27.3888,27.8673,31.3101,32.5396,33.009,33.3606,33.7936,34.4325,34.6196
151048,HSBC Money Market Fund,Money Market,25.1825,25.6147,26.2262,26.6568,27.0562,27.404,27.8068,28.311,28.5713
151058,HSBC Equity Savings Fund,Equity Savings,33.1169,31.6337,32.0555,33.5779,34.4775,34.235,35.6316,36.7207,36.3574
151076,HSBC ELSS Tax saver Fund,ELSS,134.9553,122.9935,128.6076,134.5642,136.7326,131.6975,134.1421,141.4087,136.2188
151084,HSBC Dynamic Term Fund,Dynamic Bond,28.2124,28.6206,29.7391,29.6696,29.9026,29.9741,30.1682,30.7416,30.559
151104,HSBC Banking and PSU Debt Fund,Banking & PSU,23.0226,23.3853,24.1536,24.4817,24.8486,25.0099,25.2445,25.7125,25.7338
151110,HSBC Value Fund,Value,108.9499,98.4599,104.9702,110.1933,112.5271,111.3305,111.4642,113.9251,108.7446
151114,HSBC Ultra Short to Short Term Fund,Low Duration,27.0246,27.4596,28.4029,28.9398,29.3693,29.7072,30.1549,30.6677,30.8787
151120,HSBC Aggressive Hybrid Fund,Aggressive Hybrid,55.3583,50.2728,52.3565,55.872,56.986,55.0404,56.0995,59.1238,58.4917
151127,HSBC Balanced Advantage Fund,Balanced Advantage,42.6836,41.1739,42.386,43.4469,43.9093,43.1327,42.8554,44.0928,43.3251
151134,HSBC Arbitrage Fund,Arbitrage,18.2277,18.5284,18.8453,19.1024,19.3722,19.6667,19.9469,20.2453,20.4024
151144,HSBC Business Cycles Fund,Sectoral/Thematic,43.494,38.3442,41.2506,43.0966,42.3106,39.9564,41.168,43.4349,42.6948
151149,HSBC Medium Term Fund,Medium Duration,19.3395,19.6852,20.3701,20.615,20.9168,21.0874,21.3128,21.7056,21.6678
151158,HSBC NIFTY 50 Index Fund,Index - Equity,27.8889,26.4965,28.0309,28.7691,29.768,28.7936,27.5149,27.8443,26.182
151162,HSBC NIFTY NEXT 50 Index Fund,Index - Equity,30.5036,26.5744,28.0014,28.9521,29.4683,28.8676,29.7335,31.0639,29.4109
151164,360 ONE ELSS Tax Saver Nifty 50 Index Fund,Index - Equity,13.5416,12.8706,13.6098,13.9618,14.45,13.9713,13.3497,13.5023,12.6913
151178,Axis Long Term Fund,Long Duration,1188.0259,1199.2316,1241.441,1218.3208,1220.2441,1216.2406,1218.7447,1249.7499,1233.4722
151180,HDFC Nifty G-Sec Jun 2027 Index Fund,Index - Equity,11.5095,11.7116,12.0534,12.24,12.4252,12.5813,12.7247,12.9071,12.9758
151182,HDFC Nifty G-Sec Sep 2032 Index Fund,Index - Equity,11.7331,11.9593,12.4846,12.552,12.6963,12.7852,12.8642,13.1812,13.0165
151184,UTI CRISIL SDL Maturity April 2033 Index Fund,Index - Debt,11.7195,11.9098,12.4001,12.3906,12.4786,12.5584,12.6378,12.9609,12.8304
151195,quant Overnight Fund,Overnight,11.39,11.5723,11.743,11.8962,12.0542,12.1992,12.3439,12.4938,12.5766
151208,ICICI Prudential Nifty SDL Sep 2026 Index Fund,Index - Equity,11.451,11.6376,11.9252,12.1116,12.2866,12.4469,12.6145,12.7775,
151212,SBI Long Term Fund,Long Duration,11.9263,12.0484,12.4691,12.2754,12.3483,12.3438,12.3404,12.6042,12.4675
151230,quant Gilt Fund,Gilt,11.3648,11.5265,11.8716,11.8139,11.8669,11.8831,11.9203,12.1446,12.029
151235,TATA MULTICAP FUND,Multi Cap,14.6607,13.0202,13.5434,14.2001,14.6166,14.3169,14.7185,15.3819,14.5308
151238,UTI CRISIL SDL Maturity June 2027 Index Fund,Index - Debt,11.4388,11.6277,11.9587,12.1341,12.3158,12.4847,12.6467,12.8442,12.9199
151268,WhiteOak Capital Balanced Advantage Fund,Balanced Advantage,13.6848,13.2988,13.9331,14.3377,14.6251,14.2594,14.156,14.7801,14.4097
151275,Tata Nifty G-Sec Dec 2029 Index Fund,Index - Equity,11.5129,11.7284,12.17,12.3093,12.5051,12.6358,12.7228,12.9285,12.8931
151289,HSBC Multi Cap Fund,Multi Cap,18.7495,16.9425,17.6774,18.629,18.9808,18.2789,18.8673,20.0921,19.6336
151292,HSBC Multi Cap Fund,Multi Cap,18.7492,15.8441,15.9792,16.8395,17.1574,15.4581,15.51,16.5168,16.1399
151297,Axis CRISIL IBX 50:50 Gilt Plus SDL June 2028 Index Fund,Index - Equity,11.4385,11.639,12.0319,12.1859,12.3736,12.5239,12.6194,12.8446,12.8975
151306,Tata Nifty G-Sec Dec 2026 Index Fund,Index - Equity,11.3585,11.5445,11.8445,12.0199,12.1894,12.3452,12.4998,12.6675,12.7571
151309,Aditya Birla Sun Life Multi Asset Allocation Fund,Multi Asset Allocation,13.9622,13.5779,14.3461,14.9527,15.886,16.4762,16.4381,16.9454,16.3544
151314,HDFC Long Term Fund,Long Duration,11.8121,11.9275,12.3607,12.1552,12.179,12.1251,12.14,12.458,12.2724
151322,TRUSTMF CORPORATE BOND FUND,Corporate Bond,1135.7796,1150.9527,1186.6534,1201.8437,1217.583,1223.3293,1234.9135,1256.0404,1259.112
151327,DSP CRISIL-IBX 50:50 Gilt Plus SDL - April 2033 Index Fund,Index - Equity,11.6753,11.8814,12.3832,12.417,12.533,12.6232,12.6997,13.0068,12.8588
151366,Axis Business Cycles Fund,Sectoral/Thematic,16.3108,14.9887,15.779,16.487,16.6123,16.1042,16.1282,17.1128,16.4867
151370,DSP Nifty SDL Plus G-Sec Sep 2027 50:50 Index Fund,Index - Equity,11.4559,11.649,11.9995,12.1796,12.3614,12.5223,12.6605,12.866,12.9344
151377,ITI Flexi Cap Fund,Flexi Cap,18.0887,16.0815,16.9325,17.7812,18.118,17.6315,18.0937,19.7148,19.4432
151381,Kotak Banking and Financial Services Fund,Sectoral/Thematic,14.4066,13.5848,14.9896,15.2967,15.9417,15.9144,15.5828,16.2397,15.2903
151392,Nippon India Nifty SDL Plus G-Sec - Jun 2029 Maturity 70:30 Index Fund,Index - Equity,11.4811,11.6793,12.1096,12.2431,12.4292,12.5725,12.6542,12.8899,12.8938
151398,Edelweiss CRISIL IBX 50:50 Gilt Plus SDL Short Duration Index Fund,Index - Equity,11.3821,11.5727,11.9356,12.0784,12.2432,12.3755,12.4934,12.6945,12.664
151404,PGIM India CRISIL IBX Gilt Index - Apr 2028 Fund,Index - Equity,11.4276,11.6294,11.9911,12.1606,12.3492,12.5,12.6113,12.7879,12.8326
151409,BANDHAN CRISIL IBX GILT APRIL 2032 INDEX FUND,Index - Equity,11.5986,11.8212,12.3362,12.3999,12.5493,12.6432,12.7263,13.0265,12.8827
151414,Mirae Asset Flexi Cap Fund,Flexi Cap,15.2393,14.2572,14.9592,15.7173,16.2335,15.8327,15.6268,16.1604,15.5993
151417,Kotak Nifty SDL Jul 2033 Index Fund,Index - Equity,11.663,11.8493,12.3436,12.3252,12.4199,12.4955,12.5776,12.8979,12.7672
151428,Aditya Birla Sun Life CRISIL IBX SDL Jun 2032 Index Fund,Index - Equity,11.6178,11.8062,12.2943,12.3419,12.4362,12.5295,12.5974,12.9111,12.795
151433,Axis Crisil IBX 50:50 Gilt Plus SDL September 2027 Index Fund,Index - Debt,11.425,11.6185,11.9706,12.1486,12.3271,12.4828,12.6273,12.8297,12.8971
151439,Nippon India Nifty G-Sec Oct 2028 Maturity Index Fund,Index - Equity,11.4579,11.6692,12.0734,12.2416,12.4481,12.5988,12.6828,12.8823,12.8869
151445,BANK OF INDIA MULTI CAP FUND,Multi Cap,17.7362,16.1324,16.8921,17.7102,18.3162,17.9332,18.6618,19.8472,19.2283
151455,HDFC Nifty SDL Oct 2026 Index Fund,Index - Equity,11.4127,11.5998,11.8901,12.0777,12.2556,12.4172,12.5871,12.751,12.8425
151457,HDFC MNC Fund,Sectoral/Thematic,14.1495,12.4934,12.6778,13.4526,13.542,13.1221,13.1393,13.9265,13.4462
151472,NAVI ELSS TAX SAVER NIFTY50 INDEX FUND,ELSS,14.299,13.5665,14.3321,14.6875,15.1739,14.6546,13.9698,14.1139,13.2578
151476,SBI Dividend Yield Fund,Dividend Yield,15.3286,14.1718,14.5563,14.9815,15.4332,15.2571,14.9611,15.6185,14.8962
151480,HSBC CRISIL IBX Gilt June 2027 Index Fund,Index - Debt,11.2852,11.4802,11.8101,11.9913,12.1719,12.3247,12.4652,12.6409,12.7095
151488,UTI NIFTY SDL Plus AAA PSU Bond Apr 2028- 75:25 Index Fund,Index - Debt,11.4313,11.622,12.0122,12.1721,12.3539,12.4943,12.596,12.8324,12.8964
151490,HDFC Nifty G-Sec Jun 2036 Index Fund,Index - Equity,11.7411,11.958,12.4986,12.4893,12.6063,12.7276,12.7811,13.08,12.8849
151496,HDFC Nifty G-Sec Apr 2029 Index Fund,Index - Equity,11.5052,11.7193,12.1561,12.3053,12.5139,12.646,12.7401,12.9475,12.925
151527,UTI Long Term Fund,Long Duration,11.5794,11.6735,12.059,11.7947,11.7821,11.7508,11.7499,11.9755,11.8041
151546,Bandhan US Treasury Bond 0-1 year specific Debt Passive FOF,FoF Overseas,11.0866,11.4939,11.4735,11.8053,12.1789,12.608,13.1661,13.3919,13.5787
151560,Aditya Birla Sun Life Nifty SDL SEP 2027 Index Fund,Index - Equity,11.4201,11.6091,11.9602,12.1442,12.3214,12.4759,12.6218,12.8342,12.9017
151571,HDFC NIFTY SDL Plus G-Sec Jun 2027 40:60 Index Fund,Index - Equity,11.3093,11.5041,11.8366,12.0172,12.1992,12.3621,12.5129,12.6958,12.7689
151576,Baroda BNP Paribas NIFTY SDL December 2028 Index Fund,Index - Debt,11.4173,11.608,12.0382,12.1746,12.3387,12.4784,12.5363,12.7715,12.7948
151579,ICICI Prudential Innovation Fund,Sectoral/Thematic,17.6938,16.6768,17.5833,18.476,19.0911,18.2962,18.2592,19.4028,18.6017
151583,Aditya Birla Sun Life Crisil IBX Gilt Apr 2028 Index Fund,Index - Equity,11.2601,11.4474,11.7926,11.9551,12.131,12.2735,12.3892,12.5573,12.603
151590,Invesco India Nifty G-sec Jul 2027 Index Fund,Index - Debt,1130.3698,1150.3203,1183.7263,1202.1982,1220.5786,1236.0683,1250.4317,1268.3163,1275.3203
151594,Invesco India Nifty G-sec Sep 2032 Index Fund,Index - Debt,1148.7036,1171.1621,1222.3288,1229.3146,1243.9361,1253.0327,1261.7977,1291.7723,1276.9136
151602,Kotak Silver ETF Fund of Fund,FoF Domestic,12.3309,12.7235,13.3393,15.7299,22.4134,34.0869,32.3723,29.8305,28.7749
151609,NJ ELSS Tax Saver Fund,ELSS,14.8941,13.5284,13.89,14.6429,14.1551,13.515,13.5243,14.0626,13.35
151647,Kotak Nifty Smallcap 50 Index Fund,Index - Equity,20.7747,18.1901,19.2232,20.1884,19.9361,18.8192,20.0826,22.359,21.8135
151694,Mirae Asset Nifty SDL June 2028 Index Fund,Index - Debt,11.312,11.5044,11.8946,12.0394,12.2096,12.3558,12.4394,12.6731,12.7306
151714,quant Dynamic Asset Allocation Fund,Balanced Advantage,16.3564,15.2736,16.0735,16.5232,16.6023,15.8189,16.2228,16.398,15.851
151725,HDFC NIFTY Midcap 150 Index Fund,Index - Equity,17.8962,16.223,17.24,18.0773,18.5246,17.9848,18.5507,19.3196,18.1804
151726,HDFC NIFTY Smallcap 250 Index Fund,Index - Equity,19.1446,16.659,17.4336,18.5087,18.0787,16.8255,17.9173,19.434,18.8962
151729,HDFC BSE 500 Index Fund,Index - Equity,15.2395,14.0688,14.8507,15.3478,15.7206,15.1571,14.9654,15.3936,14.5506
151732,UTI Silver ETF Fund of Fund,FoF Domestic,11.9037,12.2673,12.8721,15.2019,21.6154,32.7231,31.106,28.6434,27.6319
151738,UTI Nifty 500 Value 50 Index Fund,Index - Equity,19.5066,17.5615,18.6112,19.2337,20.4117,21.7874,22.4044,21.8542,20.4905
151746,WhiteOak Capital Multi Asset Allocation Fund,Multi Asset Allocation,12.9077,13.066,13.7876,14.2952,15.0054,15.3501,15.4967,16.0096,15.8317
151747,Baroda BNP Paribas Value Fund,Value,14.4168,13.1715,13.5664,13.7288,13.9986,13.7388,13.5677,13.6756,13.0298
151751,HDFC Defence Fund,Sectoral/Thematic,21.4258,18.6466,22.8488,23.903,23.9756,23.7588,27.0534,29.8385,29.1272
151752,Samco Active Momentum Fund,Sectoral/Thematic,14.8807,14.4179,13.833,14.0348,13.1933,12.5247,13.3712,14.8842,15.4733
151758,quant Business Cycle Fund,Sectoral/Thematic,17.5228,15.3102,15.6187,15.7657,15.6719,14.9143,15.9285,16.4832,15.7161
151761,UTI Nifty50 Equal Weight Index Fund,Index - Equity,13.9527,13.1337,13.888,14.4036,14.9783,14.7823,14.6607,14.9527,13.9693
151763,UTI BSE Housing Index Fund,Index - Equity,15.1299,13.5753,14.0009,14.8242,14.4092,13.439,13.3114,13.9501,12.8886
151765,SBI BSE Sensex Index Fund,Index - Equity,12.9848,12.3633,13.0379,13.2984,13.7452,13.1767,12.411,12.555,11.8546
151778,ITI Focused Fund,Focused,14.8893,13.5992,14.4332,15.159,15.5815,15.3481,15.7901,16.4006,15.7033
151783,Kotak Nifty 200 Momentum 30 Index Fund,Index - Equity,16.4446,13.7161,14.0896,14.4519,14.848,14.3065,14.2658,14.4145,13.8203
151787,Axis Nifty IT Index Fund,Index - Equity,14.5241,13.742,12.4419,12.2619,12.5773,11.6083,10.037,10.1926,9.6769
151788,quant BFSI Fund,Sectoral/Thematic,15.895,14.7005,15.9663,17.5995,18.6649,18.651,19.08,20.6101,19.495
151795,Edelweiss Multi Asset Allocation Fund,Multi Asset Allocation,11.0936,11.2868,11.5958,11.7481,11.9109,12.0519,12.253,12.4874,12.5489
151799,360 ONE Flexicap Fund,Flexi Cap,15.3242,14.0214,14.5237,15.0301,15.2777,14.5455,14.826,16.1448,16.0503
151803,HDFC Consumption Fund,Sectoral/Thematic,14.3831,13.214,13.671,14.4787,14.369,13.3435,13.0719,13.7524,12.9635
151812,Mirae Asset Multicap Fund,Multi Cap,13.8548,12.6767,13.5121,14.3077,14.6876,14.0815,14.0517,14.7555,14.0603
151815,Motilal Oswal Nifty Microcap 250 Index Fund,Index - Equity,18.3448,16.0439,16.2728,17.2827,16.671,15.1963,16.6379,18.537,18.4423
151818,BANDHAN FINANCIAL SERVICES FUND,Sectoral/Thematic,13.9115,13.0963,14.3213,14.6368,15.2108,14.7839,14.2736,15.0102,14.2793
151821,Canara Robeco Multi Cap Fund,Multi Cap,14.313,13.1155,13.807,14.5632,14.7992,14.1888,14.1415,14.9148,14.2183
151837,Bajaj Finserv Liquid Fund,Liquid,1099.6745,1118.673,1138.7006,1155.2057,1171.6811,1188.4014,1207.6488,1227.3731,1237.7283
151851,Bajaj Finserv Overnight Fund,Overnight,1092.7324,1110.3853,1127.1637,1142.1001,1157.7379,1173.1496,1187.6445,1202.8557,1211.501
151855,quant Healthcare Fund,Sectoral/Thematic,16.2747,14.5047,14.947,15.3699,15.2523,14.6034,15.9032,17.7978,17.6047
151878,Kotak Quant Fund,Sectoral/Thematic,15.2461,13.7536,14.3366,14.7762,15.1785,14.9796,14.7731,15.1566,14.4517
151882,UTI Balanced Advantage Fund,Balanced Advantage,12.1322,11.8838,12.394,12.6368,12.9441,12.6381,12.2688,12.5266,12.1003
151893,Bajaj Finserv Money Market Fund,Money Market,1097.0722,1115.2202,1141.0153,1158.8544,1174.8599,1188.8634,1205.3975,1225.8987,1235.98
151898,Bajaj Finserv Flexi Cap Fund,Flexi Cap,14.2352,13.0973,13.8213,14.6555,14.9731,14.4341,14.6851,15.6072,14.9508
151900,HDFC Transportation and Logistics Fund,Sectoral/Thematic,15.4462,14.0829,14.7448,17.0773,18.1054,17.3986,17.1141,19.4129,18.6033
151903,Union Innovation & Opportunities Fund,Sectoral/Thematic,14.4039,12.8644,13.0343,14.1725,14.4805,13.2988,13.9523,15.8125,15.515
151909,Kotak Nifty Financial Services Ex-Bank Index Fund,Index - Equity,13.4415,12.9683,14.6474,15.2721,16.2001,15.8339,15.8384,16.4057,15.0937
151913,quant Manufacturing Fund,Sectoral/Thematic,16.2398,14.0173,14.2728,14.5624,14.5697,13.6256,15.2801,16.6911,15.9156
151920,NJ Flexi Cap Fund,Flexi Cap,14.2652,12.7473,12.9208,13.5317,13.3503,12.7943,12.5337,13.0342,12.3667
151935,LIC MF Nifty Next 50 Index Fund,Index - Equity,52.8205,46.0739,48.5899,50.2672,51.1371,50.0802,51.7189,54.1734,51.279
151950,LIC MF Equity Savings Fund,Equity Savings,26.1501,25.8007,27.1411,27.7917,28.1115,27.487,27.8862,28.4681,28.1664
151973,LIC MF Gold ETF Fund of Fund,FoF Domestic,20.2815,22.1036,25.0954,26.8273,32.7706,39.1141,38.8417,38.2069,37.8059
152001,LIC MF Mid Cap Fund,Mid Cap,29.576,26.9558,27.89,29.1127,29.2539,27.7885,28.9393,30.8414,29.5768
152003,LIC MF Small Cap Fund,Small Cap,33.226,29.2414,28.9433,30.464,29.8761,27.9298,31.0302,34.4789,34.5237
152009,LIC MF Focused Fund,Focused,21.4001,19.6802,20.9487,21.562,21.4966,20.3816,20.2492,21.9236,21.361
152016,LIC MF Value Fund,Value,25.7284,23.0555,22.9357,23.9273,24.4394,24.1761,25.9165,28.433,28.1315
152019,LIC MF Dividend Yield Fund,Dividend Yield,30.8029,27.9844,29.5781,30.6099,31.1274,29.6214,30.5542,32.5098,31.4
152025,LIC MF Healthcare Fund,Sectoral/Thematic,29.8867,28.1863,28.1525,29.5306,29.6102,28.1868,29.9883,33.4991,32.5973
152027,HSBC Consumption Fund,Sectoral/Thematic,14.81,13.4023,13.7986,14.8333,14.8338,13.793,13.9137,15.182,14.6138
152034,Nippon India Innovation Fund,Sectoral/Thematic,13.9755,12.6694,13.3861,14.4195,14.4865,13.5512,13.7998,14.8427,14.2506
152038,Kotak BSE Housing Index Fund,Index - Equity,14.073,12.6158,13.0183,13.79,13.4065,12.5046,12.3823,12.9783,11.9792
152043,Bandhan Nifty IT Index Fund,Index - Equity,14.1041,13.347,12.0915,11.9169,12.2201,11.2748,9.7415,9.8872,9.3858
152046,Mahindra Manulife Business Cycle Fund,Sectoral/Thematic,14.9436,13.4535,14.1138,14.5739,15.1151,15.0852,15.2394,15.7106,14.7748
152052,Shriram Multi Asset Allocation Fund,Multi Asset Allocation,12.3217,11.5087,11.843,12.1311,12.8742,13.1769,12.948,13.1502,12.681
152053,DSP Multi Asset Allocation Fund,Multi Asset Allocation,12.7749,12.6451,13.2827,13.8968,15.0285,15.8511,15.9373,16.1563,15.6156
152058,HDFC Technology Fund,Sectoral/Thematic,14.4299,13.6544,13.1966,13.4345,13.643,12.3316,10.9656,11.6117,11.2045
152061,NAVI BSE SENSEX INDEX FUND,Index - Equity,12.1887,11.5989,12.2126,12.4383,12.841,12.324,11.6013,11.7126,11.0512
152065,Kotak Multi Asset Allocation Fund,Multi Asset Allocation,12.9136,12.3104,12.7177,13.4746,14.7701,15.7338,15.6916,15.9088,15.5257
152070,quant Teck Fund,Sectoral/Thematic,13.4113,11.9614,12.1357,12.1145,11.5308,9.7008,10.1152,11.0805,10.6019
152072,WhiteOak Capital Multi Cap Fund,Multi Cap,14.5329,13.4484,14.1394,15.0434,15.4936,14.7518,15.0438,16.1249,15.536
152075,360 ONE Balanced Hybrid Fund,Balanced Hybrid,12.3893,12.02,12.438,12.6855,12.8178,12.5569,12.7196,13.217,12.9794
152078,Bajaj Finserv Arbitrage Fund,Arbitrage,10.8017,10.9728,11.1523,11.2974,11.4539,11.6249,11.7846,11.9545,12.0433
152084,HDFC Pharma and Healthcare Fund,Sectoral/Thematic,16.2917,15.8043,16.1062,17.2989,17.2896,17.1486,18.8426,21.3164,21.008
152086,UTI Innovation Fund,Sectoral/Thematic,12.3657,10.9061,10.9675,11.674,11.7011,10.1813,10.3971,11.4982,10.8751
152091,Motilal Oswal Developed Market Ex US ETFs Overseas Equity Passive FOF,FoF Overseas,11.6327,12.1737,12.8349,14.048,15.0406,16.5059,17.6795,18.505,18.2771
152095,Edelweiss Multi Cap Fund,Multi Cap,15.2909,13.7391,14.3551,14.9187,15.2209,14.8459,15.001,15.7964,15.0099
152100,Kotak Nifty G-Sec July 2033 Index Fund,Index - Equity,11.0924,11.3099,11.7813,11.8432,11.9788,12.0702,12.1302,12.4279,12.2635
152103,BANDHAN RETIREMENT FUND,Retirement,12.1877,11.7511,12.2769,12.5326,12.8042,12.5151,12.3526,12.5828,12.0917
152108,QUANTUM SMALL CAP FUND,Small Cap,12.2577,11.1916,11.8195,12.5959,12.5934,12.0952,12.5503,13.5498,13.1667
152110,Parag Parikh Arbitrage Fund,Arbitrage,10.7688,10.9474,11.1337,11.2881,11.4484,11.6251,11.7909,11.969,12.064
152127,Groww Nifty Total Market Index Fund,Index - Equity,13.5483,12.4844,13.1777,13.6337,13.9291,13.4036,13.3055,13.7331,13.0027
152130,Baroda BNP Paribas Small Cap Fund,Small Cap,13.7048,12.0239,12.438,13.0731,12.9123,12.387,13.1071,14.0695,13.8206
152133,WhiteOak Capital Balanced Hybrid Fund,Balanced Hybrid,12.4482,12.0247,12.5317,12.8784,13.2206,12.9155,12.8501,13.314,13.048
152136,Helios Flexi Cap Fund,Flexi Cap,14.13,12.9545,13.6062,14.5468,15.1531,14.313,14.5675,15.4977,14.8733
152142,Aditya Birla Sun Life US Treasury 1-3 Year Bond ETFs Passive FOF,FoF Overseas,10.712,11.0825,11.1081,11.455,11.8378,12.2389,12.693,12.8621,12.9701
152147,Aditya Birla Sun Life US Treasury 3-10 Year Bond ETFs Passive FOF,FoF Overseas,10.8903,11.1937,11.3092,11.7433,12.2015,12.5762,12.948,12.9866,12.8563
152153,Helios Overnight Fund,Overnight,1071.1931,1087.807,1104.0592,1118.3534,1133.2345,1147.4039,1161.028,1175.3527,1183.4112
152161,Aditya Birla Sun Life Transportation and Logistics Fund,Sectoral/Thematic,14.2015,12.5568,12.9593,14.2794,15.1754,14.6533,14.6087,16.9057,16.2983
152165,Bajaj Finserv Banking and PSU Debt Fund,Banking & PSU,10.8322,10.9941,11.3805,11.5088,11.6679,11.726,11.8108,12.0272,12.0545
152170,Kotak Consumption Fund,Sectoral/Thematic,13.5761,12.628,12.8952,13.9571,14.4575,13.3329,13.3002,14.1185,13.4737
152179,Bandhan Nifty Alpha 50 Index Fund,Index - Equity,14.9987,12.5523,12.9603,13.4399,13.2798,12.7361,13.3481,14.2654,14.033
152182,DSP Gold ETF Fund of Fund,FoF Domestic,12.2626,13.3362,15.1118,16.1627,19.7504,23.6533,23.5021,23.1318,22.9096
152187,Samco Dynamic Asset Allocation Fund,Balanced Advantage,10.9675,10.3616,10.2207,10.4941,10.4138,10.1683,10.1483,10.2068,10.0367
152190,quant Momentum Fund,Sectoral/Thematic,14.7188,13.3483,13.9681,14.1263,14.2374,13.8113,14.6125,15.2871,14.6274
152196,Bajaj Finserv Balanced Advantage Fund,Balanced Advantage,11.0987,10.5962,11.0846,11.3025,11.6574,11.4197,11.237,11.6963,11.2877
152205,Axis India Manufacturing Fund,Sectoral/Thematic,13.88,12.541,13.0894,13.8683,14.1429,13.95,14.7036,15.8795,15.62
152208,DSP Banking & Financial Services Fund,Sectoral/Thematic,11.9222,11.6031,12.8741,13.1827,13.8776,14.0228,14.0314,14.8751,13.9763
152216,Kotak Healthcare Fund,Sectoral/Thematic,13.7424,12.9218,12.9571,13.5957,13.518,13.2697,14.5776,16.6636,16.6897
152217,Union Children's Fund,Children's,12.1534,11.2261,11.8069,12.4592,12.7059,12.1872,12.198,12.8254,12.2267
152225,WhiteOak Capital Large & Mid Cap Fund,Large & Mid Cap,12.7168,11.7691,12.4285,13.0779,13.5233,13.1038,13.1309,13.8409,13.078
152232,Motilal Oswal Small Cap Fund,Small Cap,14.1272,12.9191,13.185,13.9491,14.1607,13.1787,14.5957,16.7568,16.6132
152239,Axis US Specific Treasury Dynamic Debt Passive FOF,FoF Overseas,10.2994,10.5373,10.6393,11.0608,11.547,11.8759,12.2084,12.1792,11.9154
152245,DSP Nifty Smallcap250 Quality 50 Index Fund,Index - Equity,12.9107,10.9039,11.2238,11.823,11.3186,10.4314,10.6861,10.9779,10.5479
152256,quant Commodities Fund,Sectoral/Thematic,14.2272,12.45,12.677,12.9715,13.0839,12.6392,14.3363,14.7451,13.8475
152266,BANDHAN Nifty Smallcap 250 Index Fund,Index - Equity,12.8068,11.1482,11.6367,12.3283,12.0483,11.2109,11.9346,12.9346,12.5775
152268,Aditya Birla Sun Life Crisil IBX Gilt April 2033 Index Fund,Index - Equity,10.8523,11.0597,11.5204,11.579,11.7087,11.7946,11.8813,12.1727,12.0042
152274,Groww Banking & Financial Services Fund,Sectoral/Thematic,11.0838,10.1525,11.1959,11.6561,11.8979,11.7406,12.0535,12.9416,12.4454
152290,Tata Gold ETF Fund of Fund,FoF Domestic,12.0555,13.0977,14.8449,15.845,19.2667,23.0176,22.843,22.4866,22.2674
152297,Tata Silver ETF Fund of Fund,FoF Domestic,12.4655,12.8297,13.4818,15.8929,22.4198,33.6725,31.9048,29.3595,28.3281
152307,DSP Multi Cap Fund,Multi Cap,12.3203,10.9849,11.4843,12.1812,12.1455,11.5028,11.6967,12.277,11.7803
152311,Sundaram Multi Asset Allocation Fund,Multi Asset Allocation,11.3568,11.1843,11.9524,12.3271,13.1167,13.3229,13.0238,13.2388,12.6688
152322,WhiteOak Capital Banking & Financial Services Fund,Sectoral/Thematic,11.3908,10.9159,12.0523,12.4665,12.8574,12.6859,12.4016,13.0063,12.3247
152326,BANDHAN MULTI ASSET ALLOCATION FUND,Multi Asset Allocation,11.6203,11.2701,11.8149,12.4805,13.1962,13.7119,13.883,14.2285,13.854
152331,Baroda BNP Paribas Nifty 50 Index Fund,Index - Equity,11.2801,10.7088,11.3258,11.613,12.01,11.6065,11.0737,11.2036,10.5336
152338,quant Consumption Fund,Sectoral/Thematic,10.992,9.8612,10.1483,10.0184,9.6959,9.0401,9.42,10.1337,9.8072
152347,Mirae Asset Multi Asset Allocation Fund,Multi Asset Allocation,11.2958,11.1129,11.7669,12.1943,12.8669,13.286,13.2593,13.517,13.2128
152348,WhiteOak Capital Pharma and Healthcare Fund,Sectoral/Thematic,13.1287,12.7371,12.901,13.8993,13.992,13.5846,14.6772,16.6223,16.3198
152361,Old Bridge Focused Fund,Focused,12.0077,11.0419,11.6448,11.7325,12.1385,12.1522,12.5227,13.5117,13.13
152366,ICICI Prudential Nifty50 Value 20 Index Fund,Index - Equity,11.4871,10.658,10.5906,10.6397,10.9674,10.7997,10.2206,9.9787,9.4028
152372,SBI Nifty50 Equal Weight Index Fund,Index - Equity,11.286,10.6275,11.2412,11.6525,12.1188,11.9594,11.8524,12.0774,11.2816
152378,HSBC Multi Asset Allocation Fund,Multi Asset Allocation,11.9181,10.9172,11.303,12.1402,12.9164,13.3142,13.5063,13.8746,13.4496
152383,PGIM India Large and Midcap Fund,Large & Mid Cap,11.9931,11.2666,11.9661,12.5506,12.6175,12.0352,11.962,12.6332,12.06
152387,Nippon India Nifty Bank Index Fund,Index - Equity,11.0541,10.5202,11.6593,11.8637,12.4338,12.4,11.7478,12.1653,11.6673
152391,Nippon India Nifty IT Index Fund,Index - Equity,11.359,10.7515,9.7459,9.616,9.8564,9.1006,7.874,7.998,7.5947
152398,Bank of India Multi Asset Allocation Fund,Multi Asset Allocation,11.0185,10.6073,11.1177,11.4119,11.8542,12.18,12.3897,12.7376,12.5744
152406,Bajaj Finserv Large & Mid Cap Fund,Large & Mid Cap,12.0237,11.2267,11.7359,12.1545,12.3769,12.0112,11.8586,12.3266,11.7032
152411,Union Business Cycle Fund,Sectoral/Thematic,11.3284,10.2829,10.7007,11.143,11.3998,11.0717,11.238,11.7452,11.2817
152413,quant PSU Fund,Sectoral/Thematic,10.9579,9.63,10.1414,10.0714,10.255,9.7435,10.6384,10.5032,9.9323
152418,SBI Energy Opportunities Fund,Sectoral/Thematic,10.7795,9.4645,10.2681,10.5118,10.6117,10.5213,11.0753,11.0198,10.4569
152421,Axis BSE Sensex Index Fund,Index - Equity,11.0173,10.4831,11.052,11.2671,11.6472,11.1642,10.5221,10.6374,10.0388
152429,HDFC NIFTY200 Momentum 30 Index Fund,Index - Equity,11.6613,9.7138,9.9574,10.1933,10.4712,10.0825,10.0483,10.1456,9.7242
152433,Groww Nifty Smallcap 250 Index Fund,Index - Equity,11.7893,10.2546,10.7287,11.3863,11.125,10.3498,11.0317,11.96,11.6514
152439,Edelweiss Technology Fund,Sectoral/Thematic,12.1025,11.2604,10.8703,11.7196,12.2163,11.3869,11.5051,12.464,12.3142
152441,Mahindra Manulife Multi Asset Allocation Fund,Multi Asset Allocation,11.2244,11.0096,11.5917,12.1253,13.082,13.4108,13.4026,13.8457,13.4754
152447,Canara Robeco Manufacturing Fund,Sectoral/Thematic,12.5492,11.0723,11.6179,12.5281,12.5893,12.1042,13.1383,13.9402,13.6183
152457,Mirae Asset Nifty Smallcap 250 Momentum Quality 100 ETF Fund of Fund,FoF Domestic,11.3507,9.5707,9.8266,10.1893,9.884,9.131,9.7257,10.5292,10.4418
152460,Kotak Technology Fund,Sectoral/Thematic,12.5735,11.6803,11.1652,11.441,11.6716,10.708,9.6719,10.227,10.027
152464,Parag Parikh Dynamic Asset Allocation Fund,Balanced Advantage,10.833,10.8659,11.2302,11.3449,11.436,11.5144,11.6026,11.7599,11.6473
152472,Baroda BNP Paribas Innovation Fund,Sectoral/Thematic,12.742,11.3176,11.5132,12.3181,12.6519,12.1934,12.6588,13.589,13.1808
152475,Quantum Multi Asset Allocation Fund,Multi Asset Allocation,10.8744,10.8056,11.3264,11.5263,12.0207,12.1262,11.7458,11.8238,11.39
152481,ICICI Prudential Nifty LargeMidcap 250 Index Fund,Index - Equity,11.8587,10.9302,11.5893,12.0262,12.3664,11.9917,11.987,12.3396,11.6106
152489,Kotak Long Term Fund,Long Duration,10.6183,10.7404,11.1536,10.9486,10.9386,10.8708,10.9041,11.2069,10.9777
152512,Helios Balanced Advantage Fund,Balanced Advantage,11.1202,10.5661,10.9226,11.229,11.5987,11.346,11.2392,11.5242,11.1967
152518,BANDHAN LONG TERM FUND,Long Duration,10.655,10.7553,11.1377,10.958,11.006,11.0114,11.066,11.3635,11.2283
152522,HDFC NIFTY Realty Index Fund,Index - Equity,11.5972,9.8654,10.2798,10.2749,10.1118,8.7883,8.6424,9.8874,9.1307
152527,DSP US Specific Debt Passive FoF,FoF Overseas,10.5254,10.7924,10.8797,11.2912,11.7761,12.1287,12.4898,12.4852,12.242
152536,Navi NiftyIT Index Fund,Index - Equity,12.3562,11.7001,10.6052,10.4577,10.7087,9.8909,8.5614,8.685,8.2519
152538,PGIM India Retirement Fund,Retirement,11.7028,10.8881,11.5757,12.1417,12.031,11.3513,11.5602,12.3077,11.795
152560,Tata Nifty Auto Index Fund,Index - Equity,10.8572,9.9492,10.2213,11.25,12.266,12.098,11.703,12.5216,11.2956
152567,Tata Nifty MidSmall Healthcare Index Fund,Index - Equity,12.4448,11.8039,12.0595,12.9878,12.7896,12.4089,13.51,14.9788,14.6098
152573,Tata Nifty Realty Index Fund,Index - Equity,10.6152,9.0223,9.3841,9.3564,9.2301,8.0094,7.8694,9.0015,8.3154
152574,Tata Nifty Financial Services Index Fund,Index - Equity,11.1866,10.8731,12.123,12.31,12.7148,12.5028,11.9179,12.1136,11.4813
152582,TRUSTMF Flexi Cap Fund,Flexi Cap,11.768,10.8477,11.017,11.3373,11.5744,11.0945,11.2048,12.1514,11.985
152587,Samco Special Opportunities Fund,Sectoral/Thematic,9.7485,8.0763,8.1352,8.8006,8.651,8.0802,8.2495,8.7777,9.1567
152590,Tata Nifty500 Multicap India Manufacturing 50:30:20 Index Fund,Index - Equity,11.1099,10.2071,10.6315,11.2587,11.6104,11.343,11.6634,12.1798,11.5058
152596,Tata Nifty500 Multicap Infrastructure 50:30:20 Index Fund,Index - Equity,10.6149,9.65,10.3414,10.6583,10.8818,10.4392,10.7326,10.9369,10.2285
152602,HDFC Manufacturing Fund,Sectoral/Thematic,10.6369,9.7072,10.117,10.8769,11.0665,10.7751,11.117,11.7913,11.4392
152606,BANDHAN INNOVATION FUND,Sectoral/Thematic,12.5995,11.5116,11.977,12.9375,13.3627,12.7104,13.442,15.2062,15.2192
152612,JM Small Cap Fund,Small Cap,10.582,9.246,9.556,10.0044,10.0213,9.081,10.0779,11.4784,11.3421
152617,Edelweiss Nifty Alpha Low Volatility 30 Index Fund,Index - Equity,10.6097,9.4796,9.7482,9.8842,10.0014,9.803,9.5242,9.9462,9.2121
152625,Baroda BNP Paribas Retirement Fund,Retirement,10.9365,10.3626,10.7916,11.1126,11.456,11.1795,11.1578,11.5928,11.1939
152632,Axis Nifty Bank Index Fund,Index - Equity,10.5533,10.0481,11.1416,11.3236,11.874,11.8433,11.2033,11.5992,11.1229
152633,Groww Nifty Non-Cyclical Consumer Index Fund,Index - Equity,11.0829,10.1748,10.6288,11.0528,10.9762,10.0594,9.8968,10.273,9.6828
152642,Bajaj Finserv Multi Asset Allocation Fund,Multi Asset Allocation,10.5557,10.1684,10.7009,11.0407,11.8552,12.3086,12.0031,12.2339,11.7907
152643,WhiteOak Capital Special Opportunities Fund,Sectoral/Thematic,12.2151,11.4102,12.1668,12.9083,13.1678,12.6704,13.1255,14.4108,14.0795
152647,Mirae Asset Nifty MidSmallcap400 Momentum Quality 100 ETF Fund of Fund,FoF Domestic,10.6002,9.1356,9.612,9.843,9.7441,9.2953,9.9399,10.2362,9.9035
152653,DSP Nifty Bank Index Fund,Index - Equity,10.5517,10.0401,11.1327,11.3301,11.8751,11.8435,11.218,11.615,11.1419
152658,SBI Automotive Opportunities Fund,Sectoral/Thematic,9.9277,8.9316,9.1872,10.1076,10.9452,11.0808,11.4378,13.011,12.5696
152660,Aditya Birla Sun Life Crisil IBX Gilt June 2027 Index Fund,Index - Equity,10.3726,10.5517,10.8542,11.0177,11.1771,11.3112,11.4383,11.5932,11.6503
152664,Kotak NIFTY 100 Low Volatility 30 Index Fund,Index - Equity,10.5276,10.0036,10.3606,10.8016,11.1047,10.7844,10.4071,10.6994,9.953
152671,Mahindra Manulife Manufacturing Fund,Sectoral/Thematic,9.7698,8.7766,9.2504,9.7789,9.9202,9.6916,10.0631,10.6501,10.2497
152678,Sundaram Business Cycle Fund,Sectoral/Thematic,10.7077,10.0678,10.5051,10.9945,10.9759,10.1933,10.3005,11.2966,10.8673
152682,Helios Financial Services Fund,Sectoral/Thematic,10.8559,10.0711,11.018,11.4737,11.8462,11.396,11.0875,11.5538,10.9583
152686,Aditya Birla Sun Life Quant Fund,Sectoral/Thematic,9.7416,8.7821,9.1562,9.4732,9.861,9.9325,9.8162,10.1806,9.5717
152690,Canara Robeco Balanced Advantage Fund,Balanced Advantage,10.1569,9.6389,10.0323,10.2586,10.46,10.1592,9.9968,10.2334,9.8917
152692,Motilal Oswal Quant Fund,Sectoral/Thematic,10.5661,9.2068,9.325,9.794,9.7896,9.5759,9.6278,9.8145,9.1147
152696,Baroda BNP Paribas Manufacturing Fund,Sectoral/Thematic,9.6925,8.7551,9.1799,9.734,9.9663,10.0472,10.6041,11.0269,10.4364
152703,Kotak Special Opportunities Fund,Sectoral/Thematic,10.0738,9.0056,9.2104,9.5491,9.925,9.3842,10.033,11.1192,11.2567
152711,Motilal Oswal Nifty India Defence Index Fund,Index - Equity,8.508,7.7186,10.1534,10.4236,10.3071,10.2581,11.5845,12.3117,11.7897
152714,HDFC NIFTY100 Low Volatility 30 Index Fund,Index - Equity,10.1114,9.613,9.959,10.384,10.6782,10.3734,10.017,10.2859,9.5736
152717,BANDHAN NIFTY TOTAL MARKET INDEX FUND,Index - Equity,9.9707,9.1877,9.6994,10.0277,10.2496,9.8651,9.7862,10.0909,9.5512
152720,Mirae Asset Nifty200 Alpha 30 ETF Fund of Fund,FoF Domestic,9.4607,8.0513,8.3951,8.7827,8.8304,8.537,8.7988,9.1125,8.7097
152724,Edelweiss Business Cycle Fund,Sectoral/Thematic,9.5173,8.2376,8.5352,8.826,8.914,8.7888,8.717,8.9779,8.7802
152726,ICICI PRUDENTIAL ENERGY OPPORTUNITIES FUND,Sectoral/Thematic,9.8067,9.0729,9.8079,10.1083,10.4072,10.4918,11.3988,11.4774,11.13
152730,Axis Nifty 500 Index Fund,Index - Equity,9.8868,9.1337,9.6593,9.978,10.2244,9.8627,9.7324,10.0099,9.4506
152733,SBI Silver ETF Fund of Fund,FoF Domestic,9.8337,10.122,10.648,12.5619,18.03,27.5156,26.1049,24.021,23.1886
152738,Franklin India Multi Cap Fund,Multi Cap,10.1164,9.2704,9.717,10.2455,10.5615,10.1221,10.171,10.9001,10.6473
152746,Tata Nifty India Tourism Index Fund,Index - Equity,9.927,9.6711,10.2793,10.5162,9.9904,8.7375,8.3793,8.9693,8.5328
152750,Navi Nifty 500 Multicap 50:25:25 Index Fund,Index - Equity,9.8445,8.9852,9.4723,9.8509,10.0044,9.6097,9.6777,10.0547,9.5367
152752,kotak BSE PSU Index Fund,Index - Equity,8.7751,7.7583,8.474,8.614,9.047,9.5424,9.5624,9.2532,8.681
152758,Invesco India Manufacturing Fund,Sectoral/Thematic,10.3839,9.3939,9.6995,10.2835,10.091,9.7593,10.4068,11.5445,11.4817
152765,Kotak Nifty Midcap 50 Index Fund,Index - Equity,9.8107,8.9398,9.5889,9.9872,10.3908,10.0946,10.4013,10.9398,10.2417
152773,Groww Nifty EV & New Age Automotive ETF FOF,FoF Domestic,9.6953,8.5085,8.601,9.1724,9.4674,9.0629,9.1465,9.8075,9.0768
152774,SBI Innovative Opportunities Fund,Sectoral/Thematic,9.8929,9.1732,9.0993,9.7244,9.8856,9.0092,9.0874,10.411,10.3739
152779,HDFC NIFTY500 Multicap 50:25:25 Index Fund,Index - Equity,9.7755,8.9229,9.4296,9.8165,9.9737,9.5707,9.6437,10.033,9.5193
152780,BAJAJ FINSERV LARGE CAP FUND,Large Cap,9.8743,9.1631,9.6522,9.9043,10.2583,10.0684,9.7626,10.084,9.5495
152786,Union Multi Asset Allocation Fund,Multi Asset Allocation,9.9905,9.7773,10.3685,10.7694,11.5639,12.057,11.9053,12.1718,11.8283
152790,Bank of India Business Cycle Fund,Sectoral/Thematic,10.0423,8.6124,8.8646,9.1968,9.2034,8.6188,9.055,9.6051,9.4567
152792,BANDHAN NIFTY BANK INDEX FUND,Index - Equity,10.0845,9.5932,10.6349,10.8067,11.332,11.3021,10.6859,11.0613,10.6047
152800,Aditya Birla Sun Life Nifty India Defence Index Fund,Index - Equity,9.3429,8.4609,11.1078,11.3986,11.2614,11.2052,12.6489,13.4461,12.8881
152804,Axis Consumption Fund,Sectoral/Thematic,9.669,8.8784,9.1342,9.6127,9.7127,9.0561,8.8154,9.2708,8.655
152807,Baroda BNP Paribas Dividend Yield Fund,Dividend Yield,9.5592,8.8586,9.2497,9.4971,9.7326,9.5462,9.3844,9.6948,9.1968
152813,DSP Nifty Top 10 Equal Weight Index Fund,Index - Equity,9.7292,9.379,9.8597,9.7963,10.1497,9.5681,8.8744,8.8155,8.4074
152816,PGIM India Multi Cap Fund,Multi Cap,9.6556,8.8805,9.2825,9.8525,10.0157,9.5547,9.8115,10.5526,10.2833
152824,ITI Large & Mid Cap Fund,Large & Mid Cap,9.8554,8.8603,9.3548,9.6436,9.6914,9.1063,9.3217,9.9527,9.6102
152828,Franklin India Ultra Short Term Fund,Ultra Short Duration,10.1534,10.3184,10.5446,10.7185,10.8803,11.0208,11.1836,11.3683,11.4628
152830,HSBC India Export Opportunities Fund,Sectoral/Thematic,9.9582,9.1523,9.2576,9.6876,9.9574,9.6469,10.1254,11.3875,11.4406
152834,Tata Nifty200 Alpha 30 Index Fund,Index - Equity,9.1817,7.8162,8.1528,8.5329,8.5826,8.3,8.5582,8.871,8.4753
152840,Nippon India Nifty 500 Equal Weight Index Fund,Index - Equity,9.5134,8.4824,8.9456,9.4448,9.3991,8.8805,9.2682,9.7669,9.2683
152843,Bandhan BSE Healthcare Index Fund,Index - Equity,10.0583,9.5216,9.6997,10.1837,10.1295,9.7576,10.4278,11.5348,11.211
152848,Samco Multi Cap Fund,Multi Cap,9.82,9.0895,9.2821,9.52,9.0484,8.4498,8.4095,8.7943,8.8717
152850,WhiteOak Capital Arbitrage Fund,Arbitrage,10.1129,10.2907,10.4781,10.6278,10.7833,10.9523,11.1157,11.2971,11.3908
152853,Franklin India Medium to Long Term Fund,Medium to Long Duration,10.0726,10.2508,10.6419,10.6943,10.8174,10.8691,10.9372,11.1999,11.1358
152856,Bandhan Nifty Midcap 150 Index Fund,Index - Equity,9.6521,8.7504,9.2698,9.7039,9.9498,9.6584,9.9538,10.3487,9.7335
152858,UTI Nifty 200 Quality 30 Index Fund,Index - Equity,9.326,8.4394,8.6904,8.9555,9.1752,8.8181,8.6773,8.8079,8.2164
152862,Invesco India Technology Fund,Sectoral/Thematic,10.1362,9.1935,9.0475,9.6157,9.9016,8.9492,8.9465,9.6391,9.4283
152865,UTI Nifty Private Bank Index Fund,Index - Equity,9.4132,9.0613,10.0559,10.007,10.4251,10.2381,9.7908,10.1336,9.9072
152866,Kotak CRISIL-IBX AAA Financial Services Index-Sep 2027 Fund,Index - Equity,10.1659,10.342,10.6531,10.8494,11.0303,11.1472,11.2917,11.499,11.5871
152872,Kotak Nifty India Tourism Index Fund,Index - Equity,9.3335,9.1044,9.6891,9.9142,9.4163,8.2376,7.9019,8.4617,8.0512
152876,Motilal Oswal Nifty 500 Momentum 50 Index Fund,Index - Equity,9.3523,7.6631,7.9344,8.0795,8.2593,7.8206,8.0121,8.2698,8.0893
152877,Bandhan Business Cycle Fund,Sectoral/Thematic,9.8286,9.1097,9.5737,9.9668,10.1641,9.6256,9.4598,9.8042,9.3513
152883,Nippon India Nifty 500 Momentum 50 Index Fund,Index - Equity,9.3968,7.6927,7.9673,8.0978,8.2803,7.8628,8.0602,8.3672,8.1864
152886,Axis CRISIL-IBX AAA Bond NBFC - Jun 2027 Index Fund,Index - Debt,10.1268,10.2967,10.5888,10.7833,10.9638,11.0881,11.2384,11.4441,11.5385
152890,HDFC NIFTY LargeMidcap 250 Index Fund,Index - Equity,9.6551,8.9258,9.4683,9.8255,10.1033,9.7992,9.7935,10.0838,9.4906
152906,SBI Nifty 500 Index Fund,Index - Equity,9.4219,8.7186,9.2189,9.5274,9.7671,9.426,9.3223,9.5939,9.06
152913,Kotak MNC Fund,Sectoral/Thematic,10.1299,9.3053,9.5548,10.2685,10.6371,10.6258,11.6154,12.4395,12.1925
152914,WhiteOak Capital Digital Bharat Fund,Sectoral/Thematic,10.1114,9.5042,9.6641,10.322,10.6761,9.4542,9.032,10.0862,9.6315
152918,Kotak Nifty Midcap 150 Momentum 50 Index Fund,Index - Equity,9.7956,8.4868,8.9621,9.2203,9.3323,9.0241,9.2653,9.4316,9.0678
152922,LIC MF Manufacturing Fund,Sectoral/Thematic,9.8289,8.7365,9.2418,9.9775,10.0586,9.8164,10.7104,11.4543,11.1833
152927,Groww Nifty India Defence ETF FOF,FoF Domestic,9.6492,8.7627,11.4986,11.8013,11.6532,11.6014,13.121,13.9452,13.3984
152930,Baroda BNP Paribas Nifty200 Momentum 30 Index Fund,Index - Equity,9.1724,7.7422,7.9208,8.0879,8.2973,7.9702,7.937,8.0087,7.6723
152934,ICICI Prudential Nifty200 Value 30 Index Fund,Index - Equity,9.4133,8.5886,9.2163,9.4515,10.2081,11.0665,11.2442,10.9053,10.1802
152940,TRUSTMF SMALL CAP FUND,Small Cap,10.3703,9.3932,9.6038,10.3387,10.7624,10.2568,11.5732,13.2292,13.3917
152943,Helios Large & Mid Cap Fund,Large & Mid Cap,10.2221,9.3142,9.9213,10.6549,11.0528,10.6025,10.753,11.3078,10.8167
152945,Aditya Birla Sun Life Crisil-IBX AAA NBFC-HFC INDEX-Sep 2026 Fund,Index - Equity,10.093,10.2569,10.5234,10.7137,10.8832,11.0251,11.2252,11.4092,
152950,Axis Nifty500 Value 50 Index Fund,Index - Equity,9.903,9.0375,9.5756,9.8861,10.4939,11.2096,11.5267,11.2392,10.5371
152954,Tata Nifty Capital Markets Index Fund,Index - Equity,10.5912,9.3233,10.9511,11.9531,12.4817,12.4709,14.2726,14.4131,13.9425
152963,WhiteOak Capital ESG Best-In-Class Strategy Fund,Sectoral/Thematic,10.1372,9.5948,10.1259,10.4912,10.6397,10.0112,9.6699,10.1264,9.5085
152966,Motilal Oswal Digital India Fund,Sectoral/Thematic,10.4371,9.3399,9.4255,10.2302,10.4598,8.9799,8.6199,10.1287,10.4435
152967,Motilal Oswal Digital India Fund,Sectoral/Thematic,10.4371,9.3399,9.4255,10.2302,10.4599,8.9799,8.62,10.1288,10.4436
152970,Mirae Asset Nifty Total Market Index Fund,Index - Equity,10.0433,9.343,9.8592,10.2032,10.4273,10.0385,9.9659,10.2883,9.7495
152974,Mirae Asset Nifty 50 Index Fund,Index - Equity,9.8946,9.4747,10.0109,10.2641,10.6111,10.2544,9.7765,9.8826,9.285
152978,Mirae Asset Nifty LargeMidcap 250 Index Fund,Index - Equity,9.9772,9.2813,9.8322,10.1973,10.4796,10.156,10.1475,10.4445,9.8224
152988,Edelweiss Nifty500 Multicap Momentum Quality 50 Index Fund,Index - Equity,10.1437,8.6019,8.9143,9.1047,9.172,8.7145,9.0624,8.9798,8.6749
152991,Bandhan Nifty 500 Value 50 Index Fund,Index - Equity,9.8662,8.9958,9.5287,9.8399,10.4445,11.1538,11.4586,11.1635,10.4613
152994,Nippon India CRISIL - IBX AAA Financial Services - Dec 2026 Index Fund,Index - Equity,10.0773,10.2181,10.4977,10.6882,10.8581,10.9831,11.176,11.3771,11.4862
152998,Nippon India CRISIL - IBX AAA Financial Services - Jan 2028 Index Fund,Index - Equity,10.0756,10.2229,10.5437,10.7376,10.9169,11.0275,11.1584,11.3647,11.4393
153001,Baroda BNP Paribas Nifty Midcap 150 Index Fund,Index - Equity,10.1491,9.2589,9.8366,10.3057,10.5499,10.2316,10.5438,10.9599,10.2952
153002,Bandhan Nifty 500 Momentum 50 Index Fund,Index - Equity,9.9754,8.2811,8.5788,8.7104,8.9112,8.451,8.6584,8.9365,8.7381
153006,Groww Gold ETF FOF,FoF Domestic,9.711,10.5862,11.9613,12.7747,15.5402,18.4937,18.3894,18.0886,17.9024
153009,Mirae Asset Gold ETF Fund of Fund,FoF Domestic,9.8484,10.7148,12.1452,12.9871,15.858,18.943,18.8196,18.5335,18.3555
153012,SBI Nifty India Consumption Index Fund,Index - Equity,9.8658,9.3637,9.8277,10.417,10.6914,9.9323,9.7699,10.196,9.4476
153022,Motilal Oswal Nifty MidSmall Healthcare Index Fund,Index - Equity,10.4328,9.7763,9.9808,10.7444,10.5949,10.2799,11.1895,12.4058,12.1002
153024,Motilal Oswal Nifty MidSmall India Consumption Index Fund,Index - Equity,10.6595,9.6889,9.9726,10.3118,10.1366,9.2721,9.1801,9.7318,9.1098
153026,Motilal Oswal Nifty MidSmall Financial Services Index Fund,Index - Equity,10.5943,9.6945,11.1898,11.9798,13.0779,13.2082,13.9264,14.5322,13.5585
153028,Motilal Oswal Nifty MidSmall IT and Telecom Index Fund,Index - Equity,10.7932,9.4975,9.286,9.4,9.7285,8.7687,8.6396,9.3831,9.3097
153033,Aditya Birla Sun Life Crisil-IBX AAA Financial Services Index-Sep 2027 Fund,Index - Equity,10.0483,10.175,10.4788,10.6712,10.8473,10.9643,11.1219,11.3293,11.4165
153036,Shriram Liquid Fund,Liquid,1005.5131,1018.0171,1034.7639,1049.1703,1063.9032,1078.5574,1096.2294,1113.7582,1122.9063
153040,PGIM India Healthcare Fund,Sectoral/Thematic,9.9893,9.3995,9.5618,9.9357,9.9489,9.7288,10.4917,11.9551,11.7533
153042,Franklin India Arbitrage Fund,Arbitrage,10.0289,10.1429,10.3228,10.4706,10.6219,10.8008,10.9487,11.121,11.2167
153046,Invesco India Multi Asset Allocation Fund,Multi Asset Allocation,9.8487,9.97,10.4697,10.9308,11.6833,12.2152,12.1972,12.4354,12.045
153050,Axis CRISIL-IBX AAA Bond Financial Services - Sep 2027 Index Fund,Index - Debt,10.0409,10.1618,10.4834,10.6751,10.8503,10.9648,11.1078,11.2891,
153059,Tata India Innovation Fund,Sectoral/Thematic,10.0829,9.1771,9.2802,9.8387,9.9189,9.265,9.3703,10.1061,9.6639
153061,Nippon India Nifty Realty Index Fund,Index - Equity,10.0643,8.1793,8.5134,8.4975,8.3649,7.2677,7.1491,8.1766,7.551
153066,Nippon India Nifty Auto Index Fund,Index - Equity,9.8414,9.3613,9.6342,10.6022,11.5631,11.4172,11.0661,11.8536,10.6897
153069,ICICI Prudential Equity Minimum Variance Fund,Sectoral/Thematic,9.9169,9.6655,10.2751,10.5133,10.8969,10.6603,10.3563,10.4668,10.01
153072,Bajaj Finserv Consumption Fund,Sectoral/Thematic,10.0582,9.1379,9.3505,9.6849,9.652,8.7633,8.75,9.3126,8.8357
153077,Shriram Multi Sector Rotation Fund,Sectoral/Thematic,9.9626,8.2805,7.8343,7.7413,7.9664,7.7761,7.706,8.0561,7.5982
153080,Aditya Birla Sun Life BSE India Infrastructure Index Fund,Index - Equity,9.7916,8.6315,9.1586,9.227,9.2069,8.978,9.5264,9.1063,8.493
153085,Axis Momentum Fund,Sectoral/Thematic,9.7644,8.5731,8.835,9.1306,9.274,8.8934,8.7626,8.8837,8.58
153087,UTI Nifty Alpha Low-Volatility 30 Index Fund,Index - Equity,10.1032,9.2223,9.4952,9.6359,9.7589,9.5677,9.3028,9.7186,9.0023
153088,UTI Nifty Midcap 150 Index Fund,Index - Equity,10.2853,9.2165,9.7888,10.2625,10.5119,10.2037,10.5275,10.963,10.3154
153091,Samco Arbitrage Fund,Arbitrage,10.025,10.1116,10.2315,10.3243,10.4208,10.5272,10.6182,10.7094,10.7533
153093,Samco Multi Asset Allocation Fund,Multi Asset Allocation,10.04,10.3685,11.4146,11.726,11.848,12.1412,12.0917,12.1382,11.895
153095,Quantum Ethical Fund,Sectoral/Thematic,10.005,9.4187,9.5641,9.9656,9.8359,9.328,9.355,9.8854,9.4217
153096,HDFC Nifty India Digital Index Fund,Index - Equity,9.8605,8.7709,8.6132,9.01,9.3685,8.4345,7.8121,8.4835,8.0957
153100,Groww Multicap Fund,Multi Cap,9.9491,9.0279,9.5557,10.3163,10.6137,10.2639,10.9506,11.9488,11.8982
153104,Franklin India Long Term Fund,Long Duration,9.9923,10.0988,10.4984,10.353,10.5019,10.5386,10.5685,10.8181,10.7378
153107,Mirae Asset Long Term Fund,Long Duration,10.008,10.0738,10.435,10.2666,10.2687,10.2508,10.241,10.4787,10.3347
153111,Union Active Momentum Fund,Sectoral/Thematic,10.0667,8.5265,8.4343,8.6371,8.5328,8.3587,8.9483,9.7988,9.9767
153113,Bandhan Nifty 200 Quality 30 Index Fund,Index - Equity,9.8855,9.116,9.3909,9.6684,9.9019,9.5165,9.3593,9.4931,8.8489
153116,Kotak Transportation & Logistics Fund,Sectoral/Thematic,10.0068,9.3951,9.7663,11.024,11.538,11.123,10.7773,11.7289,11.628
153122,DSP Business Cycle Fund,Sectoral/Thematic,9.988,9.2451,9.6614,10.0221,10.243,10.1065,10.1092,10.3223,9.7517
153127,Aditya Birla Sun Life Conglomerate Fund,Sectoral/Thematic,10.02,9.7748,10.2926,10.621,10.8431,10.2472,10.4348,10.9028,10.0983
153130,Edelweiss CRISIL IBX AAA Financial Services Bond - Jan 2028 Index Fund,Index - Equity,10.0384,10.1498,10.4701,10.6659,10.8476,10.9647,11.0963,11.2994,11.3753
153134,Tata BSE Select Business Groups Index Fund,Index - Equity,9.5228,9.1281,9.4894,9.8148,10.2757,10.0084,10.0567,10.0825,9.3446
153137,Motilal Oswal Nifty Capital Market Index Fund,Index - Equity,9.5733,8.1275,9.5394,10.4287,10.8934,10.8956,12.4758,12.6052,12.182
153140,Bank of India Consumption Fund,Sectoral/Thematic,10.0183,9.5979,10.1869,10.9371,11.1998,10.402,10.3887,11.1102,10.5683
153145,Kotak Nifty 100 Equal Weight Index Fund,Index - Equity,9.9795,9.504,10.0495,10.4376,10.7087,10.4942,10.659,11.0201,10.3543
153148,Kotak Nifty 50 Equal Weight Index Fund,Index - Equity,9.985,9.8045,10.3316,10.7091,11.1248,10.9725,10.8754,11.0945,10.3963
153153,SBI Quant Fund,Sectoral/Thematic,9.9843,9.2953,9.4403,9.5436,9.9631,10.215,9.6835,9.6492,8.8593
153155,Bajaj Finserv Healthcare Fund,Sectoral/Thematic,10.088,9.2522,9.3006,9.7895,9.7867,9.3666,10.107,11.5491,11.3072
153162,ICICI Prudential Nifty 500 Index Fund,Index - Equity,10.029,9.4866,10.0208,10.3543,10.5993,10.224,10.1022,10.3903,9.8042
153170,Baroda BNP Paribas Children's Fund,Children's,10.0297,9.5944,10.0753,10.5864,11.0433,10.8202,10.7538,11.1483,10.6307
153174,Axis CRISIL-IBX AAA Bond NBFC-HFC - Jun 2027 Index Fund,Index - Debt,10.0119,10.1155,10.4069,10.6019,10.7785,10.9066,11.059,11.2351,
153177,Aditya Birla Sun Life Crisil-IBX Financial Services 3 to 6 months Debt Index Fund,Index - Equity,10.0142,10.1171,10.3353,10.5018,10.6657,10.8041,10.9991,11.2021,11.3063
153181,ICICI Prudential Rural Opportunities Fund,Sectoral/Thematic,,9.8212,10.6764,11.2632,11.5841,11.2437,10.7748,10.9694,10.18
153188,Motilal Oswal Arbitrage Fund,Arbitrage,10.0112,10.0886,10.2611,10.4279,10.579,10.7486,10.8948,11.0517,11.133
153190,WhiteOak Capital Quality Equity Fund,Sectoral/Thematic,,9.8109,10.2376,10.5254,10.6355,10.0099,9.7437,10.3288,9.659
153194,Mirae Asset Nifty India New Age Consumption ETF Fund of Fund,FoF Domestic,,8.8309,9.1816,9.8065,9.9085,9.0854,8.9681,9.7544,9.0995
153198,Mirae Asset Small Cap Fund,Small Cap,,9.6473,10.5387,11.4339,11.5986,11.0778,11.4635,12.442,12.294
153202,Bajaj Finserv ELSS - Tax Saver Fund,ELSS,,10.1087,10.8879,11.137,11.387,10.9501,11.1473,11.5523,11.0575
153205,UTI Quant Fund,Sectoral/Thematic,,9.6108,10.2011,10.5047,10.6521,10.1729,10.1093,10.3585,9.8472
153211,Bajaj Finserv Gilt Fund,Gilt,,1009.4324,1045.503,1030.9701,1031.5064,1028.6869,1038.7396,1063.3346,1059.8918
153212,Bandhan Nifty Alpha Low Volatility 30 Index Fund,Index - Equity,,9.5242,9.9664,10.0956,10.2214,10.0188,9.7304,10.1617,9.4115
153216,DSP BSE SENSEX Next 30 Index Fund,Index - Equity,,9.9077,10.6869,11.1258,11.4325,11.5053,11.831,12.1036,11.2895
153221,Kotak Nifty SmallCap 250 Index Fund,Index - Equity,,9.6306,10.5031,11.1483,10.8898,10.1354,10.8019,11.7127,11.388
153226,Baroda BNP Paribas Energy Opportunities Fund,Sectoral/Thematic,,10.1842,11.0552,11.31,11.4425,11.5218,12.0546,11.5968,11.0154
153232,Groww Nifty India Railways PSU Index Fund,Index - Equity,,9.1479,10.0285,9.7724,9.3261,8.7832,8.3769,7.6622,6.9555
153238,Samco Large Cap Fund,Large Cap,,9.99,9.8854,9.7632,9.497,9.1903,9.1407,8.916,8.5033
153240,Union Short Term Fund,Ultra Short Duration,,10.0495,10.3295,10.4784,10.6309,10.6971,10.8003,10.9848,11.0108
153245,Axis Nifty500 Momentum 50 Index Fund,Index - Equity,,9.6139,10.5763,10.7401,10.9796,10.4157,10.6824,11.0215,10.7787
153248,LIC MF Multi Asset Allocation Fund,Multi Asset Allocation,,10.1265,10.8531,11.308,12.0039,11.9645,11.8895,12.1666,11.875
153253,SBI Nifty Bank Index Fund,Index - Equity,,9.7968,10.8815,11.066,11.6145,11.5957,10.991,11.3897,10.9262
153255,Edelweiss Consumption Fund,Sectoral/Thematic,,10.0089,10.7314,11.2326,11.5077,10.7565,10.6256,11.0787,10.3706
153256,Motilal Oswal Innovation Opportunities Fund,Sectoral/Thematic,,10.2789,11.4231,12.7072,12.8907,11.7619,12.6957,14.4748,14.2158
153263,ITI Bharat Consumption Fund,Sectoral/Thematic,,10.1325,10.8485,11.4339,11.5705,10.8543,10.8356,11.6646,11.1609
153265,HDFC Nifty100 Quality 30 Index Fund,Index - Equity,,9.7651,10.387,10.7356,11.0373,10.7118,10.5001,10.7372,10.1131
153267,HSBC Financial Services fund,Sectoral/Thematic,,10.2315,11.1216,11.4388,11.8966,11.9409,12.065,12.5501,11.8503
153271,UTI Nifty India Manufacturing Index Fund,Index - Equity,,9.9015,10.6501,11.2711,11.7421,11.74,12.0334,12.4888,11.7028
153273,UTI Nifty Midsmallcap 400 Momentum Quality 100 Index Fund,Index - Equity,,9.7492,10.8805,11.1408,11.0439,10.5468,11.284,11.6387,11.2619
153276,Nippon India Active Momentum Fund,Sectoral/Thematic,,10.365,11.1611,11.6342,11.8851,11.7761,12.0309,12.9391,12.2241
153284,Kotak BSE Sensex Index Fund,Index - Equity,,9.8915,10.5956,10.8158,11.1786,10.7154,10.0981,10.2131,9.6425
153288,Invesco India Business Cycle Fund,Sectoral/Thematic,,10.0755,11.3015,12.5697,12.8234,12.1297,12.9015,14.2628,13.73
153293,Bank of India Money Market Fund,Money Market,,10.0531,10.2513,10.4125,10.5631,10.691,10.8558,11.048,11.1463
153304,Mahindra Manulife Value Fund,Value,,10.2839,10.9783,11.3246,11.7144,11.7763,12.0864,12.5653,11.8496
153307,Bajaj Finserv Multi Cap Fund,Multi Cap,,10.154,10.8716,11.2037,11.3232,11.0573,11.3998,12.1617,11.7953
153311,Kotak CRISIL- IBX AAA Bond Financial Services Index - Dec 2026 Fund,Index - Equity,,10.0473,10.2726,10.4513,10.6113,10.7311,10.9155,11.1108,11.2184
153323,SBI Nifty IT Index Fund,Index - Equity,,9.1783,9.0661,8.9345,9.1685,8.4671,7.3258,7.4452,7.0686
153327,Helios Mid Cap Fund,Mid Cap,,10.26,11.057,12.154,12.7641,11.9275,12.6135,13.7735,13.2667
153331,ANGEL ONE NIFTY TOTAL MARKET INDEX FUND,Index - Equity,,10.4455,11.2435,11.6304,11.8835,11.4384,11.3558,11.7193,11.098
153334,Edelweiss CRISIL IBX AAA Bond NBFC HFC Jun 2027 Index Fund,Index - Equity,,10.0411,10.2843,10.4798,10.6591,10.7877,10.9387,11.1448,11.2413
153338,Union Gold ETF Fund of Fund,FoF Domestic,,10.3308,11.1264,11.8728,14.3909,17.2193,17.1369,16.8794,16.7111
153342,Groww Nifty 200 ETF FOF,FoF Domestic,,10.4644,11.2855,11.5822,11.9389,11.5609,11.3178,11.5025,10.8331
153347,DSP Nifty Private Bank Index Fund,Index - Equity,,10.2109,11.1736,11.1136,11.566,11.357,10.8537,11.2296,10.9823
153349,Bandhan Nifty Next 50 Index Fund,Index - Equity,,10.6505,11.4749,11.8407,12.048,11.7965,12.1705,12.701,12.0158
153351,Kotak Nifty Commodities Index Fund,Index - Equity,,10.4956,10.6955,11.045,11.4867,11.9775,12.5144,12.1879,11.335
153356,WhiteOak Capital Equity Savings Fund,Equity Savings,,10.1169,10.405,10.794,11.1703,11.2039,11.2082,11.5196,11.4307
153363,Navi Nifty Smallcap250 Momentum Quality 100 Index Fund,Index - Equity,,10.4813,11.1994,11.6027,11.2558,10.3843,11.068,11.974,11.8656
153365,Motilal Oswal Active Momentum Fund,Sectoral/Thematic,,9.9478,10.3178,11.1719,12.1351,11.7326,12.6822,14.0261,14.5407
153371,Franklin India Ultra Short to Short Term Fund,Low Duration,,10.0316,10.2136,10.3879,10.5517,10.6877,10.844,11.0158,11.0924
153375,Kotak CRISIL-IBX Financial Services 3-6 Months Debt Index Fund,Index - Equity,,10.0329,10.1723,10.3304,10.4901,10.6238,10.8117,11.0035,11.0997
153377,UNIFI DYNAMIC ASSET ALLOCATION FUND,Balanced Advantage,,10.0254,10.1692,10.3303,10.5131,10.7037,10.874,11.123,11.2588
153382,Mirae Asset BSE 200 Equal Weight ETF Fund of Fund,FoF Domestic,,10.2991,10.8264,11.1215,11.4069,11.1221,11.284,11.6767,10.9993
153387,Mirae Asset BSE Select IPO ETF Fund of Fund,FoF Domestic,,10.4701,11.3347,12.0757,11.7764,10.4251,10.5388,11.6145,11.1798
153391,Bandhan CRISIL-IBX 10:90 Gilt Plus SDL Index - Dec 2029 Fund,Index - Equity,,10.0524,10.359,10.4624,10.588,10.6966,10.7764,10.9575,
153396,ICICI Prudential Nifty EV & New Age Automotive ETF FOF,FoF Domestic,,,10.8702,11.3891,11.7706,11.2456,11.3494,12.1748,11.2089
153399,Kotak Nifty Midcap 150 Index Fund,Index - Equity,,9.9335,10.5197,11.017,11.2848,10.9515,11.2945,11.7662,11.0745
153404,HDFC Nifty Top 20 Equal Weight Index Fund,Index - Equity,,9.9261,10.2211,10.4072,10.8996,10.4642,9.7809,10.0233,9.4469
153408,Bandhan CRISIL-IBX Financial Services 3-6 Months Debt Index Fund,Index - Equity,,10.0289,10.1632,10.3233,10.4716,10.5864,10.7581,10.9387,11.0315
153409,ICICI Prudential CRISIL-IBX Financial Services 3-6 Months Debt Index Fund,Index - Equity,,10.0174,10.1452,10.3069,10.473,10.6147,10.8111,11.0099,11.1111
153419,Edelweiss Ultra Short to Short Term Fund,Low Duration,,1002.8401,1016.6892,1031.7997,1045.6989,1056.9633,1071.1118,1088.7368,1096.0968
153425,Tata BSE Quality Index Fund,Index - Equity,,,10.7783,11.0406,11.2116,10.9686,11.2949,11.3105,10.5547
153428,quant Arbitrage Fund,Arbitrage,,,10.0841,10.2305,10.399,10.583,10.7537,10.9409,11.0339
153434,SBI BSE PSU BANK INDEX FUND,Index - Equity,,10.0714,10.7964,11.3768,13.1556,14.3032,13.4751,13.4707,12.8468
153441,UTI Income Plus Arbitrage Active Fund of Fund,FoF Domestic,,,10.1296,10.254,10.4012,10.5105,10.633,10.8129,10.8573
153445,Aditya Birla Sun Life Crisil-IBX Financial Services 9-12 Months Debt Index Fund,Index - Equity,,10.0204,10.1719,10.3482,10.5075,10.6289,10.7792,10.9793,11.0699
153449,Kotak Energy Opportunities Fund,Sectoral/Thematic,,,10.1817,10.1849,10.2279,10.089,10.6537,10.5956,10.2118
153456,Groww Nifty 500 Momentum 50 ETF FOF,FoF Domestic,,,10.4654,10.4017,10.6272,10.0806,10.3291,10.6606,10.4184
153459,ICICI Prudential Quality Fund,Sectoral/Thematic,,,10.1369,10.2006,10.4659,10.1693,10.0502,10.6168,10.2617
153463,Kotak Nifty Top 10 Equal Weight Index Fund,Index - Equity,,,10.1961,9.9706,10.3317,9.7343,9.0281,8.9676,8.5495
153466,Canara Robeco Multi Asset Allocation Fund,Multi Asset Allocation,,,10.0525,10.1975,10.707,10.899,10.7945,11.2071,10.865
153472,Nippon India Nifty 500 Quality 50 Index Fund,Index - Equity,,,10.845,10.8107,10.7131,10.1956,10.7709,10.8783,10.1434
153475,Nippon India Nifty 500 Low Volatility 50 Index Fund,Index - Equity,,,10.3189,10.5482,10.9795,10.7711,10.5118,10.6513,9.9653
153480,Bajaj Finserv Nifty Next 50 Index Fund,Index - Equity,,,10.7002,10.7815,10.9703,10.7095,11.0151,11.4963,10.8828
153482,Motilal Oswal Infrastructure Fund,Sectoral/Thematic,,,11.0469,11.6699,12.2466,11.8838,12.6237,12.647,12.4593
153486,DSP Silver ETF Fund of Fund,FoF Domestic,,,10.8523,12.4079,17.7274,26.8502,25.4795,23.443,22.6021
153495,Edelweiss BSE Internet Economy Index Fund,Index - Equity,,,10.3371,10.7899,11.1688,10.1251,10.158,11.2986,10.9199
153500,SBI Income Plus Arbitrage Active FOF,FoF Domestic,,,10.0607,10.1425,10.2959,10.4041,10.5305,10.7139,10.7685
153503,Groww Gilt Fund,Gilt,,,9.9751,9.8355,9.8471,9.8164,9.8007,9.9056,9.8752
153508,Bajaj Finserv Nifty 50 Index Fund,Index - Equity,,,10.0822,10.1155,10.4515,10.0478,9.6059,9.7041,9.116
153511,Tata Income Plus Arbitrage Active FOF,FoF Domestic,,,10.0209,10.087,10.2266,10.3303,10.4403,10.6185,10.6557
153516,UTI Multi Cap Fund,Multi Cap,,,10.1189,10.2761,10.5341,10.1382,10.0386,10.5824,10.2463
153518,HDFC CRISIL-IBX Financial Services 3-6 Months Debt Index Fund,Index - Equity,,,10.0564,10.1929,10.358,10.5026,10.6969,10.8978,10.9996
153527,Groww Silver ETF FOF,FoF Domestic,,,10.5912,11.8555,16.6075,24.9176,23.7735,21.9102,21.1521
153530,ANGEL ONE NIFTY 50 INDEX FUND,Index - Equity,,,10.1588,10.1797,10.5256,10.1683,9.7003,9.8074,9.2182
153533,Samco Large & Mid Cap Fund,Large & Mid Cap,,,10.19,9.6092,9.2611,9.006,8.9685,8.8208,8.5633
153541,Baroda BNP Paribas Income Plus Arbitrage Active Fund of Funds,FoF Domestic,,,10.0239,10.1082,10.2695,10.3719,10.5083,10.7104,10.7657
153542,UNIFI FLEXI CAP FUND,Flexi Cap,,,10.1186,10.1157,10.2483,9.9229,10.0091,10.5553,10.3562
153544,ICICI Prudential Nifty200 Quality 30 Index Fund,Index - Equity,,,9.9744,9.9327,10.1726,9.7832,9.6274,9.7687,9.1078
153548,Baroda BNP Paribas Multi Asset Active Fund of Funds,FoF Domestic,,,10.0546,10.1777,10.7586,11.1796,11.1819,11.302,11.1807
153554,SBI Nifty200 Quality 30 Index Fund,Index - Equity,,,10.124,10.0853,10.3372,9.9431,9.7855,9.9321,9.2619
153561,Motilal Oswal Services Fund,Sectoral/Thematic,,,10.0596,10.2455,10.8447,10.1999,10.4665,11.5999,11.721
153566,Nippon India BSE Sensex Next 30 Index Fund,Index - Equity,,,9.9556,10.0304,10.3172,10.3939,10.7004,10.9456,10.2111
153571,UNIFI LIQUID FUND,Liquid,,,1002.1069,1010.8005,1025.7248,1040.0986,1056.4043,1070.333,1077.9873
153573,Union Income Plus Arbitrage Active FOF,FoF Domestic,,,9.9766,10.017,10.1193,10.1821,10.2618,10.4452,10.4586
153580,Tata Nifty Midcap 150 Index Fund,Index - Equity,,,10.3516,10.1947,10.4332,10.1144,10.4237,10.8453,10.1972
153588,DSP Nifty IT Index Fund,Index - Equity,,,9.9539,9.2613,9.483,8.754,7.5734,7.7016,7.3237
153592,DSP Nifty Healthcare Index Fund,Index - Equity,,,10.1023,10.3483,10.434,10.2216,10.7187,11.6675,11.2569
153597,Motilal Oswal BSE 1000 Index Fund,Index - Equity,,,,9.9312,10.138,9.7426,9.6649,9.9911,9.4811
153601,Nippon India Income Plus Arbitrage Active Fund of Fund,FoF Domestic,,,10.0167,10.086,10.2363,10.3433,10.4674,10.6578,10.7035
153602,Baroda BNP Paribas Health and Wellness Fund,Sectoral/Thematic,,,,9.8793,9.592,9.3269,9.7273,10.6705,10.3393
153609,Bajaj Finserv Small Cap Fund,Small Cap,,,,9.6346,9.6129,9.1447,9.9329,11.0154,10.9413
153613,ICICI Prudential Nifty Top 15 Equal Weight Index Fund,Index - Equity,,,9.9852,9.8298,10.387,9.9083,9.2471,9.3003,8.7186
153619,HDFC INNOVATION FUND,Sectoral/Thematic,,,,10.0866,10.3287,9.827,10.2672,11.5677,11.4695
153621,Axis Services Opportunities Fund,Sectoral/Thematic,,,,9.9735,10.0902,9.3402,9.2595,9.856,9.1617
153627,JM Large & Mid Cap Fund,Large & Mid Cap,,,,10.1573,10.4375,9.9241,9.9621,10.6208,10.1767
153633,Groww Nifty India Internet ETF FOF,FoF Domestic,,,,10.4918,10.7176,9.2191,8.9268,10.2851,9.9476
153636,Mirae Asset CRISIL-IBX Financial Services 9-12 Months Debt Index Fund,Index - Debt,,,10.006,10.0891,10.2407,10.3573,10.5071,10.7015,10.7801
153640,Mirae Asset Income plus Arbitrage Active FOF,FoF Domestic,,,,10.0684,10.2163,10.3366,10.4488,10.6132,10.6283
153645,TRUSTMF MULTI CAP FUND,Multi Cap,,,,10.0809,10.4269,10.1155,10.5828,11.6586,11.495
153652,Union Ultra Short to Short Term Fund,Low Duration,,,,10.0543,10.1814,10.2799,10.3973,10.5618,10.6213
153659,KOTAK NIFTY 200 QUALITY 30 INDEX FUND,Index - Equity,,,,9.9209,10.2007,9.8102,9.6594,9.8155,9.1563
153663,SBI Nifty200 Momentum 30 Index Fund,Index - Equity,,,,9.6714,9.9945,9.6268,9.5951,9.685,9.2828
153667,Sundaram Multi-Factor Fund,Sectoral/Thematic,,,,10.0224,10.3547,10.1092,9.8221,9.7166,9.207
153675,MahindraManulife Banking & Financial Services Fund,Sectoral/Thematic,,,,9.8511,10.4318,10.5298,10.3041,10.7434,10.1382
153676,ICICI Prudential Nifty Private Bank Index Fund,Index - Equity,,,,9.6354,10.1198,9.9416,9.5106,9.8412,9.6239
153683,Kotak Nifty AAA Bond Financial Services Mar 2028 Index Fund,Index - Equity,,,,10.0595,10.221,10.3188,10.4293,10.6192,10.6819
153685,ICICI Prudential Active Momentum Fund,Sectoral/Thematic,,,,10.0159,10.382,10.4222,10.5777,10.8528,10.5117
153691,Nippon India MNC Fund,Sectoral/Thematic,,,,10.2545,10.691,10.3985,10.3889,10.743,9.9994
153695,Invesco India Income Plus Arbitrage Active Fund of Fund,FoF Domestic,,,,1003.1439,1016.4998,1026.2508,1037.9369,1056.6454,1058.399
153700,360 ONE Overnight Fund,Overnight,,,,1006.2309,1019.2473,1032.49,1045.4049,1058.5245,1065.8922
153707,quant Equity Savings Fund,Equity Savings,,,,10.0429,10.1288,10.0767,10.2685,10.7264,10.653
153710,Groww Nifty 50 Index Fund,Index - Equity,,,,9.9048,10.2674,9.9087,9.4455,9.5408,8.9623
153713,Edelweiss Income Plus Arbitrage Omni Fund of Funds,FoF Domestic,,,,10.0357,10.1723,10.2788,10.4036,10.5742,10.6466
153716,SBI Nifty100 Low Volatility 30 Index Fund,Index - Equity,,,,10.2345,10.4964,10.2034,9.8505,10.1178,9.413
153721,Bandhan Multi-Factor Fund,Sectoral/Thematic,,,,9.87,10.1131,10.3613,9.8628,9.7727,8.9535
153726,BANK OF INDIA MID CAP FUND,Mid Cap,,,,9.9936,9.9293,9.456,9.9942,10.4106,10.195
153733,Franklin India Multi Asset Allocation Fund,Multi Asset Allocation,,,,10.0628,10.5336,10.9283,10.8012,10.9867,10.4761
153735,Aditya Birla Sun Life BSE 500 Momentum 50 Index Fund,Index - Equity,,,,10.2542,10.4051,10.2217,10.2367,10.7918,10.475
153739,Capitalmind Flexi Cap Fund,Flexi Cap,,,,9.8712,10.0602,10.046,9.8495,10.147,9.9103
153742,Aditya Birla Sun Life BSE 500 Quality 50 Index Fund,Index - Equity,,,,10.3343,10.4517,10.1759,10.5929,10.7464,10.1527
153748,Groww BSE Power ETF FOF,FoF Domestic,,,,10.0753,10.126,10.2182,12.1252,11.5992,10.8889
153751,Motilal Oswal Special Opportunities Fund,Sectoral/Thematic,,,,10.3115,10.6828,10.2299,11.041,12.1385,12.5337
153756,Kotak Active Momentum Fund,Sectoral/Thematic,,,,10.0603,10.2651,10.1955,10.2681,10.9359,10.4105
153769,Bajaj Finserv Equity Savings Fund,Equity Savings,,,,10.0254,10.1046,10.1827,10.3123,10.4173,10.3742
153772,360 ONE Multi Asset Allocation Fund,Multi Asset Allocation,,,,10.3081,11.1457,11.9105,11.9656,12.1987,11.9737
153779,Edelweiss Multi Asset Omni Fund of Fund,FoF Domestic,,,,10.2214,10.7752,11.2814,11.2365,11.4558,11.044
153784,Kotak Nifty Alpha 50 Index Fund,Index - Equity,,,,9.8959,9.9134,9.5041,9.9708,10.6508,10.4705
153794,Baroda BNP Paribas Gold ETF Fund of Fund,FoF Domestic,,,,10.9526,12.6601,15.1033,14.9817,14.7309,14.5929
153798,Groww Nifty Next 50 Index Fund,Index - Equity,,,,10.0229,10.162,9.9472,10.2586,10.7064,10.1427
153802,DSP Nifty500 Flexicap Quality 30 Index Fund,Index - Equity,,,,10.2272,10.3582,9.6641,9.3247,9.5972,9.0256
153805,TRUSTMF ARBITRAGE FUND,Arbitrage,,,,10.0177,10.1112,10.2642,10.3928,10.5371,10.6192
153809,Nippon India Nifty India Manufacturing Index Fund,Index - Equity,,,,10.3236,10.5342,10.5411,10.8132,11.2231,10.5192
153814,Mirae Asset Gold Silver Passive FoF,FoF Domestic,,,,10.7986,13.2592,17.7079,17.2634,16.4994,16.1518
153818,Mirae Asset Multi Factor Passive FOF,FoF Domestic,,,,10.2763,10.5028,10.3384,10.5051,10.7362,10.2368
153822,Union Diversified Equity All Cap Active FOF,FoF Domestic,,,,9.7487,9.945,9.6413,9.9873,10.752,10.4513
153828,ANGEL ONE GOLD ETF FOF,FoF Domestic,,,,10.2082,11.4677,13.7128,13.6406,13.4176,13.2771
153830,Axis Nifty500 Quality 50 Index Fund,Index - Equity,,,,9.9819,9.8647,9.3946,9.9469,10.0638,9.3746
153831,SBI Dynamic Asset Allocation Active FoF,FoF Domestic,,,,9.9674,10.1431,10.0052,9.9528,10.2678,9.9981
153839,Bandhan BSE India Sector Leaders Index Fund,Index - Equity,,,,9.7678,10.0668,9.6143,9.4044,9.5868,9.009
153844,Baroda BNP Paribas Business Conglomerates Fund,Sectoral/Thematic,,,,10.0061,10.21,9.9115,9.6975,10.0291,9.2762
153851,Groww Multi Asset Allocation Fund,Multi Asset Allocation,,,,,10.1569,10.2669,10.0638,10.1844,9.8138
153855,Tata Nifty Next 50 Index Fund,Index - Equity,,,,,10.118,9.8987,10.2009,10.6516,10.0787
153861,HDFC Diversified Equity All Cap Active FOF,FoF Domestic,,,,10.012,10.254,9.9311,9.7038,10.0974,9.5927
153865,ICICI Prudential Conglomerate Fund,Sectoral/Thematic,,,,,9.9365,9.836,9.9072,10.3217,9.6717
153869,Samco Small Cap Fund,Small Cap,,,,,9.9125,9.5772,10.1932,11.5346,12.4317
153870,The Wealth Company Flexi Cap Fund,Flexi Cap,,,,,10.079,9.7309,9.779,9.9516,9.3798
153877,Kotak CRISIL-IBX Financial Services 9 to 12 Months Debt Index Fund,Index - Equity,,,,10.0145,10.0923,10.2079,10.3547,10.5496,10.6355
153880,Axis CRISIL-IBX Financial Services 3-6 Months Debt Index Fund,Index - Debt,,,,10.0126,10.0933,10.2254,10.4116,10.5973,10.6938
153888,The Wealth Company Liquid Fund,Liquid,,,,,1007.0619,1020.3704,1037.3959,1054.3305,1063.2961
153892,The Wealth Company Arbitrage Fund,Arbitrage,,,,,10.0665,10.2015,10.3379,10.4858,10.5623
153897,THE WEALTH COMPANY ETHICAL FUND,Sectoral/Thematic,,,,,9.8986,9.4586,9.4764,9.7264,9.2644
153902,Invesco India Consumption Fund,Sectoral/Thematic,,,,,9.817,9.221,9.5582,10.7648,10.655
153909,Helios Small Cap Fund,Small Cap,,,,,9.8204,9.1648,9.9995,11.2878,11.18
153916,Motilal Oswal Consumption Fund,Sectoral/Thematic,,,,,9.8219,8.8974,9.2279,10.8991,10.9964
153918,Groww Nifty Capital Markets ETF FOF,FoF Domestic,,,,,9.8881,9.8834,11.3278,11.412,11.0354
153922,Kotak Gold Silver Passive FOF,FoF Domestic,,,,,11.8846,16.1116,15.7006,14.9294,14.5715
153927,Axis Income Plus Arbitrage Passive FOF,FoF Domestic,,,,,10.0403,10.1369,10.2814,10.4573,10.5418
153935,Bajaj Finserv Banking and Financial Services Fund,Sectoral/Thematic,,,,,9.9822,9.7941,9.5394,9.8782,9.3377
153943,Franklin India Multi-Factor Fund,Sectoral/Thematic,,,,,9.9531,9.6642,9.3985,9.4653,8.8675
153950,LIC MF Consumption Fund,Sectoral/Thematic,,,,,9.9555,9.3997,9.3536,9.7457,9.1899
153953,Groww Nifty Midcap 150 Index Fund,Index - Equity,,,,,9.9177,9.5754,9.8722,10.2724,9.6508
153955,ANGEL ONE NIFTY TOTAL MARKET MOMENTUM QUALITY 50 INDEX FUND,Index - Equity,,,,,9.7467,9.4894,10.0092,10.1284,9.8227
153958,HDFC BSE India Sector Leaders Index Fund,Index - Equity,,,,,9.8887,9.4381,9.2428,9.4292,8.8662
153963,Axis Multi-Asset Omni FoF,FoF Domestic,,,,,10.1619,10.2835,10.3152,10.7068,10.4882
153969,Kotak Rural Opportunities Fund,Sectoral/Thematic,,,,,10.0691,9.9579,9.6036,9.6658,9.049
153974,Bandhan Healthcare Fund,Sectoral/Thematic,,,,,9.8316,9.4976,9.999,11.1188,10.8032
153977,Old Bridge Arbitrage Fund,Arbitrage,,,,,10.0341,10.1505,10.2689,10.4207,10.4991
153985,Mirae Asset Infrastructure Fund,Sectoral/Thematic,,,,,9.9578,9.9369,10.604,11.2159,11.0473
153988,PGIM India Multi Asset Allocation Fund,Multi Asset Allocation,,,,,10.0985,10.3732,10.2753,10.5057,10.1633
153992,Groww Money Market Fund,Money Market,,,,,10.0312,10.1115,10.2324,10.3884,10.4722
154002,The Wealth Company Multi Asset Allocation Fund,Multi Asset Allocation,,,,,10.0808,10.3222,10.557,10.7679,10.615
154006,Mahindra Manulife Income Plus Arbitrage Active FOF,FoF Domestic,,,,,10.0119,10.0815,10.2133,10.4032,10.4376
154010,Capitalmind Liquid Fund,Liquid,,,,,1004.1216,1013.9645,1030.6653,1046.6531,1055.3695
154012,DSP Nifty Midcap 150 Index Fund,Index - Equity,,,,,10.0938,9.7679,10.0638,10.4735,9.846
154016,DSP Nifty Smallcap 250 Index Fund,Index - Equity,,,,,10.1114,9.6274,10.2491,11.1065,10.8019
154022,Union Consumption Fund,Sectoral/Thematic,,,,,9.9975,9.2877,9.1187,9.7663,9.4383
154026,Navi Nifty Midsmallcap 400 Index Fund,Index - Equity,,,,,10.1533,9.7901,10.1749,10.7169,10.1922
154030,Kotak Nifty500 Momentum 50 Index Fund,Index - Equity,,,,,10.0181,9.6134,9.8608,10.192,9.9755
154041,Abakkus Flexi Cap Fund,Flexi Cap,,,,,10.0225,9.8122,10.2567,11.081,10.6613
154047,Abakkus Liquid Fund,Liquid,,,,,100.1775,100.9599,102.3658,103.954,104.8155
154057,Groww Multi Asset Omni FOF,FoF Domestic,,,,,9.9987,9.8313,9.9761,10.3558,9.993
154064,Tata BSE Multicap Consumption 50:30:20 Index Fund,Index - Equity,,,,,,9.3562,9.2552,9.7469,9.0979
154075,Edelweiss Silver ETF Fund of Fund,FoF Domestic,,,,,9.9348,11.3055,10.701,9.8607,9.5248
154077,Axis Gold and Silver Passive FOF,FoF Domestic,,,,,,11.4674,11.2398,10.7551,10.5356
154090,DSP Nifty 500 Index Fund,Index - Equity,,,,,,9.4694,9.375,9.6443,9.1084
154095,Bank of India Banking & Financial Services Fund,Sectoral/Thematic,,,,,,9.7842,9.6335,9.7517,9.145
154099,Kotak Dividend Yield Fund,Dividend Yield,,,,,,9.6696,9.4881,9.6655,9.0523
154102,Groww Small Cap Fund,Small Cap,,,,,,9.8559,10.8848,12.3776,12.7476
154107,Edelweiss Financial Services Fund,Sectoral/Thematic,,,,,,9.3508,9.305,9.4746,8.947
154113,Motilal Oswal Diversified Equity Flexicap Passive Fund of Funds,FoF Domestic,,,,,,9.8732,10.2019,10.6897,10.2034
154115,Samco Mid Cap Fund,Mid Cap,,,,,,9.5194,9.7888,9.9432,9.56
154120,Mahindra Manulife Innovation Opportunities Fund,Sectoral/Thematic,,,,,,9.8504,10.3027,10.9925,10.4202
154127,Sundaram Income Plus Arbitrage Active FoF,FoF Domestic,,,,,,10.0635,10.1818,10.3519,10.4109
154130,Bandhan Gold ETF FOF,FoF Domestic,,,,,,10.1425,9.8438,9.6838,9.592
154133,The Wealth Company Gold ETF FOF,FoF Domestic,,,,,,9.7234,9.5375,9.397,9.311
154135,Bandhan Silver ETF FOF,FoF Domestic,,,,,,8.4048,8.0352,7.4114,7.1543
154137,Motilal Oswal Financial Services Fund,Sectoral/Thematic,,,,,,9.5267,9.8783,10.6222,10.3348
154143,Shriram Money Market Fund,Money Market,,,,,,1006.0234,1018.526,1035.6215,1044.5397
154148,Kotak Nifty200 Value 30 Index Fund,Index - Equity,,,,,,9.8167,9.9055,9.6156,8.9782
154151,Kotak Services Fund,Sectoral/Thematic,,,,,,9.8788,10.0769,10.4319,9.969
154154,Parag Parikh Large Cap Fund,Large Cap,,,,,,9.5545,9.4104,9.5849,9.0311
154159,ITI Business Cycle Fund,Sectoral/Thematic,,,,,,9.8067,10.2562,10.5458,10.3192
154162,WhiteOak Capital Consumption Opportunities Fund,Sectoral/Thematic,,,,,,9.2972,9.5622,10.3064,9.8528
154165,DSP Multi Asset Omni Fund of Funds,FoF Domestic,,,,,,9.7157,9.835,10.0242,9.6999
154170,Axis BSE India Sector Leaders Index Fund,Index - Equity,,,,,,9.2808,9.3481,9.5274,8.9535
154173,Groww Nifty PSE ETF FOF,FoF Domestic,,,,,,9.778,9.9553,9.4722,8.9436
154175,SBI Quality Fund,Sectoral/Thematic,,,,,,9.5582,9.9715,10.6858,10.4204
154180,HDFC Nifty India Consumption Index Fund,Index - Equity,,,,,,9.2755,9.4741,9.8873,9.1722
154183,The Wealth Company Balanced Advantage Fund,Balanced Advantage,,,,,,9.722,9.8917,9.9876,9.5821
154189,Mirae Asset BSE India Defence ETF FOF,FoF Domestic,,,,,,9.7,10.9498,11.7848,11.255
154194,Baroda BNP Paribas ESG Best-in-Class Strategy Fund,Sectoral/Thematic,,,,,,9.946,10.2111,10.4233,9.7484
154198,UTI Nifty500 Shariah Index Fund,Index - Equity,,,,,,9.4384,9.8965,10.082,9.5308
154203,Bajaj Finserv Ultra Short to Short Term Fund,Low Duration,,,,,,1002.1859,1011.5425,1027.9439,1034.4174
154207,ANGEL ONE SILVER ETF FOF,FoF Domestic,,,,,,8.3955,8.5181,7.844,7.5732
154209,Edelweiss Gold ETF Fund of Fund,FoF Domestic,,,,,,9.3526,9.3303,9.1733,9.087
154211,TRUSTMF MID CAP FUND,Mid Cap,,,,,,9.912,10.9373,12.0552,11.635
154214,Abakkus Small Cap Fund,Small Cap,,,,,,9.9361,11.1257,12.3939,12.0965
154218,Mirae Asset Nifty Metal ETF FOF,FoF Domestic,,,,,,9.3186,10.361,10.3858,9.8837
154223,Groww BSE Hospitals ETF FOF,FoF Domestic,,,,,,9.5523,10.3983,11.0335,9.73
154226,Old Bridge Flexi Cap Fund,Flexi Cap,,,,,,9.9589,10.5943,11.2143,10.7767
154231,Capitalmind Multi Asset Allocation Fund,Multi Asset Allocation,,,,,,9.9772,10.127,9.9193,9.5372
154233,Capitalmind Arbitrage Fund,Arbitrage,,,,,,10.028,10.097,10.2202,10.2936
154247,LIC MF Technology Fund,Sectoral/Thematic,,,,,,10.0056,10.4909,11.0588,10.8082
154248,Canara Robeco Banking and Financial Services Fund,Sectoral/Thematic,,,,,,9.8917,10.4353,10.9088,10.3733
154255,Nippon India CRISIL-IBX Financial Services 9-12 Months Debt Index Fund,Index - Equity,,,,,,10.0181,10.1208,10.3094,10.395
154258,Helios Arbitrage Fund,Arbitrage,,,,,,10.0133,10.0803,10.2098,10.28
154261,HDFC INCOME PLUS ARBITRAGE OMNI FOF,FoF Domestic,,,,,,9.998,10.1053,10.335,10.4005
154265,ICICI Prudential Diversified Equity All Cap Active FOF,FoF Domestic,,,,,,9.9372,10.4946,10.8247,10.2315
154268,The Wealth Company Small Cap Fund,Small Cap,,,,,,9.866,10.8004,11.6176,11.568
154274,Nippon India CRISIL-IBX Financial Services 3-6 Months Debt Index Fund,Index - Equity,,,,,,10.0162,10.1409,10.3274,10.4235
154276,Kotak Multi Factor Passive FOF,FoF Domestic,,,,,,10.1095,10.836,11.012,10.3317
154281,Mirae Asset Silver ETF FOF,FoF Domestic,,,,,,10.1775,10.9972,10.084,9.7547
154284,Groww Nifty PSU Bank Index Fund,Index - Equity,,,,,,9.5534,10.1059,10.0291,9.501
154286,Kotak Quality Overseas Equity Active FOF,FoF Overseas,,,,,,10.0125,10.6433,11.3308,11.6848
154298,HSBC Gold ETF Fund of Fund,FoF Domestic,,,,,,,10.3553,10.1858,10.0935
154302,Choice Nifty 50 Index Fund,Index - Equity,,,,,,,10.2741,10.3564,9.732
154303,Choice Nifty Next 50 Index Fund,Index - Equity,,,,,,,10.9247,11.2936,10.6942
154309,HDFC CRISIL-IBX Financial Services 9-12 Months Debt Index Fund,Index - Equity,,,,,,10.0132,10.1135,10.3041,10.3921
154312,Edelweiss Nifty LargeMidcap250 Plus 8-13yr G-Sec 70:30 Index Fund,Index - Equity,,,,,,,10.5674,10.7951,10.2964
154319,Kotak Multi Asset Active FOF,FoF Domestic,,,,,,,10.0611,10.2033,9.8628
154325,Groww Arbitrage Fund,Arbitrage,,,,,,,10.0427,10.1651,10.2433
154327,Axis Nifty India Defence Index Fund,Index - Equity,,,,,,,10.1783,10.5402,10.098
154328,SBI CRISIL-IBX Financial Services 9-12 Months Debt Index Fund,Index - Equity,,,,,,,10.0325,10.2055,10.2875
154329,SBI CRISIL-IBX Financial Services 3-6 Months Debt Index Fund,Index - Equity,,,,,,,10.0549,10.2196,10.3147
154338,Motilal Oswal Contra Fund,Contra,,,,,,,10.1233,10.5191,10.2559
154342,Invesco India BSE Sensex Index Fund,Index - Equity,,,,,,,9.8786,10.0439,9.4637
154344,Invesco India Nifty Bank Index Fund,Index - Equity,,,,,,,10.2285,10.5425,10.119
154350,Groww Nifty Private Bank Index Fund,Index - Equity,,,,,,,10.1037,10.247,10.0166
154356,HDFC GOLD SILVER PASSIVE FOF,FoF Domestic,,,,,,,,9.9646,9.6684
154362,SBI Nifty G-sec Jul 2031 Index Fund,Index - Equity,,,,,,,10.1449,10.2817,10.1788
154363,SBI CRISIL-IBX 10:90 Gilt + SDL Index - Dec 2029 Index Fund,Index - Equity,,,,,,,10.1299,10.2533,10.2384
154382,The Wealth Company Large & Mid Cap Fund,Large & Mid Cap,,,,,,,10.1201,10.2898,9.8004
154387,Groww Nifty Smallcap 250 Momentum Quality 100 Index Fund,Index - Equity,,,,,,,10.1069,10.4721,10.3762
154389,Kotak Nifty Alpha Low Volatility 30 Index Fund,Index - Equity,,,,,,,10.029,10.2361,9.484
154393,WhiteOak Capital Aggressive Hybrid Fund,Aggressive Hybrid,,,,,,,,10.3223,10.0812
154399,Shriram Overnight Fund,Overnight,,,,,,,1253.0162,1263.8973,1272.4747
154405,Tata Multi Sector Passive FOF,FoF Domestic,,,,,,,,9.8748,9.3275
154415,Choice Overnight Fund,Overnight,,,,,,,,100.6152,101.2603
154418,ICICI Prudential Balanced Hybrid Fund,Balanced Hybrid,,,,,,,,10.0942,9.9217
154424,JM Multi Asset Allocation Fund,Multi Asset Allocation,,,,,,,,10.2422,10.0162
154428,HDFC Nifty Auto Index Fund,Index - Equity,,,,,,,,10.2253,9.2018
154434,TRUSTMF LARGE & MIDCAP FUND,Large & Mid Cap,,,,,,,,10.1498,9.6967
154440,AlphaGrep Multi Asset Allocation Fund,Multi Asset Allocation,,,,,,,,10.2315,10.169
154450,ICICI Prudential Multi-Asset Active FOF,FoF Domestic,,,,,,,,10.0892,9.8271
154452,NJ Momentum Fund,Sectoral/Thematic,,,,,,,,10.1126,9.79
154458,NJ Value Fund,Value,,,,,,,,9.7088,9.09
154459,Axis Nifty50 Equal Weight Index Fund,Index - Equity,,,,,,,,10.0306,9.3712
154468,SBI Crisil - IBX SDL Index - June 2034 Index Fund,Index - Debt,,,,,,,,10.0073,9.9016
154473,Mirae Asset BSE Midcap 150 Momentum 30 ETF FOF,FoF Domestic,,,,,,,,10.4002,10.0242
154478,Abakkus Large & Mid Cap Fund,Large & Mid Cap,,,,,,,,9.91,9.3473
154479,The Wealth Company Mid Cap Fund,Mid Cap,,,,,,,,9.848,9.3555
154486,Baroda BNP Paribas Services Fund,Sectoral/Thematic,,,,,,,,9.8426,9.3034
154495,Mirae Asset Nifty200 Momentum 30 Plus 8-13yr G-Sec 75:25 Index Fund,Index - Equity,,,,,,,,10.169,9.7983
154500,ITI Multi Asset Allocation Fund,Multi Asset Allocation,,,,,,,,9.9298,9.8243
154506,HDFC Nifty Metal ETF FOF,FoF Domestic,,,,,,,,9.9891,9.3358
154516,Quantum Flexi Cap Fund,Flexi Cap,,,,,,,,9.82,9.6033
154519,AlphaGrep Flexi Cap Fund,Flexi Cap,,,,,,,,10.0723,9.8121
154523,SBI Nifty Midcap 150 Momentum 50 ETF FOF,FoF Domestic,,,,,,,,9.9374,9.5089
154540,Franklin India Short Term Fund,Short Duration,,,,,,,,10.0309,10.0586
154545,Invesco India Pharma and Healthcare Fund,Sectoral/Thematic,,,,,,,,9.9421,9.4033
154553,WhiteOak Capital Dividend Yield Fund,Dividend Yield,,,,,,,,10.0668,9.9653
154561,Edelweiss Nifty REITs & Realty Index Fund,Index - Equity,,,,,,,,9.7973,9.4778
154567,ALPHAGREP LIQUID OMNI FOF,FoF Domestic,,,,,,,,1004.7521,1009.6687
154570,Kotak Nifty Bank Index Fund,Index - Equity,,,,,,,,9.7842,9.499
154576,Kotak Diversified Equity All Cap Omni FOF,FoF Domestic,,,,,,,,9.8393,9.4437
154581,ASK Liquid Fund,Liquid,,,,,,,,1003.5876,1006.5032
154597,Axis Nifty Energy Index Fund,Index - Equity,,,,,,,,9.89,9.5524
154598,Bandhan Contra Fund,Contra,,,,,,,,9.79,9.5529
154615,SBI Balanced Hybrid Fund,Balanced Hybrid,,,,,,,,9.9945,9.8931
154622,Edelweiss Ultra Short Term Fund,Ultra Short Duration,,,,,,,,1003.7601,1007.4369
154632,JioBlackRock Large Cap Fund,Large Cap,,,,,,,,9.7174,9.2291
154633,JioBlackRock Nifty 50 Index Fund,Index - Equity,,,,,,,,9.7307,9.2684
154634,JioBlackRock Nifty Smallcap 250 Index Fund,Index - Equity,,,,,,,,9.9519,9.6122
154635,JioBlackRock Short Term Fund,Short Duration,,,,,,,,1001.4704,1001.8407
154636,JioBlackRock Ultra Short to Short Term Fund,Low Duration,,,,,,,,1002.4554,1004.3117
154637,JioBlackRock Sector Rotation Fund,Sectoral/Thematic,,,,,,,,9.8092,9.3684
154638,JioBlackRock Arbitrage Fund,Arbitrage,,,,,,,,10.0158,10.0662
154639,JioBlackRock Money Market Fund,Money Market,,,,,,,,1004.7332,1008.6568
154640,JioBlackRock Overnight Fund,Overnight,,,,,,,,1002.6191,1005.8597
154641,JioBlackRock Flexi Cap Fund,Flexi Cap,,,,,,,,9.7933,9.3894
154642,JioBlackRock Nifty 8-13 yr G-Sec Index Fund,Index - Debt,,,,,,,,9.9211,9.8101
154643,JioBlackRock Nifty Midcap 150 Index Fund,Index - Equity,,,,,,,,9.8154,9.2728
154644,JioBlackRock Nifty Next 50 Index Fund,Index - Equity,,,,,,,,9.755,9.2793
154645,JioBlackRock Liquid Fund,Liquid,,,,,,,,1003.755,1007.9078
154649,Nippon India Income Plus Arbitrage Omni Fund of Fund,FoF Domestic,,,,,,,,10.0218,10.045
154655,DSP Financial Services Sectoral Debt Fund,Sectoral/Thematic,,,,,,,,10.0348,10.054
154657,quant Income Plus Arbitrage Active FOF,FoF Domestic,,,,,,,,10.0194,10.0464
154664,The Wealth Company Multi Cap Fund,Multi Cap,,,,,,,,9.9127,9.6795
154667,Motilal Oswal Quality Fund,Sectoral/Thematic,,,,,,,,9.9672,9.8689
154695,BANK OF INDIA VALUE FUND,Value,,,,,,,,10.0171,10.02
154700,UTI BSE India Sector Leaders Index Fund,Index - Equity,,,,,,,,9.9259,9.7008
154702,JioBlackRock Balanced Advantage Fund,Balanced Advantage,,,,,,,,,9.9973
154703,Navi Nifty Reits & Realty Index fund,Index - Equity,,,,,,,,10.1013,9.8456
154711,Monarch Overnight Fund,Overnight,,,,,,,,1001.7635,1003.7969
154713,Invesco India Nifty India Defence Index Fund,Index - Equity,,,,,,,,,9.6564
154716,Invesco India Nifty Chemical Index Fund,Index - Equity,,,,,,,,,9.8077
154722,Mirae Asset BSE Information Technology Index Fund,Index - Equity,,,,,,,,9.8716,9.9513
154724,Shriram Gold ETF Passive FOF,FoF Domestic,,,,,,,,10.04,10.0319
154731,Kotak Multi Sector Omni FOF,FoF Domestic,,,,,,,,,10.0158
154737,LAKSHYA OVERNIGHT FUND,Overnight,,,,,,,,1001.2452,1002.3739
154739,Axis Nifty500 Low Volatility 50 Index Fund,Index - Equity,,,,,,,,,9.7291
154744,Tata CRISIL-IBX Financial Services 3-6 Months Debt Index Fund,Index - Debt,,,,,,,,10.0079,10.0256
154752,HDFC BSE REITS and Commercial Real Estate Index Fund,Index - Equity,,,,,,,,9.9289,9.6662
154756,Kotak Nifty Capital Markets Index Fund,Index - Equity,,,,,,,,,10.0735
